altitude,temp,N2,O2,O,He,H,Ar,N
0,288.5477524,1.966411922e+25,5.273078823e+24,0.000000000e+00,1.309519690e+20,0.000000000e+00,2.350084345e+23,0.000000000e+00
1000,282.5036545,1.781661713e+25,4.777657608e+24,0.000000000e+00,1.186486461e+20,0.000000000e+00,2.129286997e+23,0.000000000e+00
2000,277.3543015,1.606068540e+25,4.306791495e+24,0.000000000e+00,1.069551288e+20,0.000000000e+00,1.919433328e+23,0.000000000e+00
3000,272.3769913,1.444241278e+25,3.872839767e+24,0.000000000e+00,9.617834478e+19,0.000000000e+00,1.726031466e+23,0.000000000e+00
4000,266.950428,1.298346772e+25,3.481612824e+24,0.000000000e+00,8.646259054e+19,0.000000000e+00,1.551671071e+23,0.000000000e+00
5000,260.5552197,1.168796239e+25,3.134213579e+24,0.000000000e+00,7.783525496e+19,0.000000000e+00,1.396843554e+23,0.000000000e+00
6000,253.0029793,1.053968932e+25,2.826295591e+24,0.000000000e+00,7.018840118e+19,0.000000000e+00,1.259611949e+23,0.000000000e+00
7000,244.9820957,9.491415838e+24,2.545193297e+24,0.000000000e+00,6.320748916e+19,0.000000000e+00,1.134331400e+23,0.000000000e+00
8000,237.2398529,8.508270744e+24,2.281555709e+24,0.000000000e+00,5.666029654e+19,0.000000000e+00,1.016834478e+23,0.000000000e+00
9000,230.3528862,7.573081060e+24,2.030777682e+24,0.000000000e+00,5.043245927e+19,0.000000000e+00,9.050687139e+22,0.000000000e+00
10000,224.7697124,6.680923450e+24,1.791539029e+24,0.000000000e+00,4.449119101e+19,0.000000000e+00,7.984458463e+22,0.000000000e+00
11000,220.7416363,5.837557622e+24,1.565384253e+24,0.000000000e+00,3.887484933e+19,0.000000000e+00,6.976540932e+22,0.000000000e+00
12000,217.9957848,5.061208528e+24,1.357200478e+24,0.000000000e+00,3.370480107e+19,0.000000000e+00,6.048715980e+22,0.000000000e+00
13000,216.1831551,4.363466378e+24,1.170095784e+24,0.000000000e+00,2.905823167e+19,0.000000000e+00,5.214835271e+22,0.000000000e+00
14000,214.9944191,3.747606155e+24,1.004948299e+24,0.000000000e+00,2.495694830e+19,0.000000000e+00,4.478812659e+22,0.000000000e+00
15000,214.1392727,3.211446494e+24,8.611731326e+23,0.000000000e+00,2.138642722e+19,0.000000000e+00,3.838041433e+22,0.000000000e+00
16000,213.3895988,2.748938810e+24,7.371482683e+23,0.000000000e+00,1.830638605e+19,0.000000000e+00,3.285292415e+22,0.000000000e+00
17000,212.7531586,2.350522537e+24,6.303100138e+23,0.000000000e+00,1.565315771e+19,0.000000000e+00,2.809139971e+22,0.000000000e+00
18000,212.3046837,2.007304128e+24,5.382734430e+23,0.000000000e+00,1.336751616e+19,0.000000000e+00,2.398955213e+22,0.000000000e+00
19000,212.1182766,1.711770985e+24,4.590240508e+23,0.000000000e+00,1.139943185e+19,0.000000000e+00,2.045759709e+22,0.000000000e+00
20000,212.2665253,1.457535202e+24,3.908488433e+23,0.000000000e+00,9.706364543e+18,0.000000000e+00,1.741919251e+22,0.000000000e+00
21000,212.7988663,1.239234622e+24,3.323099250e+23,0.000000000e+00,8.252605318e+18,0.000000000e+00,1.481025373e+22,0.000000000e+00
22000,213.656004,1.052663685e+24,2.822795493e+23,0.000000000e+00,7.010147833e+18,0.000000000e+00,1.258052000e+22,0.000000000e+00
23000,214.7464409,8.939319020e+23,2.397144439e+23,0.000000000e+00,5.953083470e+18,0.000000000e+00,1.068349589e+22,0.000000000e+00
24000,215.9773769,7.593586435e+23,2.036276338e+23,0.000000000e+00,5.056901298e+18,0.000000000e+00,9.075193617e+21,0.000000000e+00
25000,217.2525387,6.455624538e+23,1.731123484e+23,0.000000000e+00,4.299082768e+18,0.000000000e+00,7.715200683e+21,0.000000000e+00
26000,218.4923897,5.494520664e+23,1.473396337e+23,0.000000000e+00,3.659041622e+18,0.000000000e+00,6.566573008e+21,0.000000000e+00
27000,219.7305794,4.681040057e+23,1.255255504e+23,0.000000000e+00,3.117309357e+18,0.000000000e+00,5.594371739e+21,0.000000000e+00
28000,221.0420208,3.990585271e+23,1.070104957e+23,0.000000000e+00,2.657505276e+18,0.000000000e+00,4.769200189e+21,0.000000000e+00
29000,222.5052662,3.403234095e+23,9.126023578e+22,0.000000000e+00,2.266362399e+18,0.000000000e+00,4.067249132e+21,0.000000000e+00
30000,224.2035141,2.902725919e+23,7.783874047e+22,0.000000000e+00,1.933052149e+18,0.000000000e+00,3.469085392e+21,0.000000000e+00
31000,226.2096443,2.475856575e+23,6.639192441e+22,0.000000000e+00,1.648781183e+18,0.000000000e+00,2.958928252e+21,0.000000000e+00
32000,228.4985733,2.112477109e+23,5.664763507e+22,0.000000000e+00,1.406790905e+18,0.000000000e+00,2.524648743e+21,0.000000000e+00
33000,231.0036869,1.803852632e+23,4.837164251e+22,0.000000000e+00,1.201264368e+18,0.000000000e+00,2.155807681e+21,0.000000000e+00
34000,233.6524563,1.542163241e+23,4.135424785e+22,0.000000000e+00,1.026993957e+18,0.000000000e+00,1.843059269e+21,0.000000000e+00
35000,236.3652935,1.320505491e+23,3.541033176e+22,0.000000000e+00,8.793823819e+17,0.000000000e+00,1.578153229e+21,0.000000000e+00
36000,239.0643559,1.132821230e+23,3.037743898e+22,0.000000000e+00,7.543952001e+17,0.000000000e+00,1.353849303e+21,0.000000000e+00
37000,241.7367783,9.736209086e+22,2.610836487e+22,0.000000000e+00,6.483767584e+17,0.000000000e+00,1.163586987e+21,0.000000000e+00
38000,244.4018326,8.382475508e+22,2.247822797e+22,0.000000000e+00,5.582257170e+17,0.000000000e+00,1.001800519e+21,0.000000000e+00
39000,247.0810146,7.228643826e+22,1.938414272e+22,0.000000000e+00,4.813870041e+17,0.000000000e+00,8.639045906e+20,0.000000000e+00
40000,249.7979145,6.243077153e+22,1.674127312e+22,0.000000000e+00,4.157538135e+17,0.000000000e+00,7.461182464e+20,0.000000000e+00
41000,252.5683899,5.399670149e+22,1.447961478e+22,0.000000000e+00,3.595876457e+17,0.000000000e+00,6.453215735e+20,0.000000000e+00
42000,255.3207855,4.678184369e+22,1.254489723e+22,0.000000000e+00,3.115407657e+17,0.000000000e+00,5.590958881e+20,0.000000000e+00
43000,257.9297314,4.061587227e+22,1.089144609e+22,0.000000000e+00,2.704788490e+17,0.000000000e+00,4.854055413e+20,0.000000000e+00
44000,260.2593765,3.534908477e+22,9.479118371e+21,0.000000000e+00,2.354050165e+17,0.000000000e+00,4.224614869e+20,0.000000000e+00
45000,262.1660576,3.084990965e+22,8.272631334e+21,0.000000000e+00,2.054430390e+17,0.000000000e+00,3.686912693e+20,0.000000000e+00
46000,263.5100899,2.700355916e+22,7.241204140e+21,0.000000000e+00,1.798285133e+17,0.000000000e+00,3.227230389e+20,0.000000000e+00
47000,264.2401619,2.370429751e+22,6.356482619e+21,0.000000000e+00,1.578572849e+17,0.000000000e+00,2.832931269e+20,0.000000000e+00
48000,264.3666306,2.086077382e+22,5.593970777e+21,0.000000000e+00,1.389210168e+17,0.000000000e+00,2.493098108e+20,0.000000000e+00
49000,263.9085541,1.839865731e+22,4.933736070e+21,0.000000000e+00,1.225247075e+17,0.000000000e+00,2.198847400e+20,0.000000000e+00
50000,262.8916359,1.625724129e+22,4.359499463e+21,0.000000000e+00,1.082640814e+17,0.000000000e+00,1.942923996e+20,0.000000000e+00
51000,261.3518829,1.438650596e+22,3.857847969e+21,2.403479338e+15,9.580603695e+16,0.000000000e+00,1.719349972e+20,0.000000000e+00
52000,259.3884163,1.274246508e+22,3.416986239e+21,2.652214428e+15,8.485764777e+16,0.000000000e+00,1.522868509e+20,0.000000000e+00
53000,257.1434345,1.128827134e+22,3.027033480e+21,2.860958737e+15,7.517353859e+16,0.000000000e+00,1.349075951e+20,0.000000000e+00
54000,254.7530689,9.995259247e+21,2.680302646e+21,3.034205853e+15,6.656280239e+16,0.000000000e+00,1.194546376e+20,0.000000000e+00
55000,252.3438549,8.841064561e+21,2.370796861e+21,3.182168867e+15,5.887651604e+16,0.000000000e+00,1.056607079e+20,0.000000000e+00
56000,250.0278435,7.808275098e+21,2.093846665e+21,3.318960008e+15,5.199871808e+16,0.000000000e+00,9.331770689e+19,0.000000000e+00
57000,247.8141079,6.885615465e+21,1.846428700e+21,3.450593187e+15,4.585432552e+16,0.000000000e+00,8.229088565e+19,0.000000000e+00
58000,245.6227131,6.064810085e+21,1.626323677e+21,3.572951579e+15,4.038822292e+16,0.000000000e+00,7.248133098e+19,0.000000000e+00
59000,243.3761349,5.337137668e+21,1.431192962e+21,3.681145145e+15,3.554233533e+16,0.000000000e+00,6.378482567e+19,0.000000000e+00
60000,241.0026321,4.693773410e+21,1.258670061e+21,3.770104643e+15,3.125789017e+16,0.000000000e+00,5.609589468e+19,0.000000000e+00
61000,238.4383106,4.126051365e+21,1.106431171e+21,3.834929090e+15,2.747718078e+16,0.000000000e+00,4.931097500e+19,0.000000000e+00
62000,235.6751785,3.625031536e+21,9.720790130e+20,3.876521644e+15,2.414067060e+16,0.000000000e+00,4.332322159e+19,0.000000000e+00
63000,232.7660103,3.182072782e+21,8.532963353e+20,3.902979177e+15,2.119081405e+16,0.000000000e+00,3.802936475e+19,0.000000000e+00
64000,229.7640038,2.789935320e+21,7.481417876e+20,3.922968156e+15,1.857939971e+16,0.000000000e+00,3.334287895e+19,0.000000000e+00
65000,226.7185192,2.442526484e+21,6.549815396e+20,3.945170696e+15,1.626585183e+16,0.000000000e+00,2.919095042e+19,0.000000000e+00
66000,223.6755161,2.134688666e+21,5.724325463e+20,3.978146745e+15,1.421582541e+16,0.000000000e+00,2.551194081e+19,0.000000000e+00
67000,220.6803436,1.861944516e+21,4.992941851e+20,4.022634676e+15,1.239950280e+16,0.000000000e+00,2.225234018e+19,0.000000000e+00
68000,217.7767277,1.620368423e+21,4.345137704e+20,4.066740644e+15,1.079074194e+16,0.000000000e+00,1.936523279e+19,0.000000000e+00
69000,215.0009365,1.406616256e+21,3.771945492e+20,4.097149110e+15,9.367272871e+15,0.000000000e+00,1.681065318e+19,0.000000000e+00
70000,212.3823605,1.217809342e+21,3.265645786e+20,4.100296427e+15,8.109924819e+15,0.000000000e+00,1.455419721e+19,0.000000000e+00
71000,209.9449635,1.051414767e+21,2.819446441e+20,4.063183616e+15,7.001830840e+15,0.000000000e+00,1.256559437e+19,0.000000000e+00
72000,207.6900902,9.053062524e+20,2.427645698e+20,3.993206477e+15,6.028830427e+15,0.000000000e+00,1.081943239e+19,0.000000000e+00
73000,205.5785999,7.776786458e+20,2.085402693e+20,3.938454118e+15,5.178902033e+15,0.000000000e+00,9.294137980e+18,0.000000000e+00
74000,203.5705185,6.667119301e+20,1.787837287e+20,3.950339122e+15,4.439926267e+15,0.000000000e+00,7.967960449e+18,0.000000000e+00
75000,201.6303825,5.705998671e+20,1.530105736e+20,4.084161527e+15,3.799874135e+15,0.000000000e+00,6.819313090e+18,0.000000000e+00
76000,199.7293777,4.876121863e+20,1.307568145e+20,4.412716385e+15,3.247250457e+15,3.173806611e+13,5.827516493e+18,0.000000000e+00
77000,197.8766499,4.160623292e+20,1.115701915e+20,5.031052200e+15,2.773591028e+15,5.968002390e+13,4.972414858e+18,0.000000000e+00
78000,196.1660919,3.542833965e+20,9.500366174e+19,6.034501453e+15,2.368233240e+15,9.649631632e+13,4.234084554e+18,0.000000000e+00
79000,194.6925468,3.009138783e+20,8.069016054e+19,7.584325495e+15,2.020479418e+15,1.358852239e+14,3.596166153e+18,0.000000000e+00
80000,193.5350876,2.548471580e+20,6.833246733e+19,9.980601868e+15,1.721802611e+15,1.699111963e+14,3.045425314e+18,0.000000000e+00
81000,192.7614269,2.151650775e+20,5.768609855e+19,1.383316356e+16,1.465290957e+15,1.928128868e+14,2.570942186e+18,0.000000000e+00
82000,192.4028168,1.811187901e+20,4.855063907e+19,2.053040297e+16,1.245433318e+15,2.027478466e+14,2.163803252e+18,0.000000000e+00
83000,192.3542652,1.521466675e+20,4.077608691e+19,3.299746722e+16,1.058217136e+15,2.012703390e+14,1.817324272e+18,0.000000000e+00
84000,192.4797344,1.276823447e+20,3.421000632e+19,5.602720333e+16,8.997642332e+14,1.915446415e+14,1.524711449e+18,0.000000000e+00
85000,192.6450539,1.071494697e+20,2.869603468e+19,9.386920991e+16,7.662559214e+14,1.768599228e+14,1.279024682e+18,0.000000000e+00
86000,192.7158413,8.998727078e+19,2.408120515e+19,1.428345153e+17,6.541136038e+14,1.601892547e+14,1.073294306e+18,0.000000000e+00
87000,192.5778637,7.567529955e+19,2.022770937e+19,1.954701013e+17,5.608134379e+14,1.437331934e+14,9.009890997e+17,0.000000000e+00
88000,192.2444134,6.371887751e+19,1.700445956e+19,2.579571617e+17,4.840340607e+14,1.283265150e+14,7.565178674e+17,0.000000000e+00
89000,191.7790527,5.369876307e+19,1.430047226e+19,3.291575533e+17,4.204406275e+14,1.143259351e+14,6.351128515e+17,0.000000000e+00
90000,191.2428455,4.527408342e+19,1.202614441e+19,4.066027071e+17,3.674255561e+14,1.018254412e+14,5.328990207e+17,0.000000000e+00
91000,190.692028,3.817415724e+19,1.010910658e+19,4.867660168e+17,3.229597554e+14,9.077451181e+13,4.467216702e+17,0.000000000e+00
92000,190.1770439,3.218015310e+19,8.490636391e+18,5.652048327e+17,2.854508057e+14,8.105280196e+13,3.740024923e+17,7.814802074e+10
93000,189.7428951,2.711571541e+19,7.122934224e+18,6.366944689e+17,2.536454488e+14,7.251550641e+13,3.126263938e+17,9.321373082e+10
94000,189.430315,2.283576249e+19,5.966812865e+18,6.953731367e+17,2.265502932e+14,6.501693181e+13,2.608467041e+17,1.096724383e+11
95000,189.2769394,1.921830478e+19,4.988872211e+18,7.352346036e+17,2.033684484e+14,5.836618832e+13,2.171181173e+17,1.274993075e+11
96000,189.3193855,1.616231653e+19,4.161470710e+18,7.519100547e+17,1.834619628e+14,5.239301708e+13,1.800212532e+17,1.469693179e+11
97000,189.5959454,1.358254312e+19,3.462866105e+18,7.420916649e+17,1.663119487e+14,4.702833187e+13,1.486643584e+17,1.682786693e+11
98000,190.1463375,1.140595718e+19,2.874340480e+18,7.062484277e+17,1.514849331e+14,4.220957911e+13,1.222765453e+17,1.916445307e+11
99000,191.0119514,9.570139862e+18,2.379821399e+18,6.501610811e+17,1.386247650e+14,3.788268660e+13,1.001725606e+17,2.173465364e+11
100000,192.2365093,8.023291791e+18,1.965452575e+18,5.834677552e+17,1.274316713e+14,3.399924318e+13,8.174493358e+16,2.457285448e+11
101000,193.8669605,6.721525549e+18,1.619264759e+18,5.159077393e+17,1.176530416e+14,3.051577174e+13,6.645644612e+16,2.771905085e+11
102000,195.9553604,5.627669706e+18,1.330940245e+18,4.540723864e+17,1.090758283e+14,2.739327127e+13,5.383433449e+16,3.121929503e+11
103000,198.5609074,4.709596636e+18,1.091569890e+18,4.006451687e+17,1.015187065e+14,2.459603973e+13,4.346399100e+16,3.512449352e+11
104000,201.7530041,3.939899567e+18,8.934867625e+17,3.555003165e+17,9.482342393e+13,2.209083438e+13,3.498929736e+16,3.948229652e+11
105000,205.6061211,3.295381518e+18,7.302648970e+17,3.170062361e+17,8.885727868e+13,1.984758258e+13,2.812293395e+16,4.428615393e+11
106000,210.1467552,2.757143175e+18,5.963691884e+17,2.838796366e+17,8.353183957e+13,1.784348344e+13,2.258803751e+16,4.957093437e+11
107000,215.3839111,2.308725156e+18,4.869639718e+17,2.550690174e+17,7.877126521e+13,1.605792550e+13,1.814356750e+16,5.538859622e+11
108000,221.3328571,1.935781051e+18,3.978354591e+17,2.297428677e+17,7.434377783e+13,1.445368077e+13,1.458466325e+16,6.179128238e+11
109000,228.0135708,1.625955665e+18,3.253783128e+17,2.072894325e+17,7.016048178e+13,1.299370679e+13,1.174017056e+16,6.883140731e+11
110000,235.4484711,1.368693790e+18,2.665556841e+17,1.872672109e+17,6.621600992e+13,1.167107949e+13,9.469072589e+15,7.656183767e+11
111000,243.6598492,1.155054566e+18,2.188320970e+17,1.693491646e+17,6.250348885e+13,1.047759041e+13,7.656283528e+15,8.503432438e+11
112000,252.6662884,9.775385337e+17,1.801142575e+17,1.532863370e+17,5.901648554e+13,9.404299608e+12,6.208767947e+15,9.430020301e+11
113000,262.478756,8.299068326e+17,1.486885509e+17,1.388821366e+17,5.574917043e+13,8.441924420e+12,5.051881932e+15,1.044120314e+12
114000,273.0952759,7.069808141e+17,1.231593318e+17,1.259750383e+17,5.269730309e+13,7.581317792e+12,4.126024422e+15,1.154260148e+12
115000,284.4948654,6.044764847e+17,1.023941388e+17,1.144241962e+17,4.985746280e+13,6.813567615e+12,3.383709588e+15,1.274013942e+12
116000,296.6644897,5.188232447e+17,8.546873894e+16,1.040939027e+17,4.722157054e+13,6.129760961e+12,2.787030417e+15,1.403964522e+12
117000,309.6092148,4.470397855e+17,7.163277506e+16,9.484804128e+16,4.477512135e+13,5.521063576e+12,2.305821258e+15,1.544580874e+12
118000,323.3226662,3.867078216e+17,6.028896489e+16,8.657001097e+16,4.248929174e+13,4.979502416e+12,1.916420548e+15,1.696383164e+12
119000,337.7798462,3.358622335e+17,5.096070072e+16,7.915857514e+16,4.033346142e+13,4.497973150e+12,1.600243410e+15,1.859965657e+12
120000,352.9317169,2.929028389e+17,4.326764657e+16,7.252603109e+16,3.830841449e+13,4.070160105e+12,1.342661068e+15,2.036073701e+12
121000,368.6981964,2.565231087e+17,3.690670659e+16,6.659610396e+16,3.641539114e+13,3.689596748e+12,1.132122929e+15,2.225652498e+12
122000,384.9608498,2.256499088e+17,3.163555658e+16,6.130107796e+16,3.465599753e+13,3.349927494e+12,9.594805609e+14,2.429903798e+12
123000,401.5542526,1.994032756e+17,2.725593896e+16,5.658233375e+16,3.303192107e+13,3.047614497e+12,8.176122127e+14,2.650423591e+12
124000,418.258625,1.770596166e+17,2.360803346e+16,5.238361158e+16,3.154521267e+13,2.779468333e+12,7.008550618e+14,2.888877736e+12
125000,434.7935867,1.580217875e+17,2.056286030e+16,4.864485328e+16,3.019807968e+13,2.542573978e+12,6.044575240e+14,3.146739646e+12
126000,450.9004631,1.417687852e+17,1.801254483e+16,4.532251972e+16,2.898784027e+13,2.333808607e+12,5.245447711e+14,3.426504262e+12
127000,466.5460701,1.278014656e+17,1.586168144e+16,4.235723135e+16,2.789759687e+13,2.149131043e+12,4.577871004e+14,3.729267704e+12
128000,481.7439461,1.157143045e+17,1.403470302e+16,3.969658715e+16,2.691081241e+13,1.984985170e+12,4.015904858e+14,4.055822615e+12
129000,496.5072861,1.051878572e+17,1.247263590e+16,3.729796361e+16,2.601376075e+13,1.838442873e+12,3.539506246e+14,4.406966125e+12
130000,510.8485374,9.596735700e+16,1.112912154e+16,3.512630413e+16,2.519514402e+13,1.707089248e+12,3.133065941e+14,4.783456846e+12
131000,524.7802658,8.784754953e+16,9.967195178e+15,3.315241125e+16,2.444536591e+13,1.588903887e+12,2.784262986e+14,5.186053112e+12
132000,538.3143463,8.066172887e+16,8.957234088e+15,3.135182620e+16,2.375638345e+13,1.482195771e+12,2.483304205e+14,5.615462679e+12
133000,551.4624329,7.427360926e+16,8.075218665e+15,2.970402697e+16,2.312129898e+13,1.385535029e+12,2.222329870e+14,6.072377541e+12
134000,564.235611,6.857090308e+16,7.301633046e+15,2.819155290e+16,2.253427363e+13,1.297711350e+12,1.994985465e+14,6.557381001e+12
135000,576.6449509,6.346007453e+16,6.620367481e+15,2.679934703e+16,2.199021303e+13,1.217690067e+12,1.796077498e+14,7.071046402e+12
136000,588.7008896,5.886312701e+16,6.018156963e+15,2.551463789e+16,2.148473464e+13,1.144584978e+12,1.621361112e+14,7.613834756e+12
137000,600.4139099,5.471443664e+16,5.483962017e+15,2.432616877e+16,2.101402730e+13,1.077633024e+12,1.467319331e+14,8.186141049e+12
138000,611.7939148,5.095833849e+16,5.008608996e+15,2.322432121e+16,2.057473950e+13,1.016173453e+12,1.331031861e+14,8.788253934e+12
139000,622.8504715,4.754758202e+16,4.584427758e+15,2.220068058e+16,2.016398062e+13,9.596349727e+11,1.210059514e+14,9.420346032e+12
140000,633.5931015,4.444180849e+16,4.204773117e+15,2.124772519e+16,1.977907367e+13,9.075171901e+11,1.102353384e+14,1.008247525e+13
141000,644.0309677,4.160610679e+16,3.864051013e+15,2.035898921e+16,1.941779677e+13,8.593812685e+11,1.006183823e+14,1.077457263e+13
142000,654.1728592,3.901080758e+16,3.557460376e+15,1.952865607e+16,1.907807099e+13,8.148444692e+11,9.201541186e+13,1.149643122e+13
143000,664.0271835,3.662993380e+16,3.280905620e+15,1.875162884e+16,1.875809953e+13,7.735694787e+11,8.430291360e+13,1.224767137e+13
144000,673.6024628,3.444095969e+16,3.030868025e+15,1.802282738e+16,1.845625494e+13,7.352562237e+11,7.737134599e+13,1.302698131e+13
145000,682.9066086,3.242424437e+16,2.804298602e+15,1.733662301e+16,1.817107254e+13,6.996403651e+11,7.112688560e+13,1.383234680e+13
146000,691.9477386,3.056251027e+16,2.598565809e+15,1.668951961e+16,1.790117970e+13,6.664844288e+11,6.548850318e+13,1.466265043e+13
147000,700.7331772,2.884064875e+16,2.411384290e+15,1.607847435e+16,1.764544951e+13,6.355795067e+11,6.038668391e+13,1.551650567e+13
148000,709.27034,2.724529550e+16,2.240752235e+15,1.550075870e+16,1.740279585e+13,6.067369738e+11,5.576092130e+13,1.639240965e+13
149000,717.5666122,2.576454808e+16,2.084927466e+15,1.495392044e+16,1.717221687e+13,5.797869691e+11,5.155873515e+13,1.728867625e+13
150000,725.628746,2.438805911e+16,1.942379095e+15,1.443571479e+16,1.695280831e+13,5.545785631e+11,4.773426653e+13,1.820343350e+13
151000,733.4635544,2.310644892e+16,1.811764476e+15,1.394408458e+16,1.674381374e+13,5.309739663e+11,4.424746402e+13,1.913466428e+13
152000,741.0776215,2.191148084e+16,1.691884355e+15,1.347720781e+16,1.654440932e+13,5.088501801e+11,4.106316100e+13,2.008018400e+13
153000,748.4773026,2.079574309e+16,1.581700325e+15,1.303337777e+16,1.635400181e+13,4.880938680e+11,3.815054980e+13,2.103766221e+13
154000,755.6686554,1.975260533e+16,1.480275159e+15,1.261103498e+16,1.617188225e+13,4.686043382e+11,3.548232679e+13,2.200467302e+13
155000,762.6577377,1.877608841e+16,1.386783049e+15,1.220876693e+16,1.599751324e+13,4.502883123e+11,3.303439021e+13,2.297869369e+13
156000,769.4504166,1.786082122e+16,1.300485848e+15,1.182528769e+16,1.583039578e+13,4.330614907e+11,3.078542328e+13,2.395701707e+13
157000,776.0523376,1.700195849e+16,1.220728205e+15,1.145936667e+16,1.566999596e+13,4.168465859e+11,2.871637128e+13,2.493698225e+13
158000,782.4689255,1.619508513e+16,1.146920735e+15,1.110993545e+16,1.551589251e+13,4.015735931e+11,2.681059410e+13,2.591582532e+13
159000,788.7054138,1.543632224e+16,1.078539193e+15,1.077595148e+16,1.536764432e+13,3.871771484e+11,2.505287873e+13,2.689075669e+13
160000,794.7671814,1.472199818e+16,1.015108709e+15,1.045650188e+16,1.522488993e+13,3.735976468e+11,2.342980826e+13,2.785896668e+13
161000,800.65905,1.404888889e+16,9.562064117e+14,1.015069920e+16,1.508728236e+13,3.607811154e+11,2.192934568e+13,2.881768876e+13
162000,806.3859253,1.341401193e+16,9.014468034e+14,9.857769948e+15,1.495446199e+13,3.486769070e+11,2.054070010e+13,2.976419191e+13
163000,811.9525833,1.281464240e+16,8.504831073e+14,9.576935256e+15,1.482613221e+13,3.372382945e+11,1.925419198e+13,3.069581381e+13
164000,817.3635635,1.224833942e+16,8.030075371e+14,9.307533970e+15,1.470200840e+13,3.264228905e+11,1.806106991e+13,3.160985869e+13
165000,822.6233444,1.171279364e+16,7.587343934e+14,9.048917346e+15,1.458184392e+13,3.161911767e+11,1.695346904e+13,3.250396856e+13
166000,827.736145,1.120594817e+16,7.174062300e+14,8.800493082e+15,1.446536610e+13,3.065060393e+11,1.592428632e+13,3.337560929e+13
167000,832.7063217,1.072588223e+16,6.787944992e+14,8.561715113e+15,1.435237220e+13,2.973333647e+11,1.496704496e+13,3.422258463e+13
168000,837.537796,1.027086131e+16,6.426850734e+14,8.332060930e+15,1.424263325e+13,2.886419722e+11,1.407598343e+13,3.504274460e+13
169000,842.2346649,9.839232265e+15,6.088852746e+14,8.111039632e+15,1.413594366e+13,2.804021740e+11,1.324575529e+13,3.583416415e+13
170000,846.8005981,9.429550635e+15,5.772216180e+14,7.898230981e+15,1.403215089e+13,2.725870961e+11,1.247160789e+13,3.659502531e+13
171000,851.2394333,9.040426464e+15,5.475324930e+14,7.693178304e+15,1.393103834e+13,2.651712635e+11,1.174917166e+13,3.732364748e+13
172000,855.5547562,8.670599916e+15,5.196728857e+14,7.495525050e+15,1.383248603e+13,2.581309112e+11,1.107443607e+13,3.801868167e+13
173000,859.7501755,8.318871287e+15,4.935073074e+14,7.304879303e+15,1.373631768e+13,2.514439987e+11,1.044377823e+13,3.867882973e+13
174000,863.8289032,7.984183612e+15,4.689156878e+14,7.120908875e+15,1.364242419e+13,2.450902200e+11,9.853932667e+12,3.930295265e+13
175000,867.7943802,7.665513212e+15,4.457847891e+14,6.943303052e+15,1.355065423e+13,2.390501356e+11,9.301830337e+12,3.989024250e+13
176000,871.6498032,7.361926602e+15,4.240112553e+14,6.771737094e+15,1.346089219e+13,2.333057352e+11,8.784721347e+12,4.043994877e+13
177000,875.3982773,7.072549960e+15,4.035012345e+14,6.605939713e+15,1.337303587e+13,2.278408028e+11,8.300047565e+12,4.095155503e+13
178000,879.0428467,6.796592003e+15,3.841674602e+14,6.445635662e+15,1.328694283e+13,2.226388419e+11,7.845508678e+12,4.142467672e+13
179000,882.5864639,6.533283798e+15,3.659299553e+14,6.290579659e+15,1.320255003e+13,2.176858173e+11,7.418947437e+12,4.185918485e+13
180000,886.0319672,6.281920971e+15,3.487150553e+14,6.140547358e+15,1.311978832e+13,2.129678049e+11,7.018404512e+12,4.225498769e+13
181000,889.3821716,6.041862029e+15,3.324543804e+14,5.995287672e+15,1.303849936e+13,2.084716503e+11,6.642078384e+12,4.261225903e+13
182000,892.6397171,5.812488898e+15,3.170866225e+14,5.854622091e+15,1.295867570e+13,2.041856164e+11,6.288308699e+12,4.293128906e+13
183000,895.8072357,5.593226052e+15,3.025521722e+14,5.718321404e+15,1.288020210e+13,2.000981484e+11,5.955549528e+12,4.321243195e+13
184000,898.8872681,5.383552460e+15,2.887981245e+14,5.586218746e+15,1.280302318e+13,1.961985843e+11,5.642390372e+12,4.345623321e+13
185000,901.8823395,5.182949369e+15,2.757754398e+14,5.458133661e+15,1.272707983e+13,1.924769628e+11,5.347523887e+12,4.366325226e+13
186000,904.7947769,4.990959230e+15,2.634370263e+14,5.333901128e+15,1.265229840e+13,1.889240556e+11,5.069746602e+12,4.383442259e+13
187000,907.6269226,4.807140603e+15,2.517414277e+14,5.213361998e+15,1.257862893e+13,1.855304417e+11,4.807937491e+12,4.397045593e+13
188000,910.3810501,4.631072814e+15,2.406484290e+14,5.096361855e+15,1.250602579e+13,1.822885458e+11,4.561068196e+12,4.407223098e+13
189000,913.0593643,4.462374518e+15,2.301217829e+14,4.982759768e+15,1.243445644e+13,1.791899914e+11,4.328174289e+12,4.414084665e+13
190000,915.6640091,4.300683562e+15,2.201272199e+14,4.872422495e+15,1.236383190e+13,1.762277079e+11,4.108362580e+12,4.417722594e+13
191000,918.1969986,4.145647758e+15,2.106330668e+14,4.765226319e+15,1.229413129e+13,1.733944484e+11,3.900820423e+12,4.418264367e+13
192000,920.6603851,3.996955051e+15,2.016099403e+14,4.661048229e+15,1.222531891e+13,1.706839706e+11,3.704771183e+12,4.415817961e+13
193000,923.0561371,3.854296135e+15,1.930305628e+14,4.559773337e+15,1.215736247e+13,1.680898898e+11,3.519511331e+12,4.410493318e+13
194000,925.3861542,3.717377443e+15,1.848687408e+14,4.461288965e+15,1.209020632e+13,1.656062116e+11,3.344371614e+12,4.402410920e+13
195000,927.6522064,3.585945304e+15,1.771016175e+14,4.365488612e+15,1.202385876e+13,1.632277842e+11,3.178742972e+12,4.391701447e+13
196000,929.8561859,3.459725375e+15,1.697059690e+14,4.272285070e+15,1.195824788e+13,1.609494600e+11,3.022044611e+12,4.378485876e+13
197000,931.9997635,3.338484455e+15,1.626614509e+14,4.181570093e+15,1.189336603e+13,1.587660012e+11,2.873742803e+12,4.362883852e+13
198000,934.084671,3.221996620e+15,1.559486582e+14,4.093273451e+15,1.182917834e+13,1.566729206e+11,2.733341164e+12,4.345018030e+13
199000,936.1124954,3.110042492e+15,1.495493226e+14,4.007288038e+15,1.176567949e+13,1.546659430e+11,2.600375206e+12,4.325014477e+13
200000,938.0848846,3.002423262e+15,1.434461646e+14,3.923547282e+15,1.170282421e+13,1.527407954e+11,2.474404725e+12,4.302986648e+13
201000,940.0033722,2.898934649e+15,1.376237398e+14,3.841968539e+15,1.164058440e+13,1.508935547e+11,2.355024724e+12,4.279061158e+13
202000,941.8694992,2.799404453e+15,1.320667274e+14,3.762473962e+15,1.157898424e+13,1.491205140e+11,2.241858126e+12,4.253358123e+13
203000,943.684639,2.703658190e+15,1.267612862e+14,3.685003037e+15,1.151795796e+13,1.474182646e+11,2.134546498e+12,4.225986593e+13
204000,945.4503021,2.611527014e+15,1.216939064e+14,3.609476473e+15,1.145751486e+13,1.457834680e+11,2.032758129e+12,4.197051295e+13
205000,947.1678085,2.522852834e+15,1.168528921e+14,3.535837698e+15,1.139763239e+13,1.442127258e+11,1.936183345e+12,4.166678269e+13
206000,948.8385162,2.437494436e+15,1.122262854e+14,3.464020024e+15,1.133827378e+13,1.427034337e+11,1.844527022e+12,4.134955490e+13
207000,950.4637375,2.355305506e+15,1.078029483e+14,3.393967681e+15,1.127946394e+13,1.412525046e+11,1.757516841e+12,4.101995731e+13
208000,952.0447617,2.276150651e+15,1.035729507e+14,3.325618746e+15,1.122115240e+13,1.398572892e+11,1.674893713e+12,4.067898216e+13
209000,953.5827484,2.199911961e+15,9.952683989e+13,3.258925353e+15,1.116335473e+13,1.385153628e+11,1.596419318e+12,4.032754064e+13
210000,955.0789413,2.126461025e+15,9.565501076e+13,3.193839938e+15,1.110604284e+13,1.372241715e+11,1.521865318e+12,3.996652850e+13
211000,956.5345001,2.055681054e+15,9.194905272e+13,3.130295495e+15,1.104922090e+13,1.359814134e+11,1.451020567e+12,3.959689576e+13
212000,957.9505692,1.987466555e+15,8.840082149e+13,3.068257611e+15,1.099284611e+13,1.347851059e+11,1.383681769e+12,3.921941601e+13
213000,959.3281937,1.921710371e+15,8.500295133e+13,3.007680587e+15,1.093694276e+13,1.336329380e+11,1.319664804e+12,3.883489742e+13
214000,960.668457,1.858317610e+15,8.174816828e+13,2.948511121e+15,1.088149039e+13,1.325230582e+11,1.258789249e+12,3.844421635e+13
215000,961.9724426,1.797185193e+15,7.862934412e+13,2.890719182e+15,1.082647036e+13,1.314536079e+11,1.200889782e+12,3.804788058e+13
216000,963.2410583,1.738234166e+15,7.564049462e+13,2.834253683e+15,1.077188959e+13,1.304227430e+11,1.145810731e+12,3.764683853e+13
217000,964.4753723,1.681367574e+15,7.277526070e+13,2.779079762e+15,1.071773329e+13,1.294288558e+11,1.093402632e+12,3.724154765e+13
218000,965.6763306,1.626506967e+15,7.002802566e+13,2.725164718e+15,1.066397542e+13,1.284702392e+11,1.043526025e+12,3.683274772e+13
219000,966.8447571,1.573575539e+15,6.739324358e+13,2.672469396e+15,1.061064039e+13,1.275454710e+11,9.960508129e+11,3.642102592e+13
220000,967.9816742,1.522492154e+15,6.486573397e+13,2.620947102e+15,1.055768678e+13,1.266529802e+11,9.508514120e+11,3.600683133e+13
221000,969.0878754,1.473194989e+15,6.244079396e+13,2.570581447e+15,1.050514234e+13,1.257915576e+11,9.078116147e+11,3.559079569e+13
222000,970.1642151,1.425605728e+15,6.011364206e+13,2.521333456e+15,1.045299102e+13,1.249596856e+11,8.668218860e+11,3.517337908e+13
223000,971.2115402,1.379665097e+15,5.788001108e+13,2.473173921e+15,1.040121030e+13,1.241561641e+11,8.277768274e+11,3.475508088e+13
224000,972.2306137,1.335305710e+15,5.573553370e+13,2.426064874e+15,1.034981016e+13,1.233799014e+11,7.905784914e+11,3.433626193e+13
225000,973.2222824,1.292471498e+15,5.367638576e+13,2.379982962e+15,1.029877950e+13,1.226295828e+11,7.551338373e+11,3.391738190e+13
226000,974.1872253,1.251102784e+15,5.169890355e+13,2.334909075e+15,1.024811526e+13,1.219041014e+11,7.213547233e+11,3.349883847e+13
227000,975.1262207,1.211145696e+15,4.979934311e+13,2.290806086e+15,1.019780324e+13,1.212027095e+11,6.891572838e+11,3.308093650e+13
228000,976.0399704,1.172545668e+15,4.797445649e+13,2.247645775e+15,1.014785045e+13,1.205240791e+11,6.584635965e+11,3.266406069e+13
229000,976.9291458,1.135255587e+15,4.622097161e+13,2.205413747e+15,1.009824596e+13,1.198673336e+11,6.291989381e+11,3.224847201e+13
230000,977.7944489,1.099222934e+15,4.453574771e+13,2.164073697e+15,1.004898766e+13,1.192317696e+11,6.012931932e+11,3.183445869e+13
231000,978.6365433,1.064405144e+15,4.291600371e+13,2.123611716e+15,1.000007244e+13,1.186162668e+11,5.746788844e+11,3.142233214e+13
232000,979.4560318,1.030754402e+15,4.135893467e+13,2.084000877e+15,9.951480938e+12,1.180202148e+11,5.492932239e+11,3.101232084e+13
233000,980.2535782,9.982316600e+14,3.986175164e+13,2.045221903e+15,9.903218557e+12,1.174426470e+11,5.250750915e+11,3.060461378e+13
234000,981.0297394,9.667937326e+14,3.842213098e+13,2.007251573e+15,9.855303811e+12,1.168829194e+11,5.019699855e+11,3.019943969e+13
235000,981.7851257,9.364025859e+14,3.703757393e+13,1.970069924e+15,9.807701688e+12,1.163403561e+11,4.799224320e+11,2.979704105e+13
236000,982.5202789,9.070192550e+14,3.570575239e+13,1.933658785e+15,9.760412893e+12,1.158141102e+11,4.588819579e+11,2.939750593e+13
237000,983.2357712,8.786084993e+14,3.442464103e+13,1.897997554e+15,9.713444979e+12,1.153035889e+11,4.388001690e+11,2.900104590e+13
238000,983.9321365,8.511349861e+14,3.319198384e+13,1.863070536e+15,9.666791555e+12,1.148082964e+11,4.196314010e+11,2.860781994e+13
239000,984.6099167,8.245661170e+14,3.200586901e+13,1.828852054e+15,9.620430373e+12,1.143273472e+11,4.013312123e+11,2.821795571e+13
240000,985.2696075,7.988687405e+14,3.086444632e+13,1.795331830e+15,9.574390383e+12,1.138604308e+11,3.838587965e+11,2.783150945e+13
241000,985.9116821,7.740142429e+14,2.976581891e+13,1.762490782e+15,9.528639717e+12,1.134069094e+11,3.671751291e+11,2.744866531e+13
242000,986.5366516,7.499709153e+14,2.870830354e+13,1.730313542e+15,9.483198611e+12,1.129661880e+11,3.512424673e+11,2.706947008e+13
243000,987.144928,7.267114696e+14,2.769026653e+13,1.698784799e+15,9.438045094e+12,1.125378857e+11,3.360255468e+11,2.669403688e+13
244000,987.7370224,7.042086595e+14,2.671008914e+13,1.667887870e+15,9.393183195e+12,1.121214239e+11,3.214911631e+11,2.632244593e+13
245000,988.3133621,6.824350083e+14,2.576628921e+13,1.637605154e+15,9.348604920e+12,1.117164298e+11,3.076069315e+11,2.595472618e+13
246000,988.8743668,6.613665789e+14,2.485739586e+13,1.607927543e+15,9.304309203e+12,1.113222830e+11,2.943421092e+11,2.559096481e+13
247000,989.4204407,6.409786627e+14,2.398205588e+13,1.578837830e+15,9.260304204e+12,1.109387500e+11,2.816685834e+11,2.523121372e+13
248000,989.9520111,6.212466812e+14,2.313894547e+13,1.550323349e+15,9.216576176e+12,1.105653350e+11,2.695586570e+11,2.487548340e+13
249000,990.4694672,6.021504093e+14,2.232679832e+13,1.522373094e+15,9.173119123e+12,1.102016236e+11,2.579860060e+11,2.452385785e+13
250000,990.9731903,5.836664765e+14,2.154438604e+13,1.494969366e+15,9.129946661e+12,1.098473349e+11,2.469259244e+11,2.417630668e+13
251000,991.4635468,5.657738609e+14,2.079059673e+13,1.468102768e+15,9.087025971e+12,1.095021025e+11,2.363545293e+11,2.383288533e+13
252000,991.9409027,5.484539816e+14,2.006427854e+13,1.441760073e+15,9.044392477e+12,1.091654564e+11,2.262499523e+11,2.349360926e+13
253000,992.4056168,5.316860979e+14,1.936439496e+13,1.415932430e+15,9.002009412e+12,1.088370729e+11,2.165906176e+11,2.315848896e+13
254000,992.8580093,5.154515074e+14,1.868992754e+13,1.390603951e+15,8.959890063e+12,1.085169183e+11,2.073556490e+11,2.282752705e+13
255000,993.298439,4.997336426e+14,1.803986718e+13,1.365766960e+15,8.918024847e+12,1.082043791e+11,1.985263227e+11,2.250070740e+13
256000,993.7272186,4.845138807e+14,1.741331510e+13,1.341409429e+15,8.876417958e+12,1.078993019e+11,1.900835994e+11,2.217806240e+13
257000,994.1446609,4.697753607e+14,1.680935551e+13,1.317518514e+15,8.835072328e+12,1.076013230e+11,1.820101325e+11,2.185954289e+13
258000,994.5511017,4.555031215e+14,1.622713578e+13,1.294088419e+15,8.793982845e+12,1.073102551e+11,1.742895043e+11,2.154517627e+13
259000,994.9467621,4.416811366e+14,1.566585756e+13,1.271104891e+15,8.753119052e+12,1.070257772e+11,1.669053809e+11,2.123492229e+13
260000,995.3320236,4.282948686e+14,1.512468198e+13,1.248561262e+15,8.712518451e+12,1.067477279e+11,1.598427044e+11,2.092877677e+13
261000,995.707077,4.153282113e+14,1.460286508e+13,1.226445955e+15,8.672162988e+12,1.064757862e+11,1.530869801e+11,2.062671885e+13
262000,996.0722885,4.027693411e+14,1.409971388e+13,1.204751631e+15,8.632040538e+12,1.062098273e+11,1.466245868e+11,2.032872220e+13
263000,996.4278412,3.906040349e+14,1.361449753e+13,1.183468181e+15,8.592162636e+12,1.059495235e+11,1.404421709e+11,2.003475405e+13
264000,996.7740631,3.788185146e+14,1.314654139e+13,1.162587232e+15,8.552519762e+12,1.056947574e+11,1.345270881e+11,1.974478989e+13
265000,997.1111298,3.674022357e+14,1.269523625e+13,1.142099869e+15,8.513110049e+12,1.054451625e+11,1.288675942e+11,1.945881897e+13
266000,997.4393692,3.563408893e+14,1.225991671e+13,1.121997476e+15,8.473936740e+12,1.052008489e+11,1.234523546e+11,1.917678210e+13
267000,997.7589645,3.456248012e+14,1.184001334e+13,1.102273661e+15,8.434994233e+12,1.049612621e+11,1.182704660e+11,1.889866803e+13
268000,998.0701828,3.352412690e+14,1.143497281e+13,1.082917921e+15,8.396271337e+12,1.047264195e+11,1.133113201e+11,1.862442051e+13
269000,998.37323,3.251805157e+14,1.104420327e+13,1.063924217e+15,8.357778735e+12,1.044962309e+11,1.085652915e+11,1.835404001e+13
270000,998.6683044,3.154318459e+14,1.066723233e+13,1.045284655e+15,8.319515804e+12,1.042704937e+11,1.040229043e+11,1.808745680e+13
271000,998.9556274,3.059843355e+14,1.030350773e+13,1.026993026e+15,8.281458246e+12,1.040489308e+11,9.967508685e+10,1.782465515e+13
272000,999.2354507,2.968290150e+14,9.952572408e+12,1.009040818e+15,8.243628179e+12,1.038314097e+11,9.551333683e+10,1.756555182e+13
273000,999.5079346,2.879569820e+14,9.613951238e+12,9.914212770e+14,8.206025540e+12,1.036178268e+11,9.152953907e+10,1.731019650e+13
274000,999.7732925,2.793581199e+14,9.287195296e+12,9.741285728e+14,8.168627716e+12,1.034081464e+11,8.771568947e+10,1.705845752e+13
275000,1000.031677,2.710238638e+14,8.971865424e+12,9.571540359e+14,8.131455779e+12,1.032020029e+11,8.406442906e+10,1.681035565e+13
276000,1000.283325,2.629459572e+14,8.667548156e+12,9.404929183e+14,8.094478598e+12,1.029994696e+11,8.056854938e+10,1.656581489e+13
277000,1000.528381,2.551160725e+14,8.373847523e+12,9.241374649e+14,8.057715458e+12,1.028003512e+11,7.722144435e+10,1.632478704e+13
278000,1000.767052,2.475264185e+14,8.090388857e+12,9.080841776e+14,8.021162918e+12,1.026045742e+11,7.401640013e+10,1.608727416e+13
279000,1000.999512,2.401692276e+14,7.816770748e+12,8.923235772e+14,7.984820978e+12,1.024119050e+11,7.094728960e+10,1.585318717e+13
280000,1001.225845,2.330374722e+14,7.552677773e+12,8.768524090e+14,7.948678595e+12,1.022223058e+11,6.800839808e+10,1.562252824e+13
281000,1001.446335,2.261232648e+14,7.297747124e+12,8.616644780e+14,7.912738259e+12,1.020356685e+11,6.519373082e+10,1.539520148e+13
282000,1001.661041,2.194201840e+14,7.051639849e+12,8.467523099e+14,7.876992565e+12,1.018519557e+11,6.249807078e+10,1.517121169e+13
283000,1001.870163,2.129215860e+14,6.814072242e+12,8.321122473e+14,7.841458012e+12,1.016708695e+11,5.991630464e+10,1.495050296e+13
284000,1002.073837,2.066211689e+14,6.584708661e+12,8.177387496e+14,7.806113939e+12,1.014925972e+11,5.744351514e+10,1.473302869e+13
285000,1002.272217,2.005115748e+14,6.363260879e+12,8.036259363e+14,7.770963575e+12,1.013167432e+11,5.507477274e+10,1.451872898e+13
286000,1002.465431,1.945884206e+14,6.149455315e+12,7.897688833e+14,7.736007213e+12,1.011435244e+11,5.280579174e+10,1.430760083e+13
287000,1002.653641,1.888446222e+14,5.943014392e+12,7.761624484e+14,7.701247934e+12,1.009725471e+11,5.063218176e+10,1.409956964e+13
288000,1002.836937,1.832751968e+14,5.743675113e+12,7.628027352e+14,7.666665177e+12,1.008039834e+11,4.854984627e+10,1.389460292e+13
289000,1003.015495,1.778740825e+14,5.551189066e+12,7.496830452e+14,7.632283320e+12,1.006376289e+11,4.655498112e+10,1.369265268e+13
290000,1003.1894,1.726368207e+14,5.365317534e+12,7.368005600e+14,7.598085063e+12,1.004734761e+11,4.464365312e+10,1.349370026e+13
291000,1003.358803,1.675575375e+14,5.185816134e+12,7.241493614e+14,7.564074861e+12,1.003113559e+11,4.281239578e+10,1.329768419e+13
292000,1003.523827,1.626317248e+14,5.012466205e+12,7.117259975e+14,7.530249044e+12,1.001512781e+11,4.105770381e+10,1.310456211e+13
293000,1003.684563,1.578541546e+14,4.845044892e+12,6.995251247e+14,7.496602993e+12,9.999316838e+10,3.937630208e+10,1.291428934e+13
294000,1003.841118,1.532210929e+14,4.683349590e+12,6.875434883e+14,7.463132103e+12,9.983692698e+10,3.776513536e+10,1.272684610e+13
295000,1003.993652,1.487271205e+14,4.527177171e+12,6.757752960e+14,7.429852758e+12,9.968255693e+10,3.622119130e+10,1.254217869e+13
296000,1004.142235,1.443682415e+14,4.376333615e+12,6.642185471e+14,7.396742971e+12,9.952982733e+10,3.474152934e+10,1.236025115e+13
297000,1004.286949,1.401404460e+14,4.230631326e+12,6.528679819e+14,7.363816456e+12,9.937894554e+10,3.332349811e+10,1.218103011e+13
298000,1004.427956,1.360395397e+14,4.089888276e+12,6.417193809e+14,7.331058467e+12,9.922969498e+10,3.196443392e+10,1.200445889e+13
299000,1004.565315,1.320617624e+14,3.953937220e+12,6.307690072e+14,7.298481684e+12,9.908201165e+10,3.066184922e+10,1.183050957e+13
300000,1004.69912,1.282027857e+14,3.822599062e+12,6.200145034e+14,7.266071413e+12,9.893587354e+10,2.941327091e+10,1.165914643e+13
301000,1004.829475,1.244596273e+14,3.695726445e+12,6.094501528e+14,7.233830109e+12,9.879122022e+10,2.821653056e+10,1.149032615e+13
302000,1004.95649,1.208282524e+14,3.573152367e+12,5.990732459e+14,7.201767277e+12,9.864803430e+10,2.706936269e+10,1.132401066e+13
303000,1005.080208,1.173054365e+14,3.454740185e+12,5.888811821e+14,7.169864991e+12,9.850626202e+10,2.596970189e+10,1.116017610e+13
304000,1005.200737,1.138877142e+14,3.340333023e+12,5.788694192e+14,7.138132361e+12,9.836581786e+10,2.491551450e+10,1.099877181e+13
305000,1005.318169,1.105718789e+14,3.229795222e+12,5.690339095e+14,7.106565652e+12,9.822669414e+10,2.390486349e+10,1.083975172e+13
306000,1005.432587,1.073547172e+14,3.122990858e+12,5.593725392e+14,7.075157656e+12,9.808883814e+10,2.293597094e+10,1.068311871e+13
307000,1005.544037,1.042335379e+14,3.019799839e+12,5.498820368e+14,7.043923542e+12,9.795221709e+10,2.200706406e+10,1.052880103e+13
308000,1005.652649,1.012052834e+14,2.920083571e+12,5.405586652e+14,7.012842734e+12,9.781680128e+10,2.111639309e+10,1.037676865e+13
309000,1005.758484,9.826685000e+13,2.823731102e+12,5.313995973e+14,6.981928567e+12,9.768253440e+10,2.026244314e+10,1.022700264e+13
310000,1005.861588,9.541572310e+13,2.730624106e+12,5.224011926e+14,6.951169507e+12,9.754935552e+10,1.944359750e+10,1.007945790e+13
311000,1005.962029,9.264932900e+13,2.640652468e+12,5.135617860e+14,6.920570274e+12,9.741733325e+10,1.865847002e+10,9.934123958e+12
312000,1006.059906,8.996470758e+13,2.553704137e+12,5.048768350e+14,6.890133094e+12,9.728632166e+10,1.790554778e+10,9.790918853e+12
313000,1006.155281,8.735974490e+13,2.469675762e+12,4.963445886e+14,6.859843240e+12,9.715637146e+10,1.718354362e+10,9.649858347e+12
314000,1006.248215,8.483193173e+13,2.388471448e+12,4.879617018e+14,6.829711540e+12,9.702738893e+10,1.649118842e+10,9.510894076e+12
315000,1006.33876,8.237881701e+13,2.309985190e+12,4.797256601e+14,6.799735423e+12,9.689932902e+10,1.582715930e+10,9.373991305e+12
316000,1006.426971,7.999814684e+13,2.234133037e+12,4.716337017e+14,6.769913397e+12,9.677224909e+10,1.519032109e+10,9.239106028e+12
317000,1006.512962,7.768788330e+13,2.160819995e+12,4.636831631e+14,6.740237861e+12,9.664603955e+10,1.457957626e+10,9.106239455e+12
318000,1006.596748,7.544572477e+13,2.089959916e+12,4.558713685e+14,6.710714597e+12,9.652073830e+10,1.399376506e+10,8.975335195e+12
319000,1006.678368,7.326982524e+13,2.021469569e+12,4.481961243e+14,6.681341559e+12,9.639629670e+10,1.343189536e+10,8.846365262e+12
320000,1006.757935,7.115778608e+13,1.955267289e+12,4.406545258e+14,6.652118401e+12,9.627259085e+10,1.289293773e+10,8.719314059e+12
321000,1006.835457,6.910809578e+13,1.891277087e+12,4.332442517e+14,6.623042159e+12,9.614984704e+10,1.237600288e+10,8.594141708e+12
322000,1006.910988,6.711871327e+13,1.829416731e+12,4.259629531e+14,6.594109768e+12,9.602778931e+10,1.188011312e+10,8.470826222e+12
323000,1006.984612,6.518775271e+13,1.769623265e+12,4.188080631e+14,6.565322899e+12,9.590651290e+10,1.140443453e+10,8.349338075e+12
324000,1007.056335,6.331355890e+13,1.711819784e+12,4.117778453e+14,6.536678048e+12,9.578598451e+10,1.094809933e+10,8.229644861e+12
325000,1007.126274,6.149429474e+13,1.655938605e+12,4.048690409e+14,6.508184846e+12,9.566606848e+10,1.051031760e+10,8.111715287e+12
326000,1007.194397,5.972855410e+13,1.601918804e+12,3.980803705e+14,6.479821832e+12,9.554697011e+10,1.009034445e+10,7.995538178e+12
327000,1007.260803,5.801451009e+13,1.549694312e+12,3.914093365e+14,6.451607175e+12,9.542846566e+10,9.687411520e+09,7.881081881e+12
328000,1007.325508,5.635061921e+13,1.499201577e+12,3.848536005e+14,6.423533421e+12,9.531065805e+10,9.300813056e+09,7.768306483e+12
329000,1007.388573,5.473544805e+13,1.450385670e+12,3.784115710e+14,6.395599356e+12,9.519351398e+10,8.929901280e+09,7.657199239e+12
330000,1007.450043,5.316752599e+13,1.403190477e+12,3.720808697e+14,6.367801573e+12,9.507697664e+10,8.574025472e+09,7.547740815e+12
331000,1007.509956,5.164542617e+13,1.357556081e+12,3.658597917e+14,6.340144054e+12,9.496102298e+10,8.232549120e+09,7.439890448e+12
332000,1007.568336,5.016779568e+13,1.313434305e+12,3.597457618e+14,6.312616296e+12,9.484567654e+10,7.904876128e+09,7.333624021e+12
333000,1007.625229,4.873341239e+13,1.270774301e+12,3.537370833e+14,6.285235012e+12,9.473095270e+10,7.590476512e+09,7.228937404e+12
334000,1007.68071,4.734069060e+13,1.229524787e+12,3.478324896e+14,6.257977410e+12,9.461667635e+10,7.288757248e+09,7.125789213e+12
335000,1007.734756,4.598865330e+13,1.189637014e+12,3.420289798e+14,6.230857499e+12,9.450296678e+10,6.999212144e+09,7.024151298e+12
336000,1007.78746,4.467598400e+13,1.151067562e+12,3.363255304e+14,6.203865678e+12,9.438986906e+10,6.721362048e+09,6.924016910e+12
337000,1007.838806,4.340157986e+13,1.113772069e+12,3.307203821e+14,6.177017659e+12,9.427727514e+10,6.454714576e+09,6.825355969e+12
338000,1007.888855,4.216422636e+13,1.077704421e+12,3.252112740e+14,6.150293946e+12,9.416515482e+10,6.198797648e+09,6.728143503e+12
339000,1007.937645,4.096280940e+13,1.042826805e+12,3.197970024e+14,6.123699634e+12,9.405358182e+10,5.953185008e+09,6.632365162e+12
340000,1007.985207,3.979637083e+13,1.009097556e+12,3.144757660e+14,6.097238393e+12,9.394240512e+10,5.717458016e+09,6.537987162e+12
341000,1008.031548,3.866375409e+13,9.764785971e+11,3.092457067e+14,6.070906225e+12,9.383174451e+10,5.491207280e+09,6.444997509e+12
342000,1008.076744,3.756405896e+13,9.449339249e+11,3.041052265e+14,6.044699787e+12,9.372148992e+10,5.274051296e+09,6.353368449e+12
343000,1008.120781,3.649618130e+13,9.144246108e+11,2.990527462e+14,6.018619671e+12,9.361174682e+10,5.065605328e+09,6.263090840e+12
344000,1008.163712,3.545930583e+13,8.849197629e+11,2.940865673e+14,5.992667447e+12,9.350236621e+10,4.865529904e+09,6.174129816e+12
345000,1008.205582,3.445241728e+13,8.563822920e+11,2.892055111e+14,5.966838071e+12,9.339349146e+10,4.673469456e+09,6.086483444e+12
346000,1008.246368,3.347470772e+13,8.287809782e+11,2.844082061e+14,5.941135032e+12,9.328504371e+10,4.489107472e+09,6.000113746e+12
347000,1008.286133,3.252524653e+13,8.020838932e+11,2.796926035e+14,5.915555217e+12,9.317690931e+10,4.312121936e+09,5.915008336e+12
348000,1008.324905,3.160329054e+13,7.762628977e+11,2.750574785e+14,5.890100134e+12,9.306923418e+10,4.142231312e+09,5.831150698e+12
349000,1008.362686,3.070791647e+13,7.512869110e+11,2.705013527e+14,5.864769520e+12,9.296193024e+10,3.979117856e+09,5.748511326e+12
350000,1008.399536,2.983841078e+13,7.271287644e+11,2.660229490e+14,5.839557722e+12,9.285495194e+10,3.822531152e+09,5.667092529e+12
351000,1008.435455,2.899399016e+13,7.037606666e+11,2.616209293e+14,5.814465888e+12,9.274836941e+10,3.672194880e+09,5.586858066e+12
352000,1008.470459,2.817395943e+13,6.811569029e+11,2.572941098e+14,5.789500522e+12,9.264217754e+10,3.527863808e+09,5.507794682e+12
353000,1008.504601,2.737754879e+13,6.592910787e+11,2.530406798e+14,5.764646650e+12,9.253631539e+10,3.389284320e+09,5.429881225e+12
354000,1008.537895,2.660402437e+13,6.381383270e+11,2.488593201e+14,5.739914428e+12,9.243081574e+10,3.256230184e+09,5.353106031e+12
355000,1008.570335,2.585284877e+13,6.176765297e+11,2.447497570e+14,5.715301286e+12,9.232570931e+10,3.128476464e+09,5.277456777e+12
356000,1008.601967,2.512323976e+13,5.978823311e+11,2.407096973e+14,5.690805567e+12,9.222088243e+10,3.005807872e+09,5.202906218e+12
357000,1008.632797,2.441458837e+13,5.787324518e+11,2.367380380e+14,5.666424488e+12,9.211636019e+10,2.888017256e+09,5.129442279e+12
358000,1008.662865,2.372632969e+13,5.602069791e+11,2.328341049e+14,5.642161717e+12,9.201222298e+10,2.774916016e+09,5.057050427e+12
359000,1008.692192,2.305783366e+13,5.422843044e+11,2.289958951e+14,5.618014208e+12,9.190833408e+10,2.666302032e+09,4.985708642e+12
360000,1008.720757,2.240852145e+13,5.249438536e+11,2.252230951e+14,5.593981075e+12,9.180476211e+10,2.562000496e+09,4.915401114e+12
361000,1008.748642,2.177785515e+13,5.081682555e+11,2.215140347e+14,5.570063057e+12,9.170152448e+10,2.461841408e+09,4.846119420e+12
362000,1008.775803,2.116521859e+13,4.919370609e+11,2.178681496e+14,5.546255237e+12,9.159852595e+10,2.365655288e+09,4.777843360e+12
363000,1008.802307,2.057017387e+13,4.762328310e+11,2.142835870e+14,5.522560958e+12,9.149589043e+10,2.273276120e+09,4.710559482e+12
364000,1008.828133,1.999216614e+13,4.610388890e+11,2.107598039e+14,5.498979402e+12,9.139349914e+10,2.184559640e+09,4.644252238e+12
365000,1008.853302,1.943070874e+13,4.463373824e+11,2.072957830e+14,5.475506455e+12,9.129138176e+10,2.099352960e+09,4.578906292e+12
366000,1008.877861,1.888528643e+13,4.321122079e+11,2.038896747e+14,5.452144214e+12,9.118953472e+10,2.017518844e+09,4.514508145e+12
367000,1008.901802,1.835546286e+13,4.183483167e+11,2.005416238e+14,5.428900692e+12,9.108795853e+10,1.938919272e+09,4.451046588e+12
368000,1008.92514,1.784076973e+13,4.050296975e+11,1.972500467e+14,5.405758620e+12,9.098676275e+10,1.863427468e+09,4.388502847e+12
369000,1008.947937,1.734077225e+13,3.921421804e+11,1.940137913e+14,5.382726058e+12,9.088564634e+10,1.790913788e+09,4.326863192e+12
370000,1008.970116,1.685505540e+13,3.796716790e+11,1.908320615e+14,5.359802171e+12,9.078485248e+10,1.721262400e+09,4.266113204e+12
371000,1008.991768,1.638319915e+13,3.676036424e+11,1.877039662e+14,5.336987566e+12,9.068434227e+10,1.654357780e+09,4.206244807e+12
372000,1009.012878,1.592478466e+13,3.559260918e+11,1.846287156e+14,5.314278539e+12,9.058408806e+10,1.590087920e+09,4.147240370e+12
373000,1009.033463,1.547943851e+13,3.446254858e+11,1.816051701e+14,5.291673764e+12,9.048400282e+10,1.528354896e+09,4.089095143e+12
374000,1009.053535,1.504674008e+13,3.336891361e+11,1.786325002e+14,5.269177025e+12,9.038424986e+10,1.469049472e+09,4.031783059e+12
375000,1009.073105,1.462639467e+13,3.231056159e+11,1.757097789e+14,5.246785176e+12,9.028465766e+10,1.412078792e+09,3.975301317e+12
376000,1009.092186,1.421799575e+13,3.128633620e+11,1.728360196e+14,5.224500642e+12,9.018535475e+10,1.357346232e+09,3.919635251e+12
377000,1009.110809,1.382120129e+13,3.029509929e+11,1.700106936e+14,5.202313396e+12,9.008630221e+10,1.304767704e+09,3.864764514e+12
378000,1009.128967,1.343567417e+13,2.933578895e+11,1.672328447e+14,5.180235702e+12,8.998737050e+10,1.254250640e+09,3.810693906e+12
379000,1009.146667,1.306111155e+13,2.840730276e+11,1.645016761e+14,5.158258827e+12,8.988872346e+10,1.205719242e+09,3.757398360e+12
380000,1009.16394,1.269715993e+13,2.750870252e+11,1.618160278e+14,5.136385982e+12,8.979024794e+10,1.159090604e+09,3.704871797e+12
381000,1009.180771,1.234353606e+13,2.663897723e+11,1.591753453e+14,5.114613547e+12,8.969205197e+10,1.114289690e+09,3.653101847e+12
382000,1009.197182,1.199994090e+13,2.579721114e+11,1.565791576e+14,5.092936221e+12,8.959409869e+10,1.071245004e+09,3.602072306e+12
383000,1009.213211,1.166608420e+13,2.498244024e+11,1.540264288e+14,5.071370043e+12,8.949628262e+10,1.029884520e+09,3.551782191e+12
384000,1009.228821,1.134168788e+13,2.419386849e+11,1.515164867e+14,5.049902268e+12,8.939869747e+10,9.901458300e+08,3.502213251e+12
385000,1009.244041,1.102646372e+13,2.343052780e+11,1.490483509e+14,5.028529807e+12,8.930130381e+10,9.519594620e+08,3.453356835e+12
386000,1009.258911,1.072016032e+13,2.269169203e+11,1.466215515e+14,5.007250686e+12,8.920415642e+10,9.152656600e+08,3.405202506e+12
387000,1009.273399,1.042250046e+13,2.197648876e+11,1.442352865e+14,4.986077094e+12,8.910713498e+10,8.800046180e+08,3.357736223e+12
388000,1009.287529,1.013327777e+13,2.128422932e+11,1.418889517e+14,4.965002453e+12,8.901040486e+10,8.461235540e+08,3.310956495e+12
389000,1009.301323,9.852207563e+12,2.061408492e+11,1.395817083e+14,4.944026214e+12,8.891375565e+10,8.135619120e+08,3.264842613e+12
390000,1009.314751,9.579079827e+12,1.996540068e+11,1.373131945e+14,4.923142709e+12,8.881741875e+10,7.822731500e+08,3.219391119e+12
391000,1009.32785,9.313663582e+12,1.933744978e+11,1.350823863e+14,4.902358778e+12,8.872120730e+10,7.522018780e+08,3.174590939e+12
392000,1009.34066,9.055705334e+12,1.872952407e+11,1.328886252e+14,4.881666785e+12,8.862518477e+10,7.233013400e+08,3.130432193e+12
393000,1009.353111,8.805055463e+12,1.814106793e+11,1.307316617e+14,4.861073285e+12,8.852935373e+10,6.955292760e+08,3.086908842e+12
394000,1009.365288,8.561439539e+12,1.757137475e+11,1.286105906e+14,4.840575181e+12,8.843369677e+10,6.688358330e+08,3.044003979e+12
395000,1009.377151,8.324688019e+12,1.701983985e+11,1.265246645e+14,4.820168786e+12,8.833821235e+10,6.431805760e+08,3.001712853e+12
396000,1009.388725,8.094599021e+12,1.648589194e+11,1.244735822e+14,4.799859212e+12,8.824291226e+10,6.185227060e+08,2.960029712e+12
397000,1009.400032,7.870989074e+12,1.596897475e+11,1.224565599e+14,4.779639800e+12,8.814785587e+10,5.948240020e+08,2.918939156e+12
398000,1009.411034,7.653656297e+12,1.546849910e+11,1.204731353e+14,4.759514104e+12,8.805293261e+10,5.720439780e+08,2.878437392e+12
399000,1009.421791,7.442429444e+12,1.498395633e+11,1.185227094e+14,4.739481829e+12,8.795813990e+10,5.501482860e+08,2.838511559e+12
400000,1009.432266,7.237138612e+12,1.451483822e+11,1.166045882e+14,4.719540191e+12,8.786363290e+10,5.291029900e+08,2.799158436e+12
401000,1009.44249,7.037608657e+12,1.406063058e+11,1.147183814e+14,4.699689968e+12,8.776916787e+10,5.088721610e+08,2.760368161e+12
402000,1009.452454,6.843682947e+12,1.362087854e+11,1.128633404e+14,4.679930126e+12,8.767492352e+10,4.894264750e+08,2.722125726e+12
403000,1009.462196,6.655180702e+12,1.319507359e+11,1.110392308e+14,4.660263739e+12,8.758084096e+10,4.707327060e+08,2.684429795e+12
404000,1009.471672,6.471968555e+12,1.278280090e+11,1.092454286e+14,4.640687038e+12,8.748696166e+10,4.527632230e+08,2.647272841e+12
405000,1009.480957,6.293884928e+12,1.238359956e+11,1.074811553e+14,4.621196288e+12,8.739315917e+10,4.354876820e+08,2.610642797e+12
406000,1009.48996,6.120792556e+12,1.199705011e+11,1.057461018e+14,4.601796289e+12,8.729958758e+10,4.188807310e+08,2.574536876e+12
407000,1009.498779,5.952538182e+12,1.162277140e+11,1.040400036e+14,4.582485008e+12,8.720624794e+10,4.029152000e+08,2.538941252e+12
408000,1009.507362,5.788995158e+12,1.126034196e+11,1.023620593e+14,4.563263554e+12,8.711295949e+10,3.875658010e+08,2.503854785e+12
409000,1009.515739,5.630018126e+12,1.090939617e+11,1.007117153e+14,4.544126968e+12,8.701982208e+10,3.728095895e+08,2.469266113e+12
410000,1009.523949,5.475478880e+12,1.056955085e+11,9.908880486e+13,4.525077709e+12,8.692690637e+10,3.586225480e+08,2.435168485e+12
411000,1009.531914,5.325265256e+12,1.024046239e+11,9.749272130e+13,4.506116366e+12,8.683409613e+10,3.449817775e+08,2.401554481e+12
412000,1009.539703,5.179240235e+12,9.921762406e+10,9.592294712e+13,4.487242719e+12,8.674151680e+10,3.318665605e+08,2.368418619e+12
413000,1009.547302,5.037285130e+12,9.613156941e+10,9.437916347e+13,4.468452835e+12,8.664905626e+10,3.192570150e+08,2.335751504e+12
414000,1009.554703,4.899297690e+12,9.314288768e+10,9.286095562e+13,4.449746321e+12,8.655671962e+10,3.071332900e+08,2.303550439e+12
415000,1009.561943,4.765146038e+12,9.024864128e+10,9.136762413e+13,4.431126331e+12,8.646456218e+10,2.954754295e+08,2.271801344e+12
416000,1009.568993,4.634731020e+12,8.744550502e+10,8.989889420e+13,4.412592611e+12,8.637253939e+10,2.842653820e+08,2.240505291e+12
417000,1009.57589,4.507948220e+12,8.473083520e+10,8.845442607e+13,4.394143564e+12,8.628066355e+10,2.734864985e+08,2.209652064e+12
418000,1009.582588,4.384697876e+12,8.210187034e+10,8.703393656e+13,4.375777780e+12,8.618897715e+10,2.631221050e+08,2.179238420e+12
419000,1009.589142,4.264874639e+12,7.955559219e+10,8.563663502e+13,4.357493006e+12,8.609739776e+10,2.531550400e+08,2.149251744e+12
420000,1009.595528,4.148378124e+12,7.708955494e+10,8.426233054e+13,4.339291210e+12,8.600599706e+10,2.435705930e+08,2.119691239e+12
421000,1009.601768,4.035122020e+12,7.470115482e+10,8.291077195e+13,4.321177887e+12,8.591470029e+10,2.343538550e+08,2.090548167e+12
422000,1009.607849,3.925007794e+12,7.238777165e+10,8.158145273e+13,4.303138202e+12,8.582356634e+10,2.254897595e+08,2.061816398e+12
423000,1009.613808,3.817951937e+12,7.014721382e+10,8.027397127e+13,4.285184336e+12,8.573261978e+10,2.169657005e+08,2.033490338e+12
424000,1009.61956,3.713866023e+12,6.797708646e+10,7.898788130e+13,4.267314610e+12,8.564179098e+10,2.087680058e+08,2.005564522e+12
425000,1009.625237,3.612665151e+12,6.587503232e+10,7.772300614e+13,4.249522217e+12,8.555104000e+10,2.008841620e+08,1.978033390e+12
426000,1009.630768,3.514274759e+12,6.383902950e+10,7.647887437e+13,4.231805698e+12,8.546050765e+10,1.933016365e+08,1.950890328e+12
427000,1009.636147,3.418602930e+12,6.186689638e+10,7.525520705e+13,4.214175146e+12,8.537015142e+10,1.860086888e+08,1.924132184e+12
428000,1009.641388,3.325587063e+12,5.995667789e+10,7.405156478e+13,4.196623417e+12,8.527985050e+10,1.789950175e+08,1.897749897e+12
429000,1009.646507,3.235141534e+12,5.810630938e+10,7.286769797e+13,4.179151503e+12,8.518968883e+10,1.722488322e+08,1.871738192e+12
430000,1009.651497,3.147198005e+12,5.631392384e+10,7.170321961e+13,4.161756070e+12,8.509969050e+10,1.657602742e+08,1.846096208e+12
431000,1009.65638,3.061685518e+12,5.457757158e+10,7.055783111e+13,4.144438706e+12,8.500984218e+10,1.595191358e+08,1.820811649e+12
432000,1009.661171,2.978535899e+12,5.289565082e+10,6.943118114e+13,4.127200403e+12,8.492007066e+10,1.535158925e+08,1.795885425e+12
433000,1009.665787,2.897683849e+12,5.126631552e+10,6.832304320e+13,4.110040621e+12,8.483057510e+10,1.477417425e+08,1.771309130e+12
434000,1009.670334,2.819063472e+12,4.968792333e+10,6.723295611e+13,4.092957942e+12,8.474106573e+10,1.421873792e+08,1.747079217e+12
435000,1009.674759,2.742613033e+12,4.815889907e+10,6.616082545e+13,4.075952562e+12,8.465180467e+10,1.368442902e+08,1.723188904e+12
436000,1009.67907,2.668269437e+12,4.667764902e+10,6.510603124e+13,4.059021525e+12,8.456260096e+10,1.317046125e+08,1.699633865e+12
437000,1009.683289,2.595978289e+12,4.524259162e+10,6.406863239e+13,4.042170065e+12,8.447358362e+10,1.267604428e+08,1.676410683e+12
438000,1009.687393,2.525677150e+12,4.385234355e+10,6.304817486e+13,4.025391661e+12,8.438467072e+10,1.220042515e+08,1.653513900e+12
439000,1009.691414,2.457314247e+12,4.250549197e+10,6.204433535e+13,4.008687206e+12,8.429585766e+10,1.174288482e+08,1.630937702e+12
440000,1009.695335,2.390829564e+12,4.120059123e+10,6.105687795e+13,3.992059331e+12,8.420723149e+10,1.130270501e+08,1.608679072e+12
441000,1009.699158,2.326179062e+12,3.993636595e+10,6.008559079e+13,3.975506690e+12,8.411874816e+10,1.087922589e+08,1.586734449e+12
442000,1009.702888,2.263303578e+12,3.871155098e+10,5.913008004e+13,3.959026950e+12,8.403035699e+10,1.047183141e+08,1.565094003e+12
443000,1009.70652,2.202156507e+12,3.752483520e+10,5.819022096e+13,3.942621176e+12,8.394204928e+10,1.007987888e+08,1.543758934e+12
444000,1009.710083,2.142690353e+12,3.637501696e+10,5.726570338e+13,3.926291751e+12,8.385396890e+10,9.702764812e+07,1.522721702e+12
445000,1009.713539,2.084856594e+12,3.526098470e+10,5.635616368e+13,3.910033080e+12,8.376602880e+10,9.339954538e+07,1.501981086e+12
446000,1009.716934,2.028610462e+12,3.418158003e+10,5.546148776e+13,3.893849154e+12,8.367816346e+10,8.990873900e+07,1.481528795e+12
447000,1009.720238,1.973904900e+12,3.313570291e+10,5.458134872e+13,3.877737439e+12,8.359042202e+10,8.654985412e+07,1.461362024e+12
448000,1009.723465,1.920701972e+12,3.212232294e+10,5.371551008e+13,3.861695488e+12,8.350275635e+10,8.331823400e+07,1.441479455e+12
449000,1009.726601,1.868958671e+12,3.114042854e+10,5.286386171e+13,3.845723898e+12,8.341528730e+10,8.020869062e+07,1.421874684e+12
450000,1009.729675,1.818629964e+12,3.018897018e+10,5.202590629e+13,3.829822431e+12,8.332789453e+10,7.721661475e+07,1.402542952e+12
451000,1009.732674,1.769680413e+12,2.926698701e+10,5.120166764e+13,3.813997650e+12,8.324075008e+10,7.433755738e+07,1.383481131e+12
452000,1009.735588,1.722071949e+12,2.837362106e+10,5.039077453e+13,3.798241878e+12,8.315357952e+10,7.156717288e+07,1.364685029e+12
453000,1009.738441,1.675763700e+12,2.750788672e+10,4.959304424e+13,3.782557991e+12,8.306667162e+10,6.890124612e+07,1.346151862e+12
454000,1009.741249,1.630723199e+12,2.666900045e+10,4.880829613e+13,3.766939787e+12,8.297977037e+10,6.633597525e+07,1.327877317e+12
455000,1009.743942,1.586913329e+12,2.585609875e+10,4.803623995e+13,3.751396114e+12,8.289305242e+10,6.386741450e+07,1.309858865e+12
456000,1009.746613,1.544299373e+12,2.506833235e+10,4.727678242e+13,3.735916208e+12,8.280651981e+10,6.149168969e+07,1.292090634e+12
457000,1009.749222,1.502851273e+12,2.430489382e+10,4.652956193e+13,3.720510161e+12,8.272002509e+10,5.920556162e+07,1.274570158e+12
458000,1009.751732,1.462532551e+12,2.356504115e+10,4.579449205e+13,3.705169936e+12,8.263362867e+10,5.700536862e+07,1.257293709e+12
459000,1009.754211,1.423313371e+12,2.284808013e+10,4.507123502e+13,3.689898074e+12,8.254741658e+10,5.488792881e+07,1.240257360e+12
460000,1009.756607,1.385165435e+12,2.215325600e+10,4.435986978e+13,3.674694337e+12,8.246125005e+10,5.285017006e+07,1.223458075e+12
461000,1009.758972,1.348054946e+12,2.147984544e+10,4.365987516e+13,3.659560100e+12,8.237534669e+10,5.088897369e+07,1.206894440e+12
462000,1009.761269,1.311955784e+12,2.082724019e+10,4.297123909e+13,3.644491768e+12,8.228939264e+10,4.900140775e+07,1.190559318e+12
463000,1009.763496,1.276841312e+12,2.019475078e+10,4.229375863e+13,3.629490586e+12,8.220366336e+10,4.718476000e+07,1.174453195e+12
464000,1009.765686,1.242681242e+12,1.958175424e+10,4.162717475e+13,3.614556471e+12,8.211807386e+10,4.543627131e+07,1.158569886e+12
465000,1009.767815,1.209450213e+12,1.898762272e+10,4.097146181e+13,3.599686910e+12,8.203251354e+10,4.375337150e+07,1.142906659e+12
466000,1009.769905,1.177122111e+12,1.841180390e+10,4.032624619e+13,3.584884539e+12,8.194718208e+10,4.213348056e+07,1.127461695e+12
467000,1009.77195,1.145673740e+12,1.785368090e+10,3.969149563e+13,3.570150105e+12,8.186193254e+10,4.057435112e+07,1.112230285e+12
468000,1009.773926,1.115078853e+12,1.731275050e+10,3.906695087e+13,3.555478757e+12,8.177682586e+10,3.907364706e+07,1.097211339e+12
469000,1009.775879,1.085315932e+12,1.678844333e+10,3.845254190e+13,3.540870169e+12,8.169169203e+10,3.762911012e+07,1.082401047e+12
470000,1009.777771,1.056360280e+12,1.628025606e+10,3.784796268e+13,3.526329623e+12,8.160681830e+10,3.623854559e+07,1.067794579e+12
471000,1009.779617,1.028189815e+12,1.578766806e+10,3.725320330e+13,3.511853761e+12,8.152205875e+10,3.490009653e+07,1.053392331e+12
472000,1009.781418,1.000781132e+12,1.531019882e+10,3.666798085e+13,3.497440903e+12,8.143735347e+10,3.361156769e+07,1.039188079e+12
473000,1009.78318,9.741168640e+11,1.484739862e+10,3.609224398e+13,3.483094671e+12,8.135279053e+10,3.237126584e+07,1.025180963e+12
474000,1009.784904,9.481763103e+11,1.439880010e+10,3.552572407e+13,3.468807406e+12,8.126840064e+10,3.117726253e+07,1.011368669e+12
475000,1009.786583,9.229371843e+11,1.396395434e+10,3.496832025e+13,3.454586241e+12,8.118406963e+10,3.002787553e+07,9.977476055e+11
476000,1009.788223,8.983799603e+11,1.354239776e+10,3.441990737e+13,3.440426246e+12,8.109984512e+10,2.892126400e+07,9.843138765e+11
477000,1009.789818,8.744880046e+11,1.313378086e+10,3.388028698e+13,3.426329682e+12,8.101573222e+10,2.785600278e+07,9.710661919e+11
478000,1009.791382,8.512418775e+11,1.273764854e+10,3.334935354e+13,3.412296589e+12,8.093181286e+10,2.683041919e+07,9.580023726e+11
479000,1009.792908,8.286234890e+11,1.235368352e+10,3.282697928e+13,3.398324470e+12,8.084793395e+10,2.584305919e+07,9.451183002e+11
480000,1009.794403,8.066167501e+11,1.198143027e+10,3.231298828e+13,3.384411496e+12,8.076416768e+10,2.489243100e+07,9.324128195e+11
481000,1009.795845,7.852034744e+11,1.162056518e+10,3.180719019e+13,3.370562519e+12,8.068059341e+10,2.397723197e+07,9.198824161e+11
482000,1009.797295,7.643693363e+11,1.127072346e+10,3.130955504e+13,3.356775006e+12,8.059706573e+10,2.309603259e+07,9.075251610e+11
483000,1009.798668,7.440958833e+11,1.093157555e+10,3.081991973e+13,3.343049466e+12,8.051365632e+10,2.224763341e+07,8.953383752e+11
484000,1009.800003,7.243698176e+11,1.060279174e+10,3.033809132e+13,3.329381278e+12,8.043035085e+10,2.143077047e+07,8.833202852e+11
485000,1009.801323,7.051751690e+11,1.028402627e+10,2.986401953e+13,3.315775169e+12,8.034721024e+10,2.064429588e+07,8.714667930e+11
486000,1009.802628,6.864973292e+11,9.974987584e+09,2.939751988e+13,3.302230483e+12,8.026416026e+10,1.988698414e+07,8.597770035e+11
487000,1009.803886,6.683234447e+11,9.675374624e+09,2.893850144e+13,3.288743600e+12,8.018125107e+10,1.915778144e+07,8.482493379e+11
488000,1009.805122,6.506374328e+11,9.384880288e+09,2.848686588e+13,3.275316339e+12,8.009840486e+10,1.845565194e+07,8.368791491e+11
489000,1009.806335,6.334273413e+11,9.103240368e+09,2.804242735e+13,3.261949829e+12,8.001571533e+10,1.777953008e+07,8.256661996e+11
490000,1009.80748,6.166803886e+11,8.830192944e+09,2.760506801e+13,3.248640197e+12,7.993309645e+10,1.712848303e+07,8.146071470e+11
491000,1009.808632,6.003827610e+11,8.565436128e+09,2.717479140e+13,3.235391758e+12,7.985057280e+10,1.650155556e+07,8.037008568e+11
492000,1009.809753,5.845238764e+11,8.308737360e+09,2.675129830e+13,3.222198477e+12,7.976823347e+10,1.589784628e+07,7.929442038e+11
493000,1009.810844,5.690907013e+11,8.059847824e+09,2.633461245e+13,3.209064292e+12,7.968595507e+10,1.531649472e+07,7.823351112e+11
494000,1009.811913,5.540717261e+11,7.818514720e+09,2.592460167e+13,3.195986248e+12,7.960384154e+10,1.475662692e+07,7.718726758e+11
495000,1009.812965,5.394553283e+11,7.584515152e+09,2.552111069e+13,3.182967243e+12,7.952178790e+10,1.421749148e+07,7.615529124e+11
496000,1009.813965,5.252314706e+11,7.357620704e+09,2.512405944e+13,3.170005598e+12,7.943988173e+10,1.369827552e+07,7.513759416e+11
497000,1009.814957,5.113882737e+11,7.137606640e+09,2.473333946e+13,3.157102019e+12,7.935804723e+10,1.319823077e+07,7.413375980e+11
498000,1009.815926,4.979161620e+11,6.924271376e+09,2.434887835e+13,3.144254595e+12,7.927633101e+10,1.271664588e+07,7.314381517e+11
499000,1009.816872,4.848050647e+11,6.717415616e+09,2.397053119e+13,3.131460706e+12,7.919473203e+10,1.225285988e+07,7.216738284e+11
500000,1009.817795,4.720443689e+11,6.516811456e+09,2.359818691e+13,3.118724096e+12,7.911321395e+10,1.180618708e+07,7.120432701e+11
501000,1009.81871,4.596253716e+11,6.322297088e+09,2.323178733e+13,3.106044183e+12,7.903186022e+10,1.137598059e+07,7.025447793e+11
502000,1009.81958,4.475385743e+11,6.133663264e+09,2.287124128e+13,3.093421588e+12,7.895057306e+10,1.096162098e+07,6.931764675e+11
503000,1009.820442,4.357751501e+11,5.950748768e+09,2.251640914e+13,3.080853045e+12,7.886944461e+10,1.056254559e+07,6.839364321e+11
504000,1009.821274,4.243253443e+11,5.773359488e+09,2.216723733e+13,3.068337431e+12,7.878840320e+10,1.017815799e+07,6.748229652e+11
505000,1009.822121,4.131818732e+11,5.601342960e+09,2.182361456e+13,3.055878742e+12,7.870746061e+10,9.807937617e+06,6.658349875e+11
506000,1009.822906,4.023352873e+11,5.434517104e+09,2.148547953e+13,3.043473777e+12,7.862666189e+10,9.451310352e+06,6.569693286e+11
507000,1009.8237,3.917785057e+11,5.272738088e+09,2.115266757e+13,3.031124623e+12,7.854586982e+10,9.107826570e+06,6.482249953e+11
508000,1009.824448,3.815026708e+11,5.115835352e+09,2.082517335e+13,3.018827653e+12,7.846533683e+10,8.776951055e+06,6.395995832e+11
509000,1009.825211,3.715018926e+11,4.963682680e+09,2.050288988e+13,3.006583947e+12,7.838480179e+10,8.458254867e+06,6.310931948e+11
510000,1009.825935,3.617666406e+11,4.816107008e+09,2.018569050e+13,2.994396922e+12,7.830439578e+10,8.151236562e+06,6.227021005e+11
511000,1009.826645,3.522913792e+11,4.672980832e+09,1.987352990e+13,2.982260818e+12,7.822413363e+10,7.855514312e+06,6.144261181e+11
512000,1009.827354,3.430676132e+11,4.534177664e+09,1.956635106e+13,2.970177593e+12,7.814394010e+10,7.570647672e+06,6.062625731e+11
513000,1009.828033,3.340899236e+11,4.399556424e+09,1.926399387e+13,2.958146535e+12,7.806391706e+10,7.296217117e+06,5.982110474e+11
514000,1009.828667,3.253510267e+11,4.268987152e+09,1.896646801e+13,2.946173133e+12,7.798387251e+10,7.031850773e+06,5.902686700e+11
515000,1009.829323,3.168440351e+11,4.142348592e+09,1.867362919e+13,2.934245212e+12,7.790402509e+10,6.777174867e+06,5.824356229e+11
516000,1009.829948,3.085635533e+11,4.019522832e+09,1.838542089e+13,2.922371539e+12,7.782427853e+10,6.531822461e+06,5.747082916e+11
517000,1009.830582,3.005022638e+11,3.900378320e+09,1.810180426e+13,2.910553047e+12,7.774464666e+10,6.295448426e+06,5.670868460e+11
518000,1009.831192,2.926555136e+11,3.784827624e+09,1.782268086e+13,2.898781594e+12,7.766508339e+10,6.067741473e+06,5.595681526e+11
519000,1009.831764,2.850172068e+11,3.672752896e+09,1.754793727e+13,2.887064232e+12,7.758568090e+10,5.848364055e+06,5.521535611e+11
520000,1009.832352,2.775811548e+11,3.564034088e+09,1.727756471e+13,2.875398119e+12,7.750633728e+10,5.636996699e+06,5.448385454e+11
521000,1009.832909,2.703427645e+11,3.458588472e+09,1.701144268e+13,2.863780700e+12,7.742714624e+10,5.433359605e+06,5.376234988e+11
522000,1009.833466,2.632958131e+11,3.356299976e+09,1.674954443e+13,2.852214538e+12,7.734802227e+10,5.237164930e+06,5.305068063e+11
523000,1009.834007,2.564356593e+11,3.257085160e+09,1.649178445e+13,2.840698774e+12,7.726901350e+10,5.048140512e+06,5.234870047e+11
524000,1009.834534,2.497569219e+11,3.160840552e+09,1.623807248e+13,2.829234110e+12,7.719010662e+10,4.866004477e+06,5.165618432e+11
525000,1009.83503,2.432553953e+11,3.067486788e+09,1.598838462e+13,2.817818919e+12,7.711134003e+10,4.690528645e+06,5.097314140e+11
526000,1009.835541,2.369252982e+11,2.976921496e+09,1.574260407e+13,2.806452396e+12,7.703262208e+10,4.521439570e+06,5.029936579e+11
527000,1009.836037,2.307628646e+11,2.889071456e+09,1.550072002e+13,2.795135271e+12,7.695404595e+10,4.358518906e+06,4.963470285e+11
528000,1009.83651,2.247632435e+11,2.803848600e+09,1.526265229e+13,2.783868092e+12,7.687554253e+10,4.201535035e+06,4.897905326e+11
529000,1009.836983,2.189229056e+11,2.721180940e+09,1.502834277e+13,2.772651262e+12,7.679717069e+10,4.050273645e+06,4.833238835e+11
530000,1009.83741,2.132359782e+11,2.640981732e+09,1.479769807e+13,2.761481667e+12,7.671889715e+10,3.904509477e+06,4.769441229e+11
531000,1009.837883,2.076992927e+11,2.563178804e+09,1.457069088e+13,2.750360175e+12,7.664070298e+10,3.764062141e+06,4.706510684e+11
532000,1009.838303,2.023088246e+11,2.487704152e+09,1.434726105e+13,2.739288515e+12,7.656261888e+10,3.628722930e+06,4.644438528e+11
533000,1009.838722,1.970604247e+11,2.414477012e+09,1.412734359e+13,2.728263074e+12,7.648468224e+10,3.498284881e+06,4.583196191e+11
534000,1009.839127,1.919504753e+11,2.343440632e+09,1.391087434e+13,2.717286760e+12,7.640674918e+10,3.372611625e+06,4.522791322e+11
535000,1009.839554,1.869751204e+11,2.274523928e+09,1.369781233e+13,2.706356281e+12,7.632901222e+10,3.251494209e+06,4.463200614e+11
536000,1009.839943,1.821309240e+11,2.207662776e+09,1.348812484e+13,2.695475290e+12,7.625136896e+10,3.134775180e+06,4.404417659e+11
537000,1009.840332,1.774142874e+11,2.142793268e+09,1.328170335e+13,2.684640150e+12,7.617380250e+10,3.022291156e+06,4.346429665e+11
538000,1009.840706,1.728217226e+11,2.079855656e+09,1.307852196e+13,2.673852142e+12,7.609641830e+10,2.913891791e+06,4.289228380e+11
539000,1009.841087,1.683498752e+11,2.018794156e+09,1.287853920e+13,2.663111340e+12,7.601901466e+10,2.809420219e+06,4.232791163e+11
540000,1009.841438,1.639957284e+11,1.959554360e+09,1.268169869e+13,2.652417589e+12,7.594179430e+10,2.708742211e+06,4.177127107e+11
541000,1009.841774,1.597559529e+11,1.902070884e+09,1.248792996e+13,2.641768985e+12,7.586464410e+10,2.611705975e+06,4.122212198e+11
542000,1009.842133,1.556276042e+11,1.846300924e+09,1.229720190e+13,2.631166755e+12,7.578753690e+10,2.518188121e+06,4.068034908e+11
543000,1009.842453,1.516075717e+11,1.792189428e+09,1.210947898e+13,2.620612100e+12,7.571062733e+10,2.428054932e+06,4.014592778e+11
544000,1009.842796,1.476929731e+11,1.739683628e+09,1.192467062e+13,2.610101142e+12,7.563380173e+10,2.341181039e+06,3.961867162e+11
545000,1009.843124,1.438814203e+11,1.688740202e+09,1.174276775e+13,2.599635583e+12,7.555705754e+10,2.257455467e+06,3.909859420e+11
546000,1009.84343,1.401697149e+11,1.639310100e+09,1.156371299e+13,2.589216002e+12,7.548043520e+10,2.176755348e+06,3.858549555e+11
547000,1009.843735,1.365550966e+11,1.591346378e+09,1.138745913e+13,2.578841547e+12,7.540390298e+10,2.098969400e+06,3.807928771e+11
548000,1009.844032,1.330353313e+11,1.544803402e+09,1.121394561e+13,2.568511070e+12,7.532745728e+10,2.023996005e+06,3.757991813e+11
549000,1009.84433,1.296076588e+11,1.499641342e+09,1.104315928e+13,2.558225248e+12,7.525112166e+10,1.951729720e+06,3.708730952e+11
550000,1009.844612,1.262699699e+11,1.455820992e+09,1.087505419e+13,2.547986489e+12,7.517484544e+10,1.882073151e+06,3.660131697e+11
551000,1009.844887,1.230193610e+11,1.413296494e+09,1.070955911e+13,2.537788477e+12,7.509873562e+10,1.814930636e+06,3.612184023e+11
552000,1009.845154,1.198538982e+11,1.372033598e+09,1.054664804e+13,2.527634264e+12,7.502275328e+10,1.750207515e+06,3.564883855e+11
553000,1009.845413,1.167712141e+11,1.331990320e+09,1.038628811e+13,2.517526110e+12,7.494676787e+10,1.687817405e+06,3.518215363e+11
554000,1009.84568,1.137689577e+11,1.293133842e+09,1.022842014e+13,2.507460612e+12,7.487094938e+10,1.627677029e+06,3.472176108e+11
555000,1009.845932,1.108451973e+11,1.255425456e+09,1.007301614e+13,2.497438110e+12,7.479523174e+10,1.569705647e+06,3.426760151e+11
556000,1009.846184,1.079979756e+11,1.218833606e+09,9.920047454e+12,2.487459537e+12,7.471959347e+10,1.513818741e+06,3.381953403e+11
557000,1009.846436,1.052247508e+11,1.183321358e+09,9.769432058e+12,2.477523202e+12,7.464406170e+10,1.459942564e+06,3.337743698e+11
558000,1009.846649,1.025240827e+11,1.148858132e+09,9.621184927e+12,2.467630932e+12,7.456862618e+10,1.408006855e+06,3.294131272e+11
559000,1009.846916,9.989388134e+10,1.115413598e+09,9.475259401e+12,2.457782559e+12,7.449327923e+10,1.357940328e+06,3.251102351e+11
560000,1009.84713,9.733208525e+10,1.082956616e+09,9.331576316e+12,2.447970779e+12,7.441804032e+10,1.309669093e+06,3.208648479e+11
561000,1009.847359,9.483702221e+10,1.051455740e+09,9.190147141e+12,2.438206554e+12,7.434289203e+10,1.263134547e+06,3.166769080e+11
562000,1009.847565,9.240692608e+10,1.020884894e+09,9.050901361e+12,2.428483080e+12,7.426786714e+10,1.218272502e+06,3.125447260e+11
563000,1009.847786,9.004027930e+10,9.912153820e+08,8.913834292e+12,2.418800542e+12,7.419289805e+10,1.175020616e+06,3.084680212e+11
564000,1009.848,8.773523635e+10,9.624201830e+08,8.778902582e+12,2.409159160e+12,7.411808563e+10,1.133322197e+06,3.044459346e+11
565000,1009.84819,8.548995994e+10,9.344718320e+08,8.646046959e+12,2.399561585e+12,7.404333312e+10,1.093116752e+06,3.004776940e+11
566000,1009.848381,8.330323917e+10,9.073482060e+08,8.515275612e+12,2.390005420e+12,7.396868710e+10,1.054355853e+06,2.965628431e+11
567000,1009.848557,8.117319373e+10,8.810224610e+08,8.386532384e+12,2.380486885e+12,7.389412147e+10,1.016983357e+06,2.927001037e+11
568000,1009.848755,7.909853862e+10,8.554693300e+08,8.259771303e+12,2.371011473e+12,7.381965158e+10,9.809476055e+05,2.888891638e+11
569000,1009.848961,7.707774810e+10,8.306687310e+08,8.134978275e+12,2.361576432e+12,7.374529843e+10,9.462069346e+05,2.851289236e+11
570000,1009.849121,7.510937178e+10,8.065980830e+08,8.012129650e+12,2.352180744e+12,7.367099494e+10,9.127055225e+05,2.814190669e+11
571000,1009.849297,7.319210342e+10,7.832339310e+08,7.891191544e+12,2.342827274e+12,7.359687782e+10,8.804063037e+05,2.777591132e+11
572000,1009.849464,7.132450829e+10,7.605538820e+08,7.772113794e+12,2.333511770e+12,7.352277197e+10,8.492600479e+05,2.741475261e+11
573000,1009.849625,6.950550899e+10,7.385429640e+08,7.654889553e+12,2.324238602e+12,7.344885043e+10,8.192305376e+05,2.705848100e+11
574000,1009.8498,6.773349248e+10,7.171769750e+08,7.539476681e+12,2.315002221e+12,7.337497805e+10,7.902737949e+05,2.670691016e+11
575000,1009.849976,6.600731891e+10,6.964359940e+08,7.425843071e+12,2.305808622e+12,7.330117120e+10,7.623490273e+05,2.636004460e+11
576000,1009.850113,6.432596608e+10,6.763049920e+08,7.313975125e+12,2.296652247e+12,7.322751539e+10,7.354236221e+05,2.601779348e+11
577000,1009.850258,6.268802637e+10,6.567625480e+08,7.203839292e+12,2.287535780e+12,7.315391232e+10,7.094589199e+05,2.568013251e+11
578000,1009.850426,6.109242982e+10,6.377922380e+08,7.095395007e+12,2.278459392e+12,7.308045158e+10,6.844186514e+05,2.534695327e+11
579000,1009.850578,5.953822131e+10,6.193798090e+08,6.988632573e+12,2.269420012e+12,7.300701798e+10,6.602744595e+05,2.501821322e+11
580000,1009.850716,5.802411840e+10,6.015039560e+08,6.883514833e+12,2.260418879e+12,7.293373850e+10,6.369907327e+05,2.469385938e+11
581000,1009.850845,5.654917530e+10,5.841526880e+08,6.780034711e+12,2.251458290e+12,7.286051174e+10,6.145373867e+05,2.437385155e+11
582000,1009.850975,5.511225357e+10,5.673081560e+08,6.678133851e+12,2.242535219e+12,7.278739968e+10,5.928819780e+05,2.405805588e+11
583000,1009.851112,5.371242125e+10,5.509550990e+08,6.577807307e+12,2.233650053e+12,7.271441254e+10,5.719989939e+05,2.374648069e+11
584000,1009.85125,5.234867366e+10,5.350805730e+08,6.479035945e+12,2.224803054e+12,7.264148122e+10,5.518591631e+05,2.343904251e+11
585000,1009.851387,5.102024998e+10,5.196706570e+08,6.381791522e+12,2.215993995e+12,7.256867072e+10,5.324370989e+05,2.313570673e+11
586000,1009.851486,4.972597082e+10,5.047102215e+08,6.286035897e+12,2.207222800e+12,7.249593754e+10,5.137047432e+05,2.283639526e+11
587000,1009.851624,4.846499686e+10,4.901852100e+08,6.191750494e+12,2.198488265e+12,7.242330726e+10,4.956378516e+05,2.254105697e+11
588000,1009.85173,4.723652448e+10,4.760850980e+08,6.098933021e+12,2.189791031e+12,7.235074458e+10,4.782139553e+05,2.224967132e+11
589000,1009.851845,4.603979322e+10,4.623958465e+08,6.007526629e+12,2.181130744e+12,7.227829555e+10,4.614101978e+05,2.196212547e+11
590000,1009.851952,4.487375610e+10,4.491050375e+08,5.917540036e+12,2.172508164e+12,7.220599501e+10,4.452016167e+05,2.167839539e+11
591000,1009.852074,4.373779680e+10,4.362020435e+08,5.828932449e+12,2.163921920e+12,7.213368115e+10,4.295691067e+05,2.139843922e+11
592000,1009.852173,4.263092736e+10,4.236751375e+08,5.741694760e+12,2.155372577e+12,7.206152653e+10,4.144912178e+05,2.112219489e+11
593000,1009.85228,4.155257453e+10,4.115128200e+08,5.655785079e+12,2.146859487e+12,7.198942464e+10,3.999480833e+05,2.084960323e+11
594000,1009.852379,4.050199482e+10,3.997038770e+08,5.571208812e+12,2.138382316e+12,7.191744307e+10,3.859205471e+05,2.058063278e+11
595000,1009.852478,3.947837229e+10,3.882395215e+08,5.487919643e+12,2.129942143e+12,7.184556288e+10,3.723906571e+05,2.031523799e+11
596000,1009.8526,3.848097338e+10,3.771068320e+08,5.405911278e+12,2.121536475e+12,7.177378611e+10,3.593391720e+05,2.005333100e+11
597000,1009.852684,3.750917658e+10,3.662983770e+08,5.325156787e+12,2.113166574e+12,7.170207130e+10,3.467505516e+05,1.979489203e+11
598000,1009.852783,3.656236058e+10,3.558046870e+08,5.245651382e+12,2.104834327e+12,7.163048550e+10,3.346080389e+05,1.953990973e+11
599000,1009.85289,3.563979226e+10,3.456146795e+08,5.167363545e+12,2.096536203e+12,7.155898214e+10,3.228948698e+05,1.928825871e+11
600000,1009.852966,3.474087744e+10,3.357210265e+08,5.090277464e+12,2.088273768e+12,7.148755149e+10,3.115955692e+05,1.903997773e+11
601000,1009.85305,3.386491846e+10,3.261140505e+08,5.014361681e+12,2.080046318e+12,7.141624115e+10,3.006963320e+05,1.879495194e+11
602000,1009.853149,3.301142944e+10,3.167858060e+08,4.939610888e+12,2.071852835e+12,7.134494157e+10,2.901815021e+05,1.855315692e+11
603000,1009.853218,3.217989075e+10,3.077288150e+08,4.866012507e+12,2.063695458e+12,7.127386624e+10,2.800397173e+05,1.831458381e+11
604000,1009.853287,3.136952602e+10,2.989337510e+08,4.793537080e+12,2.055571706e+12,7.120277914e+10,2.702551600e+05,1.807914834e+11
605000,1009.853386,3.057990285e+10,2.903931088e+08,4.722169290e+12,2.047481750e+12,7.113184051e+10,2.608158815e+05,1.784682240e+11
606000,1009.853477,2.981049990e+10,2.821001378e+08,4.651892728e+12,2.039428104e+12,7.106091469e+10,2.517103776e+05,1.761755228e+11
607000,1009.853531,2.906073197e+10,2.740472640e+08,4.582687508e+12,2.031407960e+12,7.099017728e+10,2.429257998e+05,1.739131965e+11
608000,1009.853622,2.833010822e+10,2.662270642e+08,4.514546060e+12,2.023421829e+12,7.091947059e+10,2.344509138e+05,1.716806697e+11
609000,1009.853676,2.761817539e+10,2.586333472e+08,4.447439531e+12,2.015469031e+12,7.084886579e+10,2.262746611e+05,1.694775040e+11
610000,1009.853767,2.692439830e+10,2.512594695e+08,4.381363416e+12,2.007550235e+12,7.077837414e+10,2.183870073e+05,1.673035075e+11
611000,1009.853828,2.624827594e+10,2.440978078e+08,4.316291699e+12,1.999665332e+12,7.070794240e+10,2.107763651e+05,1.651579868e+11
612000,1009.853889,2.558946483e+10,2.371436875e+08,4.252216405e+12,1.991813468e+12,7.063760998e+10,2.034345511e+05,1.630409219e+11
613000,1009.853958,2.494748230e+10,2.303903110e+08,4.189119131e+12,1.983995277e+12,7.056739994e+10,1.963512274e+05,1.609516447e+11
614000,1009.854027,2.432176675e+10,2.238315932e+08,4.126975270e+12,1.976210162e+12,7.049727437e+10,1.895163914e+05,1.588898102e+11
615000,1009.854088,2.371199162e+10,2.174619415e+08,4.065786915e+12,1.968458334e+12,7.042725120e+10,1.829221107e+05,1.568549898e+11
616000,1009.854164,2.311780496e+10,2.112766785e+08,4.005527168e+12,1.960738263e+12,7.035722547e+10,1.765599886e+05,1.548472325e+11
617000,1009.854218,2.253869814e+10,2.052692925e+08,3.946186267e+12,1.953051001e+12,7.028738099e+10,1.704212716e+05,1.528657795e+11
618000,1009.854286,2.197434448e+10,1.994349270e+08,3.887747808e+12,1.945396339e+12,7.021757901e+10,1.644983680e+05,1.509101896e+11
619000,1009.85434,2.142434154e+10,1.937687395e+08,3.830199601e+12,1.937775501e+12,7.014791834e+10,1.587828920e+05,1.489805550e+11
620000,1009.854416,2.088830912e+10,1.882658132e+08,3.773524427e+12,1.930184970e+12,7.007829043e+10,1.532683787e+05,1.470760082e+11
621000,1009.854462,2.036589760e+10,1.829209922e+08,3.717711671e+12,1.922626789e+12,7.000880794e+10,1.479476849e+05,1.451965363e+11
622000,1009.854507,1.985673738e+10,1.777301170e+08,3.662748064e+12,1.915100455e+12,6.993937920e+10,1.428131068e+05,1.433418301e+11
623000,1009.854561,1.936053782e+10,1.726884680e+08,3.608615225e+12,1.907605848e+12,6.987002982e+10,1.378589579e+05,1.415113725e+11
624000,1009.854614,1.887690819e+10,1.677915371e+08,3.555308258e+12,1.900143309e+12,6.980078746e+10,1.330779491e+05,1.397048852e+11
625000,1009.854645,1.840558240e+10,1.630359214e+08,3.502813632e+12,1.892713112e+12,6.973163418e+10,1.284651342e+05,1.379222802e+11
626000,1009.854706,1.794618157e+10,1.584163452e+08,3.451115011e+12,1.885312279e+12,6.966258074e+10,1.240132487e+05,1.361629015e+11
627000,1009.854767,1.749840490e+10,1.539295878e+08,3.400191721e+12,1.877944144e+12,6.959358874e+10,1.197175452e+05,1.344264212e+11
628000,1009.85482,1.706199795e+10,1.495717079e+08,3.350047829e+12,1.870607360e+12,6.952468275e+10,1.155718990e+05,1.327129446e+11
629000,1009.854858,1.663663629e+10,1.453388886e+08,3.300662559e+12,1.863299883e+12,6.945593498e+10,1.115715345e+05,1.310217331e+11
630000,1009.854904,1.622205053e+10,1.412273230e+08,3.252029672e+12,1.856024957e+12,6.938722150e+10,1.077111862e+05,1.293528056e+11
631000,1009.854942,1.581798365e+10,1.372340180e+08,3.204129164e+12,1.848779854e+12,6.931859149e+10,1.039857761e+05,1.277056197e+11
632000,1009.854973,1.542409314e+10,1.333544991e+08,3.156952359e+12,1.841565299e+12,6.925005312e+10,1.003901048e+05,1.260799613e+11
633000,1009.855034,1.504019370e+10,1.295865060e+08,3.110494556e+12,1.834381820e+12,6.918160384e+10,9.692053342e+04,1.244756070e+11
634000,1009.855087,1.466596819e+10,1.259262936e+08,3.064736245e+12,1.827226419e+12,6.911323648e+10,9.357153894e+04,1.228921341e+11
635000,1009.85511,1.430123640e+10,1.223709121e+08,3.019672815e+12,1.820102906e+12,6.904497510e+10,9.033997098e+04,1.213294456e+11
636000,1009.855141,1.394569200e+10,1.189172122e+08,2.975287903e+12,1.813009052e+12,6.897675059e+10,8.722111746e+04,1.197870234e+11
637000,1009.855179,1.359910704e+10,1.155622978e+08,2.931574984e+12,1.805945512e+12,6.890866790e+10,8.421075601e+04,1.182648783e+11
638000,1009.855225,1.326130157e+10,1.123031805e+08,2.888517718e+12,1.798911230e+12,6.884066458e+10,8.130549332e+04,1.167625313e+11
639000,1009.855263,1.293198418e+10,1.091371954e+08,2.846114069e+12,1.791906193e+12,6.877269658e+10,7.850140057e+04,1.152797926e+11
640000,1009.855286,1.261100688e+10,1.060618236e+08,2.804353224e+12,1.784931017e+12,6.870486170e+10,7.579513629e+04,1.138164196e+11
641000,1009.855347,1.229809950e+10,1.030743286e+08,2.763220485e+12,1.777984590e+12,6.863716454e+10,7.318304697e+04,1.123721733e+11
642000,1009.855377,1.199308245e+10,1.001719135e+08,2.722706669e+12,1.771067769e+12,6.856947814e+10,7.066192819e+04,1.109465830e+11
643000,1009.8554,1.169574688e+10,9.735228062e+07,2.682804357e+12,1.764179534e+12,6.850187008e+10,6.822852405e+04,1.095396864e+11
644000,1009.855438,1.140588435e+10,9.461305325e+07,2.643502692e+12,1.757320765e+12,6.843439872e+10,6.587978200e+04,1.081510182e+11
645000,1009.855484,1.112333538e+10,9.195207638e+07,2.604795783e+12,1.750490374e+12,6.836700006e+10,6.361263815e+04,1.067806216e+11
646000,1009.855492,1.084787694e+10,8.936697669e+07,2.566669185e+12,1.743688655e+12,6.829967411e+10,6.142444965e+04,1.054279227e+11
647000,1009.855522,1.057936221e+10,8.685536812e+07,2.529119962e+12,1.736915677e+12,6.823243213e+10,5.931224365e+04,1.040928497e+11
648000,1009.855568,1.031757888e+10,8.441529850e+07,2.492130783e+12,1.730170687e+12,6.816527155e+10,5.727328773e+04,1.027751823e+11
649000,1009.855576,1.006238037e+10,8.204479650e+07,2.455702866e+12,1.723454710e+12,6.809825946e+10,5.530530472e+04,1.014746578e+11
650000,1009.855637,9.813592736e+09,7.974158025e+07,2.419820301e+12,1.716766532e+12,6.803127347e+10,5.340551862e+04,1.001909053e+11
651000,1009.855659,9.571050592e+09,7.750397875e+07,2.384476034e+12,1.710106739e+12,6.796433203e+10,5.157166022e+04,9.892390374e+10
652000,1009.85569,9.334586512e+09,7.533004588e+07,2.349665789e+12,1.703474401e+12,6.789757389e+10,4.980143214e+04,9.767336576e+10
653000,1009.855705,9.104069776e+09,7.321779144e+07,2.315375411e+12,1.696870015e+12,6.783083571e+10,4.809262231e+04,9.643904358e+10
654000,1009.855721,8.879334864e+09,7.116562188e+07,2.281602733e+12,1.690292363e+12,6.776419533e+10,4.644304468e+04,9.522081894e+10
655000,1009.855759,8.660208480e+09,6.917163819e+07,2.248333722e+12,1.683743019e+12,6.769766451e+10,4.485050533e+04,9.401826125e+10
656000,1009.855774,8.446596728e+09,6.723430088e+07,2.215565584e+12,1.677220520e+12,6.763119002e+10,4.331322620e+04,9.283142656e+10
657000,1009.855812,8.238327840e+09,6.535202456e+07,2.183287480e+12,1.670725870e+12,6.756478259e+10,4.182906622e+04,9.165997286e+10
658000,1009.855835,8.035269920e+09,6.352299206e+07,2.151494415e+12,1.664258925e+12,6.749850522e+10,4.039641113e+04,9.050358195e+10
659000,1009.855858,7.837291368e+09,6.174589119e+07,2.120177052e+12,1.657816953e+12,6.743228160e+10,3.901323088e+04,8.936226291e+10
660000,1009.855888,7.644282480e+09,6.001925400e+07,2.089330443e+12,1.651404239e+12,6.736615578e+10,3.767793440e+04,8.823583360e+10
661000,1009.855911,7.456072416e+09,5.834144862e+07,2.058942101e+12,1.645015351e+12,6.730012006e+10,3.638874187e+04,8.712374106e+10
662000,1009.855927,7.272575048e+09,5.671108231e+07,2.029010643e+12,1.638656307e+12,6.723413862e+10,3.514406729e+04,8.602615629e+10
663000,1009.855965,7.093674568e+09,5.512700594e+07,1.999527473e+12,1.632322646e+12,6.716830618e+10,3.394253511e+04,8.494288704e+10
664000,1009.85598,6.919238208e+09,5.358765694e+07,1.970485458e+12,1.626015199e+12,6.710249779e+10,3.278242266e+04,8.387355008e+10
665000,1009.856003,6.749153456e+09,5.209196953e+07,1.941878393e+12,1.619733967e+12,6.703676211e+10,3.166236053e+04,8.281791834e+10
666000,1009.856018,6.583306752e+09,5.063844088e+07,1.913695766e+12,1.613478523e+12,6.697117338e+10,3.058086103e+04,8.177606874e+10
667000,1009.856049,6.421608176e+09,4.922611331e+07,1.885937807e+12,1.607250100e+12,6.690561229e+10,2.953677766e+04,8.074763456e+10
668000,1009.856049,6.263938080e+09,4.785358747e+07,1.858591592e+12,1.601046987e+12,6.684015155e+10,2.852869115e+04,7.973246720e+10
669000,1009.856064,6.110205216e+09,4.651994947e+07,1.831656427e+12,1.594870059e+12,6.677478912e+10,2.755537560e+04,7.873049869e+10
670000,1009.856102,5.960302704e+09,4.522394912e+07,1.805120186e+12,1.588717965e+12,6.670948403e+10,2.661556828e+04,7.774140621e+10
671000,1009.856102,5.814116216e+09,4.396437850e+07,1.778978668e+12,1.582592827e+12,6.664426701e+10,2.570805791e+04,7.676494285e+10
672000,1009.856117,5.671586712e+09,4.274052538e+07,1.753229434e+12,1.576493113e+12,6.657917645e+10,2.483189043e+04,7.580130150e+10
673000,1009.856133,5.532606872e+09,4.155109634e+07,1.727865794e+12,1.570417988e+12,6.651410074e+10,2.398588239e+04,7.485001126e+10
674000,1009.856155,5.397065232e+09,4.039521484e+07,1.702877056e+12,1.564368249e+12,6.644916224e+10,2.316892866e+04,7.391092275e+10
675000,1009.856186,5.264907488e+09,3.927191350e+07,1.678260631e+12,1.558343750e+12,6.638424986e+10,2.238009832e+04,7.298392166e+10
676000,1009.856194,5.136039256e+09,3.818027650e+07,1.654011544e+12,1.552345145e+12,6.631951053e+10,2.161841674e+04,7.206896947e+10
677000,1009.856194,5.010373404e+09,3.711938669e+07,1.630123865e+12,1.546369913e+12,6.625475686e+10,2.088293512e+04,7.116573965e+10
678000,1009.856239,4.887821068e+09,3.608825297e+07,1.606589799e+12,1.540419445e+12,6.619010202e+10,2.017263337e+04,7.027410432e+10
679000,1009.856239,4.768320148e+09,3.508630191e+07,1.583406660e+12,1.534495248e+12,6.612557568e+10,1.948683528e+04,6.939394573e+10
680000,1009.856247,4.651777932e+09,3.411245794e+07,1.560568411e+12,1.528594739e+12,6.606111846e+10,1.882453712e+04,6.852518272e+10
681000,1009.856277,4.538127232e+09,3.316593619e+07,1.538069012e+12,1.522719130e+12,6.599673395e+10,1.818495308e+04,6.766746125e+10
682000,1009.856293,4.427292188e+09,3.224601300e+07,1.515902885e+12,1.516867580e+12,6.593238118e+10,1.756730010e+04,6.682083226e+10
683000,1009.8563,4.319210300e+09,3.135204522e+07,1.494067481e+12,1.511039967e+12,6.586820147e+10,1.697088085e+04,6.598509619e+10
684000,1009.8563,4.213802672e+09,3.048305062e+07,1.472554502e+12,1.505236431e+12,6.580405299e+10,1.639490496e+04,6.516015629e+10
685000,1009.856331,4.111021032e+09,2.963860495e+07,1.451364314e+12,1.499458347e+12,6.573996595e+10,1.583867175e+04,6.434576461e+10
686000,1009.856339,4.010773880e+09,2.881779555e+07,1.430483638e+12,1.493702513e+12,6.567598438e+10,1.530147527e+04,6.354181043e+10
687000,1009.856339,3.913001456e+09,2.801998297e+07,1.409914809e+12,1.487970374e+12,6.561205709e+10,1.478267857e+04,6.274814963e+10
688000,1009.856369,3.817659504e+09,2.724457330e+07,1.389651085e+12,1.482264072e+12,6.554825472e+10,1.428166254e+04,6.196467443e+10
689000,1009.856384,3.724666872e+09,2.649086989e+07,1.369686704e+12,1.476579693e+12,6.548453478e+10,1.379776513e+04,6.119126042e+10
690000,1009.856384,3.633980800e+09,2.575826853e+07,1.350017832e+12,1.470919623e+12,6.542088294e+10,1.333047689e+04,6.042773952e+10
691000,1009.856384,3.545535568e+09,2.504628708e+07,1.330639646e+12,1.465283027e+12,6.535727462e+10,1.287912852e+04,5.967411392e+10
692000,1009.8564,3.459274956e+09,2.435418272e+07,1.311549938e+12,1.459668947e+12,6.529377331e+10,1.244320990e+04,5.892998835e+10
693000,1009.856438,3.375140324e+09,2.368143092e+07,1.292741139e+12,1.454078591e+12,6.523038208e+10,1.202220232e+04,5.819546074e+10
694000,1009.856438,3.293087000e+09,2.302755217e+07,1.274211293e+12,1.448511799e+12,6.516700211e+10,1.161559377e+04,5.747034150e+10
695000,1009.856438,3.213057508e+09,2.239189178e+07,1.255954313e+12,1.442967028e+12,6.510377523e+10,1.122286559e+04,5.675449766e+10
696000,1009.856438,3.135007140e+09,2.177406583e+07,1.237969596e+12,1.437446480e+12,6.504059802e+10,1.084354870e+04,5.604783501e+10
697000,1009.856453,3.058871948e+09,2.117345681e+07,1.220247012e+12,1.431946965e+12,6.497748890e+10,1.047715363e+04,5.535017690e+10
698000,1009.856468,2.984618768e+09,2.058971364e+07,1.202787727e+12,1.426471662e+12,6.491442432e+10,1.012328930e+04,5.466144166e+10
699000,1009.856468,2.912195716e+09,2.002218752e+07,1.185586309e+12,1.421019116e+12,6.485150976e+10,9.781480925e+03,5.398151219e+10
700000,1009.856491,2.841557814e+09,1.947054048e+07,1.168637794e+12,1.415587140e+12,6.478866176e+10,9.451322340e+03,5.331028147e+10
701000,1009.856506,2.772656312e+09,1.893427911e+07,1.151939337e+12,1.410178814e+12,6.472589414e+10,9.132440142e+03,5.264764570e+10
702000,1009.856514,2.705448838e+09,1.841295812e+07,1.135486970e+12,1.404793442e+12,6.466318797e+10,8.824390842e+03,5.199337894e+10
703000,1009.856529,2.639897632e+09,1.790619181e+07,1.119276029e+12,1.399429358e+12,6.460053504e+10,8.526838839e+03,5.134753786e+10
704000,1009.856529,2.575957602e+09,1.741355191e+07,1.103306559e+12,1.394087264e+12,6.453799424e+10,8.239426008e+03,5.070988275e+10
705000,1009.856529,2.513588158e+09,1.693465607e+07,1.087569722e+12,1.388767875e+12,6.447553792e+10,7.961808697e+03,5.008040531e+10
706000,1009.856529,2.452756838e+09,1.646910946e+07,1.072066509e+12,1.383471170e+12,6.441314867e+10,7.693624895e+03,4.945897414e+10
707000,1009.85656,2.393413276e+09,1.601649806e+07,1.056789301e+12,1.378194207e+12,6.435081267e+10,7.434569858e+03,4.884540723e+10
708000,1009.85656,2.335530592e+09,1.557648933e+07,1.041737161e+12,1.372939561e+12,6.428859187e+10,7.184313779e+03,4.823964730e+10
709000,1009.856575,2.279069424e+09,1.514871423e+07,1.026906932e+12,1.367706872e+12,6.422645914e+10,6.942555477e+03,4.764169389e+10
710000,1009.856575,2.223988364e+09,1.473283850e+07,1.012294039e+12,1.362496414e+12,6.416435917e+10,6.709017773e+03,4.705119635e+10
711000,1009.856575,2.170264858e+09,1.432855712e+07,9.978972760e+11,1.357306298e+12,6.410236211e+10,6.483416273e+03,4.646837882e+10
712000,1009.856575,2.117857436e+09,1.393549298e+07,9.837100300e+11,1.352138529e+12,6.404042035e+10,6.265486217e+03,4.589288672e+10
713000,1009.856598,2.066730508e+09,1.355334875e+07,9.697313640e+11,1.346991440e+12,6.397859533e+10,6.054940245e+03,4.532475034e+10
714000,1009.856598,2.016860348e+09,1.318179848e+07,9.559573403e+11,1.341866121e+12,6.391683379e+10,5.851534612e+03,4.476378912e+10
715000,1009.856598,1.968209012e+09,1.282060365e+07,9.423867228e+11,1.336760875e+12,6.385513626e+10,5.655041934e+03,4.421005709e+10
716000,1009.856613,1.920750852e+09,1.246940864e+07,9.290137772e+11,1.331676961e+12,6.379356006e+10,5.465204268e+03,4.366328371e+10
717000,1009.856628,1.874454516e+09,1.212796259e+07,9.158375124e+11,1.326614397e+12,6.373198694e+10,5.281800577e+03,4.312347770e+10
718000,1009.856628,1.829285776e+09,1.179597788e+07,9.028532669e+11,1.321570816e+12,6.367053466e+10,5.104602802e+03,4.259048512e+10
719000,1009.856651,1.785230582e+09,1.147321495e+07,8.900607180e+11,1.316549945e+12,6.360919450e+10,4.933426960e+03,4.206431264e+10
720000,1009.856651,1.742245946e+09,1.115938913e+07,8.774548092e+11,1.311549735e+12,6.354787328e+10,4.768030998e+03,4.154479302e+10
721000,1009.856651,1.700313110e+09,1.085426013e+07,8.650325482e+11,1.306568937e+12,6.348663194e+10,4.608244752e+03,4.103190675e+10
722000,1009.856651,1.659403392e+09,1.055755263e+07,8.527921926e+11,1.301609013e+12,6.342550579e+10,4.453850599e+03,4.052545254e+10
723000,1009.856651,1.619494346e+09,1.026909082e+07,8.407321532e+11,1.296669968e+12,6.336442214e+10,4.304690433e+03,4.002546739e+10
724000,1009.856667,1.580557791e+09,9.988608484e+06,8.288467530e+11,1.291750072e+12,6.330342451e+10,4.160575562e+03,3.953182362e+10
725000,1009.856667,1.542570412e+09,9.715871461e+06,8.171349264e+11,1.286851088e+12,6.324250624e+10,4.021320255e+03,3.904434829e+10
726000,1009.856674,1.505514624e+09,9.450677316e+06,8.055946969e+11,1.281971395e+12,6.318164224e+10,3.886783036e+03,3.856316358e+10
727000,1009.856697,1.469357833e+09,9.192811543e+06,7.942225660e+11,1.277111644e+12,6.312087091e+10,3.756787671e+03,3.808795718e+10
728000,1009.856712,1.434081816e+09,8.942087207e+06,7.830167085e+11,1.272272835e+12,6.306020813e+10,3.631180251e+03,3.761886131e+10
729000,1009.856712,1.399668480e+09,8.698281477e+06,7.719746988e+11,1.267453430e+12,6.299959552e+10,3.509813096e+03,3.715563194e+10
730000,1009.856712,1.366091341e+09,8.461190281e+06,7.610923050e+11,1.262653710e+12,6.293902899e+10,3.392541497e+03,3.669831130e+10
731000,1009.856712,1.333329811e+09,8.230659566e+06,7.503694797e+11,1.257873494e+12,6.287855514e+10,3.279225874e+03,3.624674266e+10
732000,1009.856712,1.301369384e+09,8.006496613e+06,7.398034772e+11,1.253112539e+12,6.281819341e+10,3.169730104e+03,3.580087962e+10
733000,1009.856728,1.270186951e+09,7.788510996e+06,7.293904538e+11,1.248372046e+12,6.275789568e+10,3.063933237e+03,3.536069107e+10
734000,1009.856728,1.239759655e+09,7.576526039e+06,7.191288049e+11,1.243650173e+12,6.269763891e+10,2.961698547e+03,3.492601427e+10
735000,1009.856728,1.210073580e+09,7.370392797e+06,7.090167151e+11,1.238946849e+12,6.263745690e+10,2.862900682e+03,3.449685677e+10
736000,1009.856728,1.181108042e+09,7.169932992e+06,6.990519244e+11,1.234263767e+12,6.257739725e+10,2.767435730e+03,3.407306586e+10
737000,1009.856743,1.152845176e+09,6.974987809e+06,6.892310431e+11,1.229599365e+12,6.251739392e+10,2.675179405e+03,3.365464614e+10
738000,1009.856743,1.125270904e+09,6.785441625e+06,6.795549717e+11,1.224955218e+12,6.245743974e+10,2.586043168e+03,3.324155968e+10
739000,1009.856743,1.098364263e+09,6.601065699e+06,6.700172529e+11,1.220328460e+12,6.239758387e+10,2.499890978e+03,3.283360358e+10
740000,1009.856743,1.072112892e+09,6.421803281e+06,6.606190331e+11,1.215721712e+12,6.233776384e+10,2.416643397e+03,3.243084576e+10
741000,1009.856743,1.046495320e+09,6.247453645e+06,6.513577220e+11,1.211132439e+12,6.227806771e+10,2.336191609e+03,3.203311379e+10
742000,1009.856743,1.021500221e+09,6.077897664e+06,6.422299111e+11,1.206562675e+12,6.221842483e+10,2.258445055e+03,3.164039187e+10
743000,1009.856743,9.971115760e+08,5.913002223e+06,6.332346556e+11,1.202012123e+12,6.215884954e+10,2.183308381e+03,3.125264947e+10
744000,1009.856758,9.733148630e+08,5.752637023e+06,6.243700238e+11,1.197479551e+12,6.209937459e+10,2.110700722e+03,3.086978899e+10
745000,1009.856773,9.500915780e+08,5.596677295e+06,6.156343084e+11,1.192964348e+12,6.203993139e+10,2.040522512e+03,3.049174701e+10
746000,1009.856773,9.274335510e+08,5.445010033e+06,6.070245548e+11,1.188469291e+12,6.198059110e+10,1.972707196e+03,3.011845267e+10
747000,1009.856773,9.053210555e+08,5.297484811e+06,5.985392644e+11,1.183990962e+12,6.192134246e+10,1.907163538e+03,2.974983334e+10
748000,1009.856773,8.837442680e+08,5.154011754e+06,5.901767823e+11,1.179532034e+12,6.186215834e+10,1.843817905e+03,2.938582022e+10
749000,1009.856796,8.626890610e+08,5.014474715e+06,5.819357539e+11,1.175091421e+12,6.180301517e+10,1.782596906e+03,2.902644301e+10
750000,1009.856796,8.421443945e+08,4.878769533e+06,5.738144703e+11,1.170668747e+12,6.174399539e+10,1.723437034e+03,2.867156038e+10
751000,1009.856796,8.220943640e+08,4.746777117e+06,5.658097841e+11,1.166263396e+12,6.168498074e+10,1.666248310e+03,2.832111808e+10
752000,1009.856796,8.025297810e+08,4.618403811e+06,5.579209181e+11,1.161875259e+12,6.162611661e+10,1.610977835e+03,2.797508989e+10
753000,1009.856796,7.834382405e+08,4.493545385e+06,5.501460675e+11,1.157507291e+12,6.156725299e+10,1.557558633e+03,2.763341270e+10
754000,1009.856796,7.648063260e+08,4.372100721e+06,5.424833514e+11,1.153154038e+12,6.150850150e+10,1.505928428e+03,2.729599690e+10
755000,1009.856796,7.466238845e+08,4.253982980e+06,5.349312729e+11,1.148820773e+12,6.144983245e+10,1.456022575e+03,2.696282691e+10
756000,1009.856796,7.288823830e+08,4.139100961e+06,5.274888311e+11,1.144504406e+12,6.139122637e+10,1.407793452e+03,2.663384531e+10
757000,1009.856796,7.115667460e+08,4.027352848e+06,5.201529391e+11,1.140205910e+12,6.133268890e+10,1.361173436e+03,2.630896595e+10
758000,1009.856796,6.946686895e+08,3.918669670e+06,5.129229971e+11,1.135924357e+12,6.127424102e+10,1.316114186e+03,2.598818461e+10
759000,1009.856796,6.781788405e+08,3.812950348e+06,5.057974027e+11,1.131660263e+12,6.121582694e+10,1.272557260e+03,2.567139955e+10
760000,1009.856796,6.620842600e+08,3.710108246e+06,4.987738554e+11,1.127412955e+12,6.115750349e+10,1.230454050e+03,2.535856845e+10
761000,1009.856812,6.463788895e+08,3.610090014e+06,4.918520084e+11,1.123184085e+12,6.109922406e+10,1.189761060e+03,2.504966349e+10
762000,1009.856812,6.310503695e+08,3.512798756e+06,4.850303979e+11,1.118971587e+12,6.104107469e+10,1.150425201e+03,2.474462314e+10
763000,1009.856812,6.160917585e+08,3.418158854e+06,4.783063984e+11,1.114775738e+12,6.098298266e+10,1.112400666e+03,2.444340637e+10
764000,1009.856812,6.014924055e+08,3.326098492e+06,4.716785181e+11,1.110598187e+12,6.092492186e+10,1.075648779e+03,2.414596077e+10
765000,1009.856827,5.872441070e+08,3.236557863e+06,4.651467121e+11,1.106436751e+12,6.086698086e+10,1.040121627e+03,2.385221088e+10
766000,1009.856827,5.733379980e+08,3.149443800e+06,4.587083974e+11,1.102292273e+12,6.080908698e+10,1.005774943e+03,2.356212368e+10
767000,1009.856827,5.597651120e+08,3.064713666e+06,4.523625477e+11,1.098164214e+12,6.075127091e+10,9.725745807e+02,2.327566301e+10
768000,1009.856842,5.465207250e+08,2.982291585e+06,4.461078560e+11,1.094053396e+12,6.069351014e+10,9.404822876e+02,2.299281382e+10
769000,1009.856842,5.335930690e+08,2.902112906e+06,4.399433365e+11,1.089958308e+12,6.063585587e+10,9.094609981e+02,2.271349619e+10
770000,1009.856842,5.209755685e+08,2.824116896e+06,4.338667582e+11,1.085880943e+12,6.057826867e+10,8.794710399e+02,2.243762483e+10
771000,1009.856842,5.086613332e+08,2.748242379e+06,4.278779473e+11,1.081819425e+12,6.052068352e+10,8.504785267e+02,2.216522314e+10
772000,1009.856842,4.966413345e+08,2.674429644e+06,4.219742569e+11,1.077774551e+12,6.046324224e+10,8.224495599e+02,2.189619853e+10
773000,1009.856842,4.849102772e+08,2.602631465e+06,4.161557655e+11,1.073745676e+12,6.040588390e+10,7.953566018e+02,2.163054874e+10
774000,1009.856842,4.734598890e+08,2.532773619e+06,4.104202803e+11,1.069733380e+12,6.034855424e+10,7.691618314e+02,2.136819619e+10
775000,1009.856842,4.622847198e+08,2.464822130e+06,4.047672333e+11,1.065737073e+12,6.029127731e+10,7.438390349e+02,2.110912048e+10
776000,1009.856842,4.513765338e+08,2.398718107e+06,3.991949791e+11,1.061757536e+12,6.023412019e+10,7.193571354e+02,2.085325683e+10
777000,1009.856842,4.407294865e+08,2.334403451e+06,3.937022838e+11,1.057793323e+12,6.017702298e+10,6.956901420e+02,2.060058848e+10
778000,1009.856842,4.303371130e+08,2.271836153e+06,3.882880150e+11,1.053844500e+12,6.011997542e+10,6.728069319e+02,2.035104125e+10
779000,1009.856842,4.201929778e+08,2.210963150e+06,3.829515405e+11,1.049912420e+12,6.006301901e+10,6.506828369e+02,2.010462454e+10
780000,1009.856842,4.102927350e+08,2.151750443e+06,3.776910592e+11,1.045996913e+12,6.000611686e+10,6.292964503e+02,1.986128893e+10
781000,1009.856842,4.006286030e+08,2.094138702e+06,3.725063574e+11,1.042096376e+12,5.994929664e+10,6.086181415e+02,1.962094134e+10
782000,1009.856842,3.911953690e+08,2.038090631e+06,3.673951622e+11,1.038212528e+12,5.989250560e+10,5.886264077e+02,1.938360096e+10
783000,1009.856842,3.819868758e+08,1.983553545e+06,3.623564877e+11,1.034342257e+12,5.983585843e+10,5.692966605e+02,1.914917821e+10
784000,1009.856842,3.729996562e+08,1.930504646e+06,3.573905315e+11,1.030489422e+12,5.977923584e+10,5.506088367e+02,1.891772061e+10
785000,1009.856842,3.642257888e+08,1.878886751e+06,3.524952812e+11,1.026651318e+12,5.972270029e+10,5.325394440e+02,1.868910883e+10
786000,1009.856857,3.556609472e+08,1.828665543e+06,3.476689097e+11,1.022828628e+12,5.966622106e+10,5.150663813e+02,1.846332141e+10
787000,1009.856857,3.473019135e+08,1.779807494e+06,3.429123247e+11,1.019021478e+12,5.960982374e+10,4.981759530e+02,1.824036426e+10
788000,1009.856857,3.391411650e+08,1.732264669e+06,3.382229580e+11,1.015229424e+12,5.955347098e+10,4.818413918e+02,1.802015168e+10
789000,1009.856857,3.311751670e+08,1.686013509e+06,3.336007791e+11,1.011453401e+12,5.949721651e+10,4.660505058e+02,1.780266518e+10
790000,1009.856873,3.233990132e+08,1.641007403e+06,3.290439093e+11,1.007691311e+12,5.944100250e+10,4.507793705e+02,1.758788576e+10
791000,1009.856873,3.158084570e+08,1.597220603e+06,3.245521706e+11,1.003945900e+12,5.938487552e+10,4.360142604e+02,1.737577590e+10
792000,1009.856873,3.083977475e+08,1.554615558e+06,3.201241796e+11,1.000214454e+12,5.932882944e+10,4.217378814e+02,1.716627514e+10
793000,1009.856873,3.011638248e+08,1.513160445e+06,3.157590568e+11,9.964975923e+11,5.927282586e+10,4.079321927e+02,1.695937318e+10
794000,1009.856873,2.941025585e+08,1.472827234e+06,3.114562393e+11,9.927962604e+11,5.921689139e+10,3.945831265e+02,1.675504090e+10
795000,1009.856873,2.872088762e+08,1.433581329e+06,3.072142600e+11,9.891100877e+11,5.916105114e+10,3.816755240e+02,1.655325411e+10
796000,1009.856873,2.804795308e+08,1.395391575e+06,3.030327203e+11,9.854382100e+11,5.910526976e+10,3.691944039e+02,1.635391814e+10
797000,1009.856873,2.739104695e+08,1.358236704e+06,2.989108267e+11,9.817816945e+11,5.904956416e+10,3.571254614e+02,1.615708755e+10
798000,1009.85688,2.674961131e+08,1.322077595e+06,2.948466333e+11,9.781393531e+11,5.899389184e+10,3.454531063e+02,1.596266920e+10
799000,1009.85688,2.612349244e+08,1.286896870e+06,2.908408163e+11,9.745113068e+11,5.893833267e+10,3.341671928e+02,1.577067235e+10
800000,1009.85688,2.551224719e+08,1.252663540e+06,2.868911242e+11,9.708983357e+11,5.888281856e+10,3.232531094e+02,1.558101702e+10
801000,1009.85688,2.491548854e+08,1.219351250e+06,2.829976290e+11,9.672995041e+11,5.882736947e+10,3.126983613e+02,1.539372576e+10
802000,1009.85688,2.433290859e+08,1.186936838e+06,2.791594477e+11,9.637158564e+11,5.877199514e+10,3.024916005e+02,1.520874022e+10
803000,1009.85688,2.376412948e+08,1.155394445e+06,2.753753670e+11,9.601456189e+11,5.871668685e+10,2.926222281e+02,1.502604741e+10
804000,1009.85688,2.320884675e+08,1.124700013e+06,2.716449828e+11,9.565904179e+11,5.866145434e+10,2.830767380e+02,1.484559565e+10
805000,1009.85688,2.266680231e+08,1.094832271e+06,2.679677703e+11,9.530487357e+11,5.860626278e+10,2.738462298e+02,1.466738528e+10
806000,1009.85688,2.213749596e+08,1.065765658e+06,2.643419296e+11,9.495218790e+11,5.855117875e+10,2.649190771e+02,1.449136120e+10
807000,1009.85688,2.162076470e+08,1.037483322e+06,2.607676129e+11,9.460081234e+11,5.849613005e+10,2.562861967e+02,1.431751786e+10
808000,1009.85688,2.111626752e+08,1.009957676e+06,2.572433921e+11,9.425096253e+11,5.844119347e+10,2.479366016e+02,1.414579443e+10
809000,1009.85688,2.062368710e+08,9.831727539e+05,2.537694341e+11,9.390244884e+11,5.838626304e+10,2.398613840e+02,1.397618971e+10
810000,1009.85688,2.014276300e+08,9.571044050e+05,2.503439720e+11,9.355528192e+11,5.833141965e+10,2.320521107e+02,1.380867461e+10
811000,1009.85688,1.967326632e+08,9.317376362e+05,2.469671892e+11,9.320960512e+11,5.827665254e+10,2.244992606e+02,1.364323379e+10
812000,1009.85688,1.921484138e+08,9.070515718e+05,2.436380482e+11,9.286526095e+11,5.822193664e+10,2.171950233e+02,1.347983294e+10
813000,1009.85688,1.876722768e+08,8.830268245e+05,2.403557925e+11,9.252230636e+11,5.816734566e+10,2.101300946e+02,1.331843493e+10
814000,1009.85688,1.833022589e+08,8.596475317e+05,2.371198244e+11,9.218070589e+11,5.811277978e+10,2.032971781e+02,1.315901059e+10
815000,1009.85688,1.790355495e+08,8.368944470e+05,2.339292364e+11,9.184045629e+11,5.805828198e+10,1.966891100e+02,1.300156829e+10
816000,1009.85688,1.748694341e+08,8.147511453e+05,2.307839065e+11,9.150156984e+11,5.800384870e+10,1.902975332e+02,1.284604406e+10
817000,1009.85688,1.708015806e+08,7.932010171e+05,2.276827363e+11,9.116403814e+11,5.794946867e+10,1.841157944e+02,1.269244082e+10
818000,1009.85688,1.668298260e+08,7.722277439e+05,2.246250799e+11,9.082788250e+11,5.789514752e+10,1.781362184e+02,1.254072206e+10
819000,1009.856895,1.629514715e+08,7.518155718e+05,2.216103572e+11,9.049302344e+11,5.784093286e+10,1.723528276e+02,1.239086752e+10
820000,1009.856895,1.591646768e+08,7.319487808e+05,2.186380725e+11,9.015952241e+11,5.778675661e+10,1.667589243e+02,1.224283712e+10
821000,1009.856895,1.554672554e+08,7.126136848e+05,2.157075031e+11,8.982734623e+11,5.773263514e+10,1.613483184e+02,1.209662536e+10
822000,1009.856895,1.518573701e+08,6.937972419e+05,2.128183117e+11,8.949644800e+11,5.767860736e+10,1.561149959e+02,1.195223770e+10
823000,1009.856895,1.483317114e+08,6.754828083e+05,2.099693654e+11,8.916697252e+11,5.762464205e+10,1.510528473e+02,1.180957050e+10
824000,1009.856895,1.448897204e+08,6.576572192e+05,2.071607501e+11,8.883871949e+11,5.757074995e+10,1.461565182e+02,1.166868088e+10
825000,1009.856895,1.415284318e+08,6.403084368e+05,2.043911190e+11,8.851183718e+11,5.751688141e+10,1.414203428e+02,1.152952317e+10
826000,1009.856895,1.382462461e+08,6.234226267e+05,2.016604429e+11,8.818615050e+11,5.746313370e+10,1.368391478e+02,1.139205878e+10
827000,1009.856895,1.350414803e+08,6.069876809e+05,1.989682962e+11,8.786186568e+11,5.740940390e+10,1.324077012e+02,1.125629552e+10
828000,1009.856895,1.319118719e+08,5.909923704e+05,1.963136995e+11,8.753881149e+11,5.735579750e+10,1.281212983e+02,1.112218115e+10
829000,1009.856895,1.288561512e+08,5.754223922e+05,1.936961653e+11,8.721708032e+11,5.730222285e+10,1.239749349e+02,1.098970293e+10
830000,1009.856895,1.258717191e+08,5.602676570e+05,1.911153238e+11,8.689664041e+11,5.724867789e+10,1.199633800e+02,1.085885229e+10
831000,1009.856895,1.229577716e+08,5.455174813e+05,1.885705686e+11,8.657741885e+11,5.719526298e+10,1.160832537e+02,1.072959634e+10
832000,1009.856895,1.201120318e+08,5.311593148e+05,1.860612682e+11,8.625944146e+11,5.714184704e+10,1.123298377e+02,1.060192488e+10
833000,1009.856895,1.173331352e+08,5.171838477e+05,1.835870302e+11,8.594279567e+11,5.708854784e+10,1.086988899e+02,1.047581149e+10
834000,1009.856895,1.146196289e+08,5.035816730e+05,1.811477446e+11,8.562741350e+11,5.703528602e+10,1.051866367e+02,1.035123621e+10
835000,1009.856895,1.119695801e+08,4.903417655e+05,1.787422220e+11,8.531325338e+11,5.698211584e+10,1.017884091e+02,1.022818782e+10
836000,1009.856895,1.093819361e+08,4.774536398e+05,1.763704018e+11,8.500036485e+11,5.692898253e+10,9.850134159e+01,1.010665560e+10
837000,1009.856895,1.068547360e+08,4.649080548e+05,1.740316005e+11,8.468865638e+11,5.687591987e+10,9.532137151e+01,9.986577088e+09
838000,1009.856895,1.043868332e+08,4.526975736e+05,1.717254210e+11,8.437822669e+11,5.682295603e+10,9.224507502e+01,9.867985024e+09
839000,1009.856911,1.019765584e+08,4.408100029e+05,1.694512899e+11,8.406904791e+11,5.677000141e+10,8.926884248e+01,9.750832240e+09
840000,1009.856911,9.962294281e+07,4.292387638e+05,1.672089359e+11,8.376107602e+11,5.671713229e+10,8.638962749e+01,9.635105984e+09
841000,1009.856911,9.732440100e+07,4.179753873e+05,1.649978986e+11,8.345429586e+11,5.666434611e+10,8.360417207e+01,9.520802240e+09
842000,1009.856911,9.507965412e+07,4.070107750e+05,1.628174918e+11,8.314877583e+11,5.661159987e+10,8.090925586e+01,9.407872576e+09
843000,1009.856926,9.288732734e+07,3.963372406e+05,1.606674391e+11,8.284434698e+11,5.655893760e+10,7.830188891e+01,9.296330576e+09
844000,1009.856926,9.074627281e+07,3.859465973e+05,1.585471808e+11,8.254121841e+11,5.650632448e+10,7.577940879e+01,9.186138032e+09
845000,1009.856926,8.865534656e+07,3.758328429e+05,1.564566003e+11,8.223932334e+11,5.645378509e+10,7.333903524e+01,9.077289232e+09
846000,1009.856926,8.661323600e+07,3.659871031e+05,1.543950065e+11,8.193861837e+11,5.640129075e+10,7.097796440e+01,8.969773952e+09
847000,1009.856926,8.461885553e+07,3.564020087e+05,1.523620708e+11,8.163906150e+11,5.634892749e+10,6.869364451e+01,8.863562448e+09
848000,1009.856926,8.267106994e+07,3.470713718e+05,1.503574605e+11,8.134067098e+11,5.629654272e+10,6.648342649e+01,8.758647632e+09
849000,1009.856926,8.076880584e+07,3.379877698e+05,1.483805067e+11,8.104352276e+11,5.624425984e+10,6.434513100e+01,8.655001088e+09
850000,1009.856926,7.891088538e+07,3.291451954e+05,1.464310723e+11,8.074743972e+11,5.619203533e+10,6.227620832e+01,8.552625024e+09
851000,1009.856926,7.709622075e+07,3.205359559e+05,1.445085396e+11,8.045264753e+11,5.613985229e+10,6.027429769e+01,8.451472912e+09
852000,1009.856926,7.532400694e+07,3.121552393e+05,1.426127929e+11,8.015900344e+11,5.608776090e+10,5.833739999e+01,8.351553960e+09
853000,1009.856926,7.359304128e+07,3.039966127e+05,1.407432212e+11,7.986639954e+11,5.603569715e+10,5.646321470e+01,8.252861784e+09
854000,1009.856926,7.190245841e+07,2.960529424e+05,1.388995093e+11,7.957508157e+11,5.598375526e+10,5.465002385e+01,8.155362216e+09
855000,1009.856926,7.025129647e+07,2.883203275e+05,1.370814370e+11,7.928490844e+11,5.593186150e+10,5.289542660e+01,8.059044360e+09
856000,1009.856926,6.863854528e+07,2.807915925e+05,1.352883846e+11,7.899579638e+11,5.587999386e+10,5.119787451e+01,7.963894984e+09
857000,1009.856926,6.706337100e+07,2.734617270e+05,1.335201862e+11,7.870790717e+11,5.582821018e+10,4.955513712e+01,7.869898432e+09
858000,1009.856926,6.552485497e+07,2.663254291e+05,1.317763795e+11,7.842108416e+11,5.577648333e+10,4.796553357e+01,7.777044488e+09
859000,1009.856926,6.402209594e+07,2.593779171e+05,1.300567259e+11,7.813542052e+11,5.572484301e+10,4.642753578e+01,7.685308416e+09
860000,1009.856926,6.255435878e+07,2.526139564e+05,1.283607450e+11,7.785086075e+11,5.567324672e+10,4.493933327e+01,7.594698632e+09
861000,1009.856926,6.112065919e+07,2.460283706e+05,1.266881451e+11,7.756747756e+11,5.562169907e+10,4.349921193e+01,7.505170896e+09
862000,1009.856926,5.972027378e+07,2.396162863e+05,1.250387162e+11,7.728518410e+11,5.557021030e+10,4.210563645e+01,7.416732112e+09
863000,1009.856926,5.835247275e+07,2.333735270e+05,1.234119953e+11,7.700398162e+11,5.551882854e+10,4.075716746e+01,7.329359656e+09
864000,1009.856926,5.701644988e+07,2.272955169e+05,1.218076722e+11,7.672387604e+11,5.546747290e+10,3.945218281e+01,7.243054200e+09
865000,1009.856926,5.571149534e+07,2.213777932e+05,1.202254605e+11,7.644495258e+11,5.541617459e+10,3.818950889e+01,7.157788056e+09
866000,1009.856926,5.443683797e+07,2.156160275e+05,1.186651342e+11,7.616703119e+11,5.536496230e+10,3.696764061e+01,7.073559576e+09
867000,1009.856926,5.319165312e+07,2.100055922e+05,1.171261075e+11,7.589022392e+11,5.531379661e+10,3.578517646e+01,6.990334352e+09
868000,1009.856926,5.197540244e+07,2.045429551e+05,1.156083149e+11,7.561457807e+11,5.526270976e+10,3.464077407e+01,6.908121664e+09
869000,1009.856926,5.078745366e+07,1.992245750e+05,1.141114941e+11,7.533993902e+11,5.521165466e+10,3.353339004e+01,6.826906016e+09
870000,1009.856926,4.962693825e+07,1.940460858e+05,1.126351412e+11,7.506637271e+11,5.516067738e+10,3.246178932e+01,6.746668592e+09
871000,1009.856926,4.849329633e+07,1.890037581e+05,1.111790438e+11,7.479389696e+11,5.510975642e+10,3.142469152e+01,6.667394816e+09
872000,1009.856926,4.738595117e+07,1.840938479e+05,1.097429902e+11,7.452250296e+11,5.505890150e+10,3.042103042e+01,6.589082464e+09
873000,1009.856926,4.630424659e+07,1.793132025e+05,1.083266557e+11,7.425216655e+11,5.500813107e+10,2.944975391e+01,6.511709408e+09
874000,1009.856926,4.524760603e+07,1.746582702e+05,1.069297254e+11,7.398288609e+11,5.495738061e+10,2.850975876e+01,6.435280536e+09
875000,1009.856926,4.421531275e+07,1.701254825e+05,1.055519427e+11,7.371470193e+11,5.490669056e+10,2.759998312e+01,6.359762872e+09
876000,1009.856926,4.320700459e+07,1.657114689e+05,1.041930005e+11,7.344750203e+11,5.485609882e+10,2.671952736e+01,6.285159768e+09
877000,1009.856926,4.222205559e+07,1.614140395e+05,1.028527380e+11,7.318138716e+11,5.480554752e+10,2.586751430e+01,6.211463912e+09
878000,1009.856926,4.125973953e+07,1.572288331e+05,1.015307505e+11,7.291632763e+11,5.475506534e+10,2.504279025e+01,6.138633080e+09
879000,1009.856926,4.031984597e+07,1.531536366e+05,1.002270154e+11,7.265231012e+11,5.470462362e+10,2.424465136e+01,6.066704424e+09
880000,1009.856926,3.940151898e+07,1.491855887e+05,9.894098557e+10,7.238927974e+11,5.465426125e+10,2.347222580e+01,5.995629144e+09
881000,1009.856926,3.850444408e+07,1.453210287e+05,9.767254736e+10,7.212729631e+11,5.460396493e+10,2.272459337e+01,5.925406592e+09
882000,1009.856926,3.762805961e+07,1.415582092e+05,9.642138986e+10,7.186636933e+11,5.455368960e+10,2.200100478e+01,5.856031960e+09
883000,1009.856926,3.677194062e+07,1.378940762e+05,9.518740102e+10,7.160644741e+11,5.450353459e+10,2.130069919e+01,5.787494568e+09
884000,1009.856926,3.593562708e+07,1.343257522e+05,9.397030973e+10,7.134755246e+11,5.445339699e+10,2.062286094e+01,5.719781384e+09
885000,1009.856926,3.511849844e+07,1.308507765e+05,9.276967632e+10,7.108960543e+11,5.440332288e+10,1.996677910e+01,5.652872904e+09
886000,1009.856926,3.432026258e+07,1.274668625e+05,9.158548749e+10,7.083274916e+11,5.435331226e+10,1.933181024e+01,5.586773048e+09
887000,1009.856926,3.354046136e+07,1.241717777e+05,9.041752595e+10,7.057691546e+11,5.430337587e+10,1.871719472e+01,5.521478824e+09
888000,1009.856926,3.277852531e+07,1.209624992e+05,8.926540688e+10,7.032201544e+11,5.425350861e+10,1.812230308e+01,5.456944592e+09
889000,1009.856926,3.203426959e+07,1.178374789e+05,8.812902522e+10,7.006814648e+11,5.420367923e+10,1.754651345e+01,5.393211512e+09
890000,1009.856926,3.130708048e+07,1.147941562e+05,8.700799830e+10,6.981517752e+11,5.415391539e+10,1.698912172e+01,5.330229880e+09
891000,1009.856926,3.059663116e+07,1.118300435e+05,8.590227450e+10,6.956333957e+11,5.410419558e+10,1.644964128e+01,5.268001904e+09
892000,1009.856926,2.990254885e+07,1.089436447e+05,8.481155408e+10,6.931239485e+11,5.405454387e+10,1.592742751e+01,5.206518624e+09
893000,1009.856926,2.922434237e+07,1.061324609e+05,8.373567306e+10,6.906242959e+11,5.400498330e+10,1.542196661e+01,5.145773232e+09
894000,1009.856926,2.856184102e+07,1.033947787e+05,8.267442960e+10,6.881349458e+11,5.395543603e+10,1.493268448e+01,5.085758776e+09
895000,1009.856926,2.791459440e+07,1.007288646e+05,8.162767296e+10,6.856552755e+11,5.390598144e+10,1.445907722e+01,5.026466012e+09
896000,1009.856926,2.728217123e+07,9.813230121e+04,8.059503603e+10,6.831845458e+11,5.385657856e+10,1.400060350e+01,4.967883640e+09
897000,1009.856926,2.666426062e+07,9.560325810e+04,7.957635885e+10,6.807239373e+11,5.380722022e+10,1.355682643e+01,4.909993940e+09
898000,1009.856926,2.606055141e+07,9.314051936e+04,7.857158387e+10,6.782731889e+11,5.375792538e+10,1.312722939e+01,4.852803320e+09
899000,1009.856926,2.547072552e+07,9.074173065e+04,7.758035043e+10,6.758311782e+11,5.370870886e+10,1.271137064e+01,4.796304020e+09
900000,1009.856926,2.489439465e+07,8.840548283e+04,7.660256022e+10,6.733996227e+11,5.365954253e+10,1.230883018e+01,4.740462844e+09
901000,1009.856926,2.433131873e+07,8.613015912e+04,7.563805046e+10,6.709767342e+11,5.361040538e+10,1.191914113e+01,4.685305208e+09
902000,1009.856926,2.378113273e+07,8.391421341e+04,7.468656752e+10,6.685636403e+11,5.356133939e+10,1.154189548e+01,4.630798532e+09
903000,1009.856926,2.324359606e+07,8.175591132e+04,7.374792784e+10,6.661600338e+11,5.351236198e+10,1.117669309e+01,4.576942960e+09
904000,1009.856926,2.271839188e+07,7.965370567e+04,7.282199354e+10,6.637658245e+11,5.346341530e+10,1.082320116e+01,4.523737900e+09
905000,1009.856926,2.220520380e+07,7.760623640e+04,7.190855651e+10,6.613807524e+11,5.341456333e+10,1.048095853e+01,4.471164492e+09
906000,1009.856926,2.170371593e+07,7.561199118e+04,7.100742419e+10,6.590050652e+11,5.336570470e+10,1.014959922e+01,4.419213004e+09
907000,1009.856926,2.121374627e+07,7.366964468e+04,7.011845395e+10,6.566382141e+11,5.331694848e+10,9.828845537e+00,4.367882360e+09
908000,1009.856926,2.073503627e+07,7.177787358e+04,6.924154355e+10,6.542808586e+11,5.326823629e+10,9.518333030e+00,4.317174196e+09
909000,1009.856926,2.026726843e+07,6.993518961e+04,6.837644550e+10,6.519330468e+11,5.321960294e+10,9.217732286e+00,4.267064256e+09
910000,1009.856926,1.981016669e+07,6.814033403e+04,6.752293318e+10,6.495938806e+11,5.317102848e+10,8.926674335e+00,4.217547164e+09
911000,1009.856926,1.936353483e+07,6.639209361e+04,6.668093318e+10,6.472638157e+11,5.312246938e+10,8.644907388e+00,4.168625312e+09
912000,1009.856926,1.892714528e+07,6.468942729e+04,6.585035482e+10,6.449429330e+11,5.307404544e+10,8.372143410e+00,4.120290140e+09
913000,1009.856926,1.850066355e+07,6.303069162e+04,6.503080973e+10,6.426306591e+11,5.302559181e+10,8.108003361e+00,4.072523128e+09
914000,1009.856926,1.808398680e+07,6.141527161e+04,6.422241523e+10,6.403279555e+11,5.297724262e+10,7.852324032e+00,4.025333060e+09
915000,1009.856926,1.767677077e+07,5.984137687e+04,6.342471683e+10,6.380334090e+11,5.292893440e+10,7.604758136e+00,3.978697320e+09
916000,1009.856926,1.727888866e+07,5.830860851e+04,6.263791533e+10,6.357486817e+11,5.288070963e+10,7.365082517e+00,3.932616700e+09
917000,1009.856926,1.689008845e+07,5.681544469e+04,6.186153914e+10,6.334724577e+11,5.283252531e+10,7.133036703e+00,3.887089916e+09
918000,1009.856926,1.651013385e+07,5.536115443e+04,6.109565018e+10,6.312053115e+11,5.278441114e+10,6.908363865e+00,3.842097556e+09
919000,1009.856926,1.613887171e+07,5.394420995e+04,6.033996672e+10,6.289461750e+11,5.273633485e+10,6.690817358e+00,3.797643984e+09
920000,1009.856926,1.577606961e+07,5.256423406e+04,5.959449987e+10,6.266958950e+11,5.268834150e+10,6.480188689e+00,3.753719312e+09
921000,1009.856926,1.542154993e+07,5.121997126e+04,5.885899245e+10,6.244552776e+11,5.264034304e+10,6.276267898e+00,3.710312720e+09
922000,1009.856926,1.507507607e+07,4.991033945e+04,5.813327360e+10,6.222219735e+11,5.259244646e+10,6.078773390e+00,3.667427600e+09
923000,1009.856926,1.473651304e+07,4.863470075e+04,5.741733158e+10,6.199985080e+11,5.254462669e+10,5.887607398e+00,3.625050372e+09
924000,1009.856926,1.440564940e+07,4.739199326e+04,5.671082147e+10,6.177830441e+11,5.249683251e+10,5.702473339e+00,3.583171356e+09
925000,1009.856926,1.408232670e+07,4.618140354e+04,5.601389750e+10,6.155762002e+11,5.244911258e+10,5.523235576e+00,3.541794468e+09
926000,1009.856926,1.376636985e+07,4.500224753e+04,5.532628771e+10,6.133780726e+11,5.240146074e+10,5.349679938e+00,3.500903704e+09
927000,1009.856926,1.345759122e+07,4.385339119e+04,5.464777635e+10,6.111884472e+11,5.235383654e+10,5.181632457e+00,3.460497776e+09
928000,1009.856926,1.315584577e+07,4.273436083e+04,5.397835027e+10,6.090073549e+11,5.230624461e+10,5.018881024e+00,3.420575912e+09
929000,1009.856926,1.286095866e+07,4.164416220e+04,5.331785258e+10,6.068344812e+11,5.225877555e+10,4.861334389e+00,3.381125008e+09
930000,1009.856926,1.257275750e+07,4.058212544e+04,5.266616746e+10,6.046699377e+11,5.221130650e+10,4.708741308e+00,3.342137412e+09
931000,1009.856926,1.229112241e+07,3.954742124e+04,5.202315536e+10,6.025140767e+11,5.216396493e+10,4.561005587e+00,3.303618352e+09
932000,1009.856926,1.201586684e+07,3.853953301e+04,5.138870576e+10,6.003659315e+11,5.211664742e+10,4.417921764e+00,3.265550848e+09
933000,1009.856926,1.174687209e+07,3.755753282e+04,5.076271734e+10,5.982265569e+11,5.206936218e+10,4.279383649e+00,3.227931712e+09
934000,1009.856926,1.148399781e+07,3.660089322e+04,5.014504093e+10,5.960957092e+11,5.202211840e+10,4.145231938e+00,3.190766204e+09
935000,1009.856926,1.122706692e+07,3.566895837e+04,4.953555693e+10,5.939725916e+11,5.197497037e+10,4.015330101e+00,3.154033020e+09
936000,1009.856926,1.097597163e+07,3.476098227e+04,4.893417926e+10,5.918577684e+11,5.192784538e+10,3.889532661e+00,3.117739244e+09
937000,1009.856926,1.073055793e+07,3.387636002e+04,4.834076026e+10,5.897511485e+11,5.188080947e+10,3.767695727e+00,3.081870200e+09
938000,1009.856926,1.049074111e+07,3.301460990e+04,4.775525091e+10,5.876524585e+11,5.183383245e+10,3.649726583e+00,3.046427056e+09
939000,1009.856926,1.025633313e+07,3.217502932e+04,4.717748685e+10,5.855621724e+11,5.178686362e+10,3.535477053e+00,3.011402208e+09
940000,1009.856926,1.002721985e+07,3.135692452e+04,4.660733350e+10,5.834793585e+11,5.173997517e+10,3.424842171e+00,2.976784988e+09
941000,1009.856926,9.803321389e+06,3.055997549e+04,4.604479434e+10,5.814050693e+11,5.169315891e+10,3.317701225e+00,2.942586504e+09
942000,1009.856926,9.584505627e+06,2.978356817e+04,4.548972899e+10,5.793391729e+11,5.164639283e+10,3.213944813e+00,2.908788256e+09
943000,1009.856926,9.370604193e+06,2.902702748e+04,4.494189046e+10,5.772803533e+11,5.159965645e+10,3.113452394e+00,2.875386760e+09
944000,1009.856926,9.161559027e+06,2.828995048e+04,4.440137683e+10,5.752300605e+11,5.155301274e+10,3.016126861e+00,2.842379046e+09
945000,1009.856926,8.957252375e+06,2.757187762e+04,4.386801491e+10,5.731871171e+11,5.150640282e+10,2.921891788e+00,2.809764154e+09
946000,1009.856926,8.757565688e+06,2.687221947e+04,4.334164547e+10,5.711523891e+11,5.145986560e+10,2.830616544e+00,2.777529654e+09
947000,1009.856926,8.562372811e+06,2.619046799e+04,4.282229613e+10,5.691254262e+11,5.141337651e+10,2.742227036e+00,2.745675252e+09
948000,1009.856926,8.371609082e+06,2.552630853e+04,4.230974294e+10,5.671066307e+11,5.136691968e+10,2.656609916e+00,2.714197536e+09
949000,1009.856926,8.185145787e+06,2.487911037e+04,4.180392422e+10,5.650948188e+11,5.132051814e+10,2.573698362e+00,2.683091022e+09
950000,1009.856926,8.002908887e+06,2.424857788e+04,4.130477520e+10,5.630912502e+11,5.127418931e+10,2.493389514e+00,2.652351598e+09
951000,1009.856926,7.824765486e+06,2.363418776e+04,4.081225274e+10,5.610954772e+11,5.122793472e+10,2.415628614e+00,2.621972212e+09
952000,1009.856926,7.650660104e+06,2.303553653e+04,4.032616890e+10,5.591065815e+11,5.118172160e+10,2.340294025e+00,2.591951760e+09
953000,1009.856926,7.480470613e+06,2.245224538e+04,3.984645424e+10,5.571261553e+11,5.113553306e+10,2.267340183e+00,2.562280704e+09
954000,1009.856926,7.314103479e+06,2.188389312e+04,3.937309837e+10,5.551533722e+11,5.108942285e+10,2.196677679e+00,2.532959402e+09
955000,1009.856926,7.151515832e+06,2.133009504e+04,3.890593069e+10,5.531871969e+11,5.104334080e+10,2.128237815e+00,2.503984772e+09
956000,1009.856926,6.992568096e+06,2.079047570e+04,3.844487696e+10,5.512293847e+11,5.099735450e+10,2.061950089e+00,2.475348478e+09
957000,1009.856926,6.837227893e+06,2.026470867e+04,3.798992035e+10,5.492788982e+11,5.095140966e+10,1.997750111e+00,2.447052590e+09
958000,1009.856926,6.685371148e+06,1.975237935e+04,3.754087536e+10,5.473358735e+11,5.090549555e+10,1.935569415e+00,2.419084734e+09
959000,1009.856926,6.536937207e+06,1.925313299e+04,3.709773450e+10,5.454002975e+11,5.085965107e+10,1.875335173e+00,2.391450020e+09
960000,1009.856926,6.391848258e+06,1.876663026e+04,3.666041146e+10,5.434719754e+11,5.081389158e+10,1.816993589e+00,2.364134494e+09
961000,1009.856926,6.250012975e+06,1.829264565e+04,3.622878909e+10,5.415513518e+11,5.076816179e+10,1.760482038e+00,2.337140536e+09
962000,1009.856926,6.111375982e+06,1.783074093e+04,3.580279984e+10,5.396378061e+11,5.072247603e+10,1.705746756e+00,2.310463860e+09
963000,1009.856926,5.975862455e+06,1.738062789e+04,3.538239910e+10,5.377315092e+11,5.067683123e+10,1.652731586e+00,2.284100074e+09
964000,1009.856926,5.843396373e+06,1.694201137e+04,3.496746451e+10,5.358326774e+11,5.063127706e+10,1.601375287e+00,2.258047836e+09
965000,1009.856926,5.713895166e+06,1.651461768e+04,3.455797757e+10,5.339412736e+11,5.058575104e+10,1.551628606e+00,2.232297040e+09
966000,1009.856926,5.587314126e+06,1.609808681e+04,3.415381360e+10,5.320569293e+11,5.054029875e+10,1.503444033e+00,2.206848272e+09
967000,1009.856926,5.463570083e+06,1.569222848e+04,3.375492022e+10,5.301796895e+11,5.049487514e+10,1.456767183e+00,2.181698990e+09
968000,1009.856926,5.342591189e+06,1.529666932e+04,3.336119930e+10,5.283097487e+11,5.044952678e+10,1.411548491e+00,2.156840668e+09
969000,1009.856926,5.224355348e+06,1.491128556e+04,3.297265421e+10,5.264468879e+11,5.040423168e+10,1.367754458e+00,2.132278058e+09
970000,1009.856926,5.108768631e+06,1.453571610e+04,3.258911789e+10,5.245910026e+11,5.035896883e+10,1.325331706e+00,2.108003090e+09
971000,1009.856926,4.995756726e+06,1.416964341e+04,3.221058307e+10,5.227420580e+11,5.031376077e+10,1.284232583e+00,2.084006900e+09
972000,1009.856926,4.885284924e+06,1.381292826e+04,3.183694717e+10,5.209008333e+11,5.026860134e+10,1.244423226e+00,2.060294748e+09
973000,1009.856926,4.777305833e+06,1.346531292e+04,3.146822144e+10,5.190664243e+11,5.022352640e+10,1.205856212e+00,2.036862050e+09
974000,1009.856926,4.671725848e+06,1.312655370e+04,3.110420954e+10,5.172385628e+11,5.017848115e+10,1.168491076e+00,2.013697644e+09
975000,1009.856926,4.568522316e+06,1.279641902e+04,3.074494371e+10,5.154180362e+11,5.013348608e+10,1.132302299e+00,1.990805944e+09
976000,1009.856926,4.467625452e+06,1.247466908e+04,3.039033933e+10,5.136044616e+11,5.008858778e+10,1.097241310e+00,1.968182840e+09
977000,1009.856926,4.368998643e+06,1.216113737e+04,3.004034278e+10,5.117977907e+11,5.004367872e+10,1.063275901e+00,1.945824304e+09
978000,1009.856926,4.272564658e+06,1.185553801e+04,2.969484797e+10,5.099979807e+11,4.999886131e+10,1.030369997e+00,1.923722648e+09
979000,1009.856926,4.178302141e+06,1.155774343e+04,2.935382915e+10,5.082049044e+11,4.995409459e+10,9.984967158e-01,1.901882050e+09
980000,1009.856926,4.086134541e+06,1.126750321e+04,2.901721206e+10,5.064186644e+11,4.990936166e+10,9.676123960e-01,1.880294368e+09
981000,1009.856926,3.996042883e+06,1.098462807e+04,2.868495062e+10,5.046393702e+11,4.986469786e+10,9.376977181e-01,1.858962054e+09
982000,1009.856926,3.907949852e+06,1.070892841e+04,2.835696726e+10,5.028664259e+11,4.982006938e+10,9.087096432e-01,1.837874032e+09
983000,1009.856926,3.821826787e+06,1.044024459e+04,2.803318992e+10,5.011007908e+11,4.977551770e+10,8.806302742e-01,1.817034240e+09
984000,1009.856926,3.737645923e+06,1.017842706e+04,2.771364230e+10,4.993416448e+11,4.973099622e+10,8.534271006e-01,1.796438170e+09
985000,1009.856926,3.655320583e+06,9.923173690e+03,2.739815958e+10,4.975891046e+11,4.968654797e+10,8.270680982e-01,1.776078480e+09
986000,1009.856926,3.574856093e+06,9.674461010e+03,2.708678362e+10,4.958435103e+11,4.964214221e+10,8.015354491e-01,1.755959892e+09
987000,1009.856926,3.496174766e+06,9.432013560e+03,2.677935232e+10,4.941041715e+11,4.959782195e+10,7.767946864e-01,1.736071564e+09
988000,1009.856926,3.419254121e+06,9.195753836e+03,2.647593158e+10,4.923714140e+11,4.955349606e+10,7.528266179e-01,1.716416452e+09
989000,1009.856926,3.344043917e+06,8.965431374e+03,2.617635581e+10,4.906457190e+11,4.950922291e+10,7.296038215e-01,1.696989430e+09
990000,1009.856926,3.270513235e+06,8.740995223e+03,2.588066682e+10,4.889261783e+11,4.946500403e+10,7.071048784e-01,1.677788620e+09
991000,1009.856926,3.198620938e+06,8.522209167e+03,2.558872691e+10,4.872134001e+11,4.942089677e+10,6.853046926e-01,1.658809314e+09
992000,1009.856926,3.128332123e+06,8.308977688e+03,2.530053526e+10,4.855068815e+11,4.937677466e+10,6.641817961e-01,1.640052500e+09
993000,1009.856926,3.059610932e+06,8.101155219e+03,2.501608128e+10,4.838070026e+11,4.933272576e+10,6.437205093e-01,1.621514808e+09
994000,1009.856926,2.992411208e+06,7.898560249e+03,2.473520205e+10,4.821133650e+11,4.928874394e+10,6.238883971e-01,1.603189670e+09
995000,1009.856926,2.926718179e+06,7.701139157e+03,2.445799066e+10,4.804268227e+11,4.924481843e+10,6.046789166e-01,1.585078195e+09
996000,1009.856926,2.862481160e+06,7.508672160e+03,2.418424854e+10,4.787455734e+11,4.920089754e+10,5.860618908e-01,1.567176627e+09
997000,1009.856926,2.799678618e+06,7.321087224e+03,2.391403645e+10,4.770717164e+11,4.915705395e+10,5.680262474e-01,1.549484136e+09
998000,1009.856926,2.738267251e+06,7.138240239e+03,2.364726685e+10,4.754033510e+11,4.911329587e+10,5.505504843e-01,1.531995677e+09
999000,1009.856926,2.678224783e+06,6.960039511e+03,2.338388502e+10,4.737421148e+11,4.906955930e+10,5.336171115e-01,1.514710116e+09
1000000,1009.856926,2.619515477e+06,6.786294745e+03,2.312385667e+10,4.720865075e+11,4.902585600e+10,5.172096664e-01,1.497623448e+09
