altitude,CO2,CH4,N2O,H2,Ne,Kr,Xe,O3
0,4.290000000e-04,1.936000000e-06,3.390000000e-07,5.530000000e-07,1.818000000e-05,1.140000000e-06,8.700000000e-08,3.399323768e-08
1000,4.293802464e-04,1.930163813e-06,3.391589471e-07,5.536723804e-07,1.818000000e-05,1.140000000e-06,8.700000000e-08,3.762380859e-08
2000,4.299615710e-04,1.919865979e-06,3.395730926e-07,5.554071937e-07,1.818000000e-05,1.140000000e-06,8.700000000e-08,4.224860180e-08
3000,4.303294841e-04,1.911281967e-06,3.398121460e-07,5.567728597e-07,1.818000000e-05,1.140000000e-06,8.700000000e-08,4.771605940e-08
4000,4.304972843e-04,1.904608111e-06,3.399279767e-07,5.576611988e-07,1.818000000e-05,1.140000000e-06,8.700000000e-08,5.318685214e-08
5000,4.305981709e-04,1.899313158e-06,3.399962632e-07,5.583119806e-07,1.818000000e-05,1.140000000e-06,8.700000000e-08,5.833705839e-08
6000,4.305921393e-04,1.894800155e-06,3.399840980e-07,5.587503483e-07,1.818000000e-05,1.140000000e-06,8.700000000e-08,6.359024674e-08
7000,4.304568449e-04,1.889961820e-06,3.398487727e-07,5.590690197e-07,1.818000000e-05,1.140000000e-06,8.700000000e-08,6.985033757e-08
8000,4.301998633e-04,1.883312773e-06,3.394662499e-07,5.594208283e-07,1.818000000e-05,1.140000000e-06,8.700000000e-08,8.012755673e-08
9000,4.298341043e-04,1.873340696e-06,3.386087279e-07,5.600345254e-07,1.818000000e-05,1.140000000e-06,8.700000000e-08,1.000085550e-07
10000,4.292703095e-04,1.857906091e-06,3.367523975e-07,5.612037022e-07,1.818000000e-05,1.140000000e-06,8.700000000e-08,1.400889405e-07
11000,4.283978142e-04,1.835044494e-06,3.332838574e-07,5.632459960e-07,1.818000000e-05,1.140000000e-06,8.700000000e-08,2.121464653e-07
12000,4.271039694e-04,1.803081890e-06,3.275769962e-07,5.663366363e-07,1.818000000e-05,1.140000000e-06,8.700000000e-08,3.262024881e-07
13000,4.256581022e-04,1.768442902e-06,3.206821092e-07,5.697405396e-07,1.818000000e-05,1.140000000e-06,8.700000000e-08,4.636147707e-07
14000,4.245502517e-04,1.740942878e-06,3.146767171e-07,5.724056860e-07,1.818000000e-05,1.140000000e-06,8.700000000e-08,5.888357780e-07
15000,4.237740071e-04,1.719183197e-06,3.094087369e-07,5.745232529e-07,1.818000000e-05,1.140000000e-06,8.700000000e-08,7.080000167e-07
16000,4.228928777e-04,1.693112779e-06,3.026335029e-07,5.772105819e-07,1.818000000e-05,1.140000000e-06,8.700000000e-08,8.654738475e-07
17000,4.215991239e-04,1.655819186e-06,2.926589577e-07,5.811799163e-07,1.818000000e-05,1.140000000e-06,8.700000000e-08,1.097732716e-06
18000,4.198716934e-04,1.606823795e-06,2.793350835e-07,5.863909738e-07,1.818000000e-05,1.140000000e-06,8.700000000e-08,1.415399309e-06
19000,4.178833013e-04,1.549864940e-06,2.635185800e-07,5.924115309e-07,1.818000000e-05,1.140000000e-06,8.700000000e-08,1.813877606e-06
20000,4.158348460e-04,1.489039527e-06,2.459530545e-07,5.989407672e-07,1.818000000e-05,1.140000000e-06,8.700000000e-08,2.291717012e-06
21000,4.137793869e-04,1.424497979e-06,2.263626570e-07,6.059918064e-07,1.818000000e-05,1.140000000e-06,8.700000000e-08,2.832034381e-06
22000,4.118286318e-04,1.357597060e-06,2.051613937e-07,6.131780961e-07,1.818000000e-05,1.140000000e-06,8.700000000e-08,3.386877099e-06
23000,4.104039637e-04,1.299780497e-06,1.856366747e-07,6.193218390e-07,1.818000000e-05,1.140000000e-06,8.700000000e-08,3.927831872e-06
24000,4.096132559e-04,1.256441720e-06,1.696841756e-07,6.239626811e-07,1.818000000e-05,1.140000000e-06,8.700000000e-08,4.429667988e-06
25000,4.093735644e-04,1.228791897e-06,1.574750409e-07,6.279725621e-07,1.818000000e-05,1.140000000e-06,8.700000000e-08,4.935099113e-06
26000,4.093589444e-04,1.206953301e-06,1.464473405e-07,6.315437396e-07,1.818000000e-05,1.140000000e-06,8.700000000e-08,5.397395173e-06
27000,4.094261744e-04,1.184735342e-06,1.354981785e-07,6.342521233e-07,1.818000000e-05,1.140000000e-06,8.700000000e-08,5.784487150e-06
28000,4.095077189e-04,1.159164778e-06,1.242851062e-07,6.359117047e-07,1.818000000e-05,1.140000000e-06,8.700000000e-08,6.099749756e-06
29000,4.095686301e-04,1.129281318e-06,1.129210436e-07,6.364818744e-07,1.818000000e-05,1.140000000e-06,8.700000000e-08,6.356668780e-06
30000,4.095859024e-04,1.095209527e-06,1.018732573e-07,6.359349369e-07,1.818000000e-05,1.140000000e-06,8.700000000e-08,6.567740825e-06
31000,4.094912410e-04,1.054155072e-06,9.051393235e-08,6.328187842e-07,1.818000000e-05,1.140000000e-06,8.700000000e-08,6.740416399e-06
32000,4.092889119e-04,1.008408298e-06,7.917094441e-08,6.281374716e-07,1.818000000e-05,1.140000000e-06,8.700000000e-08,6.878275643e-06
33000,4.090059028e-04,9.582158864e-07,6.790930651e-08,6.217514070e-07,1.818000000e-05,1.140000000e-06,8.700000000e-08,6.976004900e-06
34000,4.086661465e-04,9.029956929e-07,5.680407080e-08,6.131012613e-07,1.818000000e-05,1.140000000e-06,8.700000000e-08,7.019365155e-06
35000,4.083324627e-04,8.456146231e-07,4.658801368e-08,6.015408233e-07,1.818000000e-05,1.140000000e-06,8.700000000e-08,6.995158631e-06
36000,4.079970705e-04,7.862546878e-07,3.712572351e-08,5.885142716e-07,1.818000000e-05,1.140000000e-06,8.700000000e-08,6.920230457e-06
37000,4.076580774e-04,7.245372821e-07,2.854838210e-08,5.739993139e-07,1.818000000e-05,1.140000000e-06,8.700000000e-08,6.787278335e-06
38000,4.073606555e-04,6.648030674e-07,2.211438399e-08,5.598987611e-07,1.818000000e-05,1.140000000e-06,8.700000000e-08,6.580222838e-06
39000,4.070817719e-04,6.075478418e-07,1.659179811e-08,5.464114848e-07,1.818000000e-05,1.140000000e-06,8.700000000e-08,6.326526567e-06
40000,4.068338768e-04,5.554304811e-07,1.256507311e-08,5.342164490e-07,1.818000000e-05,1.140000000e-06,8.700000000e-08,5.986390775e-06
41000,4.066117126e-04,5.083652216e-07,9.553875495e-09,5.228463308e-07,1.818000000e-05,1.140000000e-06,8.700000000e-08,5.592667986e-06
42000,4.064035115e-04,4.640415415e-07,7.093765201e-09,5.119238632e-07,1.818000000e-05,1.140000000e-06,8.700000000e-08,5.169865612e-06
43000,4.062381527e-04,4.285351978e-07,5.582884408e-09,5.040519783e-07,1.818000000e-05,1.140000000e-06,8.700000000e-08,4.724097121e-06
44000,4.060800793e-04,3.953453068e-07,4.240453305e-09,4.969288319e-07,1.818000000e-05,1.140000000e-06,8.700000000e-08,4.278788127e-06
45000,4.059461118e-04,3.723526152e-07,3.477193999e-09,4.929959689e-07,1.818000000e-05,1.140000000e-06,8.700000000e-08,3.848528173e-06
46000,4.058148954e-04,3.521176501e-07,2.829482511e-09,4.912695037e-07,1.818000000e-05,1.140000000e-06,8.700000000e-08,3.441032010e-06
47000,4.056904336e-04,3.386533554e-07,2.465459847e-09,4.949601068e-07,1.818000000e-05,1.140000000e-06,8.700000000e-08,3.089424686e-06
48000,4.055558593e-04,3.273298433e-07,2.168724281e-09,5.020514229e-07,1.818000000e-05,1.140000000e-06,8.700000000e-08,2.771759688e-06
49000,4.054057688e-04,3.192910460e-07,1.975230831e-09,5.143606310e-07,1.818000000e-05,1.140000000e-06,8.700000000e-08,2.506174178e-06
50000,4.052457908e-04,3.115849648e-07,1.793557143e-09,5.294032158e-07,1.818000000e-05,1.140000000e-06,8.700000000e-08,2.270377098e-06
51000,4.050742079e-04,3.042693959e-07,1.625756429e-09,5.476539924e-07,1.818000000e-05,1.140000000e-06,8.700000000e-08,2.069542996e-06
52000,4.049056868e-04,2.969024422e-07,1.459924478e-09,5.700674495e-07,1.818000000e-05,1.140000000e-06,8.700000000e-08,1.890427791e-06
53000,4.047402515e-04,2.894837007e-07,1.296076734e-09,5.966762356e-07,1.818000000e-05,1.140000000e-06,8.700000000e-08,1.733201828e-06
54000,4.046352743e-04,2.824301186e-07,1.145103106e-09,6.275775128e-07,1.818000000e-05,1.140000000e-06,8.700000000e-08,1.593932042e-06
55000,4.045653482e-04,2.755882411e-07,1.001593367e-09,6.609674019e-07,1.818000000e-05,1.140000000e-06,8.700000000e-08,1.465072517e-06
56000,4.043753399e-04,2.705147980e-07,8.941938920e-10,7.011610790e-07,1.818000000e-05,1.140000000e-06,8.700000000e-08,1.356977191e-06
57000,4.041649031e-04,2.657300466e-07,7.938358477e-10,7.430681307e-07,1.818000000e-05,1.140000000e-06,8.700000000e-08,1.253031170e-06
58000,4.038921043e-04,2.617716835e-07,7.190299669e-10,7.927160971e-07,1.818000000e-05,1.140000000e-06,8.700000000e-08,1.164537557e-06
59000,4.035881200e-04,2.574556760e-07,6.464580491e-10,8.476366106e-07,1.818000000e-05,1.140000000e-06,8.700000000e-08,1.079440136e-06
60000,4.031922444e-04,2.520858339e-07,5.804687218e-10,9.180931987e-07,1.818000000e-05,1.140000000e-06,8.700000000e-08,1.004349922e-06
61000,4.027602220e-04,2.455593960e-07,5.163314554e-10,1.000530969e-06,1.818000000e-05,1.140000000e-06,8.700000000e-08,9.334917398e-07
62000,4.022821557e-04,2.375596894e-07,4.545533392e-10,1.098230334e-06,1.818000000e-05,1.140000000e-06,8.700000000e-08,8.680243079e-07
63000,4.017802963e-04,2.278090464e-07,3.958777448e-10,1.212100600e-06,1.818000000e-05,1.140000000e-06,8.700000000e-08,8.060883213e-07
64000,4.012672070e-04,2.172320052e-07,3.386664631e-10,1.333603127e-06,1.818000000e-05,1.140000000e-06,8.700000000e-08,7.458190884e-07
65000,4.007599353e-04,2.056239908e-07,2.924711551e-10,1.468550679e-06,1.818000000e-05,1.140000000e-06,8.700000000e-08,6.846836535e-07
66000,4.002600224e-04,1.940817567e-07,2.511686343e-10,1.605140480e-06,1.818000000e-05,1.140000000e-06,8.700000000e-08,6.227629642e-07
67000,3.997751054e-04,1.827321313e-07,2.194501276e-10,1.744420029e-06,1.818000000e-05,1.140000000e-06,8.700000000e-08,5.592553522e-07
68000,3.992558084e-04,1.711495156e-07,1.946213321e-10,1.892893950e-06,1.818000000e-05,1.140000000e-06,8.700000000e-08,4.953678951e-07
69000,3.987039062e-04,1.593521237e-07,1.733691710e-10,2.048438947e-06,1.818000000e-05,1.140000000e-06,8.700000000e-08,4.321629565e-07
70000,3.980558162e-04,1.469333535e-07,1.568210315e-10,2.221584580e-06,1.818000000e-05,1.140000000e-06,8.700000000e-08,3.730332504e-07
71000,3.973122865e-04,1.345949571e-07,1.431834963e-10,2.404979668e-06,1.818000000e-05,1.140000000e-06,8.700000000e-08,3.207504657e-07
72000,3.964833697e-04,1.224752565e-07,1.316953261e-10,2.594930370e-06,1.818000000e-05,1.140000000e-06,8.700000000e-08,2.743929050e-07
73000,3.954912054e-04,1.111853706e-07,1.230412310e-10,2.790082205e-06,1.818000000e-05,1.140000000e-06,8.700000000e-08,2.388011658e-07
74000,3.942796393e-04,1.008756299e-07,1.159860837e-10,2.984585661e-06,1.818000000e-05,1.140000000e-06,8.700000000e-08,2.121012404e-07
75000,3.928465815e-04,9.132266372e-08,1.099437484e-10,3.177486621e-06,1.818000000e-05,1.140000000e-06,8.700000000e-08,1.916760546e-07
76000,3.911390937e-04,8.253994411e-08,1.047376799e-10,3.367823592e-06,1.818000000e-05,1.140000000e-06,8.700000000e-08,1.772174741e-07
77000,3.888657696e-04,7.430896718e-08,9.981768813e-11,3.557820565e-06,1.818000000e-05,1.140000000e-06,8.700000000e-08,1.750586900e-07
78000,3.861543885e-04,6.630915232e-08,9.492585828e-11,3.744519136e-06,1.818000000e-05,1.140000000e-06,8.700000000e-08,1.877293587e-07
79000,3.829860486e-04,5.841377660e-08,8.995974287e-11,3.924546256e-06,1.818000000e-05,1.140000000e-06,8.700000000e-08,2.218929357e-07
80000,3.793193842e-04,5.055469402e-08,8.483427021e-11,4.093434510e-06,1.818000000e-05,1.140000000e-06,8.700000000e-08,2.845434972e-07
81000,3.750872802e-04,4.277246371e-08,7.950591897e-11,4.245956860e-06,1.818000000e-05,1.140000000e-06,8.700000000e-08,3.816751008e-07
82000,3.700790694e-04,3.530779831e-08,7.393318425e-11,4.374065009e-06,1.818000000e-05,1.140000000e-06,8.700000000e-08,5.230817167e-07
83000,3.640690394e-04,2.836265844e-08,6.809833909e-11,4.462119369e-06,1.818000000e-05,1.140000000e-06,8.700000000e-08,7.140040889e-07
84000,3.570617934e-04,2.226510950e-08,6.224362290e-11,4.521724351e-06,1.818000000e-05,1.140000000e-06,8.700000000e-08,9.438994886e-07
85000,3.489558054e-04,1.712523507e-08,5.648969276e-11,4.563297492e-06,1.818000000e-05,1.140000000e-06,8.700000000e-08,1.197838120e-06
86000,3.396652777e-04,1.294407075e-08,5.092658352e-11,4.595312605e-06,1.818000000e-05,1.140000000e-06,8.700000000e-08,1.462417151e-06
87000,3.288308721e-04,9.824971222e-09,4.571796257e-11,4.623794865e-06,1.917260591e-05,8.228981382e-07,4.731970398e-08,1.726078724e-06
88000,3.163025284e-04,7.585441108e-09,4.101773963e-11,4.653208687e-06,2.020722170e-05,5.934374220e-07,2.570632505e-08,1.957996773e-06
89000,3.025861722e-04,5.867383372e-09,3.675629163e-11,4.684710848e-06,2.128123441e-05,4.273433355e-07,1.393777456e-08,2.143669822e-06
90000,2.878101283e-04,4.569429879e-09,3.291565530e-11,4.718763703e-06,2.239371110e-05,3.072116080e-07,7.539136196e-09,2.271917427e-06
91000,2.719440941e-04,3.640483907e-09,2.953376529e-11,4.756421106e-06,2.354319286e-05,2.204392205e-07,4.067496032e-09,2.310503417e-06
92000,2.553657969e-04,2.955699015e-09,2.654936295e-11,4.798549080e-06,2.472887682e-05,1.578800471e-07,2.188828759e-09,2.238543913e-06
93000,2.385857414e-04,2.409834229e-09,2.384929630e-11,4.843895855e-06,2.594981974e-05,1.128737140e-07,1.175038431e-09,2.088704500e-06
94000,2.217667899e-04,1.979046166e-09,2.141590664e-11,4.892275866e-06,2.720667533e-05,8.057366942e-08,6.295362651e-10,1.873628129e-06
95000,2.052685729e-04,1.667191940e-09,1.932031318e-11,4.944552986e-06,2.850608302e-05,5.745936869e-08,3.368543594e-10,1.629341579e-06
96000,1.893302638e-04,1.419866628e-09,1.744805401e-11,4.999114554e-06,2.985831032e-05,4.096349638e-08,1.801914497e-10,1.392507539e-06
97000,1.739454251e-04,1.216982360e-09,1.574214062e-11,5.054873789e-06,3.127784140e-05,2.921927437e-08,9.647305861e-11,1.165421375e-06
98000,1.594213015e-04,1.061337747e-09,1.423338984e-11,5.111296569e-06,3.278443529e-05,2.087450479e-08,5.176807962e-11,9.561862777e-07
99000,1.460126389e-04,9.415421139e-10,1.290338879e-11,5.165278263e-06,3.439657414e-05,1.495027508e-08,2.788073902e-11,7.682960429e-07
100000,1.332586362e-04,8.387395533e-10,1.166671329e-11,5.216562479e-06,3.612009223e-05,1.074047490e-08,1.508692954e-11,5.946026778e-07
101000,1.217683428e-04,7.616850471e-10,1.058999655e-11,5.260434793e-06,3.794740748e-05,7.742240875e-09,8.209447750e-12,4.512245635e-07
102000,1.111844512e-04,6.972714203e-10,9.612905514e-12,5.294924566e-06,3.986102452e-05,5.600839953e-09,4.495442326e-12,3.322271329e-07
103000,1.013836547e-04,6.437790081e-10,8.721887099e-12,5.321308199e-06,4.184314061e-05,4.067476928e-09,2.479656717e-12,2.342936387e-07
104000,9.279909652e-05,6.021482703e-10,7.953606086e-12,5.328287572e-06,4.387860756e-05,2.966981432e-09,1.379412452e-12,1.658553219e-07
105000,8.469719795e-05,5.652247929e-10,7.234032943e-12,5.327566437e-06,4.595646971e-05,2.175418192e-09,7.750060461e-13,1.091220536e-07
106000,7.775044105e-05,5.365441163e-10,6.626074662e-12,5.301240253e-06,4.806415790e-05,1.604440474e-09,4.403896573e-13,7.383557585e-08
107000,7.125830321e-05,5.111074872e-10,6.062043671e-12,5.264836912e-06,5.019119571e-05,1.191148332e-09,2.534345228e-13,4.698972513e-08
108000,6.548880393e-05,4.897498249e-10,5.566508327e-12,5.207840557e-06,5.232662568e-05,8.907076178e-10,1.478723234e-13,2.878349715e-08
109000,6.041638822e-05,4.723268830e-10,5.137046389e-12,5.130979428e-06,5.445867327e-05,6.711998855e-10,8.756186501e-14,1.891136499e-08
110000,5.541718288e-05,4.552537010e-10,4.714400546e-12,5.051718911e-06,5.657542219e-05,5.099132445e-10,5.266104436e-14,9.479684921e-09
111000,5.153517987e-05,4.435179128e-10,4.395769437e-12,4.935843354e-06,5.866592157e-05,3.906751093e-10,3.218709868e-14,6.769375431e-09
112000,4.765317686e-05,4.317821246e-10,4.077138328e-12,4.819967796e-06,6.072023186e-05,3.019409498e-10,2.000291363e-14,4.059065940e-09
113000,4.410022071e-05,4.214795319e-10,3.788515054e-12,4.693811329e-06,6.272900006e-05,2.354430036e-10,1.264295782e-14,2.094839499e-09
114000,4.115394446e-05,4.138193925e-10,3.555218703e-12,4.548699441e-06,6.468444526e-05,1.852428087e-10,8.128327704e-15,1.506203160e-09
115000,3.820766821e-05,4.061592532e-10,3.321922353e-12,4.403587553e-06,6.658115081e-05,1.470582055e-10,5.315379612e-15,9.175668220e-10
116000,3.552932143e-05,3.995633005e-10,3.111325801e-12,4.253765431e-06,6.841431486e-05,1.177847095e-10,3.534751622e-15,4.988169165e-10
117000,3.332398133e-05,3.948460789e-10,2.940803815e-12,4.095627791e-06,7.018177298e-05,9.516639087e-11,2.389725701e-15,3.799870730e-10
118000,3.111864124e-05,3.901288574e-10,2.770281828e-12,3.937490150e-06,7.188162501e-05,7.755176251e-11,1.641849597e-15,2.611572294e-10
119000,2.895599137e-05,3.855768829e-10,2.603238353e-12,3.779758578e-06,7.351280778e-05,6.372518557e-11,1.145803772e-15,1.494577490e-10
120000,2.729507177e-05,3.829670260e-10,2.477077179e-12,3.626799462e-06,7.507467600e-05,5.278583325e-11,8.117755894e-16,1.215601046e-10
121000,2.563415217e-05,3.803571691e-10,2.350916005e-12,3.473840346e-06,7.656679901e-05,4.406186408e-11,5.834846516e-16,9.366246031e-11
122000,2.397323258e-05,3.777473122e-10,2.224754831e-12,3.320881229e-06,7.799001095e-05,3.704957809e-11,4.251846589e-16,6.576481597e-11
123000,2.251169109e-05,3.758685557e-10,2.113719663e-12,3.177094793e-06,7.934642887e-05,3.136878059e-11,3.138598047e-16,4.755680613e-11
124000,2.125530496e-05,3.747420842e-10,2.018248799e-12,3.042746826e-06,8.064038048e-05,2.673088253e-11,2.344942867e-16,3.931920072e-11
125000,1.999891883e-05,3.736156128e-10,1.922777934e-12,2.908398860e-06,8.188138816e-05,2.291612964e-11,1.771676653e-16,3.108159531e-11
126000,1.874253270e-05,3.724891413e-10,1.827307069e-12,2.774050893e-06,8.307473055e-05,1.975387251e-11,1.352256833e-16,2.284398989e-11
127000,1.766896275e-05,3.720003258e-10,1.745131490e-12,2.654650682e-06,8.422475316e-05,1.711282427e-11,1.041687454e-16,1.790394798e-11
128000,1.671810568e-05,3.719395283e-10,1.671880192e-12,2.545283948e-06,8.533521025e-05,1.489194776e-11,8.091896802e-17,1.517735091e-11
129000,1.576724861e-05,3.718787307e-10,1.598628894e-12,2.435917214e-06,8.640912013e-05,1.301270827e-11,6.333959269e-17,1.245075383e-11
130000,1.481639154e-05,3.718179332e-10,1.525377596e-12,2.326550480e-06,8.744910540e-05,1.141346654e-11,4.992629877e-17,9.724156759e-12
131000,1.395674732e-05,3.720574098e-10,1.458498885e-12,2.227131390e-06,8.845756178e-05,1.004539291e-11,3.960625851e-17,7.673133953e-12
132000,1.323986777e-05,3.727668699e-10,1.401594429e-12,2.143282171e-06,8.943664523e-05,8.869456449e-12,3.160518842e-17,6.679507608e-12
133000,1.252298823e-05,3.734763300e-10,1.344689973e-12,2.059432951e-06,9.038803096e-05,7.854180557e-12,2.535805348e-17,5.685881263e-12
134000,1.180610869e-05,3.741857901e-10,1.287785518e-12,1.975583731e-06,9.131302882e-05,6.974002365e-12,2.044840015e-17,4.692254918e-12
135000,1.108922915e-05,3.748952502e-10,1.230881062e-12,1.891734512e-06,9.221310868e-05,6.208054032e-12,1.656651683e-17,3.698628573e-12
136000,1.052709645e-05,3.760891389e-10,1.184558400e-12,1.827363688e-06,9.308919678e-05,5.539142076e-12,1.347993719e-17,3.224992145e-12
137000,9.989510105e-06,3.773598690e-10,1.139914251e-12,1.766082580e-06,9.394223577e-05,4.953049423e-12,1.101285812e-17,2.833837914e-12
138000,9.451923764e-06,3.786305991e-10,1.095270102e-12,1.704801472e-06,9.477299589e-05,4.437942732e-12,9.031298029e-18,2.442683684e-12
139000,8.914337423e-06,3.799013291e-10,1.050625954e-12,1.643520364e-06,9.558197427e-05,3.983916740e-12,7.432423577e-18,2.051529453e-12
140000,8.378824602e-06,3.811782407e-10,1.006122781e-12,1.582514528e-06,9.636988277e-05,3.582658677e-12,6.136825703e-18,1.663827474e-12
141000,7.979185569e-06,3.828602145e-10,9.708575186e-13,1.539546721e-06,9.713744981e-05,3.227150514e-12,5.082785445e-18,1.502344865e-12
142000,7.579546536e-06,3.845421883e-10,9.355922562e-13,1.496578913e-06,9.788486790e-05,2.911424196e-12,4.222029570e-18,1.340862257e-12
143000,7.179907503e-06,3.862241621e-10,9.003269938e-13,1.453611106e-06,9.861259104e-05,2.630408000e-12,3.516633695e-18,1.179379649e-12
144000,6.780268470e-06,3.879061359e-10,8.650617314e-13,1.410643299e-06,9.932182830e-05,2.379785005e-12,2.936659884e-18,1.017897041e-12
145000,6.380629437e-06,3.895881098e-10,8.297964690e-13,1.367675491e-06,1.000159815e-04,2.155894089e-12,2.458385743e-18,8.564144323e-13
146000,6.070421364e-06,3.915236677e-10,8.007001855e-13,1.336644243e-06,1.006957700e-04,1.955515117e-12,2.062806565e-18,7.726848136e-13
147000,5.776700046e-06,3.935059744e-10,7.727411641e-13,1.307813520e-06,1.013616090e-04,1.775861674e-12,1.734700323e-18,7.032890948e-13
148000,5.482978728e-06,3.954882811e-10,7.447821426e-13,1.278982797e-06,1.020139099e-04,1.614520945e-12,1.461831424e-18,6.338933760e-13
149000,5.189257410e-06,3.974705878e-10,7.168231212e-13,1.250152074e-06,1.026531736e-04,1.469398741e-12,1.234327704e-18,5.644976572e-13
150000,4.895536092e-06,3.994528944e-10,6.888640997e-13,1.221321352e-06,1.032794879e-04,1.338665393e-12,1.044188896e-18,4.951019384e-13
151000,4.630237317e-06,4.015110479e-10,6.629412145e-13,1.196256718e-06,1.038933600e-04,1.220728961e-12,8.849178546e-19,4.394200872e-13
152000,4.417143755e-06,4.037085133e-10,6.407582100e-13,1.178109463e-06,1.044948484e-04,1.114190432e-12,7.512127050e-19,4.089272329e-13
153000,4.204050193e-06,4.059059786e-10,6.185752055e-13,1.159962208e-06,1.050841859e-04,1.017824416e-12,6.387384343e-19,3.784343786e-13
154000,3.990956630e-06,4.081034440e-10,5.963922010e-13,1.141814953e-06,1.056616218e-04,9.305532787e-13,5.439385177e-19,3.479415242e-13
155000,3.777863068e-06,4.103009093e-10,5.742091965e-13,1.123667699e-06,1.062273733e-04,8.514267813e-13,4.638864731e-19,3.174486699e-13
156000,3.564769506e-06,4.124983747e-10,5.520261920e-13,1.105520444e-06,1.067815883e-04,7.796050268e-13,3.961675776e-19,2.869558156e-13
157000,3.384565260e-06,4.147760682e-10,5.323530982e-13,1.091787630e-06,1.073245742e-04,7.143457478e-13,3.387849773e-19,2.658096143e-13
158000,3.231914377e-06,4.171209737e-10,5.147827078e-13,1.081753061e-06,1.078565544e-04,6.549899709e-13,2.900823817e-19,2.524936670e-13
159000,3.079263494e-06,4.194658792e-10,4.972123174e-13,1.071718491e-06,1.083774927e-04,6.009507153e-13,2.486824056e-19,2.391777198e-13
160000,2.926612610e-06,4.218107847e-10,4.796419270e-13,1.061683921e-06,1.088877304e-04,5.517077476e-13,2.134384899e-19,2.258617726e-13
161000,2.773961727e-06,4.241556902e-10,4.620715367e-13,1.051649352e-06,1.093873566e-04,5.067958659e-13,1.833927606e-19,2.125458253e-13
162000,2.621310844e-06,4.265005956e-10,4.445011463e-13,1.041614782e-06,1.098764329e-04,4.657996098e-13,1.577438116e-19,1.992298781e-13
163000,2.487644284e-06,4.288845505e-10,4.285113225e-13,1.034291155e-06,1.103553171e-04,4.283486418e-13,1.358202177e-19,1.892106026e-13
164000,2.379475962e-06,4.313209533e-10,4.146443905e-13,1.030608651e-06,1.108238278e-04,3.941091340e-13,1.170573435e-19,1.836191552e-13
165000,2.271307641e-06,4.337573561e-10,4.007774586e-13,1.026926147e-06,1.112823461e-04,3.627837530e-13,1.009807223e-19,1.780277079e-13
166000,2.163139319e-06,4.361937589e-10,3.869105266e-13,1.023243644e-06,1.117309046e-04,3.341041905e-13,8.719003015e-20,1.724362605e-13
167000,2.054970998e-06,4.386301617e-10,3.730435947e-13,1.019561140e-06,1.121696140e-04,3.078294168e-13,7.534733383e-20,1.668448132e-13
168000,1.946802676e-06,4.410665645e-10,3.591766627e-13,1.015878636e-06,1.125985622e-04,2.837423283e-13,6.516682296e-20,1.612533659e-13
169000,1.838958390e-06,4.435034128e-10,3.453397301e-13,1.012249046e-06,1.130181443e-04,2.616479076e-13,5.640656358e-20,1.556956565e-13
170000,1.762942425e-06,4.459840213e-10,3.344494735e-13,1.013816855e-06,1.134280661e-04,2.413685025e-13,4.886096815e-20,1.534518504e-13
171000,1.686926461e-06,4.484646297e-10,3.235592169e-13,1.015384663e-06,1.138287739e-04,2.227452248e-13,4.235573678e-20,1.512080443e-13
172000,1.610910496e-06,4.509452382e-10,3.126689604e-13,1.016952471e-06,1.142200944e-04,2.056330659e-13,3.674234209e-20,1.489642382e-13
173000,1.534894531e-06,4.534258467e-10,3.017787038e-13,1.018520280e-06,1.146024859e-04,1.899018721e-13,3.189448061e-20,1.467204321e-13
174000,1.458878566e-06,4.559064552e-10,2.908884472e-13,1.020088088e-06,1.149757879e-04,1.754325793e-13,2.770423820e-20,1.444766260e-13
175000,1.382862601e-06,4.583870637e-10,2.799981906e-13,1.021655897e-06,1.153401216e-04,1.621176440e-13,2.407954894e-20,1.422328199e-13
176000,1.313825390e-06,4.608690132e-10,2.698357315e-13,1.024649908e-06,1.156957530e-04,1.498595757e-13,2.094172524e-20,1.404264091e-13
177000,1.260701140e-06,4.633540204e-10,2.613327969e-13,1.030895947e-06,1.160427263e-04,1.385694401e-13,1.822336979e-20,1.396173472e-13
178000,1.207576890e-06,4.658390276e-10,2.528298622e-13,1.037141986e-06,1.163810711e-04,1.281663265e-13,1.586673525e-20,1.388082853e-13
179000,1.154452640e-06,4.683240349e-10,2.443269276e-13,1.043388025e-06,1.167109694e-04,1.185767354e-13,1.382231044e-20,1.379992234e-13
180000,1.101328390e-06,4.708090421e-10,2.358239930e-13,1.049634064e-06,1.170324391e-04,1.097335152e-13,1.204756270e-20,1.371901615e-13
181000,1.048204140e-06,4.732940493e-10,2.273210583e-13,1.055880103e-06,1.173457120e-04,1.015756287e-13,1.050595910e-20,1.363810996e-13
182000,9.950798904e-07,4.757790566e-10,2.188181237e-13,1.062126142e-06,1.176506410e-04,9.404704174e-14,9.166036789e-21,1.355720377e-13
183000,9.471415841e-07,4.782548692e-10,2.109287323e-13,1.069822116e-06,1.179476710e-04,8.709705996e-14,8.000752041e-21,1.349692772e-13
184000,9.101274395e-07,4.807113135e-10,2.043317663e-13,1.080572370e-06,1.182365510e-04,8.067881965e-14,6.986747413e-21,1.348010895e-13
185000,8.731132950e-07,4.831677578e-10,1.977348004e-13,1.091322624e-06,1.185175760e-04,7.474986153e-14,6.103912518e-21,1.346329018e-13
186000,8.360991504e-07,4.856242021e-10,1.911378344e-13,1.102072877e-06,1.187907054e-04,6.927110600e-14,5.334867594e-21,1.344647141e-13
187000,7.990850058e-07,4.880806464e-10,1.845408684e-13,1.112823131e-06,1.190560305e-04,6.420685742e-14,4.664605191e-21,1.342965263e-13
188000,7.620708613e-07,4.905370907e-10,1.779439025e-13,1.123573384e-06,1.193137811e-04,5.952447982e-14,4.080154585e-21,1.341283386e-13
189000,7.250567167e-07,4.929935350e-10,1.713469365e-13,1.134323638e-06,1.195639452e-04,5.519392757e-14,3.570284022e-21,1.339601509e-13
190000,6.888437757e-07,4.954460499e-10,1.648577476e-13,1.145408315e-06,1.198065553e-04,5.118767141e-14,3.125270974e-21,1.338120323e-13
191000,6.630745930e-07,4.978473449e-10,1.597734429e-13,1.160852230e-06,1.200417559e-04,4.748049602e-14,2.736694515e-21,1.339255159e-13
192000,6.373054103e-07,5.002486399e-10,1.546891382e-13,1.176296146e-06,1.202694945e-04,4.404917137e-14,2.397249098e-21,1.340389996e-13
193000,6.115362277e-07,5.026499349e-10,1.496048335e-13,1.191740061e-06,1.204898978e-04,4.087242865e-14,2.100600791e-21,1.341524832e-13
194000,5.857670450e-07,5.050512299e-10,1.445205288e-13,1.207183977e-06,1.207031851e-04,3.793074508e-14,1.841252076e-21,1.342659669e-13
195000,5.599978624e-07,5.074525249e-10,1.394362240e-13,1.222627892e-06,1.209092146e-04,3.520605434e-14,1.614421993e-21,1.343794505e-13
196000,5.342286797e-07,5.098538199e-10,1.343519193e-13,1.238071807e-06,1.211081545e-04,3.268183442e-14,1.415960021e-21,1.344929342e-13
197000,5.084594971e-07,5.122551149e-10,1.292676146e-13,1.253515723e-06,1.213001661e-04,3.034287236e-14,1.242256250e-21,1.346064178e-13
198000,4.870784318e-07,5.146134176e-10,1.248534336e-13,1.271879251e-06,1.214849669e-04,2.817505380e-14,1.090165403e-21,1.347803197e-13
199000,4.691196758e-07,5.169381904e-10,1.209618846e-13,1.292519795e-06,1.216630251e-04,2.616555752e-14,9.569564611e-22,1.350013419e-13
200000,4.511609199e-07,5.192629633e-10,1.170703357e-13,1.313160339e-06,1.218340688e-04,2.430240299e-14,8.402443766e-22,1.352223641e-13
201000,4.332021639e-07,5.215877361e-10,1.131787867e-13,1.333800883e-06,1.219984146e-04,2.257467058e-14,7.379552361e-22,1.354433863e-13
202000,4.152434079e-07,5.239125090e-10,1.092872378e-13,1.354441427e-06,1.221559982e-04,2.097221542e-14,6.482782980e-22,1.356644085e-13
203000,3.972846520e-07,5.262372819e-10,1.053956888e-13,1.375081971e-06,1.223067090e-04,1.948567698e-14,5.696342135e-22,1.358854307e-13
204000,3.793258960e-07,5.285620547e-10,1.015041399e-13,1.395722515e-06,1.224508844e-04,1.810648978e-14,5.006469093e-22,1.361064529e-13
205000,3.613671401e-07,5.308868276e-10,9.761259092e-14,1.416363060e-06,1.225884563e-04,1.682668264e-14,4.401131581e-22,1.363274751e-13
206000,3.477470301e-07,5.331363612e-10,9.446967966e-14,1.441829050e-06,1.227194382e-04,1.563890973e-14,3.869825302e-22,1.365657669e-13
207000,3.352023819e-07,5.353672446e-10,9.151234040e-14,1.468491169e-06,1.228439195e-04,1.453639622e-14,3.403374895e-22,1.368083396e-13
208000,3.226577336e-07,5.375981280e-10,8.855500114e-14,1.495153288e-06,1.229620848e-04,1.351289240e-14,2.993762326e-22,1.370509122e-13
209000,3.101130854e-07,5.398290114e-10,8.559766188e-14,1.521815408e-06,1.230736529e-04,1.256257179e-14,2.633965416e-22,1.372934848e-13
210000,2.975684372e-07,5.420598948e-10,8.264032262e-14,1.548477527e-06,1.231787264e-04,1.168009194e-14,2.317851547e-22,1.375360575e-13
211000,2.850237890e-07,5.442907783e-10,7.968298336e-14,1.575139647e-06,1.232777689e-04,1.086054331e-14,2.040059846e-22,1.377786301e-13
212000,2.724791407e-07,5.465216617e-10,7.672564410e-14,1.601801766e-06,1.233704339e-04,1.009931080e-14,1.795883314e-22,1.380212028e-13
213000,2.599344925e-07,5.487525451e-10,7.376830484e-14,1.628463886e-06,1.234568186e-04,9.392165591e-15,1.581208221e-22,1.382637754e-13
214000,2.503815631e-07,5.508971250e-10,7.138987031e-14,1.660860680e-06,1.235370756e-04,8.735197383e-15,1.392431539e-22,1.384906550e-13
215000,2.415927753e-07,5.530196614e-10,6.915929899e-14,1.694722220e-06,1.236111572e-04,8.124772028e-15,1.226393822e-22,1.387135263e-13
216000,2.328039874e-07,5.551421978e-10,6.692872767e-14,1.728583759e-06,1.236790702e-04,7.557529613e-15,1.080326706e-22,1.389363976e-13
217000,2.240151996e-07,5.572647341e-10,6.469815635e-14,1.762445299e-06,1.237410273e-04,7.030370943e-15,9.518047366e-23,1.391592689e-13
218000,2.152264117e-07,5.593872705e-10,6.246758502e-14,1.796306838e-06,1.237968306e-04,6.540401758e-15,8.386975416e-23,1.393821401e-13
219000,2.064376239e-07,5.615098069e-10,6.023701370e-14,1.830168378e-06,1.238465607e-04,6.084957154e-15,7.391385376e-23,1.396050114e-13
220000,1.976488360e-07,5.636323433e-10,5.800644238e-14,1.864029917e-06,1.238907632e-04,5.661588604e-15,6.514921626e-23,1.398278827e-13
221000,1.888600481e-07,5.657548797e-10,5.577587106e-14,1.897891456e-06,1.239287057e-04,5.267967734e-15,5.743159861e-23,1.400507540e-13
222000,1.815177796e-07,5.678108093e-10,5.385602300e-14,1.936616835e-06,1.239609106e-04,4.901992887e-15,5.063501221e-23,1.402528205e-13
223000,1.753427649e-07,5.698129913e-10,5.218690989e-14,1.979267038e-06,1.239871652e-04,4.561684401e-15,4.464847859e-23,1.404380988e-13
224000,1.691677503e-07,5.718151733e-10,5.051779679e-14,2.021917242e-06,1.240079219e-04,4.245231301e-15,3.937476315e-23,1.406233771e-13
225000,1.629927357e-07,5.738173553e-10,4.884868368e-14,2.064567445e-06,1.240229174e-04,3.950928234e-15,3.472818983e-23,1.408086555e-13
226000,1.568177210e-07,5.758195374e-10,4.717957058e-14,2.107217649e-06,1.240319790e-04,3.677198128e-15,3.063352480e-23,1.409939338e-13
227000,1.506427064e-07,5.778217194e-10,4.551045747e-14,2.149867852e-06,1.240354489e-04,3.422593326e-15,2.702477008e-23,1.411792121e-13
228000,1.444676917e-07,5.798239014e-10,4.384134437e-14,2.192518056e-06,1.240335163e-04,3.185764826e-15,2.384384835e-23,1.413644904e-13
229000,1.382926771e-07,5.818260834e-10,4.217223126e-14,2.235168259e-06,1.240257399e-04,2.965444861e-15,2.103957348e-23,1.415497687e-13
230000,1.322598086e-07,5.838181418e-10,4.053660152e-14,2.278664371e-06,1.240127447e-04,2.760482897e-15,1.856711637e-23,1.417317127e-13
231000,1.279126729e-07,5.856901432e-10,3.929805610e-14,2.332192241e-06,1.239940867e-04,2.569785989e-15,1.638686763e-23,1.418741140e-13
232000,1.235655372e-07,5.875621447e-10,3.805951068e-14,2.385720110e-06,1.239701029e-04,2.392356627e-15,1.446409203e-23,1.420165154e-13
233000,1.192184015e-07,5.894341461e-10,3.682096527e-14,2.439247980e-06,1.239406034e-04,2.227257889e-15,1.276815464e-23,1.421589167e-13
234000,1.148712657e-07,5.913061475e-10,3.558241985e-14,2.492775849e-06,1.239057993e-04,2.073627270e-15,1.127213660e-23,1.423013180e-13
235000,1.105241300e-07,5.931781489e-10,3.434387443e-14,2.546303718e-06,1.238656698e-04,1.930659460e-15,9.952315908e-24,1.424437193e-13
236000,1.061769943e-07,5.950501503e-10,3.310532901e-14,2.599831588e-06,1.238202554e-04,1.797607516e-15,8.787812137e-24,1.425861207e-13
237000,1.018298586e-07,5.969221517e-10,3.186678359e-14,2.653359457e-06,1.237696123e-04,1.673777733e-15,7.760238459e-24,1.427285220e-13
238000,9.748272289e-08,5.987941532e-10,3.062823818e-14,2.706887326e-06,1.237136954e-04,1.558524272e-15,6.853394453e-24,1.428709233e-13
239000,9.361814396e-08,6.006143887e-10,2.951269653e-14,2.765517893e-06,1.236528567e-04,1.451251898e-15,6.053030287e-24,1.429977846e-13
240000,9.055611288e-08,6.023485316e-10,2.860172441e-14,2.832634835e-06,1.235868802e-04,1.351400494e-15,5.346561349e-24,1.430988009e-13
241000,8.749408180e-08,6.040826745e-10,2.769075229e-14,2.899751778e-06,1.235158166e-04,1.258452814e-15,4.722913056e-24,1.431998173e-13
242000,8.443205071e-08,6.058168173e-10,2.677978017e-14,2.966868720e-06,1.234397612e-04,1.171928485e-15,4.172326839e-24,1.433008336e-13
243000,8.137001963e-08,6.075509602e-10,2.586880805e-14,3.033985663e-06,1.233586843e-04,1.091379752e-15,3.686196991e-24,1.434018499e-13
244000,7.830798855e-08,6.092851031e-10,2.495783593e-14,3.101102606e-06,1.232726846e-04,1.016391548e-15,3.256941520e-24,1.435028663e-13
245000,7.524595746e-08,6.110192460e-10,2.404686381e-14,3.168219548e-06,1.231820123e-04,9.465790373e-16,2.877878788e-24,1.436038826e-13
246000,7.218392638e-08,6.127533889e-10,2.313589169e-14,3.235336491e-06,1.230863740e-04,8.815801752e-16,2.543104333e-24,1.437048989e-13
247000,6.912189530e-08,6.144875318e-10,2.222491957e-14,3.302453433e-06,1.229859985e-04,8.210622933e-16,2.247423354e-24,1.438059153e-13
248000,6.647113177e-08,6.161566623e-10,2.142596144e-14,3.377351995e-06,1.228809469e-04,7.647147155e-16,1.986250209e-24,1.438903347e-13
249000,6.431685086e-08,6.177473099e-10,2.076222672e-14,3.461644537e-06,1.227710130e-04,7.122469359e-16,1.755536164e-24,1.439547184e-13
250000,6.216256995e-08,6.193379575e-10,2.009849200e-14,3.545937078e-06,1.226566111e-04,6.633924034e-16,1.551718648e-24,1.440191021e-13
251000,6.000828904e-08,6.209286052e-10,1.943475728e-14,3.630229619e-06,1.225376243e-04,6.179000877e-16,1.371646868e-24,1.440834858e-13
252000,5.785400813e-08,6.225192528e-10,1.877102256e-14,3.714522160e-06,1.224140748e-04,5.755372996e-16,1.212542765e-24,1.441478695e-13
253000,5.569972722e-08,6.241099004e-10,1.810728784e-14,3.798814701e-06,1.222859130e-04,5.360872792e-16,1.071954286e-24,1.442122532e-13
254000,5.354544631e-08,6.257005480e-10,1.744355312e-14,3.883107242e-06,1.221534607e-04,4.993499629e-16,9.477205456e-25,1.442766369e-13
255000,5.139116540e-08,6.272911956e-10,1.677981839e-14,3.967399783e-06,1.220164656e-04,4.651367878e-16,8.379295680e-25,1.443410206e-13
256000,4.923688449e-08,6.288818432e-10,1.611608367e-14,4.051692325e-06,1.218751253e-04,4.332741387e-16,7.408971101e-25,1.444054043e-13
257000,4.728770391e-08,6.304248743e-10,1.551157101e-14,4.143433806e-06,1.217296562e-04,4.036004109e-16,6.551360755e-25,1.444595789e-13
258000,4.577874137e-08,6.318657036e-10,1.503416987e-14,4.251163356e-06,1.215797324e-04,3.759634309e-16,5.793306492e-25,1.444918411e-13
259000,4.426977882e-08,6.333065328e-10,1.455676873e-14,4.358892906e-06,1.214257318e-04,3.502238508e-16,5.123226379e-25,1.445241033e-13
260000,4.276081628e-08,6.347473620e-10,1.407936760e-14,4.466622455e-06,1.212674545e-04,3.262502309e-16,4.530866498e-25,1.445563656e-13
261000,4.125185374e-08,6.361881913e-10,1.360196646e-14,4.574352005e-06,1.211052262e-04,3.039216958e-16,4.007192335e-25,1.445886278e-13
262000,3.974289120e-08,6.376290205e-10,1.312456532e-14,4.682081555e-06,1.209388016e-04,2.831242595e-16,3.544204783e-25,1.446208900e-13
263000,3.823392866e-08,6.390698498e-10,1.264716419e-14,4.789811105e-06,1.207683786e-04,2.637529338e-16,3.134853296e-25,1.446531522e-13
264000,3.672496612e-08,6.405106790e-10,1.216976305e-14,4.897540654e-06,1.205940340e-04,2.457096757e-16,2.772905763e-25,1.446854144e-13
265000,3.521600358e-08,6.419515082e-10,1.169236191e-14,5.005270204e-06,1.204157040e-04,2.289029401e-16,2.452853784e-25,1.447176767e-13
266000,3.370704104e-08,6.433923375e-10,1.121496078e-14,5.112999754e-06,1.202336320e-04,2.132480946e-16,2.169837345e-25,1.447499389e-13
267000,3.264046037e-08,6.446900636e-10,1.087006684e-14,5.248665805e-06,1.200475825e-04,1.986654875e-16,1.919553680e-25,1.447594937e-13
268000,3.158375878e-08,6.459845941e-10,1.052813199e-14,5.384955721e-06,1.198579280e-04,1.850819991e-16,1.698211237e-25,1.447685413e-13
269000,3.052705718e-08,6.472791245e-10,1.018619715e-14,5.521245638e-06,1.196645015e-04,1.724286731e-16,1.502451256e-25,1.447775890e-13
270000,2.947035559e-08,6.485736550e-10,9.844262303e-15,5.657535554e-06,1.194674025e-04,1.606417307e-16,1.329309612e-25,1.447866367e-13
271000,2.841365399e-08,6.498681854e-10,9.502327457e-15,5.793825471e-06,1.192666578e-04,1.496616822e-16,1.176165837e-25,1.447956844e-13
272000,2.735695240e-08,6.511627159e-10,9.160392612e-15,5.930115387e-06,1.190623605e-04,1.394332198e-16,1.040704619e-25,1.448047320e-13
273000,2.630025080e-08,6.524572463e-10,8.818457767e-15,6.066405304e-06,1.188544924e-04,1.299047110e-16,9.208785510e-26,1.448137797e-13
274000,2.524354921e-08,6.537517768e-10,8.476522921e-15,6.202695220e-06,1.186431123e-04,1.210281705e-16,8.148786273e-26,1.448228274e-13
275000,2.418684761e-08,6.550463072e-10,8.134588076e-15,6.338985136e-06,1.184284339e-04,1.127590595e-16,7.211066649e-26,1.448318751e-13
276000,2.327211107e-08,6.562767065e-10,7.836754802e-15,6.491467776e-06,1.182103252e-04,1.050555633e-16,6.381476401e-26,1.448332288e-13
277000,2.253524062e-08,6.574267569e-10,7.594175792e-15,6.664238060e-06,1.179889858e-04,9.787905091e-17,5.647525374e-26,1.448249428e-13
278000,2.179837018e-08,6.585768072e-10,7.351596782e-15,6.837008343e-06,1.177641820e-04,9.119318523e-17,4.998149994e-26,1.448166569e-13
279000,2.106149973e-08,6.597268575e-10,7.109017773e-15,7.009778627e-06,1.175363186e-04,8.496463177e-17,4.423596622e-26,1.448083709e-13
280000,2.032462928e-08,6.608769079e-10,6.866438763e-15,7.182548911e-06,1.173051460e-04,7.916185110e-17,3.915214415e-26,1.448000850e-13
281000,1.958775884e-08,6.620269582e-10,6.623859753e-15,7.355319194e-06,1.170708210e-04,7.375576683e-17,3.465369560e-26,1.447917991e-13
282000,1.885088839e-08,6.631770085e-10,6.381280743e-15,7.528089478e-06,1.168335441e-04,6.871930975e-17,3.067311481e-26,1.447835131e-13
283000,1.811401795e-08,6.643270589e-10,6.138701734e-15,7.700859762e-06,1.165931574e-04,6.402705351e-17,2.715060715e-26,1.447752272e-13
284000,1.737714750e-08,6.654771092e-10,5.896122724e-15,7.873630045e-06,1.163497136e-04,5.965544768e-17,2.403335305e-26,1.447669412e-13
285000,1.664027705e-08,6.666271595e-10,5.653543714e-15,8.046400329e-06,1.161034528e-04,5.558264576e-17,2.127467150e-26,1.447586553e-13
286000,1.606699269e-08,6.676751830e-10,5.463516392e-15,8.253045171e-06,1.158542120e-04,5.178810076e-17,1.883319752e-26,1.447413459e-13
287000,1.555549592e-08,6.686846703e-10,5.293338209e-15,8.472484669e-06,1.156021947e-04,4.825284658e-17,1.667240933e-26,1.447206284e-13
288000,1.504399916e-08,6.696941575e-10,5.123160025e-15,8.691924168e-06,1.153472605e-04,4.495906964e-17,1.475995020e-26,1.446999108e-13
289000,1.453250239e-08,6.707036447e-10,4.952981842e-15,8.911363666e-06,1.150897437e-04,4.189036483e-17,1.306726079e-26,1.446791932e-13
290000,1.402100563e-08,6.717131320e-10,4.782803659e-15,9.130803164e-06,1.148293733e-04,3.903122407e-17,1.156900488e-26,1.446584757e-13
291000,1.350950887e-08,6.727226192e-10,4.612625476e-15,9.350242663e-06,1.145664497e-04,3.636740499e-17,1.024283159e-26,1.446377581e-13
292000,1.299801210e-08,6.737321065e-10,4.442447292e-15,9.569682161e-06,1.143008378e-04,3.388549519e-17,9.068924952e-27,1.446170405e-13
293000,1.248651534e-08,6.747415937e-10,4.272269109e-15,9.789121660e-06,1.140327659e-04,3.157311222e-17,8.029784300e-27,1.445963230e-13
294000,1.197501857e-08,6.757510810e-10,4.102090926e-15,1.000856116e-05,1.137620295e-04,2.941859929e-17,7.109894472e-27,1.445756054e-13
295000,1.146352181e-08,6.767605682e-10,3.931912743e-15,1.022800066e-05,1.134889997e-04,2.741124975e-17,6.295565475e-27,1.445548878e-13
296000,1.108423141e-08,6.776571870e-10,3.806177431e-15,1.049739840e-05,1.132134061e-04,2.554092914e-17,5.574646302e-27,1.445269620e-13
297000,1.073087623e-08,6.785316641e-10,3.689160576e-15,1.077659656e-05,1.129354329e-04,2.379830675e-17,4.936410657e-27,1.444976220e-13
298000,1.037752105e-08,6.794061412e-10,3.572143722e-15,1.105579473e-05,1.126551825e-04,2.217466817e-17,4.371361687e-27,1.444682821e-13
299000,1.002416587e-08,6.802806183e-10,3.455126867e-15,1.133499289e-05,1.123726633e-04,2.066187567e-17,3.871091611e-27,1.444389422e-13
300000,9.670810695e-09,6.811550954e-10,3.338110013e-15,1.161419105e-05,1.120877961e-04,1.925233460e-17,3.428157918e-27,1.444096022e-13
301000,9.317455515e-09,6.820295725e-10,3.221093159e-15,1.189338922e-05,1.118008139e-04,1.793902406e-17,3.035984019e-27,1.443802623e-13
302000,8.964100336e-09,6.829040496e-10,3.104076304e-15,1.217258738e-05,1.115116992e-04,1.671535961e-17,2.688741811e-27,1.443509223e-13
303000,8.610745157e-09,6.837785267e-10,2.987059450e-15,1.245178554e-05,1.112203240e-04,1.557519358e-17,2.381271508e-27,1.443215824e-13
304000,8.257389978e-09,6.846530038e-10,2.870042595e-15,1.273098371e-05,1.109269120e-04,1.451284935e-17,2.109014369e-27,1.442922425e-13
305000,7.904034798e-09,6.855274809e-10,2.753025741e-15,1.301018187e-05,1.106316088e-04,1.352302404e-17,1.867932974e-27,1.442629025e-13
306000,7.637628452e-09,6.863008839e-10,2.666141970e-15,1.334963983e-05,1.103342794e-04,1.260074280e-17,1.654449019e-27,1.442289458e-13
307000,7.394737091e-09,6.870469518e-10,2.587407578e-15,1.370539482e-05,1.100349180e-04,1.174138883e-17,1.465397922e-27,1.441937405e-13
308000,7.151845731e-09,6.877930197e-10,2.508673186e-15,1.406114982e-05,1.097336735e-04,1.094067721e-17,1.297980541e-27,1.441585352e-13
309000,6.908954370e-09,6.885390876e-10,2.429938794e-15,1.441690481e-05,1.094305793e-04,1.019460292e-17,1.149717437e-27,1.441233299e-13
310000,6.666063009e-09,6.892851555e-10,2.351204402e-15,1.477265981e-05,1.091257445e-04,9.499441382e-18,1.018414520e-27,1.440881246e-13
311000,6.423171648e-09,6.900312234e-10,2.272470010e-15,1.512841480e-05,1.088189624e-04,8.851695714e-18,9.021266773e-28,1.440529193e-13
312000,6.180280287e-09,6.907772914e-10,2.193735618e-15,1.548416980e-05,1.085106230e-04,8.248157292e-18,7.991370715e-28,1.440177140e-13
313000,5.937388927e-09,6.915233593e-10,2.115001226e-15,1.583992479e-05,1.082004995e-04,7.685787595e-18,7.079208693e-28,1.439825087e-13
314000,5.694497566e-09,6.922694272e-10,2.036266834e-15,1.619567978e-05,1.078887413e-04,7.161784499e-18,6.271309309e-28,1.439473034e-13
315000,5.451606205e-09,6.930154951e-10,1.957532442e-15,1.655143478e-05,1.075753679e-04,6.673527745e-18,5.555736789e-28,1.439120981e-13
316000,5.254230560e-09,6.936893158e-10,1.893984571e-15,1.696672469e-05,1.072604280e-04,6.218578020e-18,4.921925398e-28,1.438743792e-13
317000,5.088175182e-09,6.943134218e-10,1.840886848e-15,1.742298177e-05,1.069439236e-04,5.794659983e-18,4.360518349e-28,1.438349306e-13
318000,4.922119805e-09,6.949375278e-10,1.787789125e-15,1.787923885e-05,1.066259494e-04,5.399658790e-18,3.863234944e-28,1.437954820e-13
319000,4.756064428e-09,6.955616338e-10,1.734691402e-15,1.833549592e-05,1.063064343e-04,5.031595624e-18,3.422737133e-28,1.437560333e-13
320000,4.590009050e-09,6.961857398e-10,1.681593679e-15,1.879175300e-05,1.059855660e-04,4.688639253e-18,3.032536008e-28,1.437165847e-13
321000,4.423953673e-09,6.968098458e-10,1.628495956e-15,1.924801008e-05,1.056632809e-04,4.369071794e-18,2.686877895e-28,1.436771361e-13
322000,4.257898295e-09,6.974339518e-10,1.575398233e-15,1.970426715e-05,1.053396389e-04,4.071298289e-18,2.380671627e-28,1.436376875e-13
323000,4.091842918e-09,6.980580578e-10,1.522300510e-15,2.016052423e-05,1.050147305e-04,3.793833599e-18,2.109409276e-28,1.435982389e-13
324000,3.925787540e-09,6.986821638e-10,1.469202787e-15,2.061678131e-05,1.046884584e-04,3.535287272e-18,1.869095159e-28,1.435587902e-13
325000,3.759732163e-09,6.993062699e-10,1.416105063e-15,2.107303838e-05,1.043610902e-04,3.294376203e-18,1.656197448e-28,1.435193416e-13
326000,3.607779602e-09,6.998991824e-10,1.367482299e-15,2.156696270e-05,1.040324168e-04,3.069889380e-18,1.467580404e-28,1.434788372e-13
327000,3.494954956e-09,7.004055494e-10,1.331275197e-15,2.216539385e-05,1.037025835e-04,2.860709670e-18,1.300472645e-28,1.434354033e-13
328000,3.382130310e-09,7.009119164e-10,1.295068096e-15,2.276382500e-05,1.033716786e-04,2.665794135e-18,1.152418614e-28,1.433919695e-13
329000,3.269305664e-09,7.014182834e-10,1.258860994e-15,2.336225615e-05,1.030396033e-04,2.484166246e-18,1.021241491e-28,1.433485356e-13
330000,3.156481018e-09,7.019246504e-10,1.222653892e-15,2.396068730e-05,1.027064669e-04,2.314921468e-18,9.050156212e-29,1.433051018e-13
331000,3.043656372e-09,7.024310175e-10,1.186446790e-15,2.455911845e-05,1.023722387e-04,2.157213713e-18,8.020341234e-29,1.432616679e-13
332000,2.930831726e-09,7.029373845e-10,1.150239688e-15,2.515754960e-05,1.020370931e-04,2.010258945e-18,7.107867819e-29,1.432182341e-13
333000,2.818007080e-09,7.034437515e-10,1.114032586e-15,2.575598075e-05,1.017009736e-04,1.873321835e-18,6.299341734e-29,1.431748002e-13
334000,2.705182434e-09,7.039501185e-10,1.077825484e-15,2.635441190e-05,1.013638371e-04,1.745717818e-18,5.582901764e-29,1.431313664e-13
335000,2.592357787e-09,7.044564855e-10,1.041618383e-15,2.695284305e-05,1.010259346e-04,1.626814029e-18,4.948057256e-29,1.430879325e-13
336000,2.479533141e-09,7.049628525e-10,1.005411281e-15,2.755127420e-05,1.006871186e-04,1.516014105e-18,4.385494600e-29,1.430444987e-13
337000,2.396506501e-09,7.053799636e-10,9.786886869e-16,2.828938792e-05,1.003473959e-04,1.412765093e-18,3.886972406e-29,1.429984210e-13
338000,2.320109734e-09,7.057772158e-10,9.540763382e-16,2.905858017e-05,1.000069510e-04,1.316554176e-18,3.445196520e-29,1.429517551e-13
339000,2.243712967e-09,7.061744680e-10,9.294639894e-16,2.982777241e-05,9.966567861e-05,1.226899568e-18,3.053694659e-29,1.429050891e-13
340000,2.167316200e-09,7.065717201e-10,9.048516407e-16,3.059696465e-05,9.932360987e-05,1.143354261e-18,2.706738372e-29,1.428584232e-13
341000,2.090919433e-09,7.069689723e-10,8.802392920e-16,3.136615690e-05,9.898086104e-05,1.065502657e-18,2.399254839e-29,1.428117573e-13
342000,2.014522666e-09,7.073662245e-10,8.556269432e-16,3.213534914e-05,9.863742421e-05,9.929560824e-19,2.126746558e-29,1.427650914e-13
343000,1.938125899e-09,7.077634767e-10,8.310145945e-16,3.290454139e-05,9.829336213e-05,9.253531246e-19,1.885230686e-29,1.427184255e-13
344000,1.861729132e-09,7.081607288e-10,8.064022457e-16,3.367373363e-05,9.794870605e-05,8.623566926e-19,1.671177851e-29,1.426717596e-13
345000,1.785332365e-09,7.085579810e-10,7.817898970e-16,3.444292587e-05,9.760340645e-05,8.036520300e-19,1.481459908e-29,1.426250936e-13
346000,1.708935598e-09,7.089552332e-10,7.571775483e-16,3.521211812e-05,9.725743474e-05,7.489461411e-19,1.313306027e-29,1.425784277e-13
347000,1.639120329e-09,7.093247370e-10,7.347129938e-16,3.603913358e-05,9.691100005e-05,6.979678104e-19,1.164264296e-29,1.425306685e-13
348000,1.587668243e-09,7.096168192e-10,7.182410474e-16,3.702748290e-05,9.656403454e-05,6.504622014e-19,1.032158524e-29,1.424798587e-13
349000,1.536216156e-09,7.099089015e-10,7.017691010e-16,3.801583222e-05,9.621662186e-05,6.061929464e-19,9.150623006e-30,1.424290490e-13
350000,1.484764070e-09,7.102009838e-10,6.852971546e-16,3.900418154e-05,9.586872175e-05,5.649390022e-19,8.112674623e-30,1.423782393e-13
351000,1.433311983e-09,7.104930661e-10,6.688252082e-16,3.999253085e-05,9.552036311e-05,5.264948643e-19,7.192611426e-30,1.423274295e-13
352000,1.381859897e-09,7.107851484e-10,6.523532618e-16,4.098088017e-05,9.517150152e-05,4.906686630e-19,6.377022709e-30,1.422766198e-13
353000,1.330407810e-09,7.110772307e-10,6.358813154e-16,4.196922949e-05,9.482233772e-05,4.572828661e-19,5.654040980e-30,1.422258100e-13
354000,1.278955724e-09,7.113693130e-10,6.194093690e-16,4.295757881e-05,9.447291593e-05,4.261711788e-19,5.013137976e-30,1.421750003e-13
355000,1.227503637e-09,7.116613952e-10,6.029374226e-16,4.394592813e-05,9.412288750e-05,3.971769785e-19,4.444965198e-30,1.421241906e-13
356000,1.176051550e-09,7.119534775e-10,5.864654762e-16,4.493427744e-05,9.377266321e-05,3.701576278e-19,3.941276021e-30,1.420733808e-13
357000,1.124599464e-09,7.122455598e-10,5.699935298e-16,4.592262676e-05,9.342222193e-05,3.449783190e-19,3.494740350e-30,1.420225711e-13
358000,1.083577032e-09,7.124740248e-10,5.575814640e-16,4.708332207e-05,9.307138415e-05,3.215129287e-19,3.098857554e-30,1.419681966e-13
359000,1.049107897e-09,7.126625170e-10,5.477203550e-16,4.835230805e-05,9.272047181e-05,2.996456916e-19,2.747883672e-30,1.419115823e-13
360000,1.014638762e-09,7.128510092e-10,5.378592461e-16,4.962129402e-05,9.236921642e-05,2.792667629e-19,2.436709443e-30,1.418549680e-13
361000,9.801696267e-10,7.130395014e-10,5.279981371e-16,5.089028000e-05,9.201780936e-05,2.602752628e-19,2.160820122e-30,1.417983536e-13
362000,9.457004915e-10,7.132279936e-10,5.181370282e-16,5.215926598e-05,9.166610763e-05,2.425762108e-19,1.916205906e-30,1.417417393e-13
363000,9.112313563e-10,7.134164858e-10,5.082759192e-16,5.342825195e-05,9.131436824e-05,2.260821769e-19,1.699321446e-30,1.416851250e-13
364000,8.767622211e-10,7.136049780e-10,4.984148103e-16,5.469723793e-05,9.096243551e-05,2.107106232e-19,1.507016030e-30,1.416285107e-13
365000,8.422930859e-10,7.137934702e-10,4.885537014e-16,5.596622391e-05,9.061030996e-05,1.963850580e-19,1.336500346e-30,1.415718963e-13
366000,8.078239507e-10,7.139819624e-10,4.786925924e-16,5.723520988e-05,9.025833121e-05,1.830349001e-19,1.185306547e-30,1.415152820e-13
367000,7.733548155e-10,7.141704546e-10,4.688314835e-16,5.850419586e-05,8.990605758e-05,1.705927728e-19,1.051236617e-30,1.414586677e-13
368000,7.388856803e-10,7.143589468e-10,4.589703745e-16,5.977318184e-05,8.955374585e-05,1.589973045e-19,9.323513505e-31,1.414020534e-13
369000,7.145251991e-10,7.144538967e-10,4.536632086e-16,6.136606323e-05,8.920147425e-05,1.481909261e-19,8.269292358e-31,1.413378817e-13
370000,6.915541952e-10,7.145359889e-10,4.489820015e-16,6.300346541e-05,8.884919944e-05,1.381197859e-19,7.334430669e-31,1.412726712e-13
371000,6.685831912e-10,7.146180810e-10,4.443007944e-16,6.464086759e-05,8.849691021e-05,1.287337690e-19,6.505394565e-31,1.412074607e-13
372000,6.456121873e-10,7.147001732e-10,4.396195873e-16,6.627826978e-05,8.814457756e-05,1.199861612e-19,5.770186083e-31,1.411422502e-13
373000,6.226411834e-10,7.147822654e-10,4.349383801e-16,6.791567196e-05,8.779230252e-05,1.118336095e-19,5.118177522e-31,1.410770397e-13
374000,5.996701794e-10,7.148643575e-10,4.302571730e-16,6.955307415e-05,8.744009646e-05,1.042355877e-19,4.539940821e-31,1.410118292e-13
375000,5.766991755e-10,7.149464497e-10,4.255759659e-16,7.119047633e-05,8.708796242e-05,9.715432413e-20,4.027117389e-31,1.409466187e-13
376000,5.537281716e-10,7.150285418e-10,4.208947588e-16,7.282787851e-05,8.673599254e-05,9.055471725e-20,3.572300746e-31,1.408814082e-13
377000,5.307571676e-10,7.151106340e-10,4.162135516e-16,7.446528070e-05,8.638406754e-05,8.440383626e-20,3.168915717e-31,1.408161977e-13
378000,5.077861637e-10,7.151927261e-10,4.115323445e-16,7.610268288e-05,8.603224536e-05,7.867118225e-20,2.811140282e-31,1.407509872e-13
379000,4.853422702e-10,7.152667045e-10,4.070322867e-16,7.777554968e-05,8.568053070e-05,7.332828096e-20,2.493810477e-31,1.406848355e-13
380000,4.701157723e-10,7.152295857e-10,4.050125942e-16,7.993401134e-05,8.532911410e-05,6.834874867e-20,2.212352656e-31,1.406057964e-13
381000,4.548892744e-10,7.151924669e-10,4.029929017e-16,8.209247300e-05,8.497789870e-05,6.370775712e-20,1.962703450e-31,1.405267574e-13
382000,4.396627766e-10,7.151553481e-10,4.009732092e-16,8.425093466e-05,8.462675940e-05,5.938216679e-20,1.741260369e-31,1.404477184e-13
383000,4.244362787e-10,7.151182293e-10,3.989535167e-16,8.640939632e-05,8.427582446e-05,5.535059974e-20,1.544834723e-31,1.403686794e-13
384000,4.092097808e-10,7.150811105e-10,3.969338242e-16,8.856785798e-05,8.392508306e-05,5.159303382e-20,1.370596044e-31,1.402896403e-13
385000,3.939832829e-10,7.150439917e-10,3.949141317e-16,9.072631964e-05,8.357467687e-05,4.809090134e-20,1.216036830e-31,1.402106013e-13
386000,3.787567850e-10,7.150068729e-10,3.928944392e-16,9.288478130e-05,8.322448856e-05,4.482674595e-20,1.078929598e-31,1.401315623e-13
387000,3.635302872e-10,7.149697541e-10,3.908747467e-16,9.504324296e-05,8.287458762e-05,4.178440833e-20,9.573018495e-32,1.400525233e-13
388000,3.483037893e-10,7.149326353e-10,3.888550542e-16,9.720170462e-05,8.252491587e-05,3.894876392e-20,8.494028696e-32,1.399734842e-13
389000,3.330772914e-10,7.148955165e-10,3.868353618e-16,9.936016629e-05,8.217559252e-05,3.630580302e-20,7.536819946e-32,1.398944452e-13
390000,3.188234443e-10,7.148349940e-10,3.850299926e-16,1.016336031e-04,8.182645831e-05,3.384234572e-20,6.687614552e-32,1.398121968e-13
391000,3.087637503e-10,7.146735528e-10,3.841488039e-16,1.044028225e-04,8.147771202e-05,3.154626176e-20,5.934224699e-32,1.397161093e-13
392000,2.987040562e-10,7.145121116e-10,3.832676153e-16,1.071720418e-04,8.112939334e-05,2.940617520e-20,5.265826517e-32,1.396200218e-13
393000,2.886443622e-10,7.143506704e-10,3.823864266e-16,1.099412612e-04,8.078127084e-05,2.741139101e-20,4.672804473e-32,1.395239343e-13
394000,2.785846681e-10,7.141892292e-10,3.815052379e-16,1.127104806e-04,8.043354201e-05,2.555209440e-20,4.146657451e-32,1.394278468e-13
395000,2.685249741e-10,7.140277880e-10,3.806240492e-16,1.154796999e-04,8.008627929e-05,2.381908994e-20,3.679836565e-32,1.393317594e-13
396000,2.584652800e-10,7.138663468e-10,3.797428606e-16,1.182489193e-04,7.973932272e-05,2.220374017e-20,3.265636102e-32,1.392356719e-13
397000,2.484055860e-10,7.137049056e-10,3.788616719e-16,1.210181387e-04,7.939279222e-05,2.069807779e-20,2.898121045e-32,1.391395844e-13
398000,2.383458919e-10,7.135434644e-10,3.779804832e-16,1.237873580e-04,7.904663855e-05,1.929463090e-20,2.572020308e-32,1.390434969e-13
399000,2.282861978e-10,7.133820233e-10,3.770992945e-16,1.265565774e-04,7.870088024e-05,1.798645446e-20,2.282661129e-32,1.389474094e-13
400000,2.182265038e-10,7.132205821e-10,3.762181059e-16,1.293257968e-04,7.835560447e-05,1.676709033e-20,2.025900396e-32,1.388513219e-13
401000,2.090121980e-10,7.130245929e-10,3.754315698e-16,1.322842694e-04,7.801072791e-05,1.563048256e-20,1.798058464e-32,1.387496243e-13
402000,2.023942881e-10,7.127224986e-10,3.749357355e-16,1.358239856e-04,7.766638558e-05,1.457103184e-20,1.595876545e-32,1.386306969e-13
403000,1.957763782e-10,7.124204042e-10,3.744399011e-16,1.393637019e-04,7.732241065e-05,1.358346236e-20,1.416457496e-32,1.385117694e-13
404000,1.891584684e-10,7.121183099e-10,3.739440668e-16,1.429034181e-04,7.697886405e-05,1.266290066e-20,1.257236123e-32,1.383928419e-13
405000,1.825405585e-10,7.118162156e-10,3.734482324e-16,1.464431343e-04,7.663592736e-05,1.180482166e-20,1.115938265e-32,1.382739145e-13
406000,1.759226486e-10,7.115141212e-10,3.729523981e-16,1.499828505e-04,7.629348407e-05,1.100496005e-20,9.905417621e-33,1.381549870e-13
407000,1.693047387e-10,7.112120269e-10,3.724565637e-16,1.535225668e-04,7.595139818e-05,1.025934160e-20,8.792530372e-33,1.380360595e-13
408000,1.626868289e-10,7.109099325e-10,3.719607294e-16,1.570622830e-04,7.560987111e-05,9.564308750e-21,7.804849233e-33,1.379171321e-13
409000,1.560689190e-10,7.106078382e-10,3.714648950e-16,1.606019992e-04,7.526897380e-05,8.916432445e-21,6.928274221e-33,1.377982046e-13
410000,1.494510091e-10,7.103057439e-10,3.709690607e-16,1.641417154e-04,7.492850882e-05,8.312485765e-21,6.150272205e-33,1.376792771e-13
411000,1.428330993e-10,7.100036495e-10,3.704732263e-16,1.676814316e-04,7.458857500e-05,7.749496376e-21,5.459751000e-33,1.375603497e-13
412000,1.367727458e-10,7.096616974e-10,3.700012169e-16,1.714196468e-04,7.424922738e-05,7.224687899e-21,4.846863963e-33,1.374340962e-13
413000,1.324366887e-10,7.091964815e-10,3.696028882e-16,1.757717386e-04,7.391039175e-05,6.735460095e-21,4.302866108e-33,1.372851862e-13
414000,1.281006316e-10,7.087312656e-10,3.692045596e-16,1.801238305e-04,7.357204630e-05,6.279395392e-21,3.820002570e-33,1.371362763e-13
415000,1.237645745e-10,7.082660496e-10,3.688062309e-16,1.844759223e-04,7.323440089e-05,5.854259504e-21,3.391403651e-33,1.369873663e-13
416000,1.194285173e-10,7.078008337e-10,3.684079022e-16,1.888280141e-04,7.289735043e-05,5.457943356e-21,3.010957660e-33,1.368384564e-13
417000,1.150924602e-10,7.073356177e-10,3.680095736e-16,1.931801060e-04,7.256084693e-05,5.088486905e-21,2.673245298e-33,1.366895464e-13
418000,1.107564031e-10,7.068704018e-10,3.676112449e-16,1.975321978e-04,7.222480315e-05,4.744061462e-21,2.373457133e-33,1.365406365e-13
419000,1.064203460e-10,7.064051859e-10,3.672129162e-16,2.018842897e-04,7.188951740e-05,4.422987441e-21,2.107337663e-33,1.363917265e-13
420000,1.020842888e-10,7.059399699e-10,3.668145876e-16,2.062363815e-04,7.155484680e-05,4.123670537e-21,1.871096199e-33,1.362428166e-13
421000,9.774823171e-11,7.054747540e-10,3.664162589e-16,2.105884734e-04,7.122068413e-05,3.844628400e-21,1.661371095e-33,1.360939066e-13
422000,9.341217458e-11,7.050095381e-10,3.660179302e-16,2.149405652e-04,7.088714644e-05,3.584491866e-21,1.475184661e-33,1.359449967e-13
423000,8.935702351e-11,7.045082226e-10,3.656133445e-16,2.192257703e-04,7.055424429e-05,3.341978638e-21,1.309891562e-33,1.357888406e-13
424000,8.652716505e-11,7.038494437e-10,3.651814661e-16,2.232192204e-04,7.022205424e-05,3.115896405e-21,1.163145228e-33,1.356010774e-13
425000,8.369730660e-11,7.031906647e-10,3.647495877e-16,2.272126705e-04,6.989043415e-05,2.905124179e-21,1.032859525e-33,1.354133142e-13
426000,8.086744815e-11,7.025318858e-10,3.643177093e-16,2.312061205e-04,6.955948196e-05,2.708627632e-21,9.171869106e-34,1.352255510e-13
427000,7.803758969e-11,7.018731068e-10,3.638858309e-16,2.351995706e-04,6.922914720e-05,2.525436558e-21,8.144854816e-34,1.350377878e-13
428000,7.520773124e-11,7.012143279e-10,3.634539525e-16,2.391930206e-04,6.889950928e-05,2.354651455e-21,7.232995661e-34,1.348500246e-13
429000,7.237787279e-11,7.005555489e-10,3.630220740e-16,2.431864707e-04,6.857050866e-05,2.195428966e-21,6.423356082e-34,1.346622614e-13
430000,6.954801433e-11,6.998967700e-10,3.625901956e-16,2.471799207e-04,6.824219215e-05,2.046986580e-21,5.704465733e-34,1.344744982e-13
431000,6.671815588e-11,6.992379910e-10,3.621583172e-16,2.511733708e-04,6.791454567e-05,1.908592954e-21,5.066137832e-34,1.342867350e-13
432000,6.388829743e-11,6.985792121e-10,3.617264388e-16,2.551668208e-04,6.758759327e-05,1.779567496e-21,4.499333477e-34,1.340989718e-13
433000,6.105843897e-11,6.979204331e-10,3.612945604e-16,2.591602709e-04,6.726127109e-05,1.659273543e-21,3.996023763e-34,1.339112086e-13
434000,5.830009511e-11,6.972452229e-10,3.608607785e-16,2.630113232e-04,6.693570968e-05,1.547122447e-21,3.549093441e-34,1.337219122e-13
435000,5.646091498e-11,6.963588246e-10,3.604025322e-16,2.650321639e-04,6.661073319e-05,1.442558324e-21,3.152209782e-34,1.335129100e-13
436000,5.462173485e-11,6.954724262e-10,3.599442858e-16,2.670530046e-04,6.628663506e-05,1.345073265e-21,2.799773920e-34,1.333039077e-13
437000,5.278255472e-11,6.945860279e-10,3.594860394e-16,2.690738453e-04,6.596309272e-05,1.254181004e-21,2.486788416e-34,1.330949055e-13
438000,5.094337459e-11,6.936996296e-10,3.590277931e-16,2.710946860e-04,6.564027019e-05,1.169438117e-21,2.208837434e-34,1.328859032e-13
439000,4.910419447e-11,6.928132313e-10,3.585695467e-16,2.731155267e-04,6.531820296e-05,1.090428561e-21,1.961995061e-34,1.326769010e-13
440000,4.726501434e-11,6.919268330e-10,3.581113004e-16,2.751363674e-04,6.499685853e-05,1.016763350e-21,1.742773896e-34,1.324678987e-13
441000,4.542583421e-11,6.910404346e-10,3.576530540e-16,2.771572082e-04,6.467617372e-05,9.480795483e-22,1.548077486e-34,1.322588965e-13
442000,4.358665408e-11,6.901540363e-10,3.571948076e-16,2.791780489e-04,6.435628437e-05,8.840417442e-22,1.375161551e-34,1.320498942e-13
443000,4.174747395e-11,6.892676380e-10,3.567365613e-16,2.811988896e-04,6.403705128e-05,8.243333885e-22,1.221583460e-34,1.318408920e-13
444000,3.990829382e-11,6.883812397e-10,3.562783149e-16,2.832197303e-04,6.371852251e-05,7.686620021e-22,1.085178646e-34,1.316318897e-13
445000,3.806911369e-11,6.874948413e-10,3.558200685e-16,2.852405710e-04,6.340081389e-05,7.167555925e-22,9.640260159e-35,1.314228875e-13
446000,3.681358630e-11,6.867069695e-10,3.555546849e-16,2.867202114e-04,6.308379021e-05,6.683577092e-22,8.564159022e-35,1.313091902e-13
447000,3.562349519e-11,6.859301440e-10,3.553109240e-16,2.881391751e-04,6.276753947e-05,6.232317813e-22,7.608336372e-35,1.312061781e-13
448000,3.443340408e-11,6.851533185e-10,3.550671631e-16,2.895581388e-04,6.245205261e-05,5.811562080e-22,6.759329182e-35,1.311031660e-13
449000,3.324331297e-11,6.843764930e-10,3.548234022e-16,2.909771025e-04,6.213720395e-05,5.419234136e-22,6.005172398e-35,1.310001539e-13
450000,3.205322186e-11,6.835996675e-10,3.545796413e-16,2.923960662e-04,6.182327114e-05,5.053433936e-22,5.335280386e-35,1.308971418e-13
451000,3.086313075e-11,6.828228420e-10,3.543358805e-16,2.938150299e-04,6.150998211e-05,4.712343845e-22,4.740203163e-35,1.307941297e-13
452000,2.967303965e-11,6.820460164e-10,3.540921196e-16,2.952339936e-04,6.119749907e-05,4.394304565e-22,4.211586251e-35,1.306911176e-13
453000,2.848294854e-11,6.812691909e-10,3.538483587e-16,2.966529573e-04,6.088578077e-05,4.097753323e-22,3.741994515e-35,1.305881054e-13
454000,2.729285743e-11,6.804923654e-10,3.536045978e-16,2.980719210e-04,6.057479048e-05,3.821234079e-22,3.324826543e-35,1.304850933e-13
455000,2.610276632e-11,6.797155399e-10,3.533608369e-16,2.994908847e-04,6.026460699e-05,3.563396694e-22,2.954226294e-35,1.303820812e-13
456000,2.491267521e-11,6.789387144e-10,3.531170761e-16,3.009098484e-04,5.995511166e-05,3.322970680e-22,2.624983321e-35,1.302790691e-13
457000,2.400481374e-11,6.785716475e-10,3.529622237e-16,3.024024208e-04,5.964646307e-05,3.098787249e-22,2.332482877e-35,1.302266669e-13
458000,2.324070955e-11,6.784132963e-10,3.528526581e-16,3.039324867e-04,5.933854790e-05,2.889741970e-22,2.072615031e-35,1.302000436e-13
459000,2.247660535e-11,6.782549451e-10,3.527430925e-16,3.054625526e-04,5.903151511e-05,2.694818245e-22,1.841739212e-35,1.301734202e-13
460000,2.171250115e-11,6.780965939e-10,3.526335268e-16,3.069926185e-04,5.872505045e-05,2.513047228e-22,1.636607678e-35,1.301467968e-13
461000,2.094839696e-11,6.779382427e-10,3.525239612e-16,3.085226844e-04,5.841952915e-05,2.343555847e-22,1.454355963e-35,1.301201735e-13
462000,2.018429276e-11,6.777798916e-10,3.524143956e-16,3.100527503e-04,5.811475484e-05,2.185505797e-22,1.292424073e-35,1.300935501e-13
463000,1.942018856e-11,6.776215404e-10,3.523048299e-16,3.115828163e-04,5.781073847e-05,2.038124253e-22,1.148543873e-35,1.300669268e-13
464000,1.865608437e-11,6.774631892e-10,3.521952643e-16,3.131128822e-04,5.750757617e-05,1.900693436e-22,1.020702193e-35,1.300403034e-13
465000,1.789198017e-11,6.773048380e-10,3.520856987e-16,3.146429481e-04,5.720508481e-05,1.772534905e-22,9.071058983e-36,1.300136800e-13
466000,1.712787598e-11,6.771464869e-10,3.519761330e-16,3.161730140e-04,5.690349642e-05,1.653029255e-22,8.061690731e-36,1.299870567e-13
467000,1.636377178e-11,6.769881357e-10,3.518665674e-16,3.177030799e-04,5.660263782e-05,1.541586692e-22,7.164767781e-36,1.299604333e-13
468000,1.569627637e-11,6.768065082e-10,3.517504390e-16,3.193633338e-04,5.630262476e-05,1.437665603e-22,6.367761526e-36,1.299321450e-13
469000,1.520512654e-11,6.765823930e-10,3.516223312e-16,3.212612274e-04,5.600333077e-05,1.340754662e-22,5.659513922e-36,1.299008174e-13
470000,1.471397672e-11,6.763582777e-10,3.514942234e-16,3.231591209e-04,5.570493278e-05,1.250384511e-22,5.030144638e-36,1.298694898e-13
471000,1.422282689e-11,6.761341625e-10,3.513661156e-16,3.250570145e-04,5.540723559e-05,1.166108967e-22,4.470841282e-36,1.298381622e-13
472000,1.373167706e-11,6.759100473e-10,3.512380078e-16,3.269549081e-04,5.511040517e-05,1.087519925e-22,3.973806578e-36,1.298068347e-13
473000,1.324052723e-11,6.756859321e-10,3.511099000e-16,3.288528016e-04,5.481429131e-05,1.014230410e-22,3.532089223e-36,1.297755071e-13
474000,1.274937741e-11,6.754618169e-10,3.509817922e-16,3.307506952e-04,5.451905251e-05,9.458854931e-23,3.139534691e-36,1.297441795e-13
475000,1.225822758e-11,6.752377017e-10,3.508536844e-16,3.326485888e-04,5.422461737e-05,8.821499877e-23,2.790660351e-36,1.297128519e-13
476000,1.176707775e-11,6.750135865e-10,3.507255766e-16,3.345464823e-04,5.393096089e-05,8.227123011e-23,2.480598687e-36,1.296815244e-13
477000,1.127592793e-11,6.747894713e-10,3.505974688e-16,3.364443759e-04,5.363814468e-05,7.672832139e-23,2.205029083e-36,1.296501968e-13
478000,1.078477810e-11,6.745653561e-10,3.504693610e-16,3.383422695e-04,5.334611580e-05,7.155913565e-23,1.960107773e-36,1.296188692e-13
479000,1.029362827e-11,6.743412409e-10,3.503412532e-16,3.402401630e-04,5.305486000e-05,6.673843219e-23,1.742421555e-36,1.295875416e-13
480000,9.972633983e-12,6.740429013e-10,3.501891839e-16,3.424800277e-04,5.276442546e-05,6.224275282e-23,1.548939747e-36,1.295501946e-13
481000,9.658522042e-12,6.737415596e-10,3.500361455e-16,3.447337242e-04,5.247488488e-05,5.805024090e-23,1.376969685e-36,1.295126041e-13
482000,9.344410100e-12,6.734402179e-10,3.498831071e-16,3.469874208e-04,5.218608674e-05,5.414026970e-23,1.224112994e-36,1.294750136e-13
483000,9.030298159e-12,6.731388762e-10,3.497300686e-16,3.492411173e-04,5.189808023e-05,5.049383083e-23,1.088243975e-36,1.294374230e-13
484000,8.716186217e-12,6.728375344e-10,3.495770302e-16,3.514948138e-04,5.161095600e-05,4.709322840e-23,9.674741839e-37,1.293998325e-13
485000,8.402074276e-12,6.725361927e-10,3.494239917e-16,3.537485103e-04,5.132459633e-05,4.392176853e-23,8.601215331e-37,1.293622420e-13
486000,8.087962334e-12,6.722348510e-10,3.492709533e-16,3.560022068e-04,5.103908500e-05,4.096406558e-23,7.646949833e-37,1.293246515e-13
487000,7.773850393e-12,6.719335093e-10,3.491179149e-16,3.582559034e-04,5.075437665e-05,3.820566317e-23,6.798674063e-37,1.292870610e-13
488000,7.459738451e-12,6.716321675e-10,3.489648764e-16,3.605095999e-04,5.047043773e-05,3.563309601e-23,6.044598050e-37,1.292494705e-13
489000,7.145626510e-12,6.713308258e-10,3.488118380e-16,3.627632964e-04,5.018736001e-05,3.323389525e-23,5.374259125e-37,1.292118800e-13
490000,6.831514568e-12,6.710294841e-10,3.486587996e-16,3.650169929e-04,4.990515365e-05,3.099637191e-23,4.778348263e-37,1.291742895e-13
491000,6.570778859e-12,6.706854534e-10,3.484905515e-16,3.672405970e-04,4.962362336e-05,2.890950569e-23,4.248574837e-37,1.291329055e-13
492000,6.371016481e-12,6.702926579e-10,3.483049291e-16,3.694298255e-04,4.934306539e-05,2.696330980e-23,3.777613880e-37,1.290871882e-13
493000,6.171254103e-12,6.698998623e-10,3.481193067e-16,3.716190540e-04,4.906326368e-05,2.514817882e-23,3.358912920e-37,1.290414708e-13
494000,5.971491725e-12,6.695070668e-10,3.479336843e-16,3.738082825e-04,4.878425301e-05,2.345529721e-23,2.986668813e-37,1.289957535e-13
495000,5.771729346e-12,6.691142712e-10,3.477480619e-16,3.759975111e-04,4.850610639e-05,2.187645823e-23,2.655725217e-37,1.289500362e-13
496000,5.571966968e-12,6.687214757e-10,3.475624395e-16,3.781867396e-04,4.822878043e-05,2.040395366e-23,2.361492265e-37,1.289043189e-13
497000,5.372204590e-12,6.683286801e-10,3.473768171e-16,3.803759681e-04,4.795228276e-05,1.903061917e-23,2.099893462e-37,1.288586015e-13
498000,5.172442212e-12,6.679358846e-10,3.471911946e-16,3.825651966e-04,4.767656089e-05,1.774975094e-23,1.867303101e-37,1.288128842e-13
499000,4.972679834e-12,6.675430890e-10,3.470055722e-16,3.847544251e-04,4.740169304e-05,1.655514663e-23,1.660503758e-37,1.287671669e-13
500000,4.772917456e-12,6.671502935e-10,3.468199498e-16,3.869436536e-04,4.712769278e-05,1.544099601e-23,1.476632695e-37,1.287214495e-13
501000,4.573155078e-12,6.667574979e-10,3.466343274e-16,3.891328822e-04,4.685449128e-05,1.440185481e-23,1.313142914e-37,1.286757322e-13
502000,4.373392700e-12,6.663647023e-10,3.464487050e-16,3.913221107e-04,4.658207959e-05,1.343266720e-23,1.167772580e-37,1.286300149e-13
503000,0.000000000e+00,0.000000000e+00,0.000000000e+00,3.916575415e-04,4.631053711e-05,1.252874261e-23,1.038513174e-37,0.000000000e+00
504000,0.000000000e+00,0.000000000e+00,0.000000000e+00,3.916575415e-04,4.603979996e-05,1.168566649e-23,9.235758400e-38,0.000000000e+00
505000,0.000000000e+00,0.000000000e+00,0.000000000e+00,3.916575415e-04,4.576988893e-05,1.089934518e-23,8.213723575e-38,0.000000000e+00
506000,0.000000000e+00,0.000000000e+00,0.000000000e+00,3.916575415e-04,4.550076598e-05,1.016594697e-23,7.304898052e-38,0.000000000e+00
507000,0.000000000e+00,0.000000000e+00,0.000000000e+00,3.916575415e-04,4.523255553e-05,9.481934072e-24,6.496746694e-38,0.000000000e+00
508000,0.000000000e+00,0.000000000e+00,0.000000000e+00,3.916575415e-04,4.496512334e-05,8.843951577e-24,5.778087032e-38,0.000000000e+00
509000,0.000000000e+00,0.000000000e+00,0.000000000e+00,3.916575415e-04,4.469849550e-05,8.248905261e-24,5.139002078e-38,0.000000000e+00
510000,0.000000000e+00,0.000000000e+00,0.000000000e+00,3.916575415e-04,4.443275210e-05,7.693917865e-24,4.570679917e-38,0.000000000e+00
511000,0.000000000e+00,0.000000000e+00,0.000000000e+00,3.916575415e-04,4.416782815e-05,7.176279957e-24,4.065270510e-38,0.000000000e+00
512000,0.000000000e+00,0.000000000e+00,0.000000000e+00,3.916575415e-04,4.390367783e-05,6.693469644e-24,3.615798446e-38,0.000000000e+00
513000,0.000000000e+00,0.000000000e+00,0.000000000e+00,3.916575415e-04,4.364044692e-05,6.243163641e-24,3.216077423e-38,0.000000000e+00
514000,0.000000000e+00,0.000000000e+00,0.000000000e+00,3.916575415e-04,4.337796370e-05,5.823148771e-24,2.860582929e-38,0.000000000e+00
515000,0.000000000e+00,0.000000000e+00,0.000000000e+00,3.916575415e-04,4.311637043e-05,5.431404819e-24,2.544425423e-38,0.000000000e+00
516000,0.000000000e+00,0.000000000e+00,0.000000000e+00,3.916575415e-04,4.285561802e-05,5.066021749e-24,2.263244702e-38,0.000000000e+00
517000,0.000000000e+00,0.000000000e+00,0.000000000e+00,3.916575415e-04,4.259563162e-05,4.725216476e-24,2.013163705e-38,0.000000000e+00
518000,0.000000000e+00,0.000000000e+00,0.000000000e+00,3.916575415e-04,4.233647552e-05,4.407342023e-24,1.790742184e-38,0.000000000e+00
519000,0.000000000e+00,0.000000000e+00,0.000000000e+00,3.916575415e-04,4.207821132e-05,4.110860824e-24,1.592920185e-38,0.000000000e+00
520000,0.000000000e+00,0.000000000e+00,0.000000000e+00,3.916575415e-04,4.182072657e-05,3.834321861e-24,1.416970279e-38,0.000000000e+00
521000,0.000000000e+00,0.000000000e+00,0.000000000e+00,3.916575415e-04,4.156412181e-05,3.576392080e-24,1.260474988e-38,0.000000000e+00
522000,0.000000000e+00,0.000000000e+00,0.000000000e+00,3.916575415e-04,4.130830844e-05,3.335811347e-24,1.121278559e-38,0.000000000e+00
523000,0.000000000e+00,0.000000000e+00,0.000000000e+00,3.916575415e-04,4.105332230e-05,3.111415149e-24,9.974678791e-39,0.000000000e+00
524000,0.000000000e+00,0.000000000e+00,0.000000000e+00,3.916575415e-04,4.079921206e-05,2.902117788e-24,8.873417258e-39,0.000000000e+00
525000,0.000000000e+00,0.000000000e+00,0.000000000e+00,3.916575415e-04,4.054589163e-05,2.706897061e-24,7.893843427e-39,0.000000000e+00
526000,0.000000000e+00,0.000000000e+00,0.000000000e+00,3.916575415e-04,4.029347197e-05,2.524813001e-24,7.022518115e-39,0.000000000e+00
527000,0.000000000e+00,0.000000000e+00,0.000000000e+00,3.916575415e-04,4.004184194e-05,2.354974603e-24,6.247449337e-39,0.000000000e+00
528000,0.000000000e+00,0.000000000e+00,0.000000000e+00,3.916575415e-04,3.979103699e-05,2.196560152e-24,5.557998934e-39,0.000000000e+00
529000,0.000000000e+00,0.000000000e+00,0.000000000e+00,3.916575415e-04,3.954104367e-05,2.048800345e-24,4.944698503e-39,0.000000000e+00
530000,0.000000000e+00,0.000000000e+00,0.000000000e+00,3.916575415e-04,3.929194747e-05,1.910982599e-24,4.399139178e-39,0.000000000e+00
531000,0.000000000e+00,0.000000000e+00,0.000000000e+00,3.916575415e-04,3.904367029e-05,1.782434086e-24,3.913823266e-39,0.000000000e+00
532000,0.000000000e+00,0.000000000e+00,0.000000000e+00,3.916575415e-04,3.879621441e-05,1.662531377e-24,3.482092569e-39,0.000000000e+00
533000,0.000000000e+00,0.000000000e+00,0.000000000e+00,3.916575415e-04,3.854960558e-05,1.550693925e-24,3.098027307e-39,0.000000000e+00
534000,0.000000000e+00,0.000000000e+00,0.000000000e+00,3.916575415e-04,3.830385024e-05,1.446379339e-24,2.756360524e-39,0.000000000e+00
535000,0.000000000e+00,0.000000000e+00,0.000000000e+00,3.916575415e-04,3.805892437e-05,1.349080619e-24,2.452405774e-39,0.000000000e+00
536000,0.000000000e+00,0.000000000e+00,0.000000000e+00,3.916575415e-04,3.781477115e-05,1.258323949e-24,2.181993540e-39,0.000000000e+00
537000,0.000000000e+00,0.000000000e+00,0.000000000e+00,3.916575415e-04,3.757151968e-05,1.173673542e-24,1.941425982e-39,0.000000000e+00
538000,0.000000000e+00,0.000000000e+00,0.000000000e+00,3.916575415e-04,3.732910666e-05,1.094716559e-24,1.727403065e-39,0.000000000e+00
539000,0.000000000e+00,0.000000000e+00,0.000000000e+00,3.916575415e-04,3.708750989e-05,1.021069423e-24,1.536992303e-39,0.000000000e+00
540000,0.000000000e+00,0.000000000e+00,0.000000000e+00,3.916575415e-04,3.684673681e-05,9.523752412e-25,1.367586757e-39,0.000000000e+00
541000,0.000000000e+00,0.000000000e+00,0.000000000e+00,3.916575415e-04,3.660684122e-05,8.883022203e-25,1.216869058e-39,0.000000000e+00
542000,0.000000000e+00,0.000000000e+00,0.000000000e+00,3.916575415e-04,3.636777651e-05,8.285383692e-25,1.082774392e-39,0.000000000e+00
543000,0.000000000e+00,0.000000000e+00,0.000000000e+00,3.916575415e-04,3.612950884e-05,7.727931595e-25,9.634669183e-40,0.000000000e+00
544000,0.000000000e+00,0.000000000e+00,0.000000000e+00,3.916575415e-04,3.589214739e-05,7.207986069e-25,8.573173203e-40,0.000000000e+00
545000,0.000000000e+00,0.000000000e+00,0.000000000e+00,3.916575415e-04,3.565559621e-05,6.723004914e-25,7.628710613e-40,0.000000000e+00
546000,0.000000000e+00,0.000000000e+00,0.000000000e+00,3.916575415e-04,3.541988325e-05,6.270642221e-25,6.788373287e-40,0.000000000e+00
547000,0.000000000e+00,0.000000000e+00,0.000000000e+00,3.916575415e-04,3.518501362e-05,5.848705165e-25,6.040673043e-40,0.000000000e+00
548000,0.000000000e+00,0.000000000e+00,0.000000000e+00,3.916575415e-04,3.495102656e-05,5.455153609e-25,5.375395402e-40,0.000000000e+00
549000,0.000000000e+00,0.000000000e+00,0.000000000e+00,3.916575415e-04,3.471784508e-05,5.088066536e-25,4.783435962e-40,0.000000000e+00
550000,0.000000000e+00,0.000000000e+00,0.000000000e+00,3.916575415e-04,3.448546984e-05,4.745664892e-25,4.256708584e-40,0.000000000e+00
551000,0.000000000e+00,0.000000000e+00,0.000000000e+00,3.916575415e-04,3.425398743e-05,4.426300324e-25,3.788029151e-40,0.000000000e+00
552000,0.000000000e+00,0.000000000e+00,0.000000000e+00,3.916575415e-04,3.402334912e-05,4.128416898e-25,3.370990109e-40,0.000000000e+00
553000,0.000000000e+00,0.000000000e+00,0.000000000e+00,3.916575415e-04,3.379353034e-05,3.850567200e-25,2.999894931e-40,0.000000000e+00
554000,0.000000000e+00,0.000000000e+00,0.000000000e+00,3.916575415e-04,3.356458388e-05,3.591409941e-25,2.669682596e-40,0.000000000e+00
555000,0.000000000e+00,0.000000000e+00,0.000000000e+00,3.916575415e-04,3.333647864e-05,3.349684587e-25,2.375843238e-40,0.000000000e+00
556000,0.000000000e+00,0.000000000e+00,0.000000000e+00,3.916575415e-04,3.310918549e-05,3.124216147e-25,2.114365473e-40,0.000000000e+00
557000,0.000000000e+00,0.000000000e+00,0.000000000e+00,3.916575415e-04,3.288282211e-05,2.913922147e-25,1.881689440e-40,0.000000000e+00
558000,0.000000000e+00,0.000000000e+00,0.000000000e+00,3.916575415e-04,3.265724556e-05,2.717769350e-25,1.674632494e-40,0.000000000e+00
559000,0.000000000e+00,0.000000000e+00,0.000000000e+00,3.916575415e-04,3.243247821e-05,2.534809098e-25,1.490373028e-40,0.000000000e+00
560000,0.000000000e+00,0.000000000e+00,0.000000000e+00,3.916575415e-04,3.220865376e-05,2.364164348e-25,1.326404809e-40,0.000000000e+00
561000,0.000000000e+00,0.000000000e+00,0.000000000e+00,3.916575415e-04,3.198561467e-05,2.204995199e-25,1.180485506e-40,0.000000000e+00
562000,0.000000000e+00,0.000000000e+00,0.000000000e+00,3.916575415e-04,3.176347414e-05,2.056537742e-25,1.050630896e-40,0.000000000e+00
563000,0.000000000e+00,0.000000000e+00,0.000000000e+00,3.916575415e-04,3.154214864e-05,1.918066147e-25,9.350684846e-41,0.000000000e+00
564000,0.000000000e+00,0.000000000e+00,0.000000000e+00,3.916575415e-04,3.132166210e-05,1.788910457e-25,8.322248479e-41,0.000000000e+00
565000,0.000000000e+00,0.000000000e+00,0.000000000e+00,3.916575415e-04,3.110207719e-05,1.668447583e-25,7.407007026e-41,0.000000000e+00
566000,0.000000000e+00,0.000000000e+00,0.000000000e+00,3.916575415e-04,3.088328576e-05,1.556087130e-25,6.592468890e-41,0.000000000e+00
567000,0.000000000e+00,0.000000000e+00,0.000000000e+00,3.916575415e-04,3.066536409e-05,1.451288121e-25,5.867561896e-41,0.000000000e+00
568000,0.000000000e+00,0.000000000e+00,0.000000000e+00,3.916575415e-04,3.044833227e-05,1.353542796e-25,5.222419586e-41,0.000000000e+00
569000,0.000000000e+00,0.000000000e+00,0.000000000e+00,3.916575415e-04,3.023215149e-05,1.262374934e-25,4.648252701e-41,0.000000000e+00
570000,0.000000000e+00,0.000000000e+00,0.000000000e+00,3.916575415e-04,3.001680440e-05,1.177341476e-25,4.137245328e-41,0.000000000e+00
571000,0.000000000e+00,0.000000000e+00,0.000000000e+00,3.916575415e-04,2.980228855e-05,1.098029826e-25,3.682445190e-41,0.000000000e+00
572000,0.000000000e+00,0.000000000e+00,0.000000000e+00,3.916575415e-04,2.958867562e-05,1.024057705e-25,3.277674086e-41,0.000000000e+00
573000,0.000000000e+00,0.000000000e+00,0.000000000e+00,3.916575415e-04,2.937588492e-05,9.550631458e-26,2.917416701e-41,0.000000000e+00
574000,0.000000000e+00,0.000000000e+00,0.000000000e+00,3.916575415e-04,2.916397266e-05,8.907131789e-26,2.596779956e-41,0.000000000e+00
575000,0.000000000e+00,0.000000000e+00,0.000000000e+00,3.916575415e-04,2.895292981e-05,8.306950425e-26,2.311402809e-41,0.000000000e+00
576000,0.000000000e+00,0.000000000e+00,0.000000000e+00,3.916575415e-04,2.874273156e-05,7.747166321e-26,2.057403586e-41,0.000000000e+00
577000,0.000000000e+00,0.000000000e+00,0.000000000e+00,3.916575415e-04,2.853338506e-05,7.225064165e-26,1.831330640e-41,0.000000000e+00
578000,0.000000000e+00,0.000000000e+00,0.000000000e+00,3.916575415e-04,2.832492855e-05,6.738118303e-26,1.630113970e-41,0.000000000e+00
579000,0.000000000e+00,0.000000000e+00,0.000000000e+00,3.916575415e-04,2.811732174e-05,6.283953767e-26,1.451016811e-41,0.000000000e+00
580000,0.000000000e+00,0.000000000e+00,0.000000000e+00,3.916575415e-04,2.791059215e-05,5.860371177e-26,1.291607478e-41,0.000000000e+00
581000,0.000000000e+00,0.000000000e+00,0.000000000e+00,3.916575415e-04,2.770467670e-05,5.465300157e-26,1.149717774e-41,0.000000000e+00
582000,0.000000000e+00,0.000000000e+00,0.000000000e+00,3.916575415e-04,2.749968269e-05,5.096843366e-26,1.023425295e-41,0.000000000e+00
583000,0.000000000e+00,0.000000000e+00,0.000000000e+00,3.916575415e-04,2.729554731e-05,4.753197870e-26,9.110122498e-42,0.000000000e+00
584000,0.000000000e+00,0.000000000e+00,0.000000000e+00,3.916575415e-04,2.709225412e-05,4.432691597e-26,8.109519659e-42,0.000000000e+00
585000,0.000000000e+00,0.000000000e+00,0.000000000e+00,3.916575415e-04,2.688981375e-05,4.133769557e-26,7.218866234e-42,0.000000000e+00
586000,0.000000000e+00,0.000000000e+00,0.000000000e+00,3.916575415e-04,2.668827161e-05,3.854986036e-26,6.426085225e-42,0.000000000e+00
587000,0.000000000e+00,0.000000000e+00,0.000000000e+00,3.916575415e-04,2.648761421e-05,3.594983411e-26,5.720412182e-42,0.000000000e+00
588000,0.000000000e+00,0.000000000e+00,0.000000000e+00,3.916575415e-04,2.628777694e-05,3.352489220e-26,5.092258014e-42,0.000000000e+00
589000,0.000000000e+00,0.000000000e+00,0.000000000e+00,3.916575415e-04,2.608886465e-05,3.126338355e-26,4.533121737e-42,0.000000000e+00
590000,0.000000000e+00,0.000000000e+00,0.000000000e+00,3.916575415e-04,2.589078013e-05,2.915419078e-26,4.035400103e-42,0.000000000e+00
591000,0.000000000e+00,0.000000000e+00,0.000000000e+00,3.916575415e-04,2.569358381e-05,2.718713089e-26,3.592352980e-42,0.000000000e+00
592000,0.000000000e+00,0.000000000e+00,0.000000000e+00,3.916575415e-04,2.549723646e-05,2.535259519e-26,3.197966211e-42,0.000000000e+00
593000,0.000000000e+00,0.000000000e+00,0.000000000e+00,3.916575415e-04,2.530180291e-05,2.364172556e-26,2.846900238e-42,0.000000000e+00
594000,0.000000000e+00,0.000000000e+00,0.000000000e+00,3.916575415e-04,2.510720169e-05,2.204612063e-26,2.534385571e-42,0.000000000e+00
595000,0.000000000e+00,0.000000000e+00,0.000000000e+00,3.916575415e-04,2.491350941e-05,2.055808748e-26,2.256194044e-42,0.000000000e+00
596000,0.000000000e+00,0.000000000e+00,0.000000000e+00,3.916575415e-04,2.472069080e-05,1.917035272e-26,2.008551031e-42,0.000000000e+00
597000,0.000000000e+00,0.000000000e+00,0.000000000e+00,3.916575415e-04,2.452876425e-05,1.787617640e-26,1.788101721e-42,0.000000000e+00
598000,0.000000000e+00,0.000000000e+00,0.000000000e+00,3.916575415e-04,2.433767373e-05,1.666921879e-26,1.591854801e-42,0.000000000e+00
599000,0.000000000e+00,0.000000000e+00,0.000000000e+00,3.916575415e-04,2.414747186e-05,1.554364347e-26,1.417155269e-42,0.000000000e+00
600000,0.000000000e+00,0.000000000e+00,0.000000000e+00,3.916575415e-04,2.395814143e-05,1.449395834e-26,1.261635238e-42,0.000000000e+00
601000,0.000000000e+00,0.000000000e+00,0.000000000e+00,3.916575415e-04,2.376972686e-05,1.351507782e-26,1.123190261e-42,0.000000000e+00
602000,0.000000000e+00,0.000000000e+00,0.000000000e+00,3.916575415e-04,2.358218854e-05,1.260220926e-26,9.999429525e-43,0.000000000e+00
603000,0.000000000e+00,0.000000000e+00,0.000000000e+00,3.916575415e-04,2.339550038e-05,1.175089320e-26,8.902232953e-43,0.000000000e+00
604000,0.000000000e+00,0.000000000e+00,0.000000000e+00,3.916575415e-04,2.320970983e-05,1.095700731e-26,7.925475755e-43,0.000000000e+00
605000,0.000000000e+00,0.000000000e+00,0.000000000e+00,3.916575415e-04,2.302480701e-05,1.021667723e-26,7.055928208e-43,0.000000000e+00
606000,0.000000000e+00,0.000000000e+00,0.000000000e+00,3.916575415e-04,2.284078242e-05,9.526290422e-27,6.281815247e-43,0.000000000e+00
607000,0.000000000e+00,0.000000000e+00,0.000000000e+00,3.916575415e-04,2.265765411e-05,8.882488976e-27,5.592662995e-43,0.000000000e+00
608000,0.000000000e+00,0.000000000e+00,0.000000000e+00,3.916575415e-04,2.247538949e-05,8.282121163e-27,4.979135564e-43,0.000000000e+00
609000,0.000000000e+00,0.000000000e+00,0.000000000e+00,3.916575415e-04,2.229403291e-05,7.722276195e-27,4.432940110e-43,0.000000000e+00
610000,0.000000000e+00,0.000000000e+00,0.000000000e+00,3.916575415e-04,2.211354117e-05,7.200208033e-27,3.946676250e-43,0.000000000e+00
611000,0.000000000e+00,0.000000000e+00,0.000000000e+00,3.916575415e-04,2.193395066e-05,6.713382384e-27,3.513771581e-43,0.000000000e+00
612000,0.000000000e+00,0.000000000e+00,0.000000000e+00,3.916575415e-04,2.175523601e-05,6.259415840e-27,3.128364770e-43,0.000000000e+00
613000,0.000000000e+00,0.000000000e+00,0.000000000e+00,3.916575415e-04,2.157740562e-05,5.836095933e-27,2.785243688e-43,0.000000000e+00
614000,0.000000000e+00,0.000000000e+00,0.000000000e+00,3.916575415e-04,2.140049365e-05,5.441365307e-27,2.479771170e-43,0.000000000e+00
615000,0.000000000e+00,0.000000000e+00,0.000000000e+00,3.916575415e-04,2.122444192e-05,5.073281587e-27,2.207808430e-43,0.000000000e+00
616000,0.000000000e+00,0.000000000e+00,0.000000000e+00,3.916575415e-04,2.104929472e-05,4.730058715e-27,1.965682602e-43,0.000000000e+00
617000,0.000000000e+00,0.000000000e+00,0.000000000e+00,3.916575415e-04,2.087503428e-05,4.410016039e-27,1.750117544e-43,0.000000000e+00
618000,0.000000000e+00,0.000000000e+00,0.000000000e+00,3.916575415e-04,2.070166823e-05,4.111591843e-27,1.558199190e-43,0.000000000e+00
619000,0.000000000e+00,0.000000000e+00,0.000000000e+00,3.916575415e-04,2.052918476e-05,3.833325716e-27,1.387331891e-43,0.000000000e+00
620000,0.000000000e+00,0.000000000e+00,0.000000000e+00,3.916575415e-04,2.035760883e-05,3.573862476e-27,1.235207413e-43,0.000000000e+00
621000,0.000000000e+00,0.000000000e+00,0.000000000e+00,3.916575415e-04,2.018692263e-05,3.331930419e-27,1.099768094e-43,0.000000000e+00
622000,0.000000000e+00,0.000000000e+00,0.000000000e+00,3.916575415e-04,2.001712701e-05,3.106346947e-27,9.791833601e-44,0.000000000e+00
623000,0.000000000e+00,0.000000000e+00,0.000000000e+00,3.916575415e-04,1.984824033e-05,2.896011690e-27,8.718243122e-44,0.000000000e+00
624000,0.000000000e+00,0.000000000e+00,0.000000000e+00,3.916575415e-04,1.968023357e-05,2.699891460e-27,7.762387129e-44,0.000000000e+00
625000,0.000000000e+00,0.000000000e+00,0.000000000e+00,3.916575415e-04,1.951310758e-05,2.517027260e-27,6.911351232e-44,0.000000000e+00
626000,0.000000000e+00,0.000000000e+00,0.000000000e+00,3.916575415e-04,1.934688590e-05,2.346527446e-27,6.153645267e-44,0.000000000e+00
627000,0.000000000e+00,0.000000000e+00,0.000000000e+00,3.916575415e-04,1.918158649e-05,2.187559334e-27,5.479036002e-44,0.000000000e+00
628000,0.000000000e+00,0.000000000e+00,0.000000000e+00,3.916575415e-04,1.901715573e-05,2.039338353e-27,4.878393297e-44,0.000000000e+00
629000,0.000000000e+00,0.000000000e+00,0.000000000e+00,3.916575415e-04,1.885363265e-05,1.901143182e-27,4.343614508e-44,0.000000000e+00
630000,0.000000000e+00,0.000000000e+00,0.000000000e+00,3.916575415e-04,1.869098504e-05,1.772293675e-27,3.867468395e-44,0.000000000e+00
631000,0.000000000e+00,0.000000000e+00,0.000000000e+00,3.916575415e-04,1.852925253e-05,1.652162491e-27,3.443532534e-44,0.000000000e+00
632000,0.000000000e+00,0.000000000e+00,0.000000000e+00,3.916575415e-04,1.836842266e-05,1.540159596e-27,3.066078091e-44,0.000000000e+00
633000,0.000000000e+00,0.000000000e+00,0.000000000e+00,3.916575415e-04,1.820846898e-05,1.435733846e-27,2.730003365e-44,0.000000000e+00
634000,0.000000000e+00,0.000000000e+00,0.000000000e+00,3.916575415e-04,1.804943299e-05,1.338376662e-27,2.430776670e-44,0.000000000e+00
635000,0.000000000e+00,0.000000000e+00,0.000000000e+00,3.916575415e-04,1.789127804e-05,1.247607782e-27,2.164352228e-44,0.000000000e+00
636000,0.000000000e+00,0.000000000e+00,0.000000000e+00,3.916575415e-04,1.773403228e-05,1.162984037e-27,1.927136493e-44,0.000000000e+00
637000,0.000000000e+00,0.000000000e+00,0.000000000e+00,3.916575415e-04,1.757767731e-05,1.084088965e-27,1.715924587e-44,0.000000000e+00
638000,0.000000000e+00,0.000000000e+00,0.000000000e+00,3.916575415e-04,1.742223844e-05,1.010536934e-27,1.527867555e-44,0.000000000e+00
639000,0.000000000e+00,0.000000000e+00,0.000000000e+00,3.916575415e-04,1.726768651e-05,9.419651095e-28,1.360423948e-44,0.000000000e+00
640000,0.000000000e+00,0.000000000e+00,0.000000000e+00,3.916575415e-04,1.711402092e-05,8.780368860e-28,1.211333795e-44,0.000000000e+00
641000,0.000000000e+00,0.000000000e+00,0.000000000e+00,3.916575415e-04,1.696126148e-05,8.184393614e-28,1.078586269e-44,0.000000000e+00
642000,0.000000000e+00,0.000000000e+00,0.000000000e+00,3.916575415e-04,1.680940489e-05,7.628795348e-28,9.603893442e-45,0.000000000e+00
643000,0.000000000e+00,0.000000000e+00,0.000000000e+00,3.916575415e-04,1.665844478e-05,7.110840802e-28,8.551474260e-45,0.000000000e+00
644000,0.000000000e+00,0.000000000e+00,0.000000000e+00,3.916575415e-04,1.650838271e-05,6.627984917e-28,7.614403637e-45,0.000000000e+00
645000,0.000000000e+00,0.000000000e+00,0.000000000e+00,3.916575415e-04,1.635920891e-05,6.177850070e-28,6.780032401e-45,0.000000000e+00
646000,0.000000000e+00,0.000000000e+00,0.000000000e+00,3.916575415e-04,1.621094279e-05,5.758230162e-28,6.037110421e-45,0.000000000e+00
647000,0.000000000e+00,0.000000000e+00,0.000000000e+00,3.916575415e-04,1.606355980e-05,5.367052172e-28,5.375604149e-45,0.000000000e+00
648000,0.000000000e+00,0.000000000e+00,0.000000000e+00,3.916575415e-04,1.591709268e-05,5.002402530e-28,4.786599938e-45,0.000000000e+00
649000,0.000000000e+00,0.000000000e+00,0.000000000e+00,3.916575415e-04,1.577150166e-05,4.662473673e-28,4.262138768e-45,0.000000000e+00
650000,0.000000000e+00,0.000000000e+00,0.000000000e+00,3.916575415e-04,1.562681636e-05,4.345601487e-28,3.795154409e-45,0.000000000e+00
651000,0.000000000e+00,0.000000000e+00,0.000000000e+00,3.916575415e-04,1.548302942e-05,4.050223148e-28,3.379344957e-45,0.000000000e+00
652000,0.000000000e+00,0.000000000e+00,0.000000000e+00,3.916575415e-04,1.534012768e-05,3.774880343e-28,3.009098772e-45,0.000000000e+00
653000,0.000000000e+00,0.000000000e+00,0.000000000e+00,3.916575415e-04,1.519813107e-05,3.518221507e-28,2.679426001e-45,0.000000000e+00
654000,0.000000000e+00,0.000000000e+00,0.000000000e+00,3.916575415e-04,1.505702081e-05,3.278977183e-28,2.385876560e-45,0.000000000e+00
655000,0.000000000e+00,0.000000000e+00,0.000000000e+00,3.916575415e-04,1.491681291e-05,3.055971543e-28,2.124494054e-45,0.000000000e+00
656000,0.000000000e+00,0.000000000e+00,0.000000000e+00,3.916575415e-04,1.477749313e-05,2.848101840e-28,1.891751187e-45,0.000000000e+00
657000,0.000000000e+00,0.000000000e+00,0.000000000e+00,3.916575415e-04,1.463906812e-05,2.654344130e-28,1.684510262e-45,0.000000000e+00
658000,0.000000000e+00,0.000000000e+00,0.000000000e+00,3.916575415e-04,1.450152867e-05,2.473740779e-28,1.499975612e-45,0.000000000e+00
659000,0.000000000e+00,0.000000000e+00,0.000000000e+00,3.916575415e-04,1.436488975e-05,2.305403047e-28,1.335660521e-45,0.000000000e+00
660000,0.000000000e+00,0.000000000e+00,0.000000000e+00,3.916575415e-04,1.422912549e-05,2.148495711e-28,1.189346978e-45,0.000000000e+00
661000,0.000000000e+00,0.000000000e+00,0.000000000e+00,3.916575415e-04,1.409427536e-05,2.002249986e-28,1.059065629e-45,0.000000000e+00
662000,0.000000000e+00,0.000000000e+00,0.000000000e+00,3.916575415e-04,1.396029398e-05,1.865936769e-28,9.430563051e-46,0.000000000e+00
663000,0.000000000e+00,0.000000000e+00,0.000000000e+00,3.916575415e-04,1.382720140e-05,1.738885565e-28,8.397566657e-46,0.000000000e+00
664000,0.000000000e+00,0.000000000e+00,0.000000000e+00,3.916575415e-04,1.369499600e-05,1.620468220e-28,7.477740021e-46,0.000000000e+00
665000,0.000000000e+00,0.000000000e+00,0.000000000e+00,3.916575415e-04,1.356367385e-05,1.510098854e-28,6.658681382e-46,0.000000000e+00
666000,0.000000000e+00,0.000000000e+00,0.000000000e+00,3.916575415e-04,1.343324809e-05,1.407233094e-28,5.929356095e-46,0.000000000e+00
667000,0.000000000e+00,0.000000000e+00,0.000000000e+00,3.916575415e-04,1.330368871e-05,1.311358916e-28,5.279919795e-46,0.000000000e+00
668000,0.000000000e+00,0.000000000e+00,0.000000000e+00,3.916575415e-04,1.317502429e-05,1.222004894e-28,4.701631365e-46,0.000000000e+00
669000,0.000000000e+00,0.000000000e+00,0.000000000e+00,3.916575415e-04,1.304722837e-05,1.138726244e-28,4.186686615e-46,0.000000000e+00
670000,0.000000000e+00,0.000000000e+00,0.000000000e+00,3.916575415e-04,1.292032630e-05,1.061112946e-28,3.728154022e-46,0.000000000e+00
671000,0.000000000e+00,0.000000000e+00,0.000000000e+00,3.916575415e-04,1.279430252e-05,9.887792170e-29,3.319848641e-46,0.000000000e+00
672000,0.000000000e+00,0.000000000e+00,0.000000000e+00,3.916575415e-04,1.266914544e-05,9.213658949e-29,2.956265378e-46,0.000000000e+00
673000,0.000000000e+00,0.000000000e+00,0.000000000e+00,3.916575415e-04,1.254486073e-05,8.585394627e-29,2.632506698e-46,0.000000000e+00
674000,0.000000000e+00,0.000000000e+00,0.000000000e+00,3.916575415e-04,1.242146076e-05,7.999893481e-29,2.344212458e-46,0.000000000e+00
675000,0.000000000e+00,0.000000000e+00,0.000000000e+00,3.916575415e-04,1.229893264e-05,7.454243496e-29,2.087495201e-46,0.000000000e+00
676000,0.000000000e+00,0.000000000e+00,0.000000000e+00,3.916575415e-04,1.217726895e-05,6.945734379e-29,1.858894862e-46,0.000000000e+00
677000,0.000000000e+00,0.000000000e+00,0.000000000e+00,3.916575415e-04,1.205647922e-05,6.471849260e-29,1.655333074e-46,0.000000000e+00
678000,0.000000000e+00,0.000000000e+00,0.000000000e+00,3.916575415e-04,1.193656359e-05,6.030236160e-29,1.474067116e-46,0.000000000e+00
679000,0.000000000e+00,0.000000000e+00,0.000000000e+00,3.916575415e-04,1.181750536e-05,5.618694478e-29,1.312652852e-46,0.000000000e+00
680000,0.000000000e+00,0.000000000e+00,0.000000000e+00,3.916575415e-04,1.169931375e-05,5.235185686e-29,1.168917016e-46,0.000000000e+00
681000,0.000000000e+00,0.000000000e+00,0.000000000e+00,3.916575415e-04,1.158198559e-05,4.877803498e-29,1.040922991e-46,0.000000000e+00
682000,0.000000000e+00,0.000000000e+00,0.000000000e+00,3.916575415e-04,1.146552307e-05,4.544773180e-29,9.269467995e-47,0.000000000e+00
683000,0.000000000e+00,0.000000000e+00,0.000000000e+00,3.916575415e-04,1.134991478e-05,4.234435097e-29,8.254522498e-47,0.000000000e+00
684000,0.000000000e+00,0.000000000e+00,0.000000000e+00,3.916575415e-04,1.123517017e-05,3.945250185e-29,7.350730213e-47,0.000000000e+00
685000,0.000000000e+00,0.000000000e+00,0.000000000e+00,3.916575415e-04,1.112126261e-05,3.675771253e-29,6.545901260e-47,0.000000000e+00
686000,0.000000000e+00,0.000000000e+00,0.000000000e+00,3.916575415e-04,1.100823209e-05,3.424671457e-29,5.829220746e-47,0.000000000e+00
687000,0.000000000e+00,0.000000000e+00,0.000000000e+00,3.916575415e-04,1.089604533e-05,3.190690359e-29,5.191016818e-47,0.000000000e+00
688000,0.000000000e+00,0.000000000e+00,0.000000000e+00,3.916575415e-04,1.078469871e-05,2.972662877e-29,4.622694523e-47,0.000000000e+00
689000,0.000000000e+00,0.000000000e+00,0.000000000e+00,3.916575415e-04,1.067420850e-05,2.769508287e-29,4.116608189e-47,0.000000000e+00
690000,0.000000000e+00,0.000000000e+00,0.000000000e+00,3.916575415e-04,1.056456109e-05,2.580211145e-29,3.665937083e-47,0.000000000e+00
691000,0.000000000e+00,0.000000000e+00,0.000000000e+00,3.916575415e-04,1.045575756e-05,2.403828866e-29,3.264613452e-47,0.000000000e+00
692000,0.000000000e+00,0.000000000e+00,0.000000000e+00,3.916575415e-04,1.034779134e-05,2.239481132e-29,2.907231725e-47,0.000000000e+00
693000,0.000000000e+00,0.000000000e+00,0.000000000e+00,3.916575415e-04,1.024066609e-05,2.086349689e-29,2.588981363e-47,0.000000000e+00
694000,0.000000000e+00,0.000000000e+00,0.000000000e+00,3.916575415e-04,1.013437251e-05,1.943669206e-29,2.305575324e-47,0.000000000e+00
695000,0.000000000e+00,0.000000000e+00,0.000000000e+00,3.916575415e-04,1.002891913e-05,1.810729824e-29,2.053200254e-47,0.000000000e+00
696000,0.000000000e+00,0.000000000e+00,0.000000000e+00,3.916575415e-04,9.924282972e-06,1.686864258e-29,1.828453989e-47,0.000000000e+00
697000,0.000000000e+00,0.000000000e+00,0.000000000e+00,3.916575415e-04,9.820493968e-06,1.571459660e-29,1.628316907e-47,0.000000000e+00
698000,0.000000000e+00,0.000000000e+00,0.000000000e+00,3.916575415e-04,9.717519614e-06,1.463934571e-29,1.450089158e-47,0.000000000e+00
699000,0.000000000e+00,0.000000000e+00,0.000000000e+00,3.916575415e-04,9.615367137e-06,1.363753497e-29,1.291373305e-47,0.000000000e+00
700000,0.000000000e+00,0.000000000e+00,0.000000000e+00,3.916575415e-04,9.514044905e-06,1.270417281e-29,1.150034189e-47,0.000000000e+00
701000,0.000000000e+00,0.000000000e+00,0.000000000e+00,3.916575415e-04,9.413535767e-06,1.183457276e-29,1.024167324e-47,0.000000000e+00
702000,0.000000000e+00,0.000000000e+00,0.000000000e+00,3.916575415e-04,9.313840239e-06,1.102439134e-29,9.120790144e-48,0.000000000e+00
703000,0.000000000e+00,0.000000000e+00,0.000000000e+00,3.916575415e-04,9.214963646e-06,1.026958535e-29,8.122613662e-48,0.000000000e+00
704000,0.000000000e+00,0.000000000e+00,0.000000000e+00,3.916575415e-04,9.116887889e-06,9.566360741e-30,7.233695491e-48,0.000000000e+00
705000,0.000000000e+00,0.000000000e+00,0.000000000e+00,3.916575415e-04,9.019625172e-06,8.911214454e-30,6.442085367e-48,0.000000000e+00
706000,0.000000000e+00,0.000000000e+00,0.000000000e+00,3.916575415e-04,8.923156670e-06,8.300850554e-30,5.737118432e-48,0.000000000e+00
707000,0.000000000e+00,0.000000000e+00,0.000000000e+00,3.916575415e-04,8.827503737e-06,7.732235290e-30,5.109324048e-48,0.000000000e+00
708000,0.000000000e+00,0.000000000e+00,0.000000000e+00,3.916575415e-04,8.732645565e-06,7.202503176e-30,4.550242432e-48,0.000000000e+00
709000,0.000000000e+00,0.000000000e+00,0.000000000e+00,3.916575415e-04,8.638578641e-06,6.708999911e-30,4.052351195e-48,0.000000000e+00
710000,0.000000000e+00,0.000000000e+00,0.000000000e+00,3.916575415e-04,8.545304262e-06,6.249255612e-30,3.608953706e-48,0.000000000e+00
711000,0.000000000e+00,0.000000000e+00,0.000000000e+00,3.916575415e-04,8.452816848e-06,5.820963421e-30,3.214083397e-48,0.000000000e+00
712000,0.000000000e+00,0.000000000e+00,0.000000000e+00,3.916575415e-04,8.361118729e-06,5.421979128e-30,2.862430010e-48,0.000000000e+00
713000,0.000000000e+00,0.000000000e+00,0.000000000e+00,3.916575415e-04,8.270203603e-06,5.050298826e-30,2.549261500e-48,0.000000000e+00
714000,0.000000000e+00,0.000000000e+00,0.000000000e+00,3.916575415e-04,8.180067796e-06,4.704057069e-30,2.270364980e-48,0.000000000e+00
715000,0.000000000e+00,0.000000000e+00,0.000000000e+00,3.916575415e-04,8.090706569e-06,4.381515082e-30,2.021988598e-48,0.000000000e+00
716000,0.000000000e+00,0.000000000e+00,0.000000000e+00,3.916575415e-04,8.002121475e-06,4.081056018e-30,1.800792804e-48,0.000000000e+00
717000,0.000000000e+00,0.000000000e+00,0.000000000e+00,3.916575415e-04,7.914302259e-06,3.801167227e-30,1.603800960e-48,0.000000000e+00
718000,0.000000000e+00,0.000000000e+00,0.000000000e+00,3.916575415e-04,7.827258958e-06,3.540448988e-30,1.428366439e-48,0.000000000e+00
719000,0.000000000e+00,0.000000000e+00,0.000000000e+00,3.916575415e-04,7.740966075e-06,3.297580935e-30,1.272125803e-48,0.000000000e+00
720000,0.000000000e+00,0.000000000e+00,0.000000000e+00,3.916575415e-04,7.655435164e-06,3.071349255e-30,1.132980931e-48,0.000000000e+00
721000,0.000000000e+00,0.000000000e+00,0.000000000e+00,3.916575415e-04,7.570666577e-06,2.860617707e-30,1.009061206e-48,0.000000000e+00
722000,0.000000000e+00,0.000000000e+00,0.000000000e+00,3.916575415e-04,7.486648508e-06,2.664323056e-30,8.986991958e-49,0.000000000e+00
723000,0.000000000e+00,0.000000000e+00,0.000000000e+00,3.916575415e-04,7.403373231e-06,2.481476531e-30,8.004107518e-49,0.000000000e+00
724000,0.000000000e+00,0.000000000e+00,0.000000000e+00,3.916575415e-04,7.320852411e-06,2.311163220e-30,7.128762031e-49,0.000000000e+00
725000,0.000000000e+00,0.000000000e+00,0.000000000e+00,3.916575415e-04,7.239071691e-06,2.152522143e-30,6.349176072e-49,0.000000000e+00
726000,0.000000000e+00,0.000000000e+00,0.000000000e+00,3.916575415e-04,7.158029679e-06,2.004755310e-30,5.654872799e-49,0.000000000e+00
727000,0.000000000e+00,0.000000000e+00,0.000000000e+00,3.916575415e-04,7.077723984e-06,1.867118866e-30,5.036520895e-49,0.000000000e+00
728000,0.000000000e+00,0.000000000e+00,0.000000000e+00,3.916575415e-04,6.998144553e-06,1.738917824e-30,4.485805244e-49,0.000000000e+00
729000,0.000000000e+00,0.000000000e+00,0.000000000e+00,3.916575415e-04,6.919293005e-06,1.619507674e-30,3.995328777e-49,0.000000000e+00
730000,0.000000000e+00,0.000000000e+00,0.000000000e+00,3.916575415e-04,6.841169725e-06,1.508287469e-30,3.558502427e-49,0.000000000e+00
731000,0.000000000e+00,0.000000000e+00,0.000000000e+00,3.916575415e-04,6.763763753e-06,1.404694831e-30,3.169452363e-49,0.000000000e+00
732000,0.000000000e+00,0.000000000e+00,0.000000000e+00,3.916575415e-04,6.687072872e-06,1.308207791e-30,2.822952330e-49,0.000000000e+00
733000,0.000000000e+00,0.000000000e+00,0.000000000e+00,3.916575415e-04,6.611093928e-06,1.218339838e-30,2.514347460e-49,0.000000000e+00
734000,0.000000000e+00,0.000000000e+00,0.000000000e+00,3.916575415e-04,6.535827048e-06,1.134638275e-30,2.239493343e-49,0.000000000e+00
735000,0.000000000e+00,0.000000000e+00,0.000000000e+00,3.916575415e-04,6.461266402e-06,1.056680278e-30,1.994696875e-49,0.000000000e+00
736000,0.000000000e+00,0.000000000e+00,0.000000000e+00,3.916575415e-04,6.387402723e-06,9.840714695e-31,1.776668345e-49,0.000000000e+00
737000,0.000000000e+00,0.000000000e+00,0.000000000e+00,3.916575415e-04,6.314240411e-06,9.164465735e-31,1.582481897e-49,0.000000000e+00
738000,0.000000000e+00,0.000000000e+00,0.000000000e+00,3.916575415e-04,6.241760874e-06,8.534619576e-31,1.409526014e-49,0.000000000e+00
739000,0.000000000e+00,0.000000000e+00,0.000000000e+00,3.916575415e-04,6.169982572e-06,7.948026081e-31,1.255483452e-49,0.000000000e+00
740000,0.000000000e+00,0.000000000e+00,0.000000000e+00,3.916575415e-04,6.098882764e-06,7.401695871e-31,1.118281593e-49,0.000000000e+00
741000,0.000000000e+00,0.000000000e+00,0.000000000e+00,3.916575415e-04,6.028466801e-06,6.892880132e-31,9.960802843e-50,0.000000000e+00
742000,0.000000000e+00,0.000000000e+00,0.000000000e+00,3.916575415e-04,5.958728431e-06,6.419003909e-31,8.872385044e-50,0.000000000e+00
743000,0.000000000e+00,0.000000000e+00,0.000000000e+00,3.916575415e-04,5.889660915e-06,5.977668463e-31,7.902948119e-50,0.000000000e+00
744000,0.000000000e+00,0.000000000e+00,0.000000000e+00,3.916575415e-04,5.821263544e-06,5.566645515e-31,7.039484858e-50,0.000000000e+00
745000,0.000000000e+00,0.000000000e+00,0.000000000e+00,3.916575415e-04,5.753533455e-06,5.183856904e-31,6.270407450e-50,0.000000000e+00
746000,0.000000000e+00,0.000000000e+00,0.000000000e+00,3.916575415e-04,5.686460965e-06,4.827360835e-31,5.585388680e-50,0.000000000e+00
747000,0.000000000e+00,0.000000000e+00,0.000000000e+00,3.916575415e-04,5.620050889e-06,4.495360910e-31,4.975245512e-50,0.000000000e+00
748000,0.000000000e+00,0.000000000e+00,0.000000000e+00,3.916575415e-04,5.554290340e-06,4.186169277e-31,4.431782957e-50,0.000000000e+00
749000,0.000000000e+00,0.000000000e+00,0.000000000e+00,3.916575415e-04,5.489176525e-06,3.898222007e-31,3.947711804e-50,0.000000000e+00
750000,0.000000000e+00,0.000000000e+00,0.000000000e+00,3.916575415e-04,5.424706203e-06,3.630061863e-31,3.516539489e-50,0.000000000e+00
751000,0.000000000e+00,0.000000000e+00,0.000000000e+00,3.916575415e-04,5.360881101e-06,3.380334497e-31,3.132486265e-50,0.000000000e+00
752000,0.000000000e+00,0.000000000e+00,0.000000000e+00,3.916575415e-04,5.297693733e-06,3.147772312e-31,2.790398671e-50,0.000000000e+00
753000,0.000000000e+00,0.000000000e+00,0.000000000e+00,3.916575415e-04,5.235131796e-06,2.931192250e-31,2.485685142e-50,0.000000000e+00
754000,0.000000000e+00,0.000000000e+00,0.000000000e+00,3.916575415e-04,5.173207123e-06,2.729505841e-31,2.214267702e-50,0.000000000e+00
755000,0.000000000e+00,0.000000000e+00,0.000000000e+00,3.916575415e-04,5.111899447e-06,2.541681888e-31,1.972499907e-50,0.000000000e+00
756000,0.000000000e+00,0.000000000e+00,0.000000000e+00,3.916575415e-04,5.051211543e-06,2.366772038e-31,1.757143942e-50,0.000000000e+00
757000,0.000000000e+00,0.000000000e+00,0.000000000e+00,3.916575415e-04,4.991140501e-06,2.203889910e-31,1.565313497e-50,0.000000000e+00
758000,0.000000000e+00,0.000000000e+00,0.000000000e+00,3.916575415e-04,4.931681488e-06,2.052209028e-31,1.394437196e-50,0.000000000e+00
759000,0.000000000e+00,0.000000000e+00,0.000000000e+00,3.916575415e-04,4.872828998e-06,1.910959394e-31,1.242224703e-50,0.000000000e+00
760000,0.000000000e+00,0.000000000e+00,0.000000000e+00,3.916575415e-04,4.814582443e-06,1.779425737e-31,1.106637319e-50,0.000000000e+00
761000,0.000000000e+00,0.000000000e+00,0.000000000e+00,3.916575415e-04,4.756929418e-06,1.656937530e-31,9.858565409e-51,0.000000000e+00
762000,0.000000000e+00,0.000000000e+00,0.000000000e+00,3.916575415e-04,4.699871163e-06,1.542875206e-31,8.782657156e-51,0.000000000e+00
763000,0.000000000e+00,0.000000000e+00,0.000000000e+00,3.916575415e-04,4.643405737e-06,1.436660429e-31,7.824240636e-51,0.000000000e+00
764000,0.000000000e+00,0.000000000e+00,0.000000000e+00,3.916575415e-04,4.587524309e-06,1.337752433e-31,6.970471449e-51,0.000000000e+00
765000,0.000000000e+00,0.000000000e+00,0.000000000e+00,3.916575415e-04,4.532224406e-06,1.245649546e-31,6.209919979e-51,0.000000000e+00
766000,0.000000000e+00,0.000000000e+00,0.000000000e+00,3.916575415e-04,4.477502776e-06,1.159884249e-31,5.532404138e-51,0.000000000e+00
767000,0.000000000e+00,0.000000000e+00,0.000000000e+00,3.916575415e-04,4.423355257e-06,1.080020858e-31,4.928853321e-51,0.000000000e+00
768000,0.000000000e+00,0.000000000e+00,0.000000000e+00,3.916575415e-04,4.369774916e-06,1.005652965e-31,4.391185465e-51,0.000000000e+00
769000,0.000000000e+00,0.000000000e+00,0.000000000e+00,3.916575415e-04,4.316760507e-06,9.364034086e-32,3.912207683e-51,0.000000000e+00
770000,0.000000000e+00,0.000000000e+00,0.000000000e+00,3.916575415e-04,4.264304813e-06,8.719195984e-32,3.485507408e-51,0.000000000e+00
771000,0.000000000e+00,0.000000000e+00,0.000000000e+00,3.916575415e-04,4.212405378e-06,8.118741806e-32,3.105377017e-51,0.000000000e+00
772000,0.000000000e+00,0.000000000e+00,0.000000000e+00,3.916575415e-04,4.161059003e-06,7.559620948e-32,2.766731625e-51,0.000000000e+00
773000,0.000000000e+00,0.000000000e+00,0.000000000e+00,3.916575415e-04,4.110259448e-06,7.038986867e-32,2.465039904e-51,0.000000000e+00
774000,0.000000000e+00,0.000000000e+00,0.000000000e+00,3.916575415e-04,4.060003478e-06,6.554194012e-32,2.196267568e-51,0.000000000e+00
775000,0.000000000e+00,0.000000000e+00,0.000000000e+00,3.916575415e-04,4.010286360e-06,6.102776054e-32,1.956820165e-51,0.000000000e+00
776000,0.000000000e+00,0.000000000e+00,0.000000000e+00,3.916575415e-04,3.961102679e-06,5.682435298e-32,1.743495677e-51,0.000000000e+00
777000,0.000000000e+00,0.000000000e+00,0.000000000e+00,3.916575415e-04,3.912451933e-06,5.291038864e-32,1.553443942e-51,0.000000000e+00
778000,0.000000000e+00,0.000000000e+00,0.000000000e+00,3.916575415e-04,3.864329512e-06,4.926594402e-32,1.384124211e-51,0.000000000e+00
779000,0.000000000e+00,0.000000000e+00,0.000000000e+00,3.916575415e-04,3.816726015e-06,4.587240859e-32,1.233271748e-51,0.000000000e+00
780000,0.000000000e+00,0.000000000e+00,0.000000000e+00,3.916575415e-04,3.769639308e-06,4.271254359e-32,1.098871766e-51,0.000000000e+00
781000,0.000000000e+00,0.000000000e+00,0.000000000e+00,3.916575415e-04,3.723066826e-06,3.977028678e-32,9.791291937e-52,0.000000000e+00
782000,0.000000000e+00,0.000000000e+00,0.000000000e+00,3.916575415e-04,3.677002808e-06,3.703064507e-32,8.724440913e-52,0.000000000e+00
783000,0.000000000e+00,0.000000000e+00,0.000000000e+00,3.916575415e-04,3.631450155e-06,3.447974115e-32,7.773931829e-52,0.000000000e+00
784000,0.000000000e+00,0.000000000e+00,0.000000000e+00,3.916575415e-04,3.586391938e-06,3.210446357e-32,6.927043281e-52,0.000000000e+00
785000,0.000000000e+00,0.000000000e+00,0.000000000e+00,3.916575415e-04,3.541832885e-06,2.989280405e-32,6.172487773e-52,0.000000000e+00
786000,0.000000000e+00,0.000000000e+00,0.000000000e+00,3.916575415e-04,3.497768853e-06,2.783349712e-32,5.500191416e-52,0.000000000e+00
787000,0.000000000e+00,0.000000000e+00,0.000000000e+00,3.916575415e-04,3.454190473e-06,2.591601304e-32,4.901172690e-52,0.000000000e+00
788000,0.000000000e+00,0.000000000e+00,0.000000000e+00,3.916575415e-04,3.411098426e-06,2.413062384e-32,4.367445485e-52,0.000000000e+00
789000,0.000000000e+00,0.000000000e+00,0.000000000e+00,3.916575415e-04,3.368483709e-06,2.246820052e-32,3.891882326e-52,0.000000000e+00
790000,0.000000000e+00,0.000000000e+00,0.000000000e+00,3.916575415e-04,3.326349189e-06,2.092032210e-32,3.468147651e-52,0.000000000e+00
791000,0.000000000e+00,0.000000000e+00,0.000000000e+00,3.916575415e-04,3.284682261e-06,1.947904799e-32,3.090580609e-52,0.000000000e+00
792000,0.000000000e+00,0.000000000e+00,0.000000000e+00,3.916575415e-04,3.243486084e-06,1.813708032e-32,2.754153820e-52,0.000000000e+00
793000,0.000000000e+00,0.000000000e+00,0.000000000e+00,3.916575415e-04,3.202754829e-06,1.688756935e-32,2.454379745e-52,0.000000000e+00
794000,0.000000000e+00,0.000000000e+00,0.000000000e+00,3.916575415e-04,3.162481183e-06,1.572413087e-32,2.187259878e-52,0.000000000e+00
795000,0.000000000e+00,0.000000000e+00,0.000000000e+00,3.916575415e-04,3.122663011e-06,1.464084692e-32,1.949235829e-52,0.000000000e+00
796000,0.000000000e+00,0.000000000e+00,0.000000000e+00,3.916575415e-04,3.083297167e-06,1.363220083e-32,1.737136448e-52,0.000000000e+00
797000,0.000000000e+00,0.000000000e+00,0.000000000e+00,3.916575415e-04,3.044376626e-06,1.269303880e-32,1.548134385e-52,0.000000000e+00
798000,0.000000000e+00,0.000000000e+00,0.000000000e+00,3.916575415e-04,3.005902532e-06,1.181859590e-32,1.379714862e-52,0.000000000e+00
799000,0.000000000e+00,0.000000000e+00,0.000000000e+00,3.916575415e-04,2.967866781e-06,1.100439760e-32,1.229632854e-52,0.000000000e+00
800000,0.000000000e+00,0.000000000e+00,0.000000000e+00,3.916575415e-04,2.930266885e-06,1.024629951e-32,1.095890775e-52,0.000000000e+00
801000,0.000000000e+00,0.000000000e+00,0.000000000e+00,3.916575415e-04,2.893098632e-06,9.540436005e-33,9.767081195e-53,0.000000000e+00
802000,0.000000000e+00,0.000000000e+00,0.000000000e+00,3.916575415e-04,2.856355834e-06,8.883201571e-33,8.704979494e-53,0.000000000e+00
803000,0.000000000e+00,0.000000000e+00,0.000000000e+00,3.916575415e-04,2.820039134e-06,8.271260066e-33,7.758484178e-53,0.000000000e+00
804000,0.000000000e+00,0.000000000e+00,0.000000000e+00,3.916575415e-04,2.784140131e-06,7.701477843e-33,6.914989816e-53,0.000000000e+00
805000,0.000000000e+00,0.000000000e+00,0.000000000e+00,3.916575415e-04,2.748657507e-06,7.170957523e-33,6.163284266e-53,0.000000000e+00
806000,0.000000000e+00,0.000000000e+00,0.000000000e+00,3.916575415e-04,2.713586558e-06,6.676991784e-33,5.493368913e-53,0.000000000e+00
807000,0.000000000e+00,0.000000000e+00,0.000000000e+00,3.916575415e-04,2.678925082e-06,6.217065870e-33,4.896339975e-53,0.000000000e+00
808000,0.000000000e+00,0.000000000e+00,0.000000000e+00,3.916575415e-04,2.644665901e-06,5.788826690e-33,4.364254946e-53,0.000000000e+00
809000,0.000000000e+00,0.000000000e+00,0.000000000e+00,3.916575415e-04,2.610807300e-06,5.390095654e-33,3.890046564e-53,0.000000000e+00
810000,0.000000000e+00,0.000000000e+00,0.000000000e+00,3.916575415e-04,2.577347075e-06,5.018842536e-33,3.467416020e-53,0.000000000e+00
811000,0.000000000e+00,0.000000000e+00,0.000000000e+00,3.916575415e-04,2.544276512e-06,4.673164482e-33,3.090742268e-53,0.000000000e+00
812000,0.000000000e+00,0.000000000e+00,0.000000000e+00,3.916575415e-04,2.511595687e-06,4.351306383e-33,2.755028006e-53,0.000000000e+00
813000,0.000000000e+00,0.000000000e+00,0.000000000e+00,3.916575415e-04,2.479299554e-06,4.051624538e-33,2.455813948e-53,0.000000000e+00
814000,0.000000000e+00,0.000000000e+00,0.000000000e+00,3.916575415e-04,2.447384993e-06,3.772591781e-33,2.189128629e-53,0.000000000e+00
815000,0.000000000e+00,0.000000000e+00,0.000000000e+00,3.916575415e-04,2.415848529e-06,3.512785463e-33,1.951432668e-53,0.000000000e+00
816000,0.000000000e+00,0.000000000e+00,0.000000000e+00,3.916575415e-04,2.384685111e-06,3.270878710e-33,1.739570924e-53,0.000000000e+00
817000,0.000000000e+00,0.000000000e+00,0.000000000e+00,3.916575415e-04,2.353891951e-06,3.045639279e-33,1.550733600e-53,0.000000000e+00
818000,0.000000000e+00,0.000000000e+00,0.000000000e+00,3.916575415e-04,2.323464874e-06,2.835917923e-33,1.382415820e-53,0.000000000e+00
819000,0.000000000e+00,0.000000000e+00,0.000000000e+00,3.916575415e-04,2.293401420e-06,2.640646640e-33,1.232386421e-53,0.000000000e+00
820000,0.000000000e+00,0.000000000e+00,0.000000000e+00,3.916575415e-04,2.263696649e-06,2.458828087e-33,1.098655735e-53,0.000000000e+00
821000,0.000000000e+00,0.000000000e+00,0.000000000e+00,3.916575415e-04,2.234347592e-06,2.289535878e-33,9.794517108e-54,0.000000000e+00
822000,0.000000000e+00,0.000000000e+00,0.000000000e+00,3.916575415e-04,2.205350804e-06,2.131906884e-33,8.731948918e-54,0.000000000e+00
823000,0.000000000e+00,0.000000000e+00,0.000000000e+00,3.916575415e-04,2.176701128e-06,1.985135854e-33,7.784770781e-54,0.000000000e+00
824000,0.000000000e+00,0.000000000e+00,0.000000000e+00,3.916575415e-04,2.148397231e-06,1.848476540e-33,6.940446986e-54,0.000000000e+00
825000,0.000000000e+00,0.000000000e+00,0.000000000e+00,3.916575415e-04,2.120434300e-06,1.721230967e-33,6.187793470e-54,0.000000000e+00
826000,0.000000000e+00,0.000000000e+00,0.000000000e+00,3.916575415e-04,2.092810796e-06,1.602751932e-33,5.516852650e-54,0.000000000e+00
827000,0.000000000e+00,0.000000000e+00,0.000000000e+00,3.916575415e-04,2.065519280e-06,1.492432316e-33,4.918734605e-54,0.000000000e+00
828000,0.000000000e+00,0.000000000e+00,0.000000000e+00,3.916575415e-04,2.038559945e-06,1.389712494e-33,4.385535494e-54,0.000000000e+00
829000,0.000000000e+00,0.000000000e+00,0.000000000e+00,3.916575415e-04,2.011927643e-06,1.294067555e-33,3.910198357e-54,0.000000000e+00
830000,0.000000000e+00,0.000000000e+00,0.000000000e+00,3.916575415e-04,1.985619130e-06,1.205010090e-33,3.486437972e-54,0.000000000e+00
831000,0.000000000e+00,0.000000000e+00,0.000000000e+00,3.916575415e-04,1.959632187e-06,1.122086841e-33,3.108654046e-54,0.000000000e+00
832000,0.000000000e+00,0.000000000e+00,0.000000000e+00,3.916575415e-04,1.933963292e-06,1.044874967e-33,2.771852756e-54,0.000000000e+00
833000,0.000000000e+00,0.000000000e+00,0.000000000e+00,3.916575415e-04,1.908607098e-06,9.729798479e-34,2.471580871e-54,0.000000000e+00
834000,0.000000000e+00,0.000000000e+00,0.000000000e+00,3.916575415e-04,1.883560847e-06,9.060354594e-34,2.203872987e-54,0.000000000e+00
835000,0.000000000e+00,0.000000000e+00,0.000000000e+00,3.916575415e-04,1.858822942e-06,8.437014756e-34,1.965195671e-54,0.000000000e+00
836000,0.000000000e+00,0.000000000e+00,0.000000000e+00,3.916575415e-04,1.834388529e-06,7.856594987e-34,1.752395839e-54,0.000000000e+00
837000,0.000000000e+00,0.000000000e+00,0.000000000e+00,3.916575415e-04,1.810256161e-06,7.316145554e-34,1.562666401e-54,0.000000000e+00
838000,0.000000000e+00,0.000000000e+00,0.000000000e+00,3.916575415e-04,1.786420611e-06,6.812904360e-34,1.393501849e-54,0.000000000e+00
839000,0.000000000e+00,0.000000000e+00,0.000000000e+00,3.916575415e-04,1.762879409e-06,6.344310760e-34,1.242671254e-54,0.000000000e+00
840000,0.000000000e+00,0.000000000e+00,0.000000000e+00,3.916575415e-04,1.739629625e-06,5.907978529e-34,1.108185557e-54,0.000000000e+00
841000,0.000000000e+00,0.000000000e+00,0.000000000e+00,3.916575415e-04,1.716668229e-06,5.501685370e-34,9.882716206e-55,0.000000000e+00
842000,0.000000000e+00,0.000000000e+00,0.000000000e+00,3.916575415e-04,1.693991411e-06,5.123359673e-34,8.813484337e-55,0.000000000e+00
843000,0.000000000e+00,0.000000000e+00,0.000000000e+00,3.916575415e-04,1.671598266e-06,4.771081172e-34,7.860081220e-55,0.000000000e+00
844000,0.000000000e+00,0.000000000e+00,0.000000000e+00,3.916575415e-04,1.649482639e-06,4.443046744e-34,7.009931341e-55,0.000000000e+00
845000,0.000000000e+00,0.000000000e+00,0.000000000e+00,3.916575415e-04,1.627641901e-06,4.137587771e-34,6.251841657e-55,0.000000000e+00
846000,0.000000000e+00,0.000000000e+00,0.000000000e+00,3.916575415e-04,1.606074084e-06,3.853151978e-34,5.575835726e-55,0.000000000e+00
847000,0.000000000e+00,0.000000000e+00,0.000000000e+00,3.916575415e-04,1.584776496e-06,3.588291960e-34,4.973016434e-55,0.000000000e+00
848000,0.000000000e+00,0.000000000e+00,0.000000000e+00,3.916575415e-04,1.563745889e-06,3.341658717e-34,4.435450277e-55,0.000000000e+00
849000,0.000000000e+00,0.000000000e+00,0.000000000e+00,3.916575415e-04,1.542978309e-06,3.111994842e-34,3.956062966e-55,0.000000000e+00
850000,0.000000000e+00,0.000000000e+00,0.000000000e+00,3.916575415e-04,1.522473061e-06,2.898136056e-34,3.528555932e-55,0.000000000e+00
851000,0.000000000e+00,0.000000000e+00,0.000000000e+00,3.916575415e-04,1.502224183e-06,2.698988134e-34,3.147301306e-55,0.000000000e+00
852000,0.000000000e+00,0.000000000e+00,0.000000000e+00,3.916575415e-04,1.482230346e-06,2.513540945e-34,2.807292213e-55,0.000000000e+00
853000,0.000000000e+00,0.000000000e+00,0.000000000e+00,3.916575415e-04,1.462490603e-06,2.340854107e-34,2.504064502e-55,0.000000000e+00
854000,0.000000000e+00,0.000000000e+00,0.000000000e+00,3.916575415e-04,1.442998252e-06,2.180042830e-34,2.233628245e-55,0.000000000e+00
855000,0.000000000e+00,0.000000000e+00,0.000000000e+00,3.916575415e-04,1.423752364e-06,2.030292419e-34,1.992435887e-55,0.000000000e+00
856000,0.000000000e+00,0.000000000e+00,0.000000000e+00,3.916575415e-04,1.404751664e-06,1.890843377e-34,1.777323183e-55,0.000000000e+00
857000,0.000000000e+00,0.000000000e+00,0.000000000e+00,3.916575415e-04,1.385990650e-06,1.760982820e-34,1.585463481e-55,0.000000000e+00
858000,0.000000000e+00,0.000000000e+00,0.000000000e+00,3.916575415e-04,1.367468917e-06,1.640053616e-34,1.414342630e-55,0.000000000e+00
859000,0.000000000e+00,0.000000000e+00,0.000000000e+00,3.916575415e-04,1.349182184e-06,1.527439048e-34,1.261714577e-55,0.000000000e+00
860000,0.000000000e+00,0.000000000e+00,0.000000000e+00,3.916575415e-04,1.331128683e-06,1.422567827e-34,1.125579157e-55,0.000000000e+00
861000,0.000000000e+00,0.000000000e+00,0.000000000e+00,3.916575415e-04,1.313304649e-06,1.324905829e-34,1.004151124e-55,0.000000000e+00
862000,0.000000000e+00,0.000000000e+00,0.000000000e+00,3.916575415e-04,1.295708353e-06,1.233957812e-34,8.958402385e-56,0.000000000e+00
863000,0.000000000e+00,0.000000000e+00,0.000000000e+00,3.916575415e-04,1.278337213e-06,1.149261720e-34,7.992277552e-56,0.000000000e+00
864000,0.000000000e+00,0.000000000e+00,0.000000000e+00,3.916575415e-04,1.261188552e-06,1.070387224e-34,7.130484958e-56,0.000000000e+00
865000,0.000000000e+00,0.000000000e+00,0.000000000e+00,3.916575415e-04,1.244258545e-06,9.969327019e-35,6.361736846e-56,0.000000000e+00
866000,0.000000000e+00,0.000000000e+00,0.000000000e+00,3.916575415e-04,1.227546782e-06,9.285269219e-35,5.675984943e-56,0.000000000e+00
867000,0.000000000e+00,0.000000000e+00,0.000000000e+00,3.916575415e-04,1.211049636e-06,8.648216447e-35,5.064252234e-56,0.000000000e+00
868000,0.000000000e+00,0.000000000e+00,0.000000000e+00,3.916575415e-04,1.194763561e-06,8.054927819e-35,4.518534880e-56,0.000000000e+00
869000,0.000000000e+00,0.000000000e+00,0.000000000e+00,3.916575415e-04,1.178688019e-06,7.502405717e-35,4.031706451e-56,0.000000000e+00
870000,0.000000000e+00,0.000000000e+00,0.000000000e+00,3.916575415e-04,1.162819852e-06,6.987841097e-35,3.597401486e-56,0.000000000e+00
871000,0.000000000e+00,0.000000000e+00,0.000000000e+00,3.916575415e-04,1.147156272e-06,6.508620988e-35,3.209944783e-56,0.000000000e+00
872000,0.000000000e+00,0.000000000e+00,0.000000000e+00,3.916575415e-04,1.131694804e-06,6.062314216e-35,2.864276033e-56,0.000000000e+00
873000,0.000000000e+00,0.000000000e+00,0.000000000e+00,3.916575415e-04,1.116433345e-06,5.646658800e-35,2.555883026e-56,0.000000000e+00
874000,0.000000000e+00,0.000000000e+00,0.000000000e+00,3.916575415e-04,1.101369593e-06,5.259547194e-35,2.280740829e-56,0.000000000e+00
875000,0.000000000e+00,0.000000000e+00,0.000000000e+00,3.916575415e-04,1.086500615e-06,4.899013955e-35,2.035258423e-56,0.000000000e+00
876000,0.000000000e+00,0.000000000e+00,0.000000000e+00,3.916575415e-04,1.071825364e-06,4.563237274e-35,1.816236448e-56,0.000000000e+00
877000,0.000000000e+00,0.000000000e+00,0.000000000e+00,3.916575415e-04,1.057340214e-06,4.250509442e-35,1.620816755e-56,0.000000000e+00
878000,0.000000000e+00,0.000000000e+00,0.000000000e+00,3.916575415e-04,1.043043367e-06,3.959247984e-35,1.446453169e-56,0.000000000e+00
879000,0.000000000e+00,0.000000000e+00,0.000000000e+00,3.916575415e-04,1.028932375e-06,3.687976638e-35,1.290873592e-56,0.000000000e+00
880000,0.000000000e+00,0.000000000e+00,0.000000000e+00,3.916575415e-04,1.015005926e-06,3.435324614e-35,1.152052730e-56,0.000000000e+00
881000,0.000000000e+00,0.000000000e+00,0.000000000e+00,3.916575415e-04,1.001260907e-06,3.200009141e-35,1.028181899e-56,0.000000000e+00
882000,0.000000000e+00,0.000000000e+00,0.000000000e+00,3.916575415e-04,9.876950950e-07,2.980838794e-35,9.176488366e-57,0.000000000e+00
883000,0.000000000e+00,0.000000000e+00,0.000000000e+00,3.916575415e-04,9.743065971e-07,2.776705019e-35,8.190156500e-57,0.000000000e+00
884000,0.000000000e+00,0.000000000e+00,0.000000000e+00,3.916575415e-04,9.610931286e-07,2.586574289e-35,7.309993132e-57,0.000000000e+00
885000,0.000000000e+00,0.000000000e+00,0.000000000e+00,3.916575415e-04,9.480535723e-07,2.409487151e-35,6.524561267e-57,0.000000000e+00
886000,0.000000000e+00,0.000000000e+00,0.000000000e+00,3.916575415e-04,9.351839476e-07,2.244542835e-35,5.823638514e-57,0.000000000e+00
887000,0.000000000e+00,0.000000000e+00,0.000000000e+00,3.916575415e-04,9.224828576e-07,2.090909046e-35,5.198123462e-57,0.000000000e+00
888000,0.000000000e+00,0.000000000e+00,0.000000000e+00,3.916575415e-04,9.099493686e-07,1.947811425e-35,4.639897828e-57,0.000000000e+00
889000,0.000000000e+00,0.000000000e+00,0.000000000e+00,3.916575415e-04,8.975801998e-07,1.814523708e-35,4.141706649e-57,0.000000000e+00
890000,0.000000000e+00,0.000000000e+00,0.000000000e+00,3.916575415e-04,8.853748599e-07,1.690375258e-35,3.697090769e-57,0.000000000e+00
891000,0.000000000e+00,0.000000000e+00,0.000000000e+00,3.916575415e-04,8.733287190e-07,1.574733599e-35,3.300270168e-57,0.000000000e+00
892000,0.000000000e+00,0.000000000e+00,0.000000000e+00,3.916575415e-04,8.614423121e-07,1.467019247e-35,2.946108516e-57,0.000000000e+00
893000,0.000000000e+00,0.000000000e+00,0.000000000e+00,3.916575415e-04,8.497126638e-07,1.366686205e-35,2.630009866e-57,0.000000000e+00
894000,0.000000000e+00,0.000000000e+00,0.000000000e+00,3.916575415e-04,8.381373578e-07,1.273227090e-35,2.347876161e-57,0.000000000e+00
895000,0.000000000e+00,0.000000000e+00,0.000000000e+00,3.916575415e-04,8.267149451e-07,1.186170867e-35,2.096053802e-57,0.000000000e+00
896000,0.000000000e+00,0.000000000e+00,0.000000000e+00,3.916575415e-04,8.154444346e-07,1.105079365e-35,1.871283568e-57,0.000000000e+00
897000,0.000000000e+00,0.000000000e+00,0.000000000e+00,3.916575415e-04,8.043227092e-07,1.029541588e-35,1.670652383e-57,0.000000000e+00
898000,0.000000000e+00,0.000000000e+00,0.000000000e+00,3.916575415e-04,7.933479750e-07,9.591766143e-36,1.491564190e-57,0.000000000e+00
899000,0.000000000e+00,0.000000000e+00,0.000000000e+00,3.916575415e-04,7.825195989e-07,8.936309839e-36,1.331704447e-57,0.000000000e+00
900000,0.000000000e+00,0.000000000e+00,0.000000000e+00,3.916575415e-04,7.718340296e-07,8.325721406e-36,1.189002777e-57,0.000000000e+00
901000,0.000000000e+00,0.000000000e+00,0.000000000e+00,3.916575415e-04,7.612911170e-07,7.756941149e-36,1.061617205e-57,0.000000000e+00
902000,0.000000000e+00,0.000000000e+00,0.000000000e+00,3.916575415e-04,7.508880211e-07,7.227090846e-36,9.478999835e-58,0.000000000e+00
903000,0.000000000e+00,0.000000000e+00,0.000000000e+00,3.916575415e-04,7.406232225e-07,6.733503429e-36,8.463826031e-58,0.000000000e+00
904000,0.000000000e+00,0.000000000e+00,0.000000000e+00,3.916575415e-04,7.304950433e-07,6.273693133e-36,7.557543296e-58,0.000000000e+00
905000,0.000000000e+00,0.000000000e+00,0.000000000e+00,3.916575415e-04,7.205019498e-07,5.845345831e-36,6.748455651e-58,0.000000000e+00
906000,0.000000000e+00,0.000000000e+00,0.000000000e+00,3.916575415e-04,7.106420917e-07,5.446303505e-36,6.026122101e-58,0.000000000e+00
907000,0.000000000e+00,0.000000000e+00,0.000000000e+00,3.916575415e-04,7.009141167e-07,5.074559961e-36,5.381228806e-58,0.000000000e+00
908000,0.000000000e+00,0.000000000e+00,0.000000000e+00,3.916575415e-04,6.913157221e-07,4.728239748e-36,4.805456186e-58,0.000000000e+00
909000,0.000000000e+00,0.000000000e+00,0.000000000e+00,3.916575415e-04,6.818452548e-07,4.405600920e-36,4.291384487e-58,0.000000000e+00
910000,0.000000000e+00,0.000000000e+00,0.000000000e+00,3.916575415e-04,6.725019172e-07,4.105026203e-36,3.832396394e-58,0.000000000e+00
911000,0.000000000e+00,0.000000000e+00,0.000000000e+00,3.916575415e-04,6.632836188e-07,3.825000972e-36,3.422577803e-58,0.000000000e+00
912000,0.000000000e+00,0.000000000e+00,0.000000000e+00,3.916575415e-04,6.541885115e-07,3.564116212e-36,3.056652005e-58,0.000000000e+00
913000,0.000000000e+00,0.000000000e+00,0.000000000e+00,3.916575415e-04,6.452158293e-07,3.321065280e-36,2.729914125e-58,0.000000000e+00
914000,0.000000000e+00,0.000000000e+00,0.000000000e+00,3.916575415e-04,6.363628174e-07,3.094620786e-36,2.438156119e-58,0.000000000e+00
915000,0.000000000e+00,0.000000000e+00,0.000000000e+00,3.916575415e-04,6.276294148e-07,2.883652742e-36,2.177632540e-58,0.000000000e+00
916000,0.000000000e+00,0.000000000e+00,0.000000000e+00,3.916575415e-04,6.190123598e-07,2.687093648e-36,1.944988634e-58,0.000000000e+00
917000,0.000000000e+00,0.000000000e+00,0.000000000e+00,3.916575415e-04,6.105115110e-07,2.503963125e-36,1.737240253e-58,0.000000000e+00
918000,0.000000000e+00,0.000000000e+00,0.000000000e+00,3.916575415e-04,6.021247021e-07,2.333339234e-36,1.551717246e-58,0.000000000e+00
919000,0.000000000e+00,0.000000000e+00,0.000000000e+00,3.916575415e-04,5.938514233e-07,2.174369670e-36,1.386040406e-58,0.000000000e+00
920000,0.000000000e+00,0.000000000e+00,0.000000000e+00,3.916575415e-04,5.856893564e-07,2.026253713e-36,1.238081385e-58,0.000000000e+00
921000,0.000000000e+00,0.000000000e+00,0.000000000e+00,3.916575415e-04,5.776365810e-07,1.888247251e-36,1.105941475e-58,0.000000000e+00
922000,0.000000000e+00,0.000000000e+00,0.000000000e+00,3.916575415e-04,5.696934256e-07,1.759664310e-36,9.879297744e-59,0.000000000e+00
923000,0.000000000e+00,0.000000000e+00,0.000000000e+00,3.916575415e-04,5.618564286e-07,1.639853990e-36,8.825299306e-59,0.000000000e+00
924000,0.000000000e+00,0.000000000e+00,0.000000000e+00,3.916575415e-04,5.541258041e-07,1.528221023e-36,7.883943299e-59,0.000000000e+00
925000,0.000000000e+00,0.000000000e+00,0.000000000e+00,3.916575415e-04,5.464994181e-07,1.424204077e-36,7.043161584e-59,0.000000000e+00
926000,0.000000000e+00,0.000000000e+00,0.000000000e+00,3.916575415e-04,5.389759447e-07,1.327282546e-36,6.292191881e-59,0.000000000e+00
927000,0.000000000e+00,0.000000000e+00,0.000000000e+00,3.916575415e-04,5.315542761e-07,1.236971942e-36,5.621427467e-59,0.000000000e+00
928000,0.000000000e+00,0.000000000e+00,0.000000000e+00,3.916575415e-04,5.242329533e-07,1.152820074e-36,5.022286910e-59,0.000000000e+00
929000,0.000000000e+00,0.000000000e+00,0.000000000e+00,3.916575415e-04,5.170108399e-07,1.074406404e-36,4.487111278e-59,0.000000000e+00
930000,0.000000000e+00,0.000000000e+00,0.000000000e+00,3.916575415e-04,5.098866247e-07,1.001338764e-36,4.009060198e-59,0.000000000e+00
931000,0.000000000e+00,0.000000000e+00,0.000000000e+00,3.916575415e-04,5.028586736e-07,9.332512172e-37,3.582023598e-59,0.000000000e+00
932000,0.000000000e+00,0.000000000e+00,0.000000000e+00,3.916575415e-04,4.959264656e-07,8.698049061e-37,3.200553489e-59,0.000000000e+00
933000,0.000000000e+00,0.000000000e+00,0.000000000e+00,3.916575415e-04,4.890879700e-07,8.106814414e-37,2.859774933e-59,0.000000000e+00
934000,0.000000000e+00,0.000000000e+00,0.000000000e+00,3.916575415e-04,4.823421221e-07,7.555859177e-37,2.555341172e-59,0.000000000e+00
935000,0.000000000e+00,0.000000000e+00,0.000000000e+00,3.916575415e-04,4.756882109e-07,7.042440689e-37,2.283372007e-59,0.000000000e+00
936000,0.000000000e+00,0.000000000e+00,0.000000000e+00,3.916575415e-04,4.691246478e-07,6.563990325e-37,2.040397890e-59,0.000000000e+00
937000,0.000000000e+00,0.000000000e+00,0.000000000e+00,3.916575415e-04,4.626502758e-07,6.118121553e-37,1.823322593e-59,0.000000000e+00
938000,0.000000000e+00,0.000000000e+00,0.000000000e+00,3.916575415e-04,4.562640603e-07,5.702612383e-37,1.629381427e-59,0.000000000e+00
939000,0.000000000e+00,0.000000000e+00,0.000000000e+00,3.916575415e-04,4.499645828e-07,5.315387827e-37,1.456103944e-59,0.000000000e+00
940000,0.000000000e+00,0.000000000e+00,0.000000000e+00,3.916575415e-04,4.437512636e-07,4.954524483e-37,1.301286503e-59,0.000000000e+00
941000,0.000000000e+00,0.000000000e+00,0.000000000e+00,3.916575415e-04,4.376221923e-07,4.618215305e-37,1.162957007e-59,0.000000000e+00
942000,0.000000000e+00,0.000000000e+00,0.000000000e+00,3.916575415e-04,4.315763751e-07,4.304787070e-37,1.039356903e-59,0.000000000e+00
943000,0.000000000e+00,0.000000000e+00,0.000000000e+00,3.916575415e-04,4.256136299e-07,4.012688239e-37,9.289171982e-60,0.000000000e+00
944000,0.000000000e+00,0.000000000e+00,0.000000000e+00,3.916575415e-04,4.197317632e-07,3.740453947e-37,8.302319759e-60,0.000000000e+00
945000,0.000000000e+00,0.000000000e+00,0.000000000e+00,3.916575415e-04,4.139305003e-07,3.486737006e-37,7.420495359e-60,0.000000000e+00
946000,0.000000000e+00,0.000000000e+00,0.000000000e+00,3.916575415e-04,4.082082408e-07,3.250270573e-37,6.632492791e-60,0.000000000e+00
947000,0.000000000e+00,0.000000000e+00,0.000000000e+00,3.916575415e-04,4.025641329e-07,3.029880554e-37,5.928315955e-60,0.000000000e+00
948000,0.000000000e+00,0.000000000e+00,0.000000000e+00,3.916575415e-04,3.969969682e-07,2.824470188e-37,5.299030135e-60,0.000000000e+00
949000,0.000000000e+00,0.000000000e+00,0.000000000e+00,3.916575415e-04,3.915063806e-07,2.633023380e-37,4.736664941e-60,0.000000000e+00
950000,0.000000000e+00,0.000000000e+00,0.000000000e+00,3.916575415e-04,3.860905628e-07,2.454583504e-37,4.234082435e-60,0.000000000e+00
951000,0.000000000e+00,0.000000000e+00,0.000000000e+00,3.916575415e-04,3.807487418e-07,2.288266176e-37,3.784918902e-60,0.000000000e+00
952000,0.000000000e+00,0.000000000e+00,0.000000000e+00,3.916575415e-04,3.754805195e-07,2.133249223e-37,3.383492062e-60,0.000000000e+00
953000,0.000000000e+00,0.000000000e+00,0.000000000e+00,3.916575415e-04,3.702839870e-07,1.988757906e-37,3.024711796e-60,0.000000000e+00
954000,0.000000000e+00,0.000000000e+00,0.000000000e+00,3.916575415e-04,3.651585696e-07,1.854077842e-37,2.704042695e-60,0.000000000e+00
955000,0.000000000e+00,0.000000000e+00,0.000000000e+00,3.916575415e-04,3.601039557e-07,1.728544289e-37,2.417433718e-60,0.000000000e+00
956000,0.000000000e+00,0.000000000e+00,0.000000000e+00,3.916575415e-04,3.551181650e-07,1.611529767e-37,2.161254245e-60,0.000000000e+00
957000,0.000000000e+00,0.000000000e+00,0.000000000e+00,3.916575415e-04,3.502008271e-07,1.502457185e-37,1.932271172e-60,0.000000000e+00
958000,0.000000000e+00,0.000000000e+00,0.000000000e+00,3.916575415e-04,3.453510025e-07,1.400786082e-37,1.727592089e-60,0.000000000e+00
959000,0.000000000e+00,0.000000000e+00,0.000000000e+00,3.916575415e-04,3.405677136e-07,1.306012681e-37,1.544632526e-60,0.000000000e+00
960000,0.000000000e+00,0.000000000e+00,0.000000000e+00,3.916575415e-04,3.358501587e-07,1.217668192e-37,1.381084050e-60,0.000000000e+00
961000,0.000000000e+00,0.000000000e+00,0.000000000e+00,3.916575415e-04,3.311972533e-07,1.135314727e-37,1.234882842e-60,0.000000000e+00
962000,0.000000000e+00,0.000000000e+00,0.000000000e+00,3.916575415e-04,3.266084282e-07,1.058545985e-37,1.104186720e-60,0.000000000e+00
963000,0.000000000e+00,0.000000000e+00,0.000000000e+00,3.916575415e-04,3.220827038e-07,9.869819129e-38,9.873480115e-61,0.000000000e+00
964000,0.000000000e+00,0.000000000e+00,0.000000000e+00,3.916575415e-04,3.176191048e-07,9.202683944e-38,8.828944867e-61,0.000000000e+00
965000,0.000000000e+00,0.000000000e+00,0.000000000e+00,3.916575415e-04,3.132168090e-07,8.580758835e-38,7.895110133e-61,0.000000000e+00
966000,0.000000000e+00,0.000000000e+00,0.000000000e+00,3.916575415e-04,3.088751641e-07,8.000976864e-38,7.060227084e-61,0.000000000e+00
967000,0.000000000e+00,0.000000000e+00,0.000000000e+00,3.916575415e-04,3.045933280e-07,7.460474379e-38,6.313791203e-61,0.000000000e+00
968000,0.000000000e+00,0.000000000e+00,0.000000000e+00,3.916575415e-04,3.003703784e-07,6.956580729e-38,5.646413447e-61,0.000000000e+00
969000,0.000000000e+00,0.000000000e+00,0.000000000e+00,3.916575415e-04,2.962055861e-07,6.486811514e-38,5.049706685e-61,0.000000000e+00
970000,0.000000000e+00,0.000000000e+00,0.000000000e+00,3.916575415e-04,2.920982627e-07,6.048851857e-38,4.516175413e-61,0.000000000e+00
971000,0.000000000e+00,0.000000000e+00,0.000000000e+00,3.916575415e-04,2.880475972e-07,5.640541539e-38,4.039118418e-61,0.000000000e+00
972000,0.000000000e+00,0.000000000e+00,0.000000000e+00,3.916575415e-04,2.840524601e-07,5.259861379e-38,3.612542467e-61,0.000000000e+00
973000,0.000000000e+00,0.000000000e+00,0.000000000e+00,3.916575415e-04,2.801124615e-07,4.904943370e-38,3.231100635e-61,0.000000000e+00
974000,0.000000000e+00,0.000000000e+00,0.000000000e+00,3.916575415e-04,2.762270546e-07,4.574042828e-38,2.890010911e-61,0.000000000e+00
975000,0.000000000e+00,0.000000000e+00,0.000000000e+00,3.916575415e-04,2.723950686e-07,4.265523328e-38,2.584992504e-61,0.000000000e+00
976000,0.000000000e+00,0.000000000e+00,0.000000000e+00,3.916575415e-04,2.686159326e-07,3.977869513e-38,2.312225308e-61,0.000000000e+00
977000,0.000000000e+00,0.000000000e+00,0.000000000e+00,3.916575415e-04,2.648889849e-07,3.709667292e-38,2.068293502e-61,0.000000000e+00
978000,0.000000000e+00,0.000000000e+00,0.000000000e+00,3.916575415e-04,2.612135008e-07,3.459597631e-38,1.850143110e-61,0.000000000e+00
979000,0.000000000e+00,0.000000000e+00,0.000000000e+00,3.916575415e-04,2.575888253e-07,3.226431943e-38,1.655044592e-61,0.000000000e+00
980000,0.000000000e+00,0.000000000e+00,0.000000000e+00,3.916575415e-04,2.540142278e-07,3.009024044e-38,1.480557368e-61,0.000000000e+00
981000,0.000000000e+00,0.000000000e+00,0.000000000e+00,3.916575415e-04,2.504889467e-07,2.806305259e-38,1.324499545e-61,0.000000000e+00
982000,0.000000000e+00,0.000000000e+00,0.000000000e+00,3.916575415e-04,2.470125803e-07,2.617283368e-38,1.184922367e-61,0.000000000e+00
983000,0.000000000e+00,0.000000000e+00,0.000000000e+00,3.916575415e-04,2.435840325e-07,2.441026064e-38,1.060080251e-61,0.000000000e+00
984000,0.000000000e+00,0.000000000e+00,0.000000000e+00,3.916575415e-04,2.402029731e-07,2.276672189e-38,9.484161241e-62,0.000000000e+00
985000,0.000000000e+00,0.000000000e+00,0.000000000e+00,3.916575415e-04,2.368687244e-07,2.123415393e-38,8.485362663e-62,0.000000000e+00
986000,0.000000000e+00,0.000000000e+00,0.000000000e+00,3.916575415e-04,2.335804693e-07,1.980502854e-38,7.591941643e-62,0.000000000e+00
987000,0.000000000e+00,0.000000000e+00,0.000000000e+00,3.916575415e-04,2.303378799e-07,1.847236940e-38,6.792769096e-62,0.000000000e+00
988000,0.000000000e+00,0.000000000e+00,0.000000000e+00,3.916575415e-04,2.271401770e-07,1.722963502e-38,6.077879703e-62,0.000000000e+00
989000,0.000000000e+00,0.000000000e+00,0.000000000e+00,3.916575415e-04,2.239865708e-07,1.607072831e-38,5.438363970e-62,0.000000000e+00
990000,0.000000000e+00,0.000000000e+00,0.000000000e+00,3.916575415e-04,2.208767691e-07,1.499000090e-38,4.866267410e-62,0.000000000e+00
991000,0.000000000e+00,0.000000000e+00,0.000000000e+00,3.916575415e-04,2.178099385e-07,1.398214903e-38,4.354464446e-62,0.000000000e+00
992000,0.000000000e+00,0.000000000e+00,0.000000000e+00,3.916575415e-04,2.147857040e-07,1.304225828e-38,3.896592920e-62,0.000000000e+00
993000,0.000000000e+00,0.000000000e+00,0.000000000e+00,3.916575415e-04,2.118032802e-07,1.216572145e-38,3.486955726e-62,0.000000000e+00
994000,0.000000000e+00,0.000000000e+00,0.000000000e+00,3.916575415e-04,2.088622828e-07,1.134826679e-38,3.120465105e-62,0.000000000e+00
995000,0.000000000e+00,0.000000000e+00,0.000000000e+00,3.916575415e-04,2.059617676e-07,1.058588139e-38,2.792562789e-62,0.000000000e+00
996000,0.000000000e+00,0.000000000e+00,0.000000000e+00,3.916575415e-04,2.031019119e-07,9.874881313e-39,2.499187486e-62,0.000000000e+00
997000,0.000000000e+00,0.000000000e+00,0.000000000e+00,3.916575415e-04,2.002813138e-07,9.211753852e-39,2.236686959e-62,0.000000000e+00
998000,0.000000000e+00,0.000000000e+00,0.000000000e+00,3.916575415e-04,1.975001288e-07,8.593297640e-39,2.001813248e-62,0.000000000e+00
999000,0.000000000e+00,0.000000000e+00,0.000000000e+00,3.916575415e-04,1.947572459e-07,8.016471060e-39,1.791647845e-62,0.000000000e+00
1000000,0.000000000e+00,0.000000000e+00,0.000000000e+00,3.916575415e-04,1.920526564e-07,7.478484694e-39,1.603591114e-62,0.000000000e+00
