altitude,temp,N2,O2,O,He,H,Ar,N
0,282.9043884,2.004521440e+25,5.375272272e+24,0.000000000e+00,1.334898508e+20,0.000000000e+00,2.395629474e+23,0.000000000e+00
1000,276.5773315,1.814592264e+25,4.865963433e+24,0.000000000e+00,1.208416407e+20,0.000000000e+00,2.168642828e+23,0.000000000e+00
2000,271.3103638,1.632993638e+25,4.378993312e+24,0.000000000e+00,1.087481915e+20,0.000000000e+00,1.951611840e+23,0.000000000e+00
3000,266.2862854,1.465376030e+25,3.929514182e+24,0.000000000e+00,9.758579992e+19,0.000000000e+00,1.751289927e+23,0.000000000e+00
4000,260.8071594,1.314491924e+25,3.524907332e+24,0.000000000e+00,8.753776778e+19,0.000000000e+00,1.570966339e+23,0.000000000e+00
5000,254.2924652,1.180971393e+25,3.166862083e+24,0.000000000e+00,7.864605243e+19,0.000000000e+00,1.411394256e+23,0.000000000e+00
6000,246.5491333,1.063014726e+25,2.850552592e+24,0.000000000e+00,7.079079831e+19,0.000000000e+00,1.270422671e+23,0.000000000e+00
7000,238.4125214,9.550927989e+24,2.561152000e+24,0.000000000e+00,6.360380977e+19,0.000000000e+00,1.141443811e+23,0.000000000e+00
8000,230.7715302,8.532411768e+24,2.288029363e+24,0.000000000e+00,5.682106328e+19,0.000000000e+00,1.019719619e+23,0.000000000e+00
9000,224.3062134,7.556904706e+24,2.026439977e+24,0.000000000e+00,5.032473516e+19,0.000000000e+00,9.031354762e+22,0.000000000e+00
10000,219.5531158,6.621238577e+24,1.775534137e+24,0.000000000e+00,4.409372360e+19,0.000000000e+00,7.913128088e+22,0.000000000e+00
11000,216.7992401,5.735802932e+24,1.538098024e+24,0.000000000e+00,3.819721867e+19,0.000000000e+00,6.854932596e+22,0.000000000e+00
12000,215.5753326,4.927662027e+24,1.321388989e+24,0.000000000e+00,3.281545669e+19,0.000000000e+00,5.889112687e+22,0.000000000e+00
13000,215.2960358,4.212972039e+24,1.129739568e+24,0.000000000e+00,2.805602270e+19,0.000000000e+00,5.034977546e+22,0.000000000e+00
14000,215.4200439,3.595293767e+24,9.641045954e+23,0.000000000e+00,2.394263315e+19,0.000000000e+00,4.296782173e+22,0.000000000e+00
15000,215.4158325,3.070388205e+24,8.233473633e+23,0.000000000e+00,2.044705919e+19,0.000000000e+00,3.669460919e+22,0.000000000e+00
16000,214.8747253,2.628306795e+24,7.047999390e+23,0.000000000e+00,1.750304534e+19,0.000000000e+00,3.141123605e+22,0.000000000e+00
17000,213.9317474,2.252952015e+24,6.041457483e+23,0.000000000e+00,1.500339251e+19,0.000000000e+00,2.692532206e+22,0.000000000e+00
18000,212.8690338,1.930944641e+24,5.177970797e+23,0.000000000e+00,1.285900509e+19,0.000000000e+00,2.307696916e+22,0.000000000e+00
19000,211.9588013,1.652645531e+24,4.431691193e+23,0.000000000e+00,1.100568918e+19,0.000000000e+00,1.975097977e+22,0.000000000e+00
20000,211.4642639,1.411007307e+24,3.783720484e+23,0.000000000e+00,9.396515431e+18,0.000000000e+00,1.686313208e+22,0.000000000e+00
21000,211.587738,1.201074857e+24,3.220770891e+23,0.000000000e+00,7.998482548e+18,0.000000000e+00,1.435420150e+22,0.000000000e+00
22000,212.2540436,1.020124763e+24,2.735539916e+23,0.000000000e+00,6.793456837e+18,0.000000000e+00,1.219164276e+22,0.000000000e+00
23000,213.307724,8.654813841e+23,2.320852246e+23,0.000000000e+00,5.763619062e+18,0.000000000e+00,1.034348031e+22,0.000000000e+00
24000,214.5930481,7.341911507e+23,1.968787848e+23,0.000000000e+00,4.889300060e+18,0.000000000e+00,8.774413257e+21,0.000000000e+00
25000,215.9489746,6.232758506e+23,1.671360221e+23,0.000000000e+00,4.150666290e+18,0.000000000e+00,7.448850201e+21,0.000000000e+00
26000,217.2408295,5.298357059e+23,1.420793629e+23,0.000000000e+00,3.528407855e+18,0.000000000e+00,6.332135385e+21,0.000000000e+00
27000,218.5124207,4.508921441e+23,1.209100667e+23,0.000000000e+00,3.002688190e+18,0.000000000e+00,5.388670670e+21,0.000000000e+00
28000,219.8725433,3.839451629e+23,1.029577368e+23,0.000000000e+00,2.556858765e+18,0.000000000e+00,4.588578330e+21,0.000000000e+00
29000,221.4352417,3.270006043e+23,8.768762478e+22,0.000000000e+00,2.177640091e+18,0.000000000e+00,3.908026443e+21,0.000000000e+00
30000,223.3217468,2.784528632e+23,7.466919543e+22,0.000000000e+00,1.854339417e+18,0.000000000e+00,3.327826295e+21,0.000000000e+00
31000,225.6362915,2.370268083e+23,6.356049049e+22,0.000000000e+00,1.578465078e+18,0.000000000e+00,2.832737988e+21,0.000000000e+00
32000,228.3245239,2.018015075e+23,5.411456407e+22,0.000000000e+00,1.343884409e+18,0.000000000e+00,2.411755851e+21,0.000000000e+00
33000,231.2630463,1.719717892e+23,4.611550910e+22,0.000000000e+00,1.145235369e+18,0.000000000e+00,2.055257237e+21,0.000000000e+00
34000,234.3162537,1.467886599e+23,3.936246505e+22,0.000000000e+00,9.775298836e+17,0.000000000e+00,1.754290259e+21,0.000000000e+00
35000,237.3340912,1.255741476e+23,3.367363734e+22,0.000000000e+00,8.362532223e+17,0.000000000e+00,1.500752940e+21,0.000000000e+00
36000,240.1708069,1.077186451e+23,2.888555208e+22,0.000000000e+00,7.173455752e+17,0.000000000e+00,1.287359583e+21,0.000000000e+00
37000,242.8139191,9.264097188e+22,2.484236220e+22,0.000000000e+00,6.169367990e+17,0.000000000e+00,1.107164299e+21,0.000000000e+00
38000,245.3177795,7.984963204e+22,2.141226985e+22,0.000000000e+00,5.317536131e+17,0.000000000e+00,9.542933393e+20,0.000000000e+00
39000,247.7428894,6.895111009e+22,1.848974895e+22,0.000000000e+00,4.591755721e+17,0.000000000e+00,8.240436085e+20,0.000000000e+00
40000,250.1553192,5.963056839e+22,1.599037838e+22,0.000000000e+00,3.971060448e+17,0.000000000e+00,7.126526309e+20,0.000000000e+00
41000,252.6139374,5.163529645e+22,1.384638686e+22,0.000000000e+00,3.438620224e+17,0.000000000e+00,6.171001094e+20,0.000000000e+00
42000,255.0687714,4.477706181e+22,1.200730029e+22,0.000000000e+00,2.981900617e+17,0.000000000e+00,5.351364962e+20,0.000000000e+00
43000,257.4059753,3.890105775e+22,1.043160563e+22,0.000000000e+00,2.590591473e+17,0.000000000e+00,4.649115857e+20,0.000000000e+00
44000,259.5031738,3.386997177e+22,9.082483678e+21,0.000000000e+00,2.255549664e+17,0.000000000e+00,4.047844141e+20,0.000000000e+00
45000,261.231842,2.956288221e+22,7.927505717e+21,0.000000000e+00,1.968721612e+17,0.000000000e+00,3.533098537e+20,0.000000000e+00
46000,262.4646606,2.587338928e+22,6.938140877e+21,0.000000000e+00,1.723022166e+17,0.000000000e+00,3.092162356e+20,0.000000000e+00
47000,263.1286621,2.270533212e+22,6.088602673e+21,0.000000000e+00,1.512047360e+17,0.000000000e+00,2.713543680e+20,0.000000000e+00
48000,263.1904602,1.997518697e+22,5.356494140e+21,0.000000000e+00,1.330235038e+17,0.000000000e+00,2.387260350e+20,0.000000000e+00
49000,262.6251221,1.761392379e+22,4.723303795e+21,0.000000000e+00,1.172988210e+17,0.000000000e+00,2.105062862e+20,0.000000000e+00
50000,261.4169006,1.556387286e+22,4.173567684e+21,0.000000000e+00,1.036466404e+17,0.000000000e+00,1.860058598e+20,0.000000000e+00
51000,259.5684814,1.377689181e+22,3.694375395e+21,4.712437043e+15,9.174635119e+16,0.000000000e+00,1.646494209e+20,0.000000000e+00
52000,257.2167358,1.220700003e+22,3.273397479e+21,5.231775899e+15,8.129175654e+16,0.000000000e+00,1.458874425e+20,0.000000000e+00
53000,254.5899963,1.081529768e+22,2.900202192e+21,5.660482355e+15,7.202380124e+16,0.000000000e+00,1.292550245e+20,0.000000000e+00
54000,251.9045715,9.572653210e+21,2.566977760e+21,6.009162295e+15,6.374848159e+16,0.000000000e+00,1.144040177e+20,0.000000000e+00
55000,249.3597412,8.457509587e+21,2.267943811e+21,6.302138121e+15,5.632225550e+16,0.000000000e+00,1.010767933e+20,0.000000000e+00
56000,247.1304016,7.454194285e+21,1.998897362e+21,6.572639456e+15,4.964073809e+16,0.000000000e+00,8.908603848e+19,0.000000000e+00
57000,245.2035828,6.555157017e+21,1.757813763e+21,6.835584870e+15,4.365365675e+16,0.000000000e+00,7.834153169e+19,0.000000000e+00
58000,243.4025879,5.756222946e+21,1.543573729e+21,7.083063033e+15,3.833320589e+16,0.000000000e+00,6.879336832e+19,0.000000000e+00
59000,241.5554047,5.050941793e+21,1.354447455e+21,7.305227733e+15,3.363643152e+16,0.000000000e+00,6.036445940e+19,0.000000000e+00
60000,239.5006561,4.431432821e+21,1.188321487e+21,7.491514960e+15,2.951084914e+16,0.000000000e+00,5.296062957e+19,0.000000000e+00
61000,237.0933685,3.889080081e+21,1.042885547e+21,7.631524451e+15,2.589908444e+16,0.000000000e+00,4.647889858e+19,0.000000000e+00
62000,234.3463287,3.413286602e+21,9.152980071e+20,7.725459681e+15,2.273056895e+16,0.000000000e+00,4.079262906e+19,0.000000000e+00
63000,231.4444122,2.993052061e+21,8.026090780e+20,7.787596046e+15,1.993204343e+16,0.000000000e+00,3.577035461e+19,0.000000000e+00
64000,228.5669708,2.620054370e+21,7.025869450e+20,7.833838349e+15,1.744808774e+16,0.000000000e+00,3.131260902e+19,0.000000000e+00
65000,225.8761749,2.287999607e+21,6.135440250e+20,7.880806500e+15,1.523679055e+16,0.000000000e+00,2.734418128e+19,0.000000000e+00
66000,223.517334,1.992122400e+21,5.342023511e+20,7.945192355e+15,1.326641417e+16,0.000000000e+00,2.380811230e+19,0.000000000e+00
67000,221.5187988,1.729452766e+21,4.637655252e+20,8.028673098e+15,1.151718244e+16,0.000000000e+00,2.066891425e+19,0.000000000e+00
68000,219.7437592,1.498161823e+21,4.017431825e+20,8.108204618e+15,9.976914823e+15,0.000000000e+00,1.790472552e+19,0.000000000e+00
69000,218.0511017,1.295913045e+21,3.475086896e+20,8.157657408e+15,8.630052271e+15,0.000000000e+00,1.548762513e+19,0.000000000e+00
70000,216.3087769,1.120001599e+21,3.003366853e+20,8.150441326e+15,7.458580077e+15,0.000000000e+00,1.338528413e+19,0.000000000e+00
71000,214.3939056,9.675946504e+20,2.594676621e+20,8.061510807e+15,6.443635818e+15,0.000000000e+00,1.156384856e+19,0.000000000e+00
72000,212.2773285,8.356023081e+20,2.240729403e+20,7.906672941e+15,5.564641233e+15,0.000000000e+00,9.986392425e+18,0.000000000e+00
73000,210.1087036,7.207432773e+20,1.932726465e+20,7.782131774e+15,4.799745139e+15,0.000000000e+00,8.613697237e+18,0.000000000e+00
74000,208.0484161,6.204508579e+20,1.663784865e+20,7.788605901e+15,4.131853565e+15,0.000000000e+00,7.415088826e+18,0.000000000e+00
75000,206.2442932,5.327303777e+20,1.428555876e+20,8.031797686e+15,3.547684862e+15,0.000000000e+00,6.366729777e+18,0.000000000e+00
76000,204.8345947,4.560091303e+20,1.222822209e+20,8.646923976e+15,3.036787497e+15,5.334260882e+13,5.449823941e+18,0.000000000e+00
77000,203.8990326,3.891061524e+20,1.043417007e+20,9.797052330e+15,2.593809133e+15,9.014922445e+13,4.650257986e+18,0.000000000e+00
78000,203.3614502,3.311990443e+20,8.881348274e+19,1.159852697e+16,2.213615407e+15,1.256813379e+14,3.958202827e+18,0.000000000e+00
79000,203.1232605,2.814253316e+20,7.546629119e+19,1.420588028e+16,1.889020838e+15,1.526936203e+14,3.363350819e+18,0.000000000e+00
80000,203.090332,2.388767472e+20,6.405632038e+19,1.782319623e+16,1.612966244e+15,1.681710383e+14,2.854847307e+18,0.000000000e+00
81000,203.1704559,2.026644813e+20,5.434577673e+19,2.268041877e+16,1.378867441e+15,1.727495909e+14,2.422069360e+18,0.000000000e+00
82000,203.2637024,1.719523420e+20,4.610976614e+19,2.907516766e+16,1.180775228e+15,1.689408944e+14,2.055017057e+18,0.000000000e+00
83000,203.2345581,1.459950803e+20,3.914876242e+19,3.779667857e+16,1.013527322e+15,1.596620370e+14,1.744792874e+18,0.000000000e+00
84000,202.9387512,1.241105856e+20,3.327964851e+19,5.033099516e+16,8.725222035e+14,1.474081933e+14,1.483238987e+18,0.000000000e+00
85000,202.2353363,1.056827267e+20,2.833657849e+19,6.935238741e+16,7.537013293e+14,1.339871168e+14,1.262994438e+18,0.000000000e+00
86000,200.9917297,9.016793153e+19,2.417006494e+19,9.988610449e+16,6.535218211e+14,1.207769718e+14,1.077250984e+18,0.000000000e+00
87000,199.1202545,7.708157053e+19,2.065099881e+19,1.460764419e+17,5.696039315e+14,1.086855735e+14,9.198633850e+17,0.000000000e+00
88000,196.7441864,6.595800490e+19,1.765483842e+19,2.037025507e+17,4.997463891e+14,9.780638777e+13,7.854990783e+17,0.000000000e+00
89000,194.060318,5.642432430e+19,1.508225169e+19,2.714495610e+17,4.409079208e+14,8.807420998e+13,6.698937457e+17,0.000000000e+00
90000,191.2508392,4.820062823e+19,1.285969668e+19,3.467589606e+17,3.908223275e+14,7.938086902e+13,5.698905175e+17,0.000000000e+00
91000,188.4801483,4.107896827e+19,1.093265742e+19,4.258176950e+17,3.478068878e+14,7.160748992e+13,4.831444102e+17,0.000000000e+00
92000,185.8942108,3.490112250e+19,9.259631731e+18,5.038812682e+17,3.105879763e+14,6.464078453e+13,4.078654532e+17,1.414324388e+11
93000,183.6233063,2.954561906e+19,7.808289027e+18,5.756768349e+17,2.781895952e+14,5.837872641e+13,3.426419768e+17,1.698358886e+11
94000,181.7860565,2.491733702e+19,6.552580228e+18,6.358687399e+17,2.498465859e+14,5.273417050e+13,2.863329970e+17,2.006407905e+11
95000,180.4625702,2.093345235e+19,5.470178650e+18,6.797963598e+17,2.249838926e+14,4.759231031e+13,2.378883086e+17,2.336004178e+11
96000,179.6471405,1.752736983e+19,4.543251865e+18,7.051746687e+17,2.032127537e+14,4.286933946e+13,1.963000028e+17,2.690855404e+11
97000,179.3276062,1.463392582e+19,3.755881143e+18,7.103278735e+17,1.841813342e+14,3.855397945e+13,1.609515286e+17,3.073377894e+11
98000,179.4998627,1.218953445e+19,3.091994923e+18,6.953817997e+17,1.675604483e+14,3.462862471e+13,1.311977132e+17,3.486452285e+11
99000,180.1680908,1.013210960e+19,2.535973817e+18,6.630695581e+17,1.530492973e+14,3.107270007e+13,1.063756712e+17,3.934131651e+11
100000,181.3447723,8.407491528e+18,2.073155975e+18,6.184981055e+17,1.403744210e+14,2.786268597e+13,8.583810828e+16,4.421668700e+11
101000,183.0510254,6.967452353e+18,1.690035409e+18,5.677823757e+17,1.292913753e+14,2.497385700e+13,6.897260493e+16,4.955332608e+11
102000,185.3180542,5.769027560e+18,1.374452344e+18,5.163043752e+17,1.195815364e+14,2.238073484e+13,5.521664502e+16,5.542365102e+11
103000,188.1880798,4.774366460e+18,1.115651084e+18,4.676024354e+17,1.110536524e+14,2.005796284e+13,4.406510174e+16,6.190785495e+11
104000,191.7166443,3.950656054e+18,9.042585662e+17,4.231956346e+17,1.035344313e+14,1.798010044e+13,3.507997002e+16,6.907815526e+11
105000,195.9680023,3.269708987e+18,7.323367291e+17,3.828967124e+17,9.687665318e+13,1.612321705e+13,2.790259005e+16,7.690687611e+11
106000,200.9715271,2.708181252e+18,5.930572618e+17,3.465256924e+17,9.097034334e+13,1.446783851e+13,2.219493070e+16,8.544124273e+11
107000,206.7427826,2.246113277e+18,4.805640625e+17,3.137498349e+17,8.571899085e+13,1.299593245e+13,1.766938057e+16,9.475923640e+11
108000,213.301239,1.866354880e+18,3.899040718e+17,2.841674402e+17,8.085466356e+13,1.167571655e+13,1.408802423e+16,1.049376391e+12
109000,220.6684113,1.554436900e+18,3.169325774e+17,2.574227991e+17,7.627349374e+13,1.047607850e+13,1.125703197e+16,1.160549368e+12
110000,228.8645477,1.298224990e+18,2.582329502e+17,2.332264995e+17,7.196687466e+13,9.391424143e+12,9.019707273e+15,1.281917714e+12
111000,237.9052582,1.087665764e+18,2.110145608e+17,2.113433319e+17,6.792561243e+13,8.415062000e+12,7.250827677e+15,1.414292439e+12
112000,247.7960358,9.144505580e+17,1.730086357e+17,1.915777034e+17,6.414173785e+13,7.539716522e+12,5.850926036e+15,1.558531146e+12
113000,258.5263672,7.717922228e+17,1.423864809e+17,1.737622306e+17,6.060939569e+13,6.757843206e+12,4.741393176e+15,1.715593150e+12
114000,270.0613403,6.541351328e+17,1.176810645e+17,1.577501115e+17,5.732454262e+13,6.061945782e+12,3.860347207e+15,1.886602002e+12
115000,282.333313,5.569423250e+17,9.771579738e+16,1.434023609e+17,5.428486760e+13,5.444745560e+12,3.159142257e+15,2.072885068e+12
116000,295.2956543,4.764410657e+17,8.153494618e+16,1.305701841e+17,5.148019104e+13,4.898370355e+12,2.599152073e+15,2.275700113e+12
117000,308.9458313,4.094929022e+17,6.836737961e+16,1.190870221e+17,4.889046417e+13,4.414552146e+12,2.149895675e+15,2.495937511e+12
118000,323.2713013,3.535913259e+17,5.760759318e+16,1.088074731e+17,4.648037935e+13,3.985950376e+12,1.787794632e+15,2.734541505e+12
119000,338.2419128,3.067380774e+17,4.878006100e+16,9.960687148e+16,4.421394104e+13,3.606193897e+12,1.494618286e+15,2.992606544e+12
120000,353.8059082,2.673294332e+17,4.150993550e+16,9.137438125e+16,4.208931635e+13,3.269695373e+12,1.256224918e+15,3.271435747e+12
121000,369.8847046,2.340748071e+17,3.550148026e+16,8.401300487e+16,4.010572933e+13,2.970875331e+12,1.061540292e+15,3.572612989e+12
122000,386.368042,2.059265363e+17,3.052068829e+16,7.743680006e+16,3.826277312e+13,2.704339632e+12,9.019002496e+14,3.898046677e+12
123000,403.1081848,1.820350077e+17,2.637773492e+16,7.157124912e+16,3.656094266e+13,2.467023290e+12,7.706134341e+14,4.250237141e+12
124000,419.9155579,1.617076146e+17,2.292041295e+16,6.634369840e+16,3.500083564e+13,2.256192930e+12,6.623891166e+14,4.631580115e+12
125000,436.555603,1.443779370e+17,2.002653915e+16,6.167786926e+16,3.358360129e+13,2.069388460e+12,5.728183119e+14,5.043996066e+12
126000,452.8161011,1.295619577e+17,1.759494341e+16,5.751845973e+16,3.230581916e+13,1.904097493e+12,4.983386800e+14,5.490972557e+12
127000,468.6694336,1.168136100e+17,1.553774535e+16,5.379526854e+16,3.115064702e+13,1.757299474e+12,4.359426367e+14,5.974125969e+12
128000,484.1260376,1.057701066e+17,1.378528487e+16,5.044604016e+16,3.010168514e+13,1.626353041e+12,3.832811031e+14,6.494694146e+12
129000,499.1960449,9.614486156e+16,1.228290317e+16,4.741993076e+16,2.914505877e+13,1.509060772e+12,3.385314026e+14,7.053900775e+12
130000,513.888916,8.770858371e+16,1.098744332e+16,4.467498709e+16,2.826955653e+13,1.403609416e+12,3.002686799e+14,7.652896670e+12
131000,528.2145386,8.027657230e+16,9.864430704e+15,4.217582723e+16,2.746543505e+13,1.308456255e+12,2.673634087e+14,8.292854661e+12
132000,542.1820068,7.369774756e+16,8.886113926e+15,3.989278582e+16,2.672462660e+13,1.222324781e+12,2.389192999e+14,8.974815461e+12
133000,555.8005371,6.784870218e+16,8.029828444e+15,3.780069007e+16,2.603998826e+13,1.144108876e+12,2.142073667e+14,9.699880600e+12
134000,569.0787354,6.262710858e+16,7.277293802e+15,3.587864281e+16,2.540563962e+13,1.072883827e+12,1.926429734e+14,1.046890309e+13
135000,582.0253296,5.794757420e+16,6.613224212e+15,3.410763667e+16,2.481631684e+13,1.007850422e+12,1.737452515e+14,1.128272495e+13
136000,594.6485596,5.373938243e+16,6.025068707e+15,3.247222909e+16,2.426765574e+13,9.483179786e+11,1.571204733e+14,1.214202354e+13
137000,606.9569092,4.994224909e+16,5.502369039e+15,3.095832613e+16,2.375554800e+13,8.936972616e+11,1.424392517e+14,1.304742278e+13
138000,618.9580688,4.650519721e+16,5.036394079e+15,2.955397491e+16,2.327664447e+13,8.434681119e+11,1.294316077e+14,1.399929700e+13
139000,630.65979,4.338520841e+16,4.619844528e+15,2.824875582e+16,2.282794202e+13,7.971864576e+11,1.178691783e+14,1.499788634e+13
140000,642.0697632,4.054521712e+16,4.246345582e+15,2.703337886e+16,2.240666822e+13,7.544576410e+11,1.075599146e+14,1.604323063e+13
141000,653.1953735,3.795317859e+16,3.910567455e+15,2.589960413e+16,2.201045539e+13,7.149347144e+11,9.834305736e+13,1.713519670e+13
142000,664.0437012,3.558184125e+16,3.607920437e+15,2.484013878e+16,2.163716863e+13,6.783187026e+11,9.008611695e+13,1.827337037e+13
143000,674.6217041,3.340743674e+16,3.334440005e+15,2.384855968e+16,2.128494566e+13,6.443395318e+11,8.267398486e+13,1.945717493e+13
144000,684.9362793,3.140905074e+16,3.086775279e+15,2.291852102e+16,2.095206053e+13,6.127592407e+11,7.600359866e+13,2.068452055e+13
145000,694.9938965,2.956890851e+16,2.861982328e+15,2.204293610e+16,2.063692150e+13,5.833681142e+11,6.998672278e+13,2.195210843e+13
146000,704.8013916,2.787088245e+16,2.657530073e+15,2.121738111e+16,2.033815074e+13,5.559769498e+11,6.454679437e+13,2.325829648e+13
147000,714.3646851,2.630129095e+16,2.471200433e+15,2.043796910e+16,2.005459481e+13,5.304176148e+11,5.961818099e+13,2.460076737e+13
148000,723.6900024,2.484748532e+16,2.301068189e+15,1.970125121e+16,1.978503948e+13,5.065416376e+11,5.514350874e+13,2.597725825e+13
149000,732.7835083,2.349880975e+16,2.145441525e+15,1.900409641e+16,1.952845083e+13,4.842091971e+11,5.107349874e+13,2.738507429e+13
150000,741.6508789,2.224557910e+16,2.002839484e+15,1.834373231e+16,1.928381596e+13,4.633017057e+11,4.736460993e+13,2.882129206e+13
151000,750.2979126,2.107915832e+16,1.871966865e+15,1.771735857e+16,1.905045117e+13,4.437079818e+11,4.397861542e+13,3.028271130e+13
152000,758.7301025,1.999211713e+16,1.751649530e+15,1.712282235e+16,1.882734566e+13,4.253281485e+11,4.088268639e+13,3.176596609e+13
153000,766.9528809,1.897748480e+16,1.640885679e+15,1.655776894e+16,1.861394786e+13,4.080698327e+11,3.804690907e+13,3.326731511e+13
154000,774.9714355,1.802928057e+16,1.538758202e+15,1.602035579e+16,1.840947973e+13,3.918535393e+11,3.544583242e+13,3.478307786e+13
155000,782.7908325,1.714196502e+16,1.444466892e+15,1.550871029e+16,1.821338763e+13,3.766014771e+11,3.305632485e+13,3.630930120e+13
156000,790.4162598,1.631060216e+16,1.357291270e+15,1.502122292e+16,1.802515775e+13,3.622469304e+11,3.085819498e+13,3.784174469e+13
157000,797.8525391,1.553072737e+16,1.276591653e+15,1.455625190e+16,1.784418612e+13,3.487261983e+11,2.883322905e+13,3.937640278e+13
158000,805.1043701,1.479840001e+16,1.201788892e+15,1.411244542e+16,1.767003862e+13,3.359833784e+11,2.696569632e+13,4.090877497e+13
159000,812.1763306,1.410998440e+16,1.132372423e+15,1.368844947e+16,1.750221718e+13,3.239641743e+11,2.524071749e+13,4.243473826e+13
160000,819.0731201,1.346211221e+16,1.067873221e+15,1.328311730e+16,1.734035269e+13,3.126197944e+11,2.364600327e+13,4.394964956e+13
161000,825.7989502,1.285177373e+16,1.007885144e+15,1.289528927e+16,1.718410229e+13,3.019067556e+11,2.216961455e+13,4.544957042e+13
162000,832.3581543,1.227630932e+16,9.520251352e+14,1.252403122e+16,1.703305491e+13,2.917838029e+11,2.080149760e+13,4.693006326e+13
163000,838.7548828,1.173319245e+16,8.999510055e+14,1.216824472e+16,1.688687818e+13,2.822123684e+11,1.953222781e+13,4.838711833e+13
164000,844.9933472,1.122015216e+16,8.513658657e+14,1.182713627e+16,1.674530049e+13,2.731577999e+11,1.835361999e+13,4.981645325e+13
165000,851.0773926,1.073506567e+16,8.059810805e+14,1.149983936e+16,1.660806811e+13,2.645878211e+11,1.725787066e+13,5.121466643e+13
166000,857.0108032,1.027614197e+16,7.635498906e+14,1.118567217e+16,1.647488008e+13,2.564710728e+11,1.623834231e+13,5.257754680e+13
167000,862.7975464,9.841534233e+15,7.238441259e+14,1.088378643e+16,1.634547951e+13,2.487808000e+11,1.528878963e+13,5.390182698e+13
168000,868.4411621,9.429622173e+15,6.866482328e+14,1.059360448e+16,1.621969548e+13,2.414905917e+11,1.440363210e+13,5.518446612e+13
169000,873.9453125,9.038979865e+15,6.517810843e+14,1.031453898e+16,1.609726480e+13,2.345758228e+11,1.357779357e+13,5.642200809e+13
170000,879.3134155,8.668256005e+15,6.190596746e+14,1.004592528e+16,1.597804170e+13,2.280150630e+11,1.280667812e+13,5.761208313e+13
171000,884.5488281,8.316164787e+15,5.883334115e+14,9.787222224e+15,1.586176511e+13,2.217867674e+11,1.208604426e+13,5.875192719e+13
172000,889.6550293,7.981549253e+15,5.594528770e+14,9.537992788e+15,1.574833331e+13,2.158716027e+11,1.141202066e+13,5.983946408e+13
173000,894.6352539,7.663335126e+15,5.322854304e+14,9.297752719e+15,1.563756279e+13,2.102509568e+11,1.078118056e+13,6.087267634e+13
174000,899.4923706,7.360559796e+15,5.067097390e+14,9.066019906e+15,1.552931933e+13,2.049083146e+11,1.019030169e+13,6.185005823e+13
175000,904.2297363,7.072265485e+15,4.826213143e+14,8.842401360e+15,1.542346349e+13,1.998278492e+11,9.636434412e+12,6.277015431e+13
176000,908.8501587,6.797618970e+15,4.599058363e+14,8.626499796e+15,1.531984531e+13,1.949937500e+11,9.116962521e+12,6.363178598e+13
177000,913.3566895,6.535795079e+15,4.384776740e+14,8.417939942e+15,1.521840082e+13,1.903934341e+11,8.629358428e+12,6.443452963e+13
178000,917.7521362,6.286119503e+15,4.182442844e+14,8.216400213e+15,1.511896226e+13,1.860134666e+11,8.171421172e+12,6.517727376e+13
179000,922.0391846,6.047846529e+15,3.991300693e+14,8.021517145e+15,1.502145099e+13,1.818412974e+11,7.741027385e+12,6.586016517e+13
180000,926.2207031,5.820370028e+15,3.810586924e+14,7.833064181e+15,1.492573802e+13,1.778654904e+11,7.336325808e+12,6.648335486e+13
181000,930.2991943,5.603082801e+15,3.639629106e+14,7.650654235e+15,1.483178875e+13,1.740757565e+11,6.955511316e+12,6.704652406e+13
182000,934.2772827,5.395413616e+15,3.477803127e+14,7.474095109e+15,1.473948156e+13,1.704618230e+11,6.597010522e+12,6.755057874e+13
183000,938.1574097,5.196870163e+15,3.324517422e+14,7.303089913e+15,1.464873360e+13,1.670144164e+11,6.259305611e+12,6.799591735e+13
184000,941.9420166,5.006972479e+15,3.179250220e+14,7.137387927e+15,1.455949244e+13,1.637244600e+11,5.940997259e+12,6.838339555e+13
185000,945.633606,4.825245970e+15,3.041479077e+14,6.976803395e+15,1.447170775e+13,1.605835653e+11,5.640866497e+12,6.871383120e+13
186000,949.234375,4.651252550e+15,2.910755708e+14,6.821108146e+15,1.438527783e+13,1.575840809e+11,5.357687538e+12,6.898874266e+13
187000,952.746582,4.484629831e+15,2.786651454e+14,6.670086895e+15,1.430013660e+13,1.547183063e+11,5.090387165e+12,6.920932531e+13
188000,956.1724854,4.324970058e+15,2.668767352e+14,6.523535095e+15,1.421629561e+13,1.519798190e+11,4.837967659e+12,6.937693389e+13
189000,959.5142212,4.171938763e+15,2.556721386e+14,6.381306716e+15,1.413361435e+13,1.493618033e+11,4.599474291e+12,6.949305739e+13
190000,962.7738647,4.025220801e+15,2.450169958e+14,6.243191842e+15,1.405211378e+13,1.468580659e+11,4.374023897e+12,6.955935675e+13
191000,965.9534302,3.884473649e+15,2.348818125e+14,6.109039612e+15,1.397167961e+13,1.444628234e+11,4.160832930e+12,6.957758100e+13
192000,969.0549316,3.749419476e+15,2.252337054e+14,5.978703998e+15,1.389234015e+13,1.421706035e+11,3.959135404e+12,6.954962597e+13
193000,972.0803833,3.619781257e+15,2.160455120e+14,5.852044875e+15,1.381404194e+13,1.399762616e+11,3.768245551e+12,6.947719873e+13
194000,975.0315552,3.495298878e+15,2.072918486e+14,5.728890446e+15,1.373670736e+13,1.378746696e+11,3.587503292e+12,6.936183020e+13
195000,977.9103394,3.375751684e+15,1.989480861e+14,5.609092534e+15,1.366031860e+13,1.358617723e+11,3.416301240e+12,6.920594050e+13
196000,980.7185669,3.260879563e+15,1.909920115e+14,5.492599599e+15,1.358490606e+13,1.339330150e+11,3.254077358e+12,6.901119058e+13
197000,983.4579468,3.150475281e+15,1.834013279e+14,5.379233937e+15,1.351034601e+13,1.320842691e+11,3.100301853e+12,6.877959789e+13
198000,986.130188,3.044341539e+15,1.761579327e+14,5.268888174e+15,1.343665104e+13,1.303111762e+11,2.954479272e+12,6.851267658e+13
199000,988.7369385,2.942268957e+15,1.692408039e+14,5.161442588e+15,1.336378130e+13,1.286108447e+11,2.816163185e+12,6.821276706e+13
200000,991.2799072,2.844081709e+15,1.626348255e+14,5.056837049e+15,1.329172106e+13,1.269792768e+11,2.684902965e+12,6.788145060e+13
201000,993.7605591,2.749603435e+15,1.563231361e+14,4.954941634e+15,1.322046194e+13,1.254132122e+11,2.560318767e+12,6.752061044e+13
202000,996.180542,2.658674951e+15,1.502894453e+14,4.855628032e+15,1.314999029e+13,1.239102259e+11,2.442010034e+12,6.713213819e+13
203000,998.5412598,2.571136806e+15,1.445200795e+14,4.758869935e+15,1.308022433e+13,1.224663859e+11,2.329649349e+12,6.671791292e+13
204000,1000.844299,2.486847268e+15,1.390006187e+14,4.664548695e+15,1.301120287e+13,1.210798326e+11,2.222887010e+12,6.627934392e+13
205000,1003.090942,2.405651985e+15,1.337195621e+14,4.572569823e+15,1.294287451e+13,1.197469450e+11,2.121427190e+12,6.581831860e+13
206000,1005.282715,2.327433114e+15,1.286649644e+14,4.482876947e+15,1.287525499e+13,1.184658309e+11,2.024969732e+12,6.533647696e+13
207000,1007.420898,2.252059928e+15,1.238246789e+14,4.395399469e+15,1.280826566e+13,1.172342784e+11,1.933253804e+12,6.483519891e+13
208000,1009.506836,2.179408006e+15,1.191886224e+14,4.310035383e+15,1.274197783e+13,1.160497070e+11,1.846006645e+12,6.431636770e+13
209000,1011.54187,2.109368095e+15,1.147468713e+14,4.226737714e+15,1.267631286e+13,1.149099131e+11,1.762995077e+12,6.378106965e+13
210000,1013.527161,2.041835506e+15,1.104899882e+14,4.145443647e+15,1.261124872e+13,1.138131763e+11,1.684001784e+12,6.323066792e+13
211000,1015.463989,1.976694810e+15,1.064087040e+14,4.066063256e+15,1.254683050e+13,1.127574569e+11,1.608802501e+12,6.266697443e+13
212000,1017.353638,1.913859573e+15,1.024957958e+14,3.988553592e+15,1.248295964e+13,1.117407642e+11,1.537205338e+12,6.209079450e+13
213000,1019.197083,1.853232352e+15,9.874176790e+13,3.912876805e+15,1.241973680e+13,1.107614761e+11,1.469017358e+12,6.150367583e+13
214000,1020.995605,1.794719865e+15,9.514026166e+13,3.838934379e+15,1.235706446e+13,1.098179215e+11,1.404059779e+12,6.090686412e+13
215000,1022.750305,1.738247487e+15,9.168376090e+13,3.766706451e+15,1.229496779e+13,1.089086177e+11,1.342169285e+12,6.030113531e+13
216000,1024.462158,1.683730393e+15,8.836590705e+13,3.696115174e+15,1.223340484e+13,1.080320655e+11,1.283189113e+12,5.968769738e+13
217000,1026.132446,1.631086979e+15,8.518024089e+13,3.627142294e+15,1.217237457e+13,1.071866266e+11,1.226966303e+12,5.906774150e+13
218000,1027.761963,1.580240606e+15,8.212010186e+13,3.559716408e+15,1.211188432e+13,1.063711785e+11,1.173363884e+12,5.844198071e+13
219000,1029.351685,1.531141748e+15,7.918132920e+13,3.493807182e+15,1.205193828e+13,1.055843942e+11,1.122247901e+12,5.781155584e+13
220000,1030.902832,1.483701150e+15,7.635685972e+13,3.429346434e+15,1.199246829e+13,1.048248074e+11,1.073497637e+12,5.717711284e+13
221000,1032.41626,1.437868212e+15,7.364275077e+13,3.366321010e+15,1.193355090e+13,1.040915825e+11,1.026985165e+12,5.653953669e+13
222000,1033.892822,1.393567637e+15,7.103375947e+13,3.304679908e+15,1.187510013e+13,1.033835725e+11,9.826095596e+11,5.589966625e+13
223000,1035.333496,1.350759027e+15,6.852546920e+13,3.244372930e+15,1.181714324e+13,1.026996142e+11,9.402611794e+11,5.525831523e+13
224000,1036.739014,1.309377152e+15,6.611316140e+13,3.185365985e+15,1.175966764e+13,1.020388229e+11,8.998422446e+11,5.461565977e+13
225000,1038.110474,1.269365236e+15,6.379308633e+13,3.127635987e+15,1.170267439e+13,1.014001172e+11,8.612515021e+11,5.397287010e+13
226000,1039.448608,1.230678587e+15,6.156121329e+13,3.071138108e+15,1.164610791e+13,1.007822602e+11,8.244095877e+11,5.333029854e+13
227000,1040.754272,1.193264724e+15,5.941346120e+13,3.015851947e+15,1.159004055e+13,1.001850307e+11,7.892238336e+11,5.268845678e+13
228000,1042.028198,1.157078417e+15,5.734684793e+13,2.961712274e+15,1.153439262e+13,9.960725709e+10,7.556187423e+11,5.204807044e+13
229000,1043.271118,1.122075775e+15,5.535721692e+13,2.908712914e+15,1.147921655e+13,9.904798925e+10,7.235154084e+11,5.140942474e+13
230000,1044.483887,1.088210629e+15,5.344211449e+13,2.856825146e+15,1.142445467e+13,9.850669466e+10,6.928459366e+11,5.077279231e+13
231000,1045.667236,1.055447008e+15,5.159813487e+13,2.806020246e+15,1.137015941e+13,9.798263603e+10,6.635390894e+11,5.013901201e+13
232000,1046.821899,1.023738271e+15,4.982262307e+13,2.756250433e+15,1.131625211e+13,9.747494502e+10,6.355314278e+11,4.950815094e+13
233000,1047.948608,9.930514681e+14,4.811212299e+13,2.707511145e+15,1.126278627e+13,9.698332672e+10,6.087599718e+11,4.888080050e+13
234000,1049.047974,9.633512995e+14,4.646462135e+13,2.659767483e+15,1.120972728e+13,9.650674893e+10,5.831688847e+11,4.825701102e+13
235000,1050.120728,9.345996476e+14,4.487746316e+13,2.612994215e+15,1.115706570e+13,9.604476109e+10,5.587013468e+11,4.763717678e+13
236000,1051.167358,9.067641658e+14,4.334779630e+13,2.567159130e+15,1.110481096e+13,9.559674880e+10,5.353059779e+11,4.702166686e+13
237000,1052.188721,8.798133132e+14,4.187386754e+13,2.522248536e+15,1.105295154e+13,9.516210586e+10,5.129324134e+11,4.641068260e+13
238000,1053.185425,8.537167563e+14,4.045320225e+13,2.478240959e+15,1.100147589e+13,9.474042266e+10,4.915340575e+11,4.580437079e+13
239000,1054.157837,8.284426186e+14,3.908361100e+13,2.435096670e+15,1.095039766e+13,9.433131418e+10,4.710657556e+11,4.520310053e+13
240000,1055.106812,8.039628485e+14,3.776341606e+13,2.392822380e+15,1.089968328e+13,9.393402675e+10,4.514834022e+11,4.460683828e+13
241000,1056.032837,7.802508710e+14,3.649031058e+13,2.351370846e+15,1.084936526e+13,9.354819174e+10,4.327479706e+11,4.401590698e+13
242000,1056.936523,7.572836676e+14,3.526265038e+13,2.310732402e+15,1.079939328e+13,9.317344870e+10,4.148204667e+11,4.343044086e+13
243000,1057.818237,7.350307709e+14,3.407871161e+13,2.270896849e+15,1.074980087e+13,9.280928154e+10,3.976639283e+11,4.285058253e+13
244000,1058.678711,7.134682903e+14,3.293671378e+13,2.231828618e+15,1.070057547e+13,9.245532979e+10,3.812452270e+11,4.227643264e+13
245000,1059.518433,6.925762272e+14,3.183496449e+13,2.193518718e+15,1.065166884e+13,9.211110195e+10,3.655278264e+11,4.170796184e+13
246000,1060.337769,6.723323015e+14,3.077221174e+13,2.155950102e+15,1.060313760e+13,9.177627853e+10,3.504821043e+11,4.114543857e+13
247000,1061.137329,6.527101394e+14,2.974663941e+13,2.119098209e+15,1.055494819e+13,9.145070387e+10,3.360781763e+11,4.058896348e+13
248000,1061.917603,6.336918900e+14,2.875699338e+13,2.082955120e+15,1.050711530e+13,9.113355059e+10,3.222869770e+11,4.003846947e+13
249000,1062.679077,6.152576890e+14,2.780205312e+13,2.047504594e+15,1.045961061e+13,9.082487603e+10,3.090809487e+11,3.949405300e+13
250000,1063.422241,5.973863972e+14,2.688022059e+13,2.012716164e+15,1.041242469e+13,9.052437709e+10,2.964337459e+11,3.895580217e+13
251000,1064.147339,5.800619755e+14,2.599059613e+13,1.978591173e+15,1.036559214e+13,9.023160320e+10,2.843214479e+11,3.842364985e+13
252000,1064.85498,5.632666402e+14,2.513160897e+13,1.945107339e+15,1.031906787e+13,8.994644787e+10,2.727201178e+11,3.789766735e+13
253000,1065.545654,5.469790840e+14,2.430251880e+13,1.912257684e+15,1.027286027e+13,8.966827213e+10,2.616074076e+11,3.737807277e+13
254000,1066.219604,5.311872274e+14,2.350196667e+13,1.880014694e+15,1.022696725e+13,8.939718246e+10,2.509611336e+11,3.686465221e+13
255000,1066.877319,5.158731860e+14,2.272883271e+13,1.848372462e+15,1.018137831e+13,8.913271194e+10,2.407620116e+11,3.635732598e+13
256000,1067.519287,5.010215917e+14,2.198238921e+13,1.817324949e+15,1.013612806e+13,8.887477862e+10,2.309896438e+11,3.585642122e+13
257000,1068.14563,4.866160365e+14,2.126142610e+13,1.786846250e+15,1.009115149e+13,8.862280909e+10,2.216253194e+11,3.536160660e+13
258000,1068.75708,4.726439711e+14,2.056510872e+13,1.756923884e+15,1.004649998e+13,8.837686886e+10,2.126517535e+11,3.487305407e+13
259000,1069.353638,4.590901951e+14,1.989256046e+13,1.727559998e+15,1.000213158e+13,8.813688422e+10,2.040522179e+11,3.439069233e+13
260000,1069.936035,4.459429982e+14,1.924285858e+13,1.698729359e+15,9.958055739e+12,8.790244557e+10,1.958098207e+11,3.391455494e+13
261000,1070.504272,4.331880862e+14,1.861519566e+13,1.670428209e+15,9.914288177e+12,8.767315968e+10,1.879097180e+11,3.344443847e+13
262000,1071.05896,4.208130775e+14,1.800878529e+13,1.642638294e+15,9.870767030e+12,8.744909210e+10,1.803372134e+11,3.298051280e+13
263000,1071.60022,4.088077379e+14,1.742295217e+13,1.615356259e+15,9.827562553e+12,8.722989056e+10,1.730776924e+11,3.252269613e+13
264000,1072.12854,3.971573707e+14,1.685683333e+13,1.588570964e+15,9.784629658e+12,8.701562061e+10,1.661181624e+11,3.207089200e+13
265000,1072.644043,3.858525135e+14,1.630986777e+13,1.562260934e+15,9.741966246e+12,8.680592179e+10,1.594453033e+11,3.162497037e+13
266000,1073.147339,3.748823952e+14,1.578113591e+13,1.536427779e+15,9.699582804e+12,8.660085965e+10,1.530477937e+11,3.118507386e+13
267000,1073.638428,3.642367819e+14,1.527027492e+13,1.511056736e+15,9.657477235e+12,8.639993446e+10,1.469131653e+11,3.075112069e+13
268000,1074.117798,3.539040637e+14,1.477645225e+13,1.486138142e+15,9.615606546e+12,8.620305613e+10,1.410303099e+11,3.032290951e+13
269000,1074.585693,3.438748453e+14,1.429916457e+13,1.461668639e+15,9.574021071e+12,8.601019187e+10,1.353886106e+11,2.990064586e+13
270000,1075.042236,3.341422816e+14,1.383778484e+13,1.437628499e+15,9.532717662e+12,8.582129254e+10,1.299782042e+11,2.948401516e+13
271000,1075.487915,3.246935213e+14,1.339178877e+13,1.414019735e+15,9.491618726e+12,8.563614515e+10,1.247888835e+11,2.907316001e+13
272000,1075.922974,3.155223569e+14,1.296061746e+13,1.390823556e+15,9.450809197e+12,8.545437286e+10,1.198113669e+11,2.866782247e+13
273000,1076.347534,3.066190910e+14,1.254381270e+13,1.368041976e+15,9.410251325e+12,8.527627059e+10,1.150368236e+11,2.826814515e+13
274000,1076.761963,2.979756035e+14,1.214080510e+13,1.345662110e+15,9.369919947e+12,8.510146150e+10,1.104571924e+11,2.787404415e+13
275000,1077.166382,2.895840092e+14,1.175112594e+13,1.323670803e+15,9.329868538e+12,8.492975718e+10,1.060634952e+11,2.748532654e+13
276000,1077.561157,2.814366743e+14,1.137431806e+13,1.302065642e+15,9.290037330e+12,8.476144435e+10,1.018484163e+11,2.710202168e+13
277000,1077.946533,2.735262002e+14,1.100996307e+13,1.280839108e+15,9.250438906e+12,8.459597414e+10,9.780432077e+10,2.672404359e+13
278000,1078.322632,2.658454733e+14,1.065759539e+13,1.259983955e+15,9.211091091e+12,8.443351040e+10,9.392413901e+10,2.635131467e+13
279000,1078.689819,2.583865076e+14,1.031684804e+13,1.239488505e+15,9.171987595e+12,8.427365990e+10,9.020105523e+10,2.598385169e+13
280000,1079.048096,2.511447062e+14,9.987306815e+12,1.219355041e+15,9.133090669e+12,8.411658650e+10,8.662858957e+10,2.562158127e+13
281000,1079.397949,2.441115127e+14,9.668590043e+12,1.199567322e+15,9.094449594e+12,8.396224102e+10,8.320018022e+10,2.526427480e+13
282000,1079.73938,2.372807699e+14,9.360260465e+12,1.180118905e+15,9.056007750e+12,8.381058253e+10,7.991036314e+10,2.491210007e+13
283000,1080.072632,2.306473271e+14,9.062093685e+12,1.161008045e+15,9.017815466e+12,8.366111949e+10,7.675313357e+10,2.456488090e+13
284000,1080.397949,2.242052956e+14,8.773639340e+12,1.142228569e+15,8.979832898e+12,8.351414682e+10,7.372301107e+10,2.422254390e+13
285000,1080.715454,2.179472766e+14,8.494608024e+12,1.123769203e+15,8.942076822e+12,8.336930406e+10,7.081466266e+10,2.388506182e+13
286000,1081.025391,2.118702837e+14,8.224666288e+12,1.105624644e+15,8.904526266e+12,8.322673869e+10,6.802321408e+10,2.355231300e+13
287000,1081.327881,2.059665156e+14,7.963524727e+12,1.087793081e+15,8.867210592e+12,8.308642611e+10,6.534375014e+10,2.322436247e+13
288000,1081.623291,2.002323987e+14,7.710887117e+12,1.070268474e+15,8.830076322e+12,8.294799770e+10,6.277168333e+10,2.290099631e+13
289000,1081.911621,1.946614571e+14,7.466427875e+12,1.053037066e+15,8.793190040e+12,8.281160909e+10,6.030274970e+10,2.258224179e+13
290000,1082.192993,1.892510566e+14,7.229945151e+12,1.036105702e+15,8.756482015e+12,8.267726029e+10,5.793263206e+10,2.226802550e+13
291000,1082.467651,1.839942850e+14,7.001102877e+12,1.019456798e+15,8.719996289e+12,8.254473830e+10,5.565729178e+10,2.195832019e+13
292000,1082.73584,1.788873508e+14,6.779674558e+12,1.003092906e+15,8.683700355e+12,8.241418240e+10,5.347275981e+10,2.165296857e+13
293000,1082.997681,1.739258583e+14,6.565426889e+12,9.870052348e+14,8.647638778e+12,8.228510106e+10,5.137525146e+10,2.135194966e+13
294000,1083.253174,1.691055460e+14,6.358083043e+12,9.711886830e+14,8.611760701e+12,8.215781376e+10,4.936153907e+10,2.105524040e+13
295000,1083.502686,1.644222533e+14,6.157428064e+12,9.556417748e+14,8.576065077e+12,8.203227136e+10,4.742819840e+10,2.076276739e+13
296000,1083.746216,1.598719703e+14,5.963252236e+12,9.403562556e+14,8.540563964e+12,8.190816256e+10,4.557169869e+10,2.047447400e+13
297000,1083.983887,1.554508719e+14,5.775331164e+12,9.253272266e+14,8.505272041e+12,8.178577408e+10,4.378894336e+10,2.019029313e+13
298000,1084.215942,1.511545289e+14,5.593446220e+12,9.105501916e+14,8.470171484e+12,8.166477824e+10,4.207703654e+10,1.991012411e+13
299000,1084.442505,1.469804918e+14,5.417430680e+12,8.960204528e+14,8.435258098e+12,8.154515046e+10,4.043310694e+10,1.963397952e+13
300000,1084.663696,1.429235093e+14,5.247060148e+12,8.817371379e+14,8.400546562e+12,8.142689075e+10,3.885441843e+10,1.936179855e+13
301000,1084.879639,1.389818618e+14,5.082150601e+12,8.676891068e+14,8.366001226e+12,8.131027763e+10,3.733825536e+10,1.909348264e+13
302000,1085.090454,1.351510949e+14,4.922521158e+12,8.538753529e+14,8.331655643e+12,8.119468851e+10,3.588218470e+10,1.882897514e+13
303000,1085.296143,1.314285494e+14,4.768029737e+12,8.402952051e+14,8.297489891e+12,8.108041830e+10,3.448371610e+10,1.856829286e+13
304000,1085.49707,1.278105595e+14,4.618468196e+12,8.269409460e+14,8.263500825e+12,8.096744243e+10,3.314053120e+10,1.831129947e+13
305000,1085.693237,1.242946171e+14,4.473686589e+12,8.138057303e+14,8.229686870e+12,8.085559706e+10,3.185041408e+10,1.805794463e+13
306000,1085.884644,1.208773247e+14,4.333528678e+12,8.008917728e+14,8.196063756e+12,8.074502963e+10,3.061123686e+10,1.780823884e+13
307000,1086.071533,1.175562496e+14,4.197851333e+12,7.881890742e+14,8.162597405e+12,8.063556813e+10,2.942095770e+10,1.756209506e+13
308000,1086.254028,1.143282042e+14,4.066493334e+12,7.756999162e+14,8.129314554e+12,8.052704051e+10,2.827766784e+10,1.731942207e+13
309000,1086.432251,1.111905125e+14,3.939328590e+12,7.634145010e+14,8.096215728e+12,8.041960243e+10,2.717938278e+10,1.708027019e+13
310000,1086.606201,1.081410186e+14,3.816206369e+12,7.513352445e+14,8.063284150e+12,8.031322931e+10,2.612430234e+10,1.684448425e+13
311000,1086.776001,1.051771556e+14,3.697010278e+12,7.394528856e+14,8.030516675e+12,8.020791296e+10,2.511075738e+10,1.661208311e+13
312000,1086.941772,1.022956940e+14,3.581598237e+12,7.277666863e+14,7.997927457e+12,8.010349773e+10,2.413703987e+10,1.638294828e+13
313000,1087.103638,9.949503973e+13,3.469854638e+12,7.162731568e+14,7.965500244e+12,8.000012288e+10,2.320160358e+10,1.615715736e+13
314000,1087.261719,9.677252539e+13,3.361660207e+12,7.049690089e+14,7.933230842e+12,7.989746074e+10,2.230292480e+10,1.593453314e+13
315000,1087.416016,9.412590279e+13,3.256888328e+12,6.938484040e+14,7.901120823e+12,7.979581440e+10,2.143941837e+10,1.571509135e+13
316000,1087.56665,9.155302444e+13,3.155440435e+12,6.829132884e+14,7.869182247e+12,7.969502822e+10,2.060980429e+10,1.549872189e+13
317000,1087.713745,8.905213713e+13,3.057209573e+12,6.721553406e+14,7.837398335e+12,7.959493837e+10,1.981273907e+10,1.528550130e+13
318000,1087.8573,8.662048938e+13,2.962080137e+12,6.615740237e+14,7.805797401e+12,7.949568410e+10,1.904688538e+10,1.507526181e+13
319000,1087.997559,8.425711652e+13,2.869968503e+12,6.511661836e+14,7.774334353e+12,7.939724902e+10,1.831097344e+10,1.486801705e+13
320000,1088.134399,8.195878892e+13,2.780762210e+12,6.409290690e+14,7.743051137e+12,7.929948570e+10,1.760381747e+10,1.466372299e+13
321000,1088.268066,7.972460062e+13,2.694377636e+12,6.308571768e+14,7.711901090e+12,7.920268902e+10,1.692437402e+10,1.446233244e+13
322000,1088.39856,7.755245447e+13,2.610714116e+12,6.209500374e+14,7.680899940e+12,7.910653952e+10,1.627145523e+10,1.426380449e+13
323000,1088.526001,7.544054691e+13,2.529698775e+12,6.112048993e+14,7.650073903e+12,7.901088154e+10,1.564403507e+10,1.406809617e+13
324000,1088.650391,7.338719183e+13,2.451228066e+12,6.016190110e+14,7.619378414e+12,7.891615744e+10,1.504105062e+10,1.387513931e+13
325000,1088.771851,7.139075346e+13,2.375229374e+12,5.921872724e+14,7.588855939e+12,7.882191667e+10,1.446156902e+10,1.368491609e+13
326000,1088.890503,6.944958343e+13,2.301624058e+12,5.829094150e+14,7.558473974e+12,7.872842957e+10,1.390476698e+10,1.349738876e+13
327000,1089.006348,6.756215502e+13,2.230334783e+12,5.737805398e+14,7.528234615e+12,7.863542579e+10,1.336958976e+10,1.331251538e+13
328000,1089.119385,6.572669403e+13,2.161288151e+12,5.648005128e+14,7.498149396e+12,7.854316749e+10,1.285521613e+10,1.313028440e+13
329000,1089.229858,6.394197993e+13,2.094408270e+12,5.559664482e+14,7.468188434e+12,7.845136794e+10,1.236092006e+10,1.295057735e+13
330000,1089.337646,6.220682153e+13,2.029633667e+12,5.472760978e+14,7.438393147e+12,7.836016640e+10,1.188581990e+10,1.277346028e+13
331000,1089.442993,6.051934817e+13,1.966889370e+12,5.387249320e+14,7.408747282e+12,7.826968576e+10,1.142917939e+10,1.259881680e+13
332000,1089.545776,5.887869164e+13,1.906107613e+12,5.303126151e+14,7.379223577e+12,7.817964749e+10,1.099025613e+10,1.242663748e+13
333000,1089.646118,5.728308193e+13,1.847236231e+12,5.220348858e+14,7.349862400e+12,7.809003520e+10,1.056843366e+10,1.225693279e+13
334000,1089.744141,5.573125236e+13,1.790214406e+12,5.138913415e+14,7.320632820e+12,7.800099635e+10,1.016293990e+10,1.208957272e+13
335000,1089.839844,5.422240603e+13,1.734966247e+12,5.058798346e+14,7.291535884e+12,7.791252275e+10,9.773174784e+09,1.192456775e+13
336000,1089.93335,5.275492391e+13,1.681455579e+12,4.979960367e+14,7.262582079e+12,7.782445056e+10,9.398501376e+09,1.176192837e+13
337000,1090.024536,5.132804266e+13,1.629614244e+12,4.902399479e+14,7.233773502e+12,7.773694362e+10,9.038400512e+09,1.160155392e+13
338000,1090.113647,4.994023975e+13,1.579395318e+12,4.826074073e+14,7.205092852e+12,7.764982989e+10,8.692197376e+09,1.144343285e+13
339000,1090.200684,4.859041625e+13,1.530744537e+12,4.750982809e+14,7.176539603e+12,7.756324864e+10,8.359397888e+09,1.128752952e+13
340000,1090.285645,4.727771234e+13,1.483612094e+12,4.677086091e+14,7.148126339e+12,7.747707699e+10,8.039494144e+09,1.113383659e+13
341000,1090.368652,4.600107945e+13,1.437949886e+12,4.604382579e+14,7.119852012e+12,7.739127398e+10,7.731950080e+09,1.098229744e+13
342000,1090.449707,4.475951514e+13,1.393716888e+12,4.532851803e+14,7.091715572e+12,7.730586419e+10,7.436296704e+09,1.083286172e+13
343000,1090.528809,4.355187016e+13,1.350857130e+12,4.462457191e+14,7.063703912e+12,7.722097050e+10,7.152057344e+09,1.068555882e+13
344000,1090.606079,4.237736437e+13,1.309335224e+12,4.393180286e+14,7.035813888e+12,7.713645363e+10,6.878786048e+09,1.054027756e+13
345000,1090.681519,4.123491146e+13,1.269108703e+12,4.325018742e+14,7.008072761e+12,7.705230541e+10,6.616093696e+09,1.039706830e+13
346000,1090.755249,4.012378581e+13,1.230131692e+12,4.257953767e+14,6.980439114e+12,7.696851763e+10,6.363515392e+09,1.025585971e+13
347000,1090.827148,3.904311080e+13,1.192365130e+12,4.191952478e+14,6.952938635e+12,7.688509030e+10,6.120660480e+09,1.011662560e+13
348000,1090.897461,3.799203080e+13,1.155775201e+12,4.126995750e+14,6.925570802e+12,7.680216269e+10,5.887205888e+09,9.979332395e+12
349000,1090.966064,3.696945109e+13,1.120322716e+12,4.063082911e+14,6.898334040e+12,7.671944806e+10,5.662707200e+09,9.843958088e+12
350000,1091.033081,3.597499420e+13,1.085971562e+12,4.000181414e+14,6.871214195e+12,7.663707750e+10,5.446871552e+09,9.710506869e+12
351000,1091.098511,3.500760524e+13,1.052687270e+12,3.938288911e+14,6.844211790e+12,7.655505101e+10,5.239320064e+09,9.578896949e+12
352000,1091.162476,3.406666557e+13,1.020434317e+12,3.877389295e+14,6.817336263e+12,7.647336858e+10,5.039779840e+09,9.449101066e+12
353000,1091.224854,3.315131954e+13,9.891860316e+11,3.817436933e+14,6.790590759e+12,7.639203021e+10,4.847911424e+09,9.321167454e+12
354000,1091.285889,3.226085202e+13,9.589014528e+11,3.758444575e+14,6.763970036e+12,7.631101133e+10,4.663405568e+09,9.194959798e+12
355000,1091.345459,3.139482472e+13,9.295558083e+11,3.700397457e+14,6.737451024e+12,7.623032013e+10,4.486006272e+09,9.070558839e+12
356000,1091.403564,3.055231907e+13,9.011232768e+11,3.643279139e+14,6.711069377e+12,7.614997299e+10,4.315393536e+09,8.947871252e+12
357000,1091.460327,2.973268496e+13,8.735681413e+11,3.587047006e+14,6.684800451e+12,7.606965862e+10,4.151353856e+09,8.826903331e+12
358000,1091.515747,2.893541068e+13,8.468679229e+11,3.531714815e+14,6.658655257e+12,7.598995866e+10,3.993607936e+09,8.707615752e+12
359000,1091.569946,2.815975804e+13,8.209925407e+11,3.477252368e+14,6.632618590e+12,7.591027507e+10,3.841904128e+09,8.589981254e+12
360000,1091.622803,2.740524679e+13,7.959147971e+11,3.423660671e+14,6.606705132e+12,7.583105843e+10,3.696010240e+09,8.473963659e+12
361000,1091.674561,2.667118277e+13,7.716156211e+11,3.370910868e+14,6.580912783e+12,7.575200563e+10,3.555721472e+09,8.359584465e+12
362000,1091.724976,2.595701024e+13,7.480663736e+11,3.319003966e+14,6.555240497e+12,7.567341978e+10,3.420800512e+09,8.246791242e+12
363000,1091.774292,2.526227412e+13,7.252435272e+11,3.267899027e+14,6.529663631e+12,7.559484211e+10,3.291046656e+09,8.135559873e+12
364000,1091.822388,2.458644382e+13,7.031270932e+11,3.217621554e+14,6.504217313e+12,7.551656755e+10,3.166266112e+09,8.025852609e+12
365000,1091.869385,2.392890068e+13,6.816910541e+11,3.168132959e+14,6.478865367e+12,7.543861248e+10,3.046254848e+09,7.917691994e+12
366000,1091.915283,2.328914140e+13,6.609166664e+11,3.119420826e+14,6.453643444e+12,7.536094413e+10,2.930834176e+09,7.811043426e+12
367000,1091.960083,2.266676960e+13,6.407834173e+11,3.071472406e+14,6.428525855e+12,7.528343142e+10,2.819827200e+09,7.705837699e+12
368000,1092.003906,2.206113517e+13,6.212687626e+11,3.024286691e+14,6.403523609e+12,7.520621363e+10,2.713063424e+09,7.602099454e+12
369000,1092.046753,2.147202839e+13,6.023570391e+11,2.977851267e+14,6.378637230e+12,7.512914330e+10,2.610379264e+09,7.499807719e+12
370000,1092.088501,2.089883481e+13,5.840281928e+11,2.932131908e+14,6.353853612e+12,7.505222042e+10,2.511612672e+09,7.398914261e+12
371000,1092.129272,2.034119161e+13,5.662607933e+11,2.887139350e+14,6.329183764e+12,7.497574810e+10,2.416612864e+09,7.299439526e+12
372000,1092.169189,1.979852207e+13,5.490418319e+11,2.842849772e+14,6.304615105e+12,7.489939866e+10,2.325239296e+09,7.201308541e+12
373000,1092.20813,1.927056405e+13,5.323529257e+11,2.799263675e+14,6.280159166e+12,7.482318029e+10,2.237360896e+09,7.104570589e+12
374000,1092.246094,1.875684570e+13,5.161756262e+11,2.756359082e+14,6.255815950e+12,7.474726502e+10,2.152825856e+09,7.009138639e+12
375000,1092.283203,1.825704824e+13,5.004961710e+11,2.714124416e+14,6.231571300e+12,7.467149722e+10,2.071514752e+09,6.915033137e+12
376000,1092.319458,1.777071240e+13,4.852988969e+11,2.672559510e+14,6.207437799e+12,7.459598336e+10,1.993302528e+09,6.822235734e+12
377000,1092.35498,1.729747852e+13,4.705679442e+11,2.631643224e+14,6.183402340e+12,7.452074803e+10,1.918070272e+09,6.730688233e+12
378000,1092.389526,1.683705614e+13,4.562879119e+11,2.591365324e+14,6.159476457e+12,7.444552090e+10,1.845696768e+09,6.640426287e+12
379000,1092.42334,1.638902478e+13,4.424474624e+11,2.551724970e+14,6.135647568e+12,7.437054771e+10,1.776078848e+09,6.551403233e+12
380000,1092.456421,1.595304575e+13,4.290304737e+11,2.512702534e+14,6.111949226e+12,7.429584486e+10,1.709114112e+09,6.463614878e+12
381000,1092.488647,1.552879609e+13,4.160253788e+11,2.474288117e+14,6.088324809e+12,7.422142054e+10,1.644694400e+09,6.377020850e+12
382000,1092.520142,1.511604198e+13,4.034185789e+11,2.436471988e+14,6.064806822e+12,7.414697984e+10,1.582724864e+09,6.291614335e+12
383000,1092.550903,1.471438075e+13,3.911978844e+11,2.399263038e+14,6.041395790e+12,7.407265382e+10,1.523108736e+09,6.207392711e+12
384000,1092.580933,1.432351041e+13,3.793526456e+11,2.362623854e+14,6.018102198e+12,7.399874560e+10,1.465755904e+09,6.124325044e+12
385000,1092.610352,1.394313632e+13,3.678684447e+11,2.326554437e+14,5.994890396e+12,7.392495206e+10,1.410582400e+09,6.042395607e+12
386000,1092.639038,1.357302884e+13,3.567368274e+11,2.291054785e+14,5.971771392e+12,7.385128141e+10,1.357502080e+09,5.961599681e+12
387000,1092.666992,1.321280523e+13,3.459449815e+11,2.256106948e+14,5.948768256e+12,7.377772544e+10,1.306435200e+09,5.881900040e+12
388000,1092.694458,1.286231976e+13,3.354835681e+11,2.221701864e+14,5.925856870e+12,7.370442342e+10,1.257308928e+09,5.803312415e+12
389000,1092.721191,1.252123371e+13,3.253418394e+11,2.187839367e+14,5.903049294e+12,7.363124429e+10,1.210044544e+09,5.725778608e+12
390000,1092.747192,1.218929440e+13,3.155093094e+11,2.154502846e+14,5.880332943e+12,7.355818803e+10,1.164573440e+09,5.649327981e+12
391000,1092.772705,1.186627427e+13,3.059781468e+11,2.121691127e+14,5.857717780e+12,7.348550861e+10,1.120822016e+09,5.573921210e+12
392000,1092.797729,1.155190699e+13,2.967367844e+11,2.089380553e+14,5.835192271e+12,7.341280461e+10,1.078729344e+09,5.499534705e+12
393000,1092.822021,1.124598284e+13,2.877785375e+11,2.057579011e+14,5.812767949e+12,7.334020710e+10,1.038233984e+09,5.426175279e+12
394000,1092.845825,1.094824912e+13,2.790930186e+11,2.026270225e+14,5.790443766e+12,7.326787174e+10,9.992668160e+08,5.353816719e+12
395000,1092.869019,1.065848458e+13,2.706728387e+11,1.995454028e+14,5.768219722e+12,7.319563469e+10,9.617756800e+08,5.282456928e+12
396000,1092.891724,1.037649314e+13,2.625088553e+11,1.965107434e+14,5.746083758e+12,7.312351232e+10,9.257038720e+08,5.212050817e+12
397000,1092.91394,1.010206192e+13,2.545941217e+11,1.935238161e+14,5.724034826e+12,7.305176678e+10,8.909937920e+08,5.142623551e+12
398000,1092.935547,9.834970743e+12,2.469205279e+11,1.905838491e+14,5.702084461e+12,7.297998848e+10,8.575987200e+08,5.074144199e+12
399000,1092.956665,9.575036092e+12,2.394801603e+11,1.876886445e+14,5.680243147e+12,7.290832486e+10,8.254637440e+08,5.006598078e+12
400000,1092.977417,9.322047209e+12,2.322666947e+11,1.848388735e+14,5.658475758e+12,7.283689062e+10,7.945451520e+08,4.939971035e+12
401000,1092.997559,9.075814302e+12,2.252727747e+11,1.820331937e+14,5.636806410e+12,7.276542362e+10,7.647923840e+08,4.874270933e+12
402000,1093.017334,8.836158063e+12,2.184916500e+11,1.792708503e+14,5.615232483e+12,7.269432525e+10,7.361637760e+08,4.809436955e+12
403000,1093.036621,8.602915439e+12,2.119167508e+11,1.765511720e+14,5.593743491e+12,7.262320230e+10,7.086140160e+08,4.745503703e+12
404000,1093.05542,8.375928619e+12,2.055421460e+11,1.738748300e+14,5.572360405e+12,7.255216947e+10,6.821072000e+08,4.682440770e+12
405000,1093.073853,8.154964820e+12,1.993604792e+11,1.712384687e+14,5.551040233e+12,7.248138240e+10,6.565959040e+08,4.620233998e+12
406000,1093.091797,7.939924951e+12,1.933670482e+11,1.686434472e+14,5.529834881e+12,7.241082470e+10,6.320487040e+08,4.558882341e+12
407000,1093.109375,7.730602443e+12,1.875556598e+11,1.660890606e+14,5.508691919e+12,7.234035712e+10,6.084263040e+08,4.498355913e+12
408000,1093.126465,7.526887195e+12,1.819210875e+11,1.635741011e+14,5.487674262e+12,7.226985677e+10,5.856949120e+08,4.438651568e+12
409000,1093.143188,7.328584696e+12,1.764575314e+11,1.610978806e+14,5.466717422e+12,7.219958579e+10,5.638183040e+08,4.379765899e+12
410000,1093.159546,7.135563874e+12,1.711590932e+11,1.586597953e+14,5.445863342e+12,7.212955238e+10,5.427664000e+08,4.321679507e+12
411000,1093.175537,6.947696280e+12,1.660220047e+11,1.562598786e+14,5.425090527e+12,7.205932237e+10,5.225055360e+08,4.264373256e+12
412000,1093.191162,6.764827771e+12,1.610397778e+11,1.538963018e+14,5.404408938e+12,7.198960845e+10,5.030069440e+08,4.207860515e+12
413000,1093.206543,6.586836713e+12,1.562094797e+11,1.515696688e+14,5.383807566e+12,7.191984538e+10,4.842435520e+08,4.152105370e+12
414000,1093.221436,6.413593608e+12,1.515252941e+11,1.492794260e+14,5.363287458e+12,7.185016422e+10,4.661855680e+08,4.097121714e+12
415000,1093.235962,6.244943790e+12,1.469830267e+11,1.470238620e+14,5.342867489e+12,7.178072883e+10,4.488054080e+08,4.042852663e+12
416000,1093.250244,6.080777159e+12,1.425777623e+11,1.448034968e+14,5.322526687e+12,7.171122790e+10,4.320774400e+08,3.989341209e+12
417000,1093.26416,5.920984662e+12,1.383064207e+11,1.426167200e+14,5.302265053e+12,7.164195635e+10,4.159794880e+08,3.936561660e+12
418000,1093.27771,5.765447811e+12,1.341646193e+11,1.404646302e+14,5.282111947e+12,7.157278310e+10,4.004867520e+08,3.884489638e+12
419000,1093.291016,5.614041301e+12,1.301473935e+11,1.383450549e+14,5.262026998e+12,7.150382285e+10,3.855747840e+08,3.833121473e+12
420000,1093.303955,5.466653983e+12,1.262521631e+11,1.362580276e+14,5.242010206e+12,7.143482163e+10,3.712224320e+08,3.782448251e+12
421000,1093.31665,5.323167367e+12,1.224744796e+11,1.342035398e+14,5.222110331e+12,7.136589414e+10,3.574084800e+08,3.732467089e+12
422000,1093.328979,5.183508578e+12,1.188112302e+11,1.321810881e+14,5.202268127e+12,7.129733530e+10,3.441126400e+08,3.683154919e+12
423000,1093.341187,5.047552836e+12,1.152582205e+11,1.301891544e+14,5.182511907e+12,7.122871910e+10,3.313158720e+08,3.634515411e+12
424000,1093.352905,4.915193184e+12,1.118128046e+11,1.282277635e+14,5.162852155e+12,7.116033229e+10,3.189981760e+08,3.586526544e+12
425000,1093.364502,4.786359894e+12,1.084712059e+11,1.262969156e+14,5.143258464e+12,7.109174886e+10,3.071431360e+08,3.539191988e+12
426000,1093.375854,4.660931330e+12,1.052309094e+11,1.243956459e+14,5.123749708e+12,7.102364877e+10,2.957309760e+08,3.492496015e+12
427000,1093.386841,4.538825179e+12,1.020878275e+11,1.225235097e+14,5.104316449e+12,7.095550771e+10,2.847456960e+08,3.446430761e+12
428000,1093.397583,4.419970138e+12,9.903996928e+10,1.206800373e+14,5.084977562e+12,7.088744038e+10,2.741732160e+08,3.400986788e+12
429000,1093.408081,4.304252961e+12,9.608404992e+10,1.188652455e+14,5.065713123e+12,7.081946317e+10,2.639958720e+08,3.356155445e+12
430000,1093.418457,4.191605228e+12,9.321707110e+10,1.170782114e+14,5.046522610e+12,7.075169075e+10,2.541982720e+08,3.311940665e+12
431000,1093.428467,4.081930994e+12,9.043636224e+10,1.153185156e+14,5.027415458e+12,7.068400845e+10,2.447685920e+08,3.268309680e+12
432000,1093.438354,3.975164461e+12,8.773944115e+10,1.135853023e+14,5.008391143e+12,7.061626061e+10,2.356905440e+08,3.225272189e+12
433000,1093.447876,3.871221481e+12,8.512395674e+10,1.118794442e+14,4.989449667e+12,7.054887322e+10,2.269527040e+08,3.182808531e+12
434000,1093.457275,3.770025509e+12,8.258691072e+10,1.101992297e+14,4.970571104e+12,7.048141210e+10,2.185409120e+08,3.140922638e+12
435000,1093.466431,3.671510745e+12,8.012657459e+10,1.085455145e+14,4.951784292e+12,7.041418035e+10,2.104429600e+08,3.099599831e+12
436000,1093.475342,3.575598023e+12,7.774013850e+10,1.069162434e+14,4.933069308e+12,7.034689126e+10,2.026478240e+08,3.058833555e+12
437000,1093.484131,3.482211844e+12,7.542551347e+10,1.053122300e+14,4.914425627e+12,7.027980698e+10,1.951436960e+08,3.018615161e+12
438000,1093.492676,3.391303713e+12,7.318023373e+10,1.037331304e+14,4.895872123e+12,7.021279642e+10,1.879192640e+08,2.978937569e+12
439000,1093.501099,3.302788170e+12,7.100261990e+10,1.021777030e+14,4.877388874e+12,7.014586778e+10,1.809647360e+08,2.939792916e+12
440000,1093.509277,3.216608330e+12,6.889059942e+10,1.006463841e+14,4.858976928e+12,7.007927501e+10,1.742696160e+08,2.901174387e+12
441000,1093.517212,3.132707832e+12,6.684193178e+10,9.913843537e+13,4.840644674e+12,7.001251021e+10,1.678238240e+08,2.863080407e+12
442000,1093.525024,3.051019305e+12,6.485481472e+10,9.765346253e+13,4.822391587e+12,6.994593382e+10,1.616189280e+08,2.825497608e+12
443000,1093.532593,2.971484291e+12,6.292738458e+10,9.619112163e+13,4.804207706e+12,6.987930829e+10,1.556446720e+08,2.788419174e+12
444000,1093.540039,2.894045118e+12,6.105769984e+10,9.475142108e+13,4.786102993e+12,6.981289574e+10,1.498932640e+08,2.751833309e+12
445000,1093.547363,2.818650931e+12,5.924404019e+10,9.333364778e+13,4.768075350e+12,6.974681088e+10,1.443560480e+08,2.715742896e+12
446000,1093.554443,2.745237504e+12,5.748480000e+10,9.193709706e+13,4.750116913e+12,6.968053760e+10,1.390247680e+08,2.680136663e+12
447000,1093.561401,2.673761845e+12,5.577834496e+10,9.056249873e+13,4.732227158e+12,6.961433805e+10,1.338919120e+08,2.645002813e+12
448000,1093.568237,2.604167332e+12,5.412318003e+10,8.920846863e+13,4.714413425e+12,6.954847437e+10,1.289502880e+08,2.610349998e+12
449000,1093.574829,2.536403894e+12,5.251763405e+10,8.787537586e+13,4.696677286e+12,6.948242227e+10,1.241924960e+08,2.576161178e+12
450000,1093.581299,2.470423298e+12,5.096001536e+10,8.656222214e+13,4.679008256e+12,6.941657498e+10,1.196111840e+08,2.542425342e+12
451000,1093.587646,2.406177571e+12,4.944897638e+10,8.526935138e+13,4.661415248e+12,6.935092429e+10,1.152002000e+08,2.509141180e+12
452000,1093.593872,2.343620837e+12,4.798329651e+10,8.399611763e+13,4.643889349e+12,6.928521626e+10,1.109535920e+08,2.476302402e+12
453000,1093.599854,2.282712465e+12,4.656151347e+10,8.274225245e+13,4.626446811e+12,6.921972122e+10,1.068645680e+08,2.443903500e+12
454000,1093.605835,2.223404220e+12,4.518228787e+10,8.150740351e+13,4.609070858e+12,6.915428352e+10,1.029272160e+08,2.411937399e+12
455000,1093.611572,2.165649834e+12,4.384434995e+10,8.029162109e+13,4.591769354e+12,6.908905882e+10,9.913648000e+07,2.380403835e+12
456000,1093.617188,2.109415883e+12,4.254636032e+10,7.909428447e+13,4.574524998e+12,6.902363750e+10,9.548608000e+07,2.349291536e+12
457000,1093.622803,2.054661865e+12,4.128718848e+10,7.791511675e+13,4.557362430e+12,6.895853568e+10,9.197150400e+07,2.318590280e+12
458000,1093.628174,2.001344528e+12,4.006551552e+10,7.675383276e+13,4.540264874e+12,6.889338470e+10,8.858664800e+07,2.288303997e+12
459000,1093.633423,1.949418652e+12,3.888052224e+10,7.561015560e+13,4.523232854e+12,6.882843853e+10,8.532767200e+07,2.258422202e+12
460000,1093.63855,1.898861953e+12,3.773086925e+10,7.448410207e+13,4.506273710e+12,6.876342682e+10,8.218985600e+07,2.228934935e+12
461000,1093.643677,1.849626722e+12,3.661541786e+10,7.337482491e+13,4.489385869e+12,6.869873459e+10,7.916772800e+07,2.199845601e+12
462000,1093.64856,1.801685959e+12,3.553342259e+10,7.228263446e+13,4.472563040e+12,6.863386214e+10,7.625805600e+07,2.171140178e+12
463000,1093.65332,1.755001389e+12,3.448367104e+10,7.120699386e+13,4.455812039e+12,6.856931738e+10,7.345603200e+07,2.142826136e+12
464000,1093.658081,1.709536051e+12,3.346518221e+10,7.014762623e+13,4.439132865e+12,6.850483405e+10,7.075750400e+07,2.114885386e+12
465000,1093.662598,1.665264910e+12,3.247709594e+10,6.910456099e+13,4.422516081e+12,6.844029747e+10,6.815904000e+07,2.087313080e+12
466000,1093.667114,1.622152577e+12,3.151854592e+10,6.807701374e+13,4.405962211e+12,6.837594522e+10,6.565674000e+07,2.060116427e+12
467000,1093.671509,1.580171788e+12,3.058846106e+10,6.706501385e+13,4.389495636e+12,6.831167078e+10,6.324716800e+07,2.033274061e+12
468000,1093.675781,1.539286237e+12,2.968611226e+10,6.606856969e+13,4.373083062e+12,6.824758067e+10,6.092661200e+07,2.006796993e+12
469000,1093.680054,1.499472986e+12,2.881065574e+10,6.508718211e+13,4.356731306e+12,6.818330624e+10,5.869175600e+07,1.980672377e+12
470000,1093.684082,1.460698087e+12,2.796123546e+10,6.412063306e+13,4.340441940e+12,6.811936358e+10,5.653953600e+07,1.954888155e+12
471000,1093.68811,1.422939521e+12,2.713717146e+10,6.316892664e+13,4.324229644e+12,6.805547418e+10,5.446707200e+07,1.929454420e+12
472000,1093.692017,1.386162422e+12,2.633754419e+10,6.223135409e+13,4.308079215e+12,6.799152742e+10,5.247077600e+07,1.904359113e+12
473000,1093.695923,1.350351192e+12,2.556177408e+10,6.130817117e+13,4.291996680e+12,6.792776909e+10,5.054851600e+07,1.879589913e+12
474000,1093.699585,1.315475554e+12,2.480909722e+10,6.039892915e+13,4.275983352e+12,6.786421555e+10,4.869706400e+07,1.855157830e+12
475000,1093.703247,1.281510605e+12,2.407876608e+10,5.950317501e+13,4.260029792e+12,6.780046131e+10,4.691404800e+07,1.831050019e+12
476000,1093.706787,1.248431964e+12,2.337011302e+10,5.862138270e+13,4.244136264e+12,6.773703885e+10,4.519675600e+07,1.807259271e+12
477000,1093.710327,1.216216564e+12,2.268249088e+10,5.775266304e+13,4.228310630e+12,6.767354675e+10,4.354282000e+07,1.783784407e+12
478000,1093.713745,1.184839500e+12,2.201531597e+10,5.689704536e+13,4.212551844e+12,6.761024307e+10,4.194989600e+07,1.760621232e+12
479000,1093.717041,1.154283078e+12,2.136804966e+10,5.605454645e+13,4.196852040e+12,6.754700902e+10,4.041555200e+07,1.737769222e+12
480000,1093.720337,1.124525277e+12,2.073993011e+10,5.522473010e+13,4.181219344e+12,6.748382822e+10,3.893792800e+07,1.715220382e+12
481000,1093.723511,1.095536869e+12,2.013039411e+10,5.440720621e+13,4.165644845e+12,6.742072525e+10,3.751476400e+07,1.692967371e+12
482000,1093.726685,1.067311956e+12,1.953899520e+10,5.360220130e+13,4.150136668e+12,6.735767552e+10,3.614388400e+07,1.671012811e+12
483000,1093.729736,1.039818424e+12,1.896515379e+10,5.280951402e+13,4.134694289e+12,6.729481830e+10,3.482350400e+07,1.649346085e+12
484000,1093.732666,1.013040939e+12,1.840834355e+10,5.202856136e+13,4.119310107e+12,6.723189965e+10,3.355175000e+07,1.627969946e+12
485000,1093.735596,9.869605601e+11,1.786801562e+10,5.125955306e+13,4.103982547e+12,6.716917350e+10,3.232693000e+07,1.606873776e+12
486000,1093.738403,9.615590031e+11,1.734368461e+10,5.050191866e+13,4.088728650e+12,6.710650880e+10,3.114706600e+07,1.586060329e+12
487000,1093.741211,9.368220467e+11,1.683493274e+10,4.975586370e+13,4.073523773e+12,6.704390554e+10,3.001060600e+07,1.565522526e+12
488000,1093.743896,9.127231488e+11,1.634122957e+10,4.902102746e+13,4.058391249e+12,6.698149478e+10,2.891584000e+07,1.545253683e+12
489000,1093.746582,8.892527411e+11,1.586209382e+10,4.829722958e+13,4.043315085e+12,6.691901440e+10,2.786143200e+07,1.525255897e+12
490000,1093.749146,8.663926047e+11,1.539724595e+10,4.758430650e+13,4.028302885e+12,6.685672653e+10,2.684567800e+07,1.505522876e+12
491000,1093.751709,8.441281249e+11,1.494607770e+10,4.688227077e+13,4.013353599e+12,6.679424614e+10,2.586735400e+07,1.486050820e+12
492000,1093.75415,8.224406897e+11,1.450826752e+10,4.619060234e+13,3.998453072e+12,6.673220403e+10,2.492487600e+07,1.466836582e+12
493000,1093.756592,8.013179781e+11,1.408344474e+10,4.550948575e+13,3.983623324e+12,6.666996941e+10,2.401701000e+07,1.447873217e+12
494000,1093.759033,7.807422956e+11,1.367113933e+10,4.483858123e+13,3.968840499e+12,6.660805018e+10,2.314243400e+07,1.429163475e+12
495000,1093.761353,7.607022387e+11,1.327103181e+10,4.417775460e+13,3.954128454e+12,6.654606950e+10,2.230000400e+07,1.410698183e+12
496000,1093.76355,7.411809649e+11,1.288275866e+10,4.352683808e+13,3.939470934e+12,6.648415027e+10,2.148849200e+07,1.392479568e+12
497000,1093.765747,7.221660221e+11,1.250591744e+10,4.288567226e+13,3.924868465e+12,6.642241536e+10,2.070666600e+07,1.374501601e+12
498000,1093.767944,7.036456796e+11,1.214023782e+10,4.225428236e+13,3.910334153e+12,6.636061082e+10,1.995351400e+07,1.356760875e+12
499000,1093.77002,6.856056504e+11,1.178536550e+10,4.163234955e+13,3.895847289e+12,6.629899878e+10,1.922805400e+07,1.339254374e+12
500000,1093.772095,6.680319754e+11,1.144093082e+10,4.101958449e+13,3.881421242e+12,6.623744819e+10,1.852911000e+07,1.321976201e+12
501000,1093.77417,6.509148897e+11,1.110669005e+10,4.041613817e+13,3.867056013e+12,6.617595494e+10,1.785574400e+07,1.304928584e+12
502000,1093.776123,6.342401065e+11,1.078229709e+10,3.982173372e+13,3.852751864e+12,6.611451085e+10,1.720707800e+07,1.288105755e+12
503000,1093.778076,6.179984507e+11,1.046747853e+10,3.923622022e+13,3.838500405e+12,6.605326746e+10,1.658210500e+07,1.271502209e+12
504000,1093.779907,6.021773394e+11,1.016193126e+10,3.865947176e+13,3.824302424e+12,6.599208550e+10,1.598004700e+07,1.255120044e+12
505000,1093.78186,5.867645174e+11,9.865375744e+09,3.809149262e+13,3.810170765e+12,6.593094451e+10,1.540005200e+07,1.238953624e+12
506000,1093.783569,5.717517926e+11,9.577587712e+09,3.753201013e+13,3.796084982e+12,6.586987725e+10,1.484125200e+07,1.223000195e+12
507000,1093.7854,5.571263201e+11,9.298264064e+09,3.698074749e+13,3.782065521e+12,6.580874035e+10,1.430283600e+07,1.207256744e+12
508000,1093.787109,5.428791214e+11,9.027156992e+09,3.643786410e+13,3.768090886e+12,6.574791066e+10,1.378413900e+07,1.191718420e+12
509000,1093.788818,5.290013164e+11,8.764054528e+09,3.590308308e+13,3.754182050e+12,6.568689254e+10,1.328437900e+07,1.176386666e+12
510000,1093.790405,5.154813379e+11,8.508670464e+09,3.537630383e+13,3.740325380e+12,6.562606285e+10,1.280288600e+07,1.161256894e+12
511000,1093.792114,5.023106007e+11,8.260773376e+09,3.485737746e+13,3.726518780e+12,6.556539699e+10,1.233898600e+07,1.146323599e+12
512000,1093.793579,4.894812078e+11,8.020208640e+09,3.434633751e+13,3.712778764e+12,6.550481306e+10,1.189203200e+07,1.131589272e+12
513000,1093.795166,4.769830994e+11,7.786723328e+09,3.384278552e+13,3.699081740e+12,6.544427827e+10,1.146139900e+07,1.117048275e+12
514000,1093.796631,4.648067400e+11,7.560093184e+09,3.334688506e+13,3.685449728e+12,6.538380083e+10,1.104644500e+07,1.102696415e+12
515000,1093.798096,4.529438392e+11,7.340100608e+09,3.285837404e+13,3.671860707e+12,6.532338074e+10,1.064663600e+07,1.088535265e+12
516000,1093.799561,4.413887611e+11,7.126605312e+09,3.237702176e+13,3.658329358e+12,6.526302208e+10,1.026141600e+07,1.074557878e+12
517000,1093.801025,4.301309542e+11,6.919346688e+09,3.190309037e+13,3.644861186e+12,6.520283546e+10,9.890208000e+06,1.060766220e+12
518000,1093.802368,4.191635046e+11,6.718192640e+09,3.143609962e+13,3.631436530e+12,6.514271437e+10,9.532594000e+06,1.047153607e+12
519000,1093.803711,4.084788101e+11,6.522948096e+09,3.097606841e+13,3.618067710e+12,6.508252365e+10,9.187981000e+06,1.033721348e+12
520000,1093.805054,3.980694979e+11,6.333414912e+09,3.052299883e+13,3.604755251e+12,6.502251725e+10,8.855910000e+06,1.020465578e+12
521000,1093.806274,3.879292109e+11,6.149459456e+09,3.007656790e+13,3.591491813e+12,6.496257229e+10,8.535939000e+06,1.007381774e+12
522000,1093.807617,3.780493640e+11,5.970880000e+09,2.963689103e+13,3.578284474e+12,6.490279526e+10,8.227607500e+06,9.944712479e+11
523000,1093.808838,3.684240261e+11,5.797554688e+09,2.920375845e+13,3.565125370e+12,6.484296499e+10,7.930550000e+06,9.817281659e+11
524000,1093.810059,3.590464143e+11,5.629292544e+09,2.877706537e+13,3.552021840e+12,6.478317978e+10,7.644232000e+06,9.691540357e+11
525000,1093.811157,3.499095491e+11,5.465986560e+09,2.835672161e+13,3.538973360e+12,6.472358707e+10,7.368378500e+06,9.567428280e+11
526000,1093.812378,3.410077942e+11,5.307439104e+09,2.794262436e+13,3.525965513e+12,6.466390835e+10,7.102533000e+06,9.444940186e+11
527000,1093.813477,3.323357102e+11,5.153539072e+09,2.753468350e+13,3.513019793e+12,6.460442214e+10,6.846371500e+06,9.324075418e+11
528000,1093.814575,3.238859899e+11,5.004140544e+09,2.713291162e+13,3.500121260e+12,6.454499328e+10,6.599486500e+06,9.204773683e+11
529000,1093.815674,3.156553564e+11,4.859128320e+09,2.673710109e+13,3.487276466e+12,6.448561357e+10,6.361601000e+06,9.087051366e+11
530000,1093.81665,3.076338811e+11,4.718354944e+09,2.634707368e+13,3.474479907e+12,6.442630349e+10,6.132338000e+06,8.970852106e+11
531000,1093.817749,2.998202204e+11,4.581702656e+09,2.596293003e+13,3.461736038e+12,6.436715725e+10,5.911426500e+06,8.856171971e+11
532000,1093.818726,2.922061824e+11,4.449043456e+09,2.558449194e+13,3.449039618e+12,6.430795366e+10,5.698528500e+06,8.743008993e+11
533000,1093.819702,2.847871140e+11,4.320257536e+09,2.521166919e+13,3.436402442e+12,6.424892211e+10,5.493329000e+06,8.631291740e+11
534000,1093.820679,2.775590830e+11,4.195231744e+09,2.484437585e+13,3.423805374e+12,6.418994790e+10,5.295600000e+06,8.521066086e+11
535000,1093.821655,2.705170596e+11,4.073870592e+09,2.448252804e+13,3.411260998e+12,6.413103104e+10,5.105046500e+06,8.412249457e+11
536000,1093.82251,2.636552929e+11,3.956043776e+09,2.412614040e+13,3.398769050e+12,6.407216742e+10,4.921378000e+06,8.304886415e+11
537000,1093.823486,2.569694577e+11,3.841668096e+09,2.377494033e+13,3.386322715e+12,6.401335706e+10,4.744380500e+06,8.198891766e+11
538000,1093.824341,2.504550973e+11,3.730627840e+09,2.342903690e+13,3.373922517e+12,6.395472691e+10,4.573801500e+06,8.094314004e+11
539000,1093.825195,2.441077555e+11,3.622824704e+09,2.308825398e+13,3.361580515e+12,6.389603123e+10,4.409397500e+06,7.991069245e+11
540000,1093.82605,2.379231068e+11,3.518170880e+09,2.275251814e+13,3.349283602e+12,6.383751168e+10,4.250951500e+06,7.889202053e+11
541000,1093.826782,2.318969569e+11,3.416559616e+09,2.242175603e+13,3.337038332e+12,6.377904538e+10,4.098239250e+06,7.788634440e+11
542000,1093.827637,2.260246856e+11,3.317920768e+09,2.209588371e+13,3.324837364e+12,6.372063642e+10,3.951056750e+06,7.689390653e+11
543000,1093.828369,2.203032125e+11,3.222160896e+09,2.177491805e+13,3.312681484e+12,6.366227661e+10,3.809205000e+06,7.591441859e+11
544000,1093.829224,2.147278193e+11,3.129176064e+09,2.145861778e+13,3.300576199e+12,6.360397414e+10,3.672473500e+06,7.494754632e+11
545000,1093.829956,2.092955238e+11,3.038916096e+09,2.114707526e+13,3.288521245e+12,6.354584781e+10,3.540704500e+06,7.399342080e+11
546000,1093.830688,2.040018534e+11,2.951281664e+09,2.084005982e+13,3.276510855e+12,6.348765184e+10,3.413695250e+06,7.305172091e+11
547000,1093.831421,1.988439245e+11,2.866196736e+09,2.053765741e+13,3.264550273e+12,6.342963200e+10,3.291268000e+06,7.212227625e+11
548000,1093.832031,1.938171986e+11,2.783586048e+09,2.023965203e+13,3.252633993e+12,6.337167360e+10,3.173273750e+06,7.120480502e+11
549000,1093.832764,1.889189724e+11,2.703381760e+09,1.994611711e+13,3.240766472e+12,6.331376026e+10,3.059538500e+06,7.029939896e+11
550000,1093.833496,1.841466409e+11,2.625513472e+09,1.965699605e+13,3.228949021e+12,6.325589606e+10,2.949913500e+06,6.940563866e+11
551000,1093.834106,1.794959114e+11,2.549903104e+09,1.937206861e+13,3.217174823e+12,6.319809741e+10,2.844243750e+06,6.852364206e+11
552000,1093.834717,1.749639496e+11,2.476493568e+09,1.909134535e+13,3.205443355e+12,6.314047078e+10,2.742385500e+06,6.765297664e+11
553000,1093.835327,1.705474130e+11,2.405220608e+09,1.881483463e+13,3.193760907e+12,6.308277453e+10,2.644210500e+06,6.679362929e+11
554000,1093.835938,1.662436147e+11,2.336016640e+09,1.854233303e+13,3.182127219e+12,6.302525030e+10,2.549574000e+06,6.594545582e+11
555000,1093.836548,1.620499825e+11,2.268825600e+09,1.827392024e+13,3.170535735e+12,6.296778752e+10,2.458348250e+06,6.510841692e+11
556000,1093.837158,1.579630264e+11,2.203583744e+09,1.800946206e+13,3.158992486e+12,6.291036160e+10,2.370409000e+06,6.428213248e+11
557000,1093.837769,1.539803382e+11,2.140238592e+09,1.774883481e+13,3.147491443e+12,6.285300122e+10,2.285646250e+06,6.346656973e+11
558000,1093.838257,1.500992143e+11,2.078726528e+09,1.749211395e+13,3.136038371e+12,6.279569408e+10,2.203939750e+06,6.266161070e+11
559000,1093.838867,1.463170007e+11,2.019001216e+09,1.723923865e+13,3.124632748e+12,6.273843610e+10,2.125170000e+06,6.186708500e+11
560000,1093.839355,1.426312233e+11,1.961014784e+09,1.699002129e+13,3.113269068e+12,6.268135424e+10,2.049239500e+06,6.108286812e+11
561000,1093.839966,1.390390641e+11,1.904700800e+09,1.674447442e+13,3.101952049e+12,6.262431744e+10,1.976044125e+06,6.030881587e+11
562000,1093.840454,1.355384013e+11,1.850024960e+09,1.650254037e+13,3.090676449e+12,6.256722330e+10,1.905474500e+06,5.954469888e+11
563000,1093.840942,1.321271788e+11,1.796932736e+09,1.626423071e+13,3.079442268e+12,6.251029299e+10,1.837459875e+06,5.879059579e+11
564000,1093.841431,1.288027587e+11,1.745383936e+09,1.602942272e+13,3.068254487e+12,6.245341594e+10,1.771883375e+06,5.804615270e+11
565000,1093.841919,1.255627080e+11,1.695320576e+09,1.579800741e+13,3.057113104e+12,6.239660032e+10,1.708668125e+06,5.731146793e+11
566000,1093.842407,1.224051016e+11,1.646708736e+09,1.557005396e+13,3.046017860e+12,6.233994035e+10,1.647719250e+06,5.658629898e+11
567000,1093.842773,1.193278177e+11,1.599503232e+09,1.534545124e+13,3.034957742e+12,6.228323123e+10,1.588969000e+06,5.587041649e+11
568000,1093.843262,1.163285627e+11,1.553665536e+09,1.512414685e+13,3.023949005e+12,6.222668186e+10,1.532319250e+06,5.516378767e+11
569000,1093.84375,1.134059766e+11,1.509155840e+09,1.490609356e+13,3.012980113e+12,6.217018573e+10,1.477714375e+06,5.446641254e+11
570000,1093.844116,1.105570529e+11,1.465932672e+09,1.469124216e+13,3.002051068e+12,6.211350528e+10,1.425061000e+06,5.377786184e+11
571000,1093.844604,1.077809070e+11,1.423960832e+09,1.447962718e+13,2.991172878e+12,6.205734502e+10,1.374309875e+06,5.309841408e+11
572000,1093.844971,1.050749010e+11,1.383196160e+09,1.427103480e+13,2.980329292e+12,6.200101683e+10,1.325371375e+06,5.242765967e+11
573000,1093.845337,1.024379863e+11,1.343616384e+09,1.406555727e+13,2.969535775e+12,6.194472550e+10,1.278197375e+06,5.176557568e+11
574000,1093.845825,9.986781184e+10,1.305179008e+09,1.386303938e+13,2.958775550e+12,6.188848333e+10,1.232707000e+06,5.111203758e+11
575000,1093.846191,9.736269824e+10,1.267851008e+09,1.366354408e+13,2.948065657e+12,6.183230669e+10,1.188851625e+06,5.046694707e+11
576000,1093.846558,9.492132659e+10,1.231600000e+09,1.346697281e+13,2.937389318e+12,6.177640448e+10,1.146567500e+06,4.983009772e+11
577000,1093.846924,9.254187008e+10,1.196399232e+09,1.327328260e+13,2.926762263e+12,6.172032205e+10,1.105802125e+06,4.920165990e+11
578000,1093.84729,9.022259200e+10,1.162206720e+09,1.308242941e+13,2.916174266e+12,6.166453043e+10,1.066490125e+06,4.858114212e+11
579000,1093.847656,8.796209971e+10,1.129008768e+09,1.289437129e+13,2.905624281e+12,6.160854630e+10,1.028593312e+06,4.796864266e+11
580000,1093.848022,8.575890227e+10,1.096765312e+09,1.270906631e+13,2.895118074e+12,6.155285299e+10,9.920468750e+05,4.736413204e+11
581000,1093.848267,8.361168896e+10,1.065450816e+09,1.252652391e+13,2.884655645e+12,6.149697946e+10,9.568173750e+05,4.676741693e+11
582000,1093.848633,8.151854285e+10,1.035040128e+09,1.234660360e+13,2.874230702e+12,6.144139264e+10,9.228423750e+05,4.617831055e+11
583000,1093.848999,7.947825152e+10,1.005505216e+09,1.216931585e+13,2.863848751e+12,6.138584678e+10,8.900856875e+05,4.559679980e+11
584000,1093.849243,7.748978278e+10,9.768208000e+08,1.199466699e+13,2.853504811e+12,6.133035827e+10,8.584982500e+05,4.502277980e+11
585000,1093.849609,7.555176038e+10,9.489633280e+08,1.182257103e+13,2.843203338e+12,6.127491482e+10,8.280443750e+05,4.445615882e+11
586000,1093.849854,7.366278349e+10,9.219077120e+08,1.165299233e+13,2.832939090e+12,6.121952461e+10,7.986754375e+05,4.389684183e+11
587000,1093.85022,7.182116454e+10,8.956300800e+08,1.148584594e+13,2.822717309e+12,6.116418765e+10,7.703569375e+05,4.334471741e+11
588000,1093.850464,7.002652672e+10,8.701114240e+08,1.132122941e+13,2.812537995e+12,6.110889574e+10,7.430510625e+05,4.279970693e+11
589000,1093.850708,6.827699814e+10,8.453248640e+08,1.115893198e+13,2.802395382e+12,6.105389466e+10,7.167240625e+05,4.226170880e+11
590000,1093.851074,6.657167770e+10,8.212504320e+08,1.099908679e+13,2.792288944e+12,6.099870106e+10,6.913310000e+05,4.173055263e+11
591000,1093.851318,6.490958643e+10,7.978694400e+08,1.084153456e+13,2.782224450e+12,6.094356890e+10,6.668479375e+05,4.120631050e+11
592000,1093.851562,6.328921702e+10,7.751614080e+08,1.068632237e+13,2.772196655e+12,6.088859648e+10,6.432368125e+05,4.068873011e+11
593000,1093.851807,6.170978304e+10,7.531054720e+08,1.053333282e+13,2.762210017e+12,6.083367322e+10,6.204687500e+05,4.017788355e+11
594000,1093.852051,6.017033421e+10,7.316840320e+08,1.038261524e+13,2.752270041e+12,6.077879910e+10,5.985134375e+05,3.967352504e+11
595000,1093.852295,5.866984243e+10,7.108773120e+08,1.023405530e+13,2.742360211e+12,6.072398234e+10,5.773416875e+05,3.917564805e+11
596000,1093.852539,5.720699699e+10,6.906662400e+08,1.008770125e+13,2.732486296e+12,6.066932122e+10,5.569220000e+05,3.868423946e+11
597000,1093.852783,5.578093363e+10,6.710349440e+08,9.943439846e+12,2.722658517e+12,6.061460275e+10,5.372317500e+05,3.819899453e+11
598000,1093.853027,5.439094784e+10,6.519715200e+08,9.801319341e+12,2.712865604e+12,6.056003994e+10,5.182435312e+05,3.772005417e+11
599000,1093.853271,5.303600333e+10,6.334509440e+08,9.661304106e+12,2.703108342e+12,6.050553446e+10,4.999311562e+05,3.724725780e+11
600000,1093.853516,5.171520307e+10,6.154623360e+08,9.523291333e+12,2.693391188e+12,6.045107405e+10,4.822705938e+05,3.678053007e+11
601000,1093.853638,5.042749030e+10,5.979903360e+08,9.387287386e+12,2.683714142e+12,6.039666688e+10,4.652391875e+05,3.631979233e+11
602000,1093.853882,4.917231206e+10,5.810186880e+08,9.253263910e+12,2.674071962e+12,6.034230477e+10,4.488135000e+05,3.586489057e+11
603000,1093.854126,4.794882458e+10,5.645341440e+08,9.121224074e+12,2.664464122e+12,6.028811059e+10,4.329735625e+05,3.541589361e+11
604000,1093.854248,4.675606118e+10,5.485204480e+08,8.991070339e+12,2.654901371e+12,6.023385088e+10,4.176950312e+05,3.497258189e+11
605000,1093.854492,4.559322317e+10,5.329660160e+08,8.862809070e+12,2.645367718e+12,6.017975091e+10,4.029602500e+05,3.453494886e+11
606000,1093.854736,4.445963878e+10,5.178576000e+08,8.736444914e+12,2.635872862e+12,6.012569600e+10,3.887504062e+05,3.410299126e+11
607000,1093.854858,4.335457894e+10,5.031814080e+08,8.611885647e+12,2.626417852e+12,6.007169843e+10,3.750431875e+05,3.367643709e+11
608000,1093.855103,4.227738419e+10,4.889238720e+08,8.489198927e+12,2.616996397e+12,6.001763123e+10,3.618260938e+05,3.325546660e+11
609000,1093.855225,4.122719027e+10,4.750758080e+08,8.368231069e+12,2.607618982e+12,5.996384666e+10,3.490755312e+05,3.283982418e+11
610000,1093.855469,4.020339098e+10,4.616234560e+08,8.249050300e+12,2.598269616e+12,5.990998835e+10,3.367793438e+05,3.242943775e+11
611000,1093.855591,3.920516710e+10,4.485546560e+08,8.131601027e+12,2.588954067e+12,5.985629798e+10,3.249188125e+05,3.202430403e+11
612000,1093.855713,3.823209267e+10,4.358607360e+08,8.015885895e+12,2.579682296e+12,5.980254618e+10,3.134807812e+05,3.162441318e+11
613000,1093.855957,3.728352051e+10,4.235301120e+08,7.901818374e+12,2.570443031e+12,5.974894592e+10,3.024471250e+05,3.122963087e+11
614000,1093.856079,3.635862733e+10,4.115507200e+08,7.789406331e+12,2.561242038e+12,5.969539891e+10,2.918051875e+05,3.083984241e+11
615000,1093.856201,3.545695027e+10,3.999132160e+08,7.678624123e+12,2.552074338e+12,5.964190106e+10,2.815408750e+05,3.045503140e+11
616000,1093.856445,3.457789542e+10,3.886077120e+08,7.569475375e+12,2.542938620e+12,5.958844826e+10,2.716402188e+05,3.007518802e+11
617000,1093.856567,3.372089344e+10,3.776261440e+08,7.461880946e+12,2.533845893e+12,5.953504051e+10,2.620897031e+05,2.970014843e+11
618000,1093.856689,3.288537702e+10,3.669570240e+08,7.355859755e+12,2.524785672e+12,5.948180480e+10,2.528789062e+05,2.932984054e+11
619000,1093.856812,3.207081574e+10,3.565934080e+08,7.251387095e+12,2.515757695e+12,5.942861414e+10,2.439936094e+05,2.896431022e+11
620000,1093.857056,3.127660339e+10,3.465231040e+08,7.148413182e+12,2.506766680e+12,5.937534566e+10,2.354223125e+05,2.860339364e+11
621000,1093.857178,3.050229350e+10,3.367411200e+08,7.046943832e+12,2.497808171e+12,5.932224922e+10,2.271551562e+05,2.824713667e+11
622000,1093.8573,2.974738227e+10,3.272389760e+08,6.946942299e+12,2.488886100e+12,5.926920192e+10,2.191804219e+05,2.789542134e+11
623000,1093.857422,2.901137613e+10,3.180061760e+08,6.848387659e+12,2.479996010e+12,5.921619558e+10,2.114884688e+05,2.754813952e+11
624000,1093.857544,2.829374054e+10,3.090368640e+08,6.751258372e+12,2.471142621e+12,5.916324659e+10,2.040672344e+05,2.720528302e+11
625000,1093.857666,2.759411917e+10,3.003233600e+08,6.655533491e+12,2.462320427e+12,5.911044915e+10,1.969101719e+05,2.686679941e+11
626000,1093.857788,2.691195494e+10,2.918577600e+08,6.561205175e+12,2.453534671e+12,5.905759027e+10,1.900044844e+05,2.653262643e+11
627000,1093.85791,2.624680346e+10,2.836329600e+08,6.468214706e+12,2.444784828e+12,5.900489114e+10,1.833430781e+05,2.620271002e+11
628000,1093.858032,2.559828378e+10,2.756420480e+08,6.376592471e+12,2.436066443e+12,5.895212646e+10,1.769172500e+05,2.587699282e+11
629000,1093.858154,2.496598016e+10,2.678783040e+08,6.286293405e+12,2.427383185e+12,5.889963213e+10,1.707189062e+05,2.555537654e+11
630000,1093.858276,2.434952806e+10,2.603362240e+08,6.197309645e+12,2.418731385e+12,5.884707635e+10,1.647389844e+05,2.523790049e+11
631000,1093.858398,2.374843392e+10,2.530084160e+08,6.109598724e+12,2.410114974e+12,5.879455744e+10,1.589709375e+05,2.492441559e+11
632000,1093.858521,2.316226765e+10,2.458882720e+08,6.023153283e+12,2.401528971e+12,5.874209587e+10,1.534051562e+05,2.461491855e+11
633000,1093.858643,2.259082650e+10,2.389703040e+08,5.937966573e+12,2.392978358e+12,5.868978586e+10,1.480365000e+05,2.430940611e+11
634000,1093.858765,2.203360666e+10,2.322492160e+08,5.853997109e+12,2.384458416e+12,5.863741440e+10,1.428562656e+05,2.400772751e+11
635000,1093.858765,2.149030093e+10,2.257193600e+08,5.771238648e+12,2.375973339e+12,5.858521088e+10,1.378597031e+05,2.370984182e+11
636000,1093.858887,2.096050995e+10,2.193746880e+08,5.689695360e+12,2.367518147e+12,5.853304422e+10,1.330391250e+05,2.341578506e+11
637000,1093.859009,2.044393472e+10,2.132104320e+08,5.609315388e+12,2.359097295e+12,5.848091853e+10,1.283881172e+05,2.312546386e+11
638000,1093.859131,1.994028032e+10,2.072205600e+08,5.530082939e+12,2.350711308e+12,5.842884608e+10,1.239013516e+05,2.283878318e+11
639000,1093.859253,1.944910643e+10,2.014001120e+08,5.452002294e+12,2.342354944e+12,5.837681869e+10,1.195720625e+05,2.255578563e+11
640000,1093.859253,1.897021645e+10,1.957457920e+08,5.375056590e+12,2.334028726e+12,5.832484045e+10,1.153953828e+05,2.227634012e+11
641000,1093.859375,1.850322330e+10,1.902512960e+08,5.299217060e+12,2.325736063e+12,5.827302195e+10,1.113660625e+05,2.200048271e+11
642000,1093.859497,1.804786074e+10,1.849124160e+08,5.224470070e+12,2.317477741e+12,5.822124442e+10,1.074784688e+05,2.172803973e+11
643000,1093.859497,1.760384410e+10,1.797250880e+08,5.150798301e+12,2.309248516e+12,5.816940954e+10,1.037275781e+05,2.145909637e+11
644000,1093.859619,1.717081088e+10,1.746839360e+08,5.078176041e+12,2.301052584e+12,5.811772211e+10,1.001083594e+05,2.119351992e+11
645000,1093.859741,1.674862285e+10,1.697864480e+08,5.006617533e+12,2.292885750e+12,5.806607974e+10,9.661669531e+04,2.093134971e+11
646000,1093.859741,1.633694413e+10,1.650278720e+08,4.936078107e+12,2.284752994e+12,5.801460122e+10,9.324754688e+04,2.067250217e+11
647000,1093.859863,1.593544090e+10,1.604032480e+08,4.866552103e+12,2.276648288e+12,5.796305306e+10,8.999707031e+04,2.041689375e+11
648000,1093.859985,1.554392474e+10,1.559097120e+08,4.798033691e+12,2.268577137e+12,5.791155405e+10,8.686039844e+04,2.016452116e+11
649000,1093.859985,1.516214579e+10,1.515432320e+08,4.730499803e+12,2.260534821e+12,5.786021069e+10,8.383417188e+04,1.991538606e+11
650000,1093.860107,1.478985318e+10,1.473004320e+08,4.663935301e+12,2.252524487e+12,5.780891238e+10,8.091400000e+04,1.966932787e+11
651000,1093.860229,1.442681242e+10,1.431775040e+08,4.598317555e+12,2.244547183e+12,5.775754445e+10,7.809658594e+04,1.942641869e+11
652000,1093.860229,1.407276646e+10,1.391707840e+08,4.533649796e+12,2.236594258e+12,5.770634445e+10,7.537785938e+04,1.918658642e+11
653000,1093.860352,1.372751053e+10,1.352779840e+08,4.469910489e+12,2.228677509e+12,5.765528781e+10,7.275459375e+04,1.894974751e+11
654000,1093.860352,1.339085517e+10,1.314946000e+08,4.407093583e+12,2.220789072e+12,5.760417792e+10,7.022343750e+04,1.871594291e+11
655000,1093.860474,1.306250547e+10,1.278179680e+08,4.345168734e+12,2.212928684e+12,5.755310490e+10,6.778085156e+04,1.848505467e+11
656000,1093.860474,1.274230477e+10,1.242455840e+08,4.284131706e+12,2.205100016e+12,5.750218752e+10,6.542397656e+04,1.825708769e+11
657000,1093.860596,1.243002266e+10,1.207737280e+08,4.223977541e+12,2.197303460e+12,5.745120461e+10,6.314953906e+04,1.803199775e+11
658000,1093.860596,1.212551066e+10,1.174000160e+08,4.164685245e+12,2.189534298e+12,5.740038554e+10,6.095486719e+04,1.780971930e+11
659000,1093.860718,1.182854656e+10,1.141209680e+08,4.106233872e+12,2.181796725e+12,5.734960333e+10,5.883714062e+04,1.759028019e+11
660000,1093.860718,1.153894605e+10,1.109352080e+08,4.048635237e+12,2.174086939e+12,5.729886618e+10,5.679364453e+04,1.737361326e+11
661000,1093.86084,1.125645619e+10,1.078387760e+08,3.991845543e+12,2.166403760e+12,5.724816998e+10,5.482142578e+04,1.715964314e+11
662000,1093.86084,1.098098790e+10,1.048293920e+08,3.935876304e+12,2.158756495e+12,5.719752704e+10,5.291830859e+04,1.694837637e+11
663000,1093.860962,1.071234150e+10,1.019053280e+08,3.880714980e+12,2.151135838e+12,5.714703155e+10,5.108193359e+04,1.673980641e+11
664000,1093.860962,1.045036749e+10,9.906322400e+07,3.826335840e+12,2.143542313e+12,5.709659341e+10,4.930976172e+04,1.653383496e+11
665000,1093.861084,1.019485798e+10,9.630129600e+07,3.772740520e+12,2.135979590e+12,5.704607744e+10,4.759951953e+04,1.633042924e+11
666000,1093.861084,9.945634816e+09,9.361726400e+07,3.719911919e+12,2.128443736e+12,5.699572122e+10,4.594868750e+04,1.612961710e+11
667000,1093.861206,9.702614016e+09,9.100872000e+07,3.667837777e+12,2.120938160e+12,5.694539776e+10,4.435594922e+04,1.593130353e+11
668000,1093.861206,9.465586688e+09,8.847340000e+07,3.616507812e+12,2.113463386e+12,5.689513574e+10,4.281883203e+04,1.573552128e+11
669000,1093.861206,9.234418688e+09,8.600951200e+07,3.565911075e+12,2.106014958e+12,5.684491469e+10,4.133545703e+04,1.554220319e+11
670000,1093.861328,9.008948224e+09,8.361503200e+07,3.516036516e+12,2.098592612e+12,5.679483699e+10,3.990369531e+04,1.535125750e+11
671000,1093.861328,8.789017600e+09,8.128752800e+07,3.466874195e+12,2.091200545e+12,5.674471014e+10,3.852182812e+04,1.516271862e+11
672000,1093.861328,8.574571008e+09,7.902587200e+07,3.418413343e+12,2.083834692e+12,5.669472256e+10,3.718837891e+04,1.497660948e+11
673000,1093.86145,8.365387264e+09,7.682742400e+07,3.370649565e+12,2.076498067e+12,5.664467354e+10,3.590148828e+04,1.479278428e+11
674000,1093.86145,8.161338368e+09,7.469086400e+07,3.323567841e+12,2.069191983e+12,5.659488666e+10,3.465927344e+04,1.461129871e+11
675000,1093.861572,7.962356224e+09,7.261439200e+07,3.277150928e+12,2.061910934e+12,5.654491955e+10,3.346048438e+04,1.443206595e+11
676000,1093.861572,7.768272384e+09,7.059620000e+07,3.231401952e+12,2.054659899e+12,5.649522688e+10,3.230346875e+04,1.425508925e+11
677000,1093.861572,7.578990592e+09,6.863463200e+07,3.186304945e+12,2.047434293e+12,5.644546867e+10,3.118687500e+04,1.408033423e+11
678000,1093.861694,7.394362368e+09,6.672793200e+07,3.141849905e+12,2.040233853e+12,5.639573914e+10,3.010899023e+04,1.390777303e+11
679000,1093.861694,7.214274560e+09,6.487508000e+07,3.098028464e+12,2.033066967e+12,5.634617754e+10,2.906886133e+04,1.373735731e+11
680000,1093.861694,7.038625280e+09,6.307391200e+07,3.054831224e+12,2.025921184e+12,5.629665280e+10,2.806482617e+04,1.356910510e+11
681000,1093.861816,6.867292672e+09,6.132321600e+07,3.012248185e+12,2.018807906e+12,5.624716493e+10,2.709577539e+04,1.340293775e+11
682000,1093.861816,6.700168192e+09,5.962145600e+07,2.970277232e+12,2.011719926e+12,5.619761971e+10,2.616033984e+04,1.323883151e+11
683000,1093.861816,6.537186304e+09,5.796770400e+07,2.928903499e+12,2.004656849e+12,5.614823014e+10,2.525762891e+04,1.307683553e+11
684000,1093.861816,6.378181120e+09,5.636002800e+07,2.888106707e+12,1.997618545e+12,5.609898803e+10,2.438616406e+04,1.291684577e+11
685000,1093.861938,6.223126016e+09,5.479767200e+07,2.847906349e+12,1.990612353e+12,5.604967629e+10,2.354507812e+04,1.275883766e+11
686000,1093.861938,6.071875584e+09,5.327893200e+07,2.808267244e+12,1.983630934e+12,5.600052429e+10,2.273317578e+04,1.260283494e+11
687000,1093.861938,5.924312576e+09,5.180258400e+07,2.769196222e+12,1.976673894e+12,5.595130675e+10,2.194952344e+04,1.244878684e+11
688000,1093.862061,5.780401152e+09,5.036771600e+07,2.730680425e+12,1.969745035e+12,5.590222438e+10,2.119312305e+04,1.229662044e+11
689000,1093.862061,5.640008192e+09,4.897278400e+07,2.692711500e+12,1.962840424e+12,5.585319936e+10,2.046287109e+04,1.214638490e+11
690000,1093.862061,5.503087104e+09,4.761684800e+07,2.655281826e+12,1.955963994e+12,5.580422349e+10,1.975815820e+04,1.199803105e+11
691000,1093.862061,5.369511936e+09,4.629907200e+07,2.618383783e+12,1.949115220e+12,5.575527629e+10,1.907778711e+04,1.185153434e+11
692000,1093.862183,5.239206912e+09,4.501801600e+07,2.582008777e+12,1.942290301e+12,5.570637824e+10,1.842105273e+04,1.170684723e+11
693000,1093.862183,5.112113664e+09,4.377274400e+07,2.546155179e+12,1.935493169e+12,5.565762355e+10,1.778713086e+04,1.156399350e+11
694000,1093.862183,4.988142080e+09,4.256233200e+07,2.510809639e+12,1.928719761e+12,5.560881562e+10,1.717515625e+04,1.142290514e+11
695000,1093.862183,4.867204608e+09,4.138554000e+07,2.475960885e+12,1.921969947e+12,5.556015514e+10,1.658442578e+04,1.128358134e+11
696000,1093.862183,4.749235200e+09,4.024159200e+07,2.441611034e+12,1.915251327e+12,5.551142502e+10,1.601413770e+04,1.114599997e+11
697000,1093.862305,4.634142720e+09,3.912963600e+07,2.407746978e+12,1.908552106e+12,5.546284646e+10,1.546363379e+04,1.101011517e+11
698000,1093.862305,4.521882624e+09,3.804899200e+07,2.374363437e+12,1.901880279e+12,5.541430886e+10,1.493222656e+04,1.087592940e+11
699000,1093.862305,4.412376064e+09,3.699812000e+07,2.341452341e+12,1.895235322e+12,5.536581632e+10,1.441918945e+04,1.074344100e+11
700000,1093.862305,4.305553408e+09,3.597675200e+07,2.309007607e+12,1.888613695e+12,5.531746714e+10,1.392394043e+04,1.061260657e+11
701000,1093.862427,4.201333248e+09,3.498370800e+07,2.277021423e+12,1.882014876e+12,5.526906061e+10,1.344580371e+04,1.048336384e+11
702000,1093.862427,4.099667456e+09,3.401840000e+07,2.245484318e+12,1.875446596e+12,5.522079744e+10,1.298423340e+04,1.035573658e+11
703000,1093.862427,4.000492544e+09,3.307998800e+07,2.214401815e+12,1.868901122e+12,5.517247283e+10,1.253865234e+04,1.022972150e+11
704000,1093.862427,3.903746048e+09,3.216776200e+07,2.183758559e+12,1.862378455e+12,5.512429978e+10,1.210845508e+04,1.010527846e+11
705000,1093.862427,3.809360896e+09,3.128099800e+07,2.153544759e+12,1.855882265e+12,5.507616768e+10,1.169319531e+04,9.982368154e+10
706000,1093.862427,3.717293824e+09,3.041890400e+07,2.123761950e+12,1.849408618e+12,5.502807245e+10,1.129222070e+04,9.860990566e+10
707000,1093.862549,3.627465216e+09,2.958073800e+07,2.094395864e+12,1.842960794e+12,5.498001818e+10,1.090516113e+04,9.741125222e+10
708000,1093.862549,3.539834368e+09,2.876589000e+07,2.065448729e+12,1.836535906e+12,5.493211546e+10,1.053141016e+04,9.622736077e+10
709000,1093.862549,3.454353664e+09,2.797370200e+07,2.036910191e+12,1.830136578e+12,5.488414720e+10,1.017058496e+04,9.505839514e+10
710000,1093.862549,3.370950144e+09,2.720363800e+07,2.008774988e+12,1.823763202e+12,5.483632640e+10,9.822234375e+03,9.390381466e+10
711000,1093.862549,3.289585408e+09,2.645482800e+07,1.981036753e+12,1.817408700e+12,5.478855066e+10,9.485887695e+03,9.276379955e+10
712000,1093.862549,3.210208768e+09,2.572701800e+07,1.953689910e+12,1.811082904e+12,5.474071347e+10,9.161164062e+03,9.163760435e+10
713000,1093.862671,3.132759296e+09,2.501918200e+07,1.926724960e+12,1.804779258e+12,5.469301146e+10,8.847655273e+03,9.052542566e+10
714000,1093.862671,3.057213440e+09,2.433114800e+07,1.900144229e+12,1.798497632e+12,5.464546099e+10,8.544909180e+03,8.942726349e+10
715000,1093.862671,2.983506944e+09,2.366226400e+07,1.873941932e+12,1.792241304e+12,5.459785318e+10,8.252649414e+03,8.834276557e+10
716000,1093.862671,2.911593728e+09,2.301198600e+07,1.848105390e+12,1.786006471e+12,5.455027814e+10,7.970476562e+03,8.727158784e+10
717000,1093.862671,2.841441024e+09,2.237966200e+07,1.822632881e+12,1.779800474e+12,5.450285875e+10,7.698009277e+03,8.621372211e+10
718000,1093.862671,2.772983808e+09,2.176488000e+07,1.797519181e+12,1.773612564e+12,5.445536973e+10,7.434886230e+03,8.516884070e+10
719000,1093.862793,2.706206720e+09,2.116718600e+07,1.772762567e+12,1.767449297e+12,5.440801997e+10,7.180919434e+03,8.413709926e+10
720000,1093.862793,2.641048064e+09,2.058610600e+07,1.748351375e+12,1.761310933e+12,5.436071936e+10,6.935602051e+03,8.311802266e+10
721000,1093.862793,2.577483008e+09,2.002112800e+07,1.724286934e+12,1.755194065e+12,5.431345971e+10,6.698793457e+03,8.211175014e+10
722000,1093.862793,2.515457024e+09,1.947173000e+07,1.700557822e+12,1.749098299e+12,5.426624512e+10,6.470119629e+03,8.111767552e+10
723000,1093.862793,2.454952192e+09,1.893759000e+07,1.677165908e+12,1.743030452e+12,5.421916979e+10,6.249299805e+03,8.013624115e+10
724000,1093.862793,2.395911424e+09,1.841827600e+07,1.654102884e+12,1.736980300e+12,5.417202893e+10,6.036085449e+03,7.916668518e+10
725000,1093.862793,2.338304000e+09,1.791334200e+07,1.631364329e+12,1.730957672e+12,5.412493722e+10,5.830211914e+03,7.820913869e+10
726000,1093.862793,2.282108160e+09,1.742235000e+07,1.608944999e+12,1.724952740e+12,5.407798477e+10,5.631403809e+03,7.726363443e+10
727000,1093.862915,2.227266560e+09,1.694494200e+07,1.586837668e+12,1.718971662e+12,5.403106918e+10,5.439415039e+03,7.632955802e+10
728000,1093.862915,2.173763840e+09,1.648083700e+07,1.565047203e+12,1.713014964e+12,5.398419866e+10,5.254052734e+03,7.540734362e+10
729000,1093.862915,2.121558784e+09,1.602950700e+07,1.543559579e+12,1.707078713e+12,5.393736499e+10,5.075046387e+03,7.449627034e+10
730000,1093.862915,2.070623232e+09,1.559062400e+07,1.522373861e+12,1.701166186e+12,5.389057638e+10,4.902175293e+03,7.359663309e+10
731000,1093.862915,2.020917888e+09,1.516393200e+07,1.501485383e+12,1.695274369e+12,5.384382874e+10,4.735247559e+03,7.270799770e+10
732000,1093.862915,1.972428416e+09,1.474900300e+07,1.480890143e+12,1.689406145e+12,5.379722445e+10,4.574039062e+03,7.183037235e+10
733000,1093.862915,1.925121024e+09,1.434556200e+07,1.460586457e+12,1.683558236e+12,5.375066112e+10,4.418385742e+03,7.096373248e+10
734000,1093.862915,1.878944512e+09,1.395326500e+07,1.440564952e+12,1.677733528e+12,5.370403226e+10,4.268062012e+03,7.010756198e+10
735000,1093.862915,1.833903488e+09,1.357179900e+07,1.420826856e+12,1.671929135e+12,5.365755085e+10,4.122868164e+03,6.926196736e+10
736000,1093.862915,1.789945856e+09,1.320083700e+07,1.401362503e+12,1.666148073e+12,5.361109811e+10,3.982674561e+03,6.842685030e+10
737000,1093.863037,1.747051392e+09,1.284011200e+07,1.382170977e+12,1.660386804e+12,5.356469862e+10,3.847276855e+03,6.760204288e+10
738000,1093.863037,1.705201408e+09,1.248943500e+07,1.363251096e+12,1.654648734e+12,5.351833190e+10,3.716539551e+03,6.678744678e+10
739000,1093.863037,1.664363520e+09,1.214831300e+07,1.344593555e+12,1.648930456e+12,5.347201434e+10,3.590258789e+03,6.598291456e+10
740000,1093.863037,1.624515840e+09,1.181666600e+07,1.326199550e+12,1.643235115e+12,5.342582784e+10,3.468308105e+03,6.518831923e+10
741000,1093.863037,1.585631488e+09,1.149413800e+07,1.308063282e+12,1.637562712e+12,5.337958400e+10,3.350538330e+03,6.440329626e+10
742000,1093.863037,1.547692544e+09,1.118054200e+07,1.290180718e+12,1.631909708e+12,5.333347942e+10,3.236791992e+03,6.362821427e+10
743000,1093.863037,1.510669952e+09,1.087556300e+07,1.272548305e+12,1.626276102e+12,5.328741990e+10,3.126931152e+03,6.286246298e+10
744000,1093.863037,1.474541568e+09,1.057894300e+07,1.255160028e+12,1.620665434e+12,5.324139725e+10,3.020845215e+03,6.210627994e+10
745000,1093.863037,1.439288064e+09,1.029055200e+07,1.238019526e+12,1.615073772e+12,5.319541965e+10,2.918380859e+03,6.135942349e+10
746000,1093.863037,1.404885376e+09,1.001009800e+07,1.221116461e+12,1.609504522e+12,5.314947482e+10,2.819413330e+03,6.062166016e+10
747000,1093.863037,1.371315584e+09,9.737307000e+06,1.204447176e+12,1.603954541e+12,5.310366925e+10,2.723822754e+03,5.989300224e+10
748000,1093.863037,1.338555648e+09,9.472057000e+06,1.188010741e+12,1.598426972e+12,5.305780634e+10,2.631513428e+03,5.917322035e+10
749000,1093.863159,1.306590464e+09,9.214122000e+06,1.171808218e+12,1.592921031e+12,5.301207859e+10,2.542361084e+03,5.846241690e+10
750000,1093.863159,1.275396224e+09,8.963243000e+06,1.155832121e+12,1.587434226e+12,5.296639590e+10,2.456238770e+03,5.776025600e+10
751000,1093.863159,1.244951424e+09,8.719312000e+06,1.140076698e+12,1.581966426e+12,5.292065178e+10,2.373061035e+03,5.706675814e+10
752000,1093.863159,1.215242624e+09,8.482021000e+06,1.124541147e+12,1.576520385e+12,5.287514931e+10,2.292717529e+03,5.638179226e+10
753000,1093.863159,1.186256384e+09,8.251297000e+06,1.109222338e+12,1.571096101e+12,5.282947891e+10,2.215128174e+03,5.570526413e+10
754000,1093.863159,1.157961472e+09,8.026925000e+06,1.094117094e+12,1.565687677e+12,5.278405427e+10,2.140180420e+03,5.503696077e+10
755000,1093.863159,1.130356608e+09,7.808685000e+06,1.079222578e+12,1.560303501e+12,5.273857229e+10,2.067784424e+03,5.437698458e+10
756000,1093.863159,1.103414016e+09,7.596436000e+06,1.064537512e+12,1.554938069e+12,5.269322138e+10,1.997852783e+03,5.372502426e+10
757000,1093.863159,1.077119744e+09,7.390027000e+06,1.050057064e+12,1.549594132e+12,5.264781312e+10,1.930315430e+03,5.308098150e+10
758000,1093.863159,1.051462080e+09,7.189294500e+06,1.035776550e+12,1.544268284e+12,5.260254413e+10,1.865082764e+03,5.244496282e+10
759000,1093.863159,1.026421568e+09,6.994041500e+06,1.021694719e+12,1.538960785e+12,5.255731610e+10,1.802061279e+03,5.181666509e+10
760000,1093.863159,1.001983104e+09,6.804143500e+06,1.007809021e+12,1.533674652e+12,5.251212493e+10,1.741182739e+03,5.119618253e+10
761000,1093.863159,9.781320960e+08,6.619476500e+06,9.941166013e+11,1.528409489e+12,5.246697472e+10,1.682386353e+03,5.058313011e+10
762000,1093.863159,9.548560000e+08,6.439859000e+06,9.806184289e+11,1.523162415e+12,5.242186138e+10,1.625581665e+03,4.997761434e+10
763000,1093.863159,9.321427840e+08,6.265150500e+06,9.673043236e+11,1.517933298e+12,5.237688730e+10,1.570718994e+03,4.937971712e+10
764000,1093.863159,9.099733760e+08,6.095240500e+06,9.541753405e+11,1.512727904e+12,5.233184358e+10,1.517719360e+03,4.878897562e+10
765000,1093.863281,8.883393920e+08,5.930005500e+06,9.412322811e+11,1.507537453e+12,5.228694323e+10,1.466524780e+03,4.820548403e+10
766000,1093.863281,8.672216320e+08,5.769261000e+06,9.284658028e+11,1.502367711e+12,5.224208384e+10,1.417067993e+03,4.762906214e+10
767000,1093.863281,8.466140160e+08,5.612917500e+06,9.158766121e+11,1.497218548e+12,5.219716710e+10,1.369289429e+03,4.705970995e+10
768000,1093.863281,8.265039360e+08,5.460883000e+06,9.034624650e+11,1.492087079e+12,5.215248384e+10,1.323136963e+03,4.649743565e+10
769000,1093.863281,8.068730880e+08,5.312987000e+06,8.912238500e+11,1.486973174e+12,5.210773914e+10,1.278559692e+03,4.594205082e+10
770000,1093.863281,7.877174400e+08,5.169145500e+06,8.791519560e+11,1.481882468e+12,5.206303130e+10,1.235489014e+03,4.539330150e+10
771000,1093.863281,7.690195840e+08,5.029237500e+06,8.672508605e+11,1.476806443e+12,5.201836442e+10,1.193887329e+03,4.485135974e+10
772000,1093.863281,7.507698560e+08,4.893143500e+06,8.555115704e+11,1.471753224e+12,5.197383680e+10,1.153686523e+03,4.431597978e+10
773000,1093.863281,7.329601280e+08,4.760778000e+06,8.439351629e+11,1.466714685e+12,5.192935014e+10,1.114856323e+03,4.378723533e+10
774000,1093.863281,7.155756800e+08,4.632019500e+06,8.325224617e+11,1.461696070e+12,5.188479386e+10,1.077341309e+03,4.326488474e+10
775000,1093.863281,6.986115200e+08,4.506777500e+06,8.212648576e+11,1.456694755e+12,5.184038093e+10,1.041100586e+03,4.274892800e+10
776000,1093.863281,6.820521600e+08,4.384972500e+06,8.101647846e+11,1.451715985e+12,5.179600077e+10,1.006086670e+03,4.223920538e+10
777000,1093.863281,6.658890880e+08,4.266475500e+06,7.992185354e+11,1.446754255e+12,5.175166566e+10,9.722652588e+02,4.173571686e+10
778000,1093.863281,6.501139840e+08,4.151221000e+06,7.884238305e+11,1.441806680e+12,5.170745754e+10,9.395805664e+02,4.123838874e+10
779000,1093.863281,6.347162240e+08,4.039094750e+06,7.777786230e+11,1.436881650e+12,5.166320026e+10,9.080086670e+02,4.074714317e+10
780000,1093.863281,6.196879360e+08,3.930057000e+06,7.672793743e+11,1.431976018e+12,5.161907405e+10,8.775076904e+02,4.026182861e+10
781000,1093.863281,6.050200960e+08,3.823969750e+06,7.569282335e+11,1.427084411e+12,5.157487821e+10,8.480377197e+02,3.978251469e+10
782000,1093.863281,5.907027840e+08,3.720782500e+06,7.467188705e+11,1.422215217e+12,5.153083392e+10,8.195668335e+02,3.930898842e+10
783000,1093.863281,5.767286400e+08,3.620392750e+06,7.366493850e+11,1.417359524e+12,5.148681830e+10,7.920578003e+02,3.884117197e+10
784000,1093.863281,5.630883200e+08,3.522765750e+06,7.267204040e+11,1.412523360e+12,5.144284365e+10,7.654779663e+02,3.837913498e+10
785000,1093.863281,5.497749120e+08,3.427778250e+06,7.169301069e+11,1.407706333e+12,5.139890586e+10,7.397986450e+02,3.792274637e+10
786000,1093.863281,5.367782400e+08,3.335383000e+06,7.072723978e+11,1.402905821e+12,5.135500083e+10,7.149861450e+02,3.747178906e+10
787000,1093.863281,5.240938240e+08,3.245509750e+06,6.977493878e+11,1.398124184e+12,5.131123507e+10,6.910137329e+02,3.702646784e+10
788000,1093.863281,5.117140480e+08,3.158070000e+06,6.883579832e+11,1.393358930e+12,5.126740787e+10,6.678527832e+02,3.658644275e+10
789000,1093.863281,4.996275840e+08,3.073027250e+06,6.790975278e+11,1.388612551e+12,5.122372403e+10,6.454730835e+02,3.615178342e+10
790000,1093.863403,4.878303040e+08,2.990274000e+06,6.699621888e+11,1.383882293e+12,5.118005658e+10,6.238479614e+02,3.572242022e+10
791000,1093.863403,4.763144000e+08,2.909788500e+06,6.609543393e+11,1.379170648e+12,5.113644237e+10,6.029566040e+02,3.529836954e+10
792000,1093.863403,4.650729600e+08,2.831480000e+06,6.520707405e+11,1.374475256e+12,5.109286502e+10,5.827670898e+02,3.487934464e+10
793000,1093.863403,4.541011200e+08,2.755300250e+06,6.433095844e+11,1.369795854e+12,5.104932045e+10,5.632578735e+02,3.446542746e+10
794000,1093.863403,4.433915840e+08,2.681195500e+06,6.346692972e+11,1.365137555e+12,5.100581274e+10,5.444101562e+02,3.405654835e+10
795000,1093.863403,4.329370560e+08,2.609108750e+06,6.261480832e+11,1.360492495e+12,5.096244429e+10,5.261970215e+02,3.365271757e+10
796000,1093.863403,4.227323200e+08,2.538969750e+06,6.177442647e+11,1.355865784e+12,5.091901440e+10,5.085991516e+02,3.325367296e+10
797000,1093.863403,4.127720000e+08,2.470749250e+06,6.094573691e+11,1.351257555e+12,5.087571968e+10,4.915953674e+02,3.285961114e+10
798000,1093.863403,4.030455680e+08,2.404361750e+06,6.012823639e+11,1.346664792e+12,5.083245773e+10,4.751618652e+02,3.247009792e+10
799000,1093.863403,3.935528640e+08,2.339789250e+06,5.932221056e+11,1.342090117e+12,5.078923264e+10,4.592830505e+02,3.208550605e+10
800000,1093.863403,3.842859520e+08,2.276964250e+06,5.852706043e+11,1.337531171e+12,5.074604442e+10,4.439398499e+02,3.170552832e+10
801000,1093.863403,3.752400960e+08,2.215838500e+06,5.774295240e+11,1.332990312e+12,5.070288896e+10,4.291108704e+02,3.133010944e+10
802000,1093.863403,3.664092480e+08,2.156378750e+06,5.696963354e+11,1.328464790e+12,5.065978266e+10,4.147835999e+02,3.095931699e+10
803000,1093.863403,3.577882880e+08,2.098530250e+06,5.620695173e+11,1.323957092e+12,5.061680333e+10,4.009377441e+02,3.059291341e+10
804000,1093.863403,3.493735040e+08,2.042241375e+06,5.545475425e+11,1.319464731e+12,5.057375846e+10,3.875570068e+02,3.023095603e+10
805000,1093.863403,3.411592000e+08,1.987489125e+06,5.471299850e+11,1.314990195e+12,5.053085286e+10,3.746271667e+02,2.987351450e+10
806000,1093.863403,3.331399680e+08,1.934204500e+06,5.398123090e+11,1.310530732e+12,5.048798413e+10,3.621327820e+02,2.952029594e+10
807000,1093.863403,3.253104640e+08,1.882373625e+06,5.325971369e+11,1.306086343e+12,5.044515226e+10,3.500578308e+02,2.917131059e+10
808000,1093.863403,3.176673920e+08,1.831942125e+06,5.254790083e+11,1.301662138e+12,5.040234906e+10,3.383880310e+02,2.882656051e+10
809000,1093.863403,3.102068480e+08,1.782875500e+06,5.184605972e+11,1.297252876e+12,5.035958682e+10,3.271122742e+02,2.848604774e+10
810000,1093.863403,3.029215360e+08,1.735134625e+06,5.115365627e+11,1.292858556e+12,5.031686144e+10,3.162134705e+02,2.814961050e+10
811000,1093.863403,2.958112640e+08,1.688683250e+06,5.047085020e+11,1.288479048e+12,5.027417293e+10,3.056801453e+02,2.781725491e+10
812000,1093.863403,2.888689600e+08,1.643488125e+06,4.979740841e+11,1.284116840e+12,5.023161549e+10,2.955021667e+02,2.748887245e+10
813000,1093.863403,2.820912000e+08,1.599517875e+06,4.913320018e+11,1.279771804e+12,5.018909491e+10,2.856652527e+02,2.716452454e+10
814000,1093.863403,2.754745920e+08,1.556738750e+06,4.847809203e+11,1.275441709e+12,5.014660710e+10,2.761579285e+02,2.684405555e+10
815000,1093.863403,2.690157760e+08,1.515109500e+06,4.783187866e+11,1.271128523e+12,5.010415616e+10,2.669700623e+02,2.652746752e+10
816000,1093.863403,2.627088480e+08,1.474604750e+06,4.719469194e+11,1.266829885e+12,5.006174618e+10,2.580908508e+02,2.621466214e+10
817000,1093.863403,2.565517440e+08,1.435196625e+06,4.656605722e+11,1.262545797e+12,5.001936896e+10,2.495079041e+02,2.590569472e+10
818000,1093.863403,2.505418240e+08,1.396855000e+06,4.594611604e+11,1.258281107e+12,4.997702861e+10,2.412131348e+02,2.560041574e+10
819000,1093.863403,2.446726720e+08,1.359542875e+06,4.533466004e+11,1.254028345e+12,4.993472102e+10,2.331967773e+02,2.529883341e+10
820000,1093.863403,2.389433120e+08,1.323237375e+06,4.473156664e+11,1.249792229e+12,4.989254451e+10,2.254485626e+02,2.500084941e+10
821000,1093.863403,2.333489760e+08,1.287908750e+06,4.413664701e+11,1.245573022e+12,4.985040486e+10,2.179586334e+02,2.470647194e+10
822000,1093.863403,2.278886880e+08,1.253540125e+06,4.354994371e+11,1.241367970e+12,4.980820787e+10,2.107215576e+02,2.441564979e+10
823000,1093.863403,2.225561600e+08,1.220093375e+06,4.297117701e+11,1.237179433e+12,4.976614195e+10,2.037270966e+02,2.412834611e+10
824000,1093.863403,2.173509120e+08,1.187548125e+06,4.240047913e+11,1.233004921e+12,4.972410880e+10,1.969648132e+02,2.384446874e+10
825000,1093.863403,2.122677920e+08,1.155881875e+06,4.183742735e+11,1.228847055e+12,4.968210842e+10,1.904298859e+02,2.356401971e+10
826000,1093.863403,2.073055360e+08,1.125066625e+06,4.128214175e+11,1.224700592e+12,4.964024730e+10,1.841131897e+02,2.328696013e+10
827000,1093.863403,2.024608160e+08,1.095081125e+06,4.073443988e+11,1.220573135e+12,4.959831654e+10,1.780073700e+02,2.301324288e+10
828000,1093.863403,1.977300800e+08,1.065905000e+06,4.019413499e+11,1.216459309e+12,4.955652096e+10,1.721060181e+02,2.274278810e+10
829000,1093.863403,1.931117440e+08,1.037514062e+06,3.966120294e+11,1.212361867e+12,4.951466394e+10,1.664022064e+02,2.247559782e+10
830000,1093.863403,1.886019680e+08,1.009883375e+06,3.913569736e+11,1.208278188e+12,4.947293798e+10,1.608880463e+02,2.221163110e+10
831000,1093.863403,1.841992800e+08,9.829996250e+05,3.861720530e+11,1.204210369e+12,4.943125299e+10,1.555589905e+02,2.195084698e+10
832000,1093.863403,1.799000480e+08,9.568333750e+05,3.810578898e+11,1.200154083e+12,4.938959667e+10,1.504070129e+02,2.169312666e+10
833000,1093.863403,1.757025120e+08,9.313760000e+05,3.760134354e+11,1.196116017e+12,4.934797722e+10,1.454278717e+02,2.143859507e+10
834000,1093.863403,1.716038880e+08,9.066013125e+05,3.710390712e+11,1.192091582e+12,4.930639053e+10,1.406146698e+02,2.118704742e+10
835000,1093.863403,1.676015040e+08,8.824923125e+05,3.661311268e+11,1.188083007e+12,4.926493082e+10,1.359612579e+02,2.093853696e+10
836000,1093.863403,1.636949760e+08,8.590325625e+05,3.612900183e+11,1.184087802e+12,4.922342195e+10,1.314643555e+02,2.069309440e+10
837000,1093.863403,1.598798240e+08,8.361996875e+05,3.565155046e+11,1.180106097e+12,4.918203187e+10,1.271161880e+02,2.045049037e+10
838000,1093.863403,1.561544640e+08,8.139814375e+05,3.518046577e+11,1.176139858e+12,4.914068275e+10,1.229137268e+02,2.021080883e+10
839000,1093.863403,1.525164800e+08,7.923565625e+05,3.471585044e+11,1.172189348e+12,4.909927219e+10,1.188510971e+02,1.997404979e+10
840000,1093.863403,1.489652640e+08,7.713150625e+05,3.425762586e+11,1.168252207e+12,4.905808282e+10,1.149236221e+02,1.974010266e+10
841000,1093.863403,1.454964320e+08,7.508380000e+05,3.380563026e+11,1.164328042e+12,4.901673779e+10,1.111272049e+02,1.950897152e+10
842000,1093.863403,1.421105760e+08,7.309088125e+05,3.335965614e+11,1.160419344e+12,4.897561805e+10,1.074574280e+02,1.928058061e+10
843000,1093.863525,1.388034880e+08,7.115125625e+05,3.291986294e+11,1.156523753e+12,4.893444096e+10,1.039092255e+02,1.905493402e+10
844000,1093.863525,1.355744000e+08,6.926377500e+05,3.248592072e+11,1.152643498e+12,4.889329254e+10,1.004793396e+02,1.883200512e+10
845000,1093.863525,1.324216880e+08,6.742686875e+05,3.205794089e+11,1.148778316e+12,4.885227930e+10,9.716378784e+01,1.861171814e+10
846000,1093.863525,1.293430480e+08,6.563931875e+05,3.163576622e+11,1.144926372e+12,4.881129882e+10,9.395835114e+01,1.839411200e+10
847000,1093.863525,1.263366880e+08,6.389939375e+05,3.121932780e+11,1.141087142e+12,4.877035110e+10,9.085970306e+01,1.817908838e+10
848000,1093.863525,1.234009280e+08,6.220641875e+05,3.080859612e+11,1.137262985e+12,4.872943616e+10,8.786392212e+01,1.796664320e+10
849000,1093.863525,1.205345280e+08,6.055830000e+05,3.040332426e+11,1.133453771e+12,4.868855808e+10,8.496755219e+01,1.775671501e+10
850000,1093.863525,1.177351680e+08,5.895463125e+05,3.000365865e+11,1.129655304e+12,4.864772096e+10,8.216792297e+01,1.754934272e+10
851000,1093.863525,1.150019120e+08,5.739365625e+05,2.960929884e+11,1.125873746e+12,4.860700262e+10,7.946083832e+01,1.734442189e+10
852000,1093.863525,1.123318880e+08,5.587454375e+05,2.922034094e+11,1.122104902e+12,4.856622285e+10,7.684352875e+01,1.714189517e+10
853000,1093.863525,1.097255440e+08,5.439604375e+05,2.883665388e+11,1.118348640e+12,4.852557414e+10,7.431328583e+01,1.694186496e+10
854000,1093.863525,1.071804880e+08,5.295698125e+05,2.845810755e+11,1.114607059e+12,4.848486810e+10,7.186717224e+01,1.674422989e+10
855000,1093.863525,1.046944480e+08,5.155637812e+05,2.808474460e+11,1.110880158e+12,4.844428493e+10,6.950236511e+01,1.654890086e+10
856000,1093.863525,1.022670720e+08,5.019310625e+05,2.771638098e+11,1.107163611e+12,4.840373862e+10,6.721563721e+01,1.635591168e+10
857000,1093.863525,9.989672000e+07,4.886644062e+05,2.735305759e+11,1.103463711e+12,4.836322918e+10,6.500489044e+01,1.616523878e+10
858000,1093.863525,9.758186400e+07,4.757511250e+05,2.699464888e+11,1.099776131e+12,4.832274842e+10,6.286733246e+01,1.597684531e+10
859000,1093.863525,9.532084000e+07,4.631825938e+05,2.664103337e+11,1.096100938e+12,4.828239872e+10,6.080076218e+01,1.579071078e+10
860000,1093.863525,9.311363200e+07,4.509487188e+05,2.629220035e+11,1.092438065e+12,4.824198758e+10,5.880257034e+01,1.560680346e+10
861000,1093.863525,9.095751200e+07,4.390413438e+05,2.594808576e+11,1.088791380e+12,4.820169933e+10,5.687048340e+01,1.542503629e+10
862000,1093.863525,8.885201600e+07,4.274540625e+05,2.560867052e+11,1.085157147e+12,4.816135373e+10,5.500292587e+01,1.524547379e+10
863000,1093.863525,8.679574400e+07,4.161725938e+05,2.527378903e+11,1.081532678e+12,4.812113920e+10,5.319649506e+01,1.506803200e+10
864000,1093.863525,8.478770400e+07,4.051927500e+05,2.494343055e+11,1.077924659e+12,4.808095334e+10,5.145017624e+01,1.489271194e+10
865000,1093.863525,8.282692800e+07,3.945055625e+05,2.461753472e+11,1.074328568e+12,4.804080435e+10,4.976175690e+01,1.471948698e+10
866000,1093.863525,8.091179200e+07,3.841039375e+05,2.429608095e+11,1.070748533e+12,4.800068403e+10,4.812911224e+01,1.454833254e+10
867000,1093.863525,7.904124000e+07,3.739780000e+05,2.397887314e+11,1.067176428e+12,4.796069069e+10,4.655038452e+01,1.437919539e+10
868000,1093.863525,7.721467200e+07,3.641217812e+05,2.366598866e+11,1.063620379e+12,4.792064000e+10,4.502379227e+01,1.421205197e+10
869000,1093.863525,7.543102400e+07,3.545293750e+05,2.335732557e+11,1.060075995e+12,4.788071629e+10,4.354792786e+01,1.404695859e+10
870000,1093.863525,7.368887200e+07,3.451903125e+05,2.305282033e+11,1.056545571e+12,4.784073114e+10,4.212075806e+01,1.388378419e+10
871000,1093.863525,7.198722400e+07,3.361024062e+05,2.275242276e+11,1.053026877e+12,4.780087296e+10,4.074067307e+01,1.372255642e+10
872000,1093.863525,7.032554400e+07,3.272531562e+05,2.245602627e+11,1.049521816e+12,4.776104755e+10,3.940610504e+01,1.356325274e+10
873000,1093.863525,6.870248000e+07,3.186417500e+05,2.216366531e+11,1.046028485e+12,4.772125491e+10,3.811554718e+01,1.340579840e+10
874000,1093.863525,6.711739200e+07,3.102575312e+05,2.187523983e+11,1.042546754e+12,4.768149504e+10,3.686767960e+01,1.325027328e+10
875000,1093.863525,6.556924800e+07,3.020968125e+05,2.159065062e+11,1.039078654e+12,4.764176384e+10,3.566120911e+01,1.309655142e+10
876000,1093.863525,6.405742000e+07,2.941524062e+05,2.130989793e+11,1.035624120e+12,4.760216371e+10,3.449434662e+01,1.294468915e+10
877000,1093.863525,6.258069600e+07,2.864201875e+05,2.103295949e+11,1.032180924e+12,4.756250624e+10,3.336592484e+01,1.279463526e+10
878000,1093.863525,6.113824000e+07,2.788923125e+05,2.075966587e+11,1.028749197e+12,4.752296755e+10,3.227466202e+01,1.264629760e+10
879000,1093.863525,5.972984000e+07,2.715643750e+05,2.049012147e+11,1.025330905e+12,4.748346163e+10,3.121968079e+01,1.249977344e+10
880000,1093.863525,5.835388400e+07,2.644320000e+05,2.022416353e+11,1.021925917e+12,4.744399667e+10,3.019919014e+01,1.235499520e+10
881000,1093.863525,5.701005200e+07,2.574869219e+05,1.996177889e+11,1.018530234e+12,4.740455629e+10,2.921239090e+01,1.221189427e+10
882000,1093.863525,5.569770000e+07,2.507280781e+05,1.970291768e+11,1.015149887e+12,4.736514867e+10,2.825815964e+01,1.207049523e+10
883000,1093.863525,5.441586800e+07,2.441476094e+05,1.944753044e+11,1.011780485e+12,4.732577792e+10,2.733530426e+01,1.193082470e+10
884000,1093.863525,5.316394800e+07,2.377407344e+05,1.919557320e+11,1.008422420e+12,4.728643584e+10,2.644279099e+01,1.179277107e+10
885000,1093.863525,5.194082400e+07,2.315046406e+05,1.894695880e+11,1.005077398e+12,4.724721664e+10,2.557961464e+01,1.165631590e+10
886000,1093.863525,5.074652400e+07,2.254329844e+05,1.870171540e+11,1.001743385e+12,4.720794419e+10,2.474489784e+01,1.152152678e+10
887000,1093.863525,4.957986800e+07,2.195239219e+05,1.845976264e+11,9.984245105e+11,4.716879462e+10,2.393769264e+01,1.138834022e+10
888000,1093.863525,4.844049600e+07,2.137705625e+05,1.822104945e+11,9.951144182e+11,4.712967373e+10,2.315708542e+01,1.125669171e+10
889000,1093.863525,4.732748800e+07,2.081687656e+05,1.798553580e+11,9.918173676e+11,4.709058560e+10,2.240201759e+01,1.112662938e+10
890000,1093.863525,4.624032000e+07,2.027153281e+05,1.775314463e+11,9.885311959e+11,4.705153434e+10,2.167181969e+01,1.099809178e+10
891000,1093.863525,4.517846800e+07,1.974070000e+05,1.752386708e+11,9.852578038e+11,4.701251174e+10,2.096558189e+01,1.087107994e+10
892000,1093.863525,4.414117200e+07,1.922384219e+05,1.729765796e+11,9.819952251e+11,4.697352192e+10,2.028251266e+01,1.074555392e+10
893000,1093.863525,4.312793600e+07,1.872065938e+05,1.707450644e+11,9.787452948e+11,4.693465088e+10,1.962192345e+01,1.062151987e+10
894000,1093.863525,4.213844400e+07,1.823078594e+05,1.685427840e+11,9.755062436e+11,4.689572659e+10,1.898299599e+01,1.049895629e+10
895000,1093.863525,4.117188800e+07,1.775393750e+05,1.663706132e+11,9.722796442e+11,4.685692109e+10,1.836515045e+01,1.037784781e+10
896000,1093.863525,4.022765600e+07,1.728962500e+05,1.642271432e+11,9.690637271e+11,4.681815245e+10,1.776748466e+01,1.025815450e+10
897000,1093.863525,3.930522400e+07,1.683745469e+05,1.621120389e+11,9.658583613e+11,4.677940838e+10,1.718939781e+01,1.013986202e+10
898000,1093.863525,3.840432000e+07,1.639742344e+05,1.600254776e+11,9.626674135e+11,4.674070528e+10,1.663024902e+01,1.002299085e+10
899000,1093.863525,3.752441600e+07,1.596889219e+05,1.579668229e+11,9.594851820e+11,4.670202675e+10,1.608953094e+01,9.907504128e+09
900000,1093.863525,3.666481200e+07,1.555173750e+05,1.559353446e+11,9.563152056e+11,4.666338509e+10,1.556645584e+01,9.793348608e+09
901000,1093.863525,3.582503600e+07,1.514553906e+05,1.539312712e+11,9.531576156e+11,4.662486221e+10,1.506061554e+01,9.680563200e+09
902000,1093.863525,3.500476400e+07,1.475017344e+05,1.519539471e+11,9.500104458e+11,4.658628198e+10,1.457132149e+01,9.569113088e+09
903000,1093.863525,3.420366400e+07,1.436513125e+05,1.500027172e+11,9.468735652e+11,4.654782464e+10,1.409803486e+01,9.458964480e+09
904000,1093.863525,3.342083400e+07,1.399024375e+05,1.480775153e+11,9.437507092e+11,4.650930995e+10,1.364022255e+01,9.350084608e+09
905000,1093.863525,3.265635600e+07,1.362524844e+05,1.461782687e+11,9.406363730e+11,4.647091405e+10,1.319742966e+01,9.242527744e+09
906000,1093.863525,3.190942800e+07,1.326987344e+05,1.443037809e+11,9.375340954e+11,4.643255091e+10,1.276910686e+01,9.136225280e+09
907000,1093.863525,3.117976000e+07,1.292386562e+05,1.424545162e+11,9.344438108e+11,4.639430246e+10,1.235478020e+01,9.031162880e+09
908000,1093.863525,3.046712600e+07,1.258702578e+05,1.406301742e+11,9.313619149e+11,4.635591885e+10,1.195403290e+01,8.927358976e+09
909000,1093.863525,2.977100600e+07,1.225901016e+05,1.388298685e+11,9.282937815e+11,4.631773594e+10,1.156641865e+01,8.824767488e+09
910000,1093.863525,2.909079200e+07,1.193958906e+05,1.370535004e+11,9.252357407e+11,4.627958989e+10,1.119141483e+01,8.723386368e+09
911000,1093.863525,2.842633800e+07,1.162857891e+05,1.353005220e+11,9.221877924e+11,4.624138240e+10,1.082865238e+01,8.623186944e+09
912000,1093.863525,2.777732600e+07,1.132580000e+05,1.335711201e+11,9.191515750e+11,4.620329779e+10,1.047780895e+01,8.524169728e+09
913000,1093.863525,2.714318000e+07,1.103094766e+05,1.318644767e+11,9.161253847e+11,4.616524186e+10,1.013836956e+01,8.426306560e+09
914000,1093.863525,2.652381800e+07,1.074389297e+05,1.301807544e+11,9.131108598e+11,4.612712858e+10,9.810078621e+00,8.329631232e+09
915000,1093.863525,2.591868800e+07,1.046434844e+05,1.285189376e+11,9.101062963e+11,4.608913818e+10,9.492416382e+00,8.234048000e+09
916000,1093.863525,2.532750600e+07,1.019215625e+05,1.268796641e+11,9.071133983e+11,4.605126656e+10,9.185252190e+00,8.139609088e+09
917000,1093.863525,2.475000000e+07,9.927119531e+04,1.252619187e+11,9.041301996e+11,4.601333760e+10,8.888025284e+00,8.046268416e+09
918000,1093.863525,2.418575200e+07,9.669084375e+04,1.236656527e+11,9.011586662e+11,4.597552742e+10,8.600516319e+00,7.954027520e+09
919000,1093.863525,2.363450400e+07,9.417756250e+04,1.220903572e+11,8.981968978e+11,4.593765990e+10,8.322340012e+00,7.862860288e+09
920000,1093.863525,2.309613000e+07,9.173067188e+04,1.205364004e+11,8.952448287e+11,4.589991117e+10,8.053281784e+00,7.772782080e+09
921000,1093.863525,2.257010400e+07,8.934803125e+04,1.190028319e+11,8.923058012e+11,4.586210509e+10,7.792984009e+00,7.683750400e+09
922000,1093.863525,2.205605800e+07,8.702760938e+04,1.174893814e+11,8.893747692e+11,4.582441779e+10,7.541126251e+00,7.595767296e+09
923000,1093.863525,2.155400800e+07,8.476841406e+04,1.159962040e+11,8.864550748e+11,4.578684928e+10,7.297549248e+00,7.508820480e+09
924000,1093.863525,2.106346600e+07,8.256819531e+04,1.145223828e+11,8.835466527e+11,4.574922342e+10,7.061811447e+00,7.422868992e+09
925000,1093.863525,2.058416600e+07,8.042568750e+04,1.130685066e+11,8.806477988e+11,4.571163034e+10,6.833819389e+00,7.337944064e+09
926000,1093.863525,2.011596600e+07,7.833967969e+04,1.116336824e+11,8.777584476e+11,4.567407002e+10,6.613238811e+00,7.254017024e+09
927000,1093.863525,1.965852800e+07,7.630805469e+04,1.102178284e+11,8.748801065e+11,4.563653837e+10,6.399802685e+00,7.171050496e+09
928000,1093.863525,1.921163800e+07,7.432942188e+04,1.088207391e+11,8.720113992e+11,4.559912141e+10,6.193325520e+00,7.089060352e+09
929000,1093.863525,1.877497800e+07,7.240290625e+04,1.074420951e+11,8.691553403e+11,4.556174131e+10,5.993601322e+00,7.008047616e+09
930000,1093.863525,1.834831400e+07,7.052685938e+04,1.060817078e+11,8.663069491e+11,4.552438989e+10,5.800340652e+00,6.927960576e+09
931000,1093.863525,1.793162000e+07,6.869994531e+04,1.047391096e+11,8.634695680e+11,4.548706714e+10,5.613354206e+00,6.848840192e+09
932000,1093.863525,1.752435400e+07,6.692062500e+04,1.034144238e+11,8.606414930e+11,4.544977306e+10,5.432457447e+00,6.770624512e+09
933000,1093.863525,1.712650200e+07,6.518812500e+04,1.021070682e+11,8.578242970e+11,4.541251584e+10,5.257430077e+00,6.693314048e+09
934000,1093.863525,1.673784200e+07,6.350072656e+04,1.008171410e+11,8.550162760e+11,4.537528320e+10,5.088100910e+00,6.616937472e+09
935000,1093.863525,1.635800100e+07,6.185770703e+04,9.954406861e+10,8.522191995e+11,4.533817344e+10,4.924262524e+00,6.541420032e+09
936000,1093.863525,1.598690400e+07,6.025720703e+04,9.828780134e+10,8.494327398e+11,4.530100224e+10,4.765736580e+00,6.466801152e+09
937000,1093.863525,1.562437400e+07,5.869878125e+04,9.704809344e+10,8.466538824e+11,4.526394982e+10,4.612331390e+00,6.393057792e+09
938000,1093.863525,1.527012300e+07,5.718109766e+04,9.582474803e+10,8.438857073e+11,4.522692608e+10,4.463949203e+00,6.320167424e+09
939000,1093.863525,1.492401800e+07,5.570330078e+04,9.461751142e+10,8.411281490e+11,4.518993510e+10,4.320357323e+00,6.248132096e+09
940000,1093.863525,1.458578500e+07,5.426348047e+04,9.342603034e+10,8.383780618e+11,4.515297280e+10,4.181416035e+00,6.176916992e+09
941000,1093.863525,1.425538000e+07,5.286168750e+04,9.225041946e+10,8.356401644e+11,4.511604326e+10,4.047005177e+00,6.106561536e+09
942000,1093.863525,1.393254000e+07,5.149650000e+04,9.109027763e+10,8.329111142e+11,4.507913830e+10,3.916943789e+00,6.037029376e+09
943000,1093.863525,1.361706500e+07,5.016675781e+04,8.994506419e+10,8.301926154e+11,4.504227430e+10,3.791063309e+00,5.968289280e+09
944000,1093.863525,1.330885700e+07,4.887172656e+04,8.881527706e+10,8.274829640e+11,4.500551680e+10,3.669297934e+00,5.900343296e+09
945000,1093.863525,1.300767700e+07,4.761067578e+04,8.770017280e+10,8.247821599e+11,4.496879206e+10,3.551470995e+00,5.833204736e+09
946000,1093.863525,1.271343400e+07,4.638233203e+04,8.659957760e+10,8.220917760e+11,4.493200998e+10,3.437440157e+00,5.766839808e+09
947000,1093.863525,1.242589300e+07,4.518585547e+04,8.551376154e+10,8.194101740e+11,4.489534669e+10,3.327121735e+00,5.701263360e+09
948000,1093.863525,1.214490200e+07,4.402091797e+04,8.444206976e+10,8.167388611e+11,4.485870797e+10,3.220355988e+00,5.636432896e+09
949000,1093.863525,1.187037800e+07,4.288584766e+04,8.338429747e+10,8.140777718e+11,4.482210611e+10,3.117040157e+00,5.572359680e+09
950000,1093.863525,1.160215000e+07,4.178068359e+04,8.234041114e+10,8.114253988e+11,4.478552883e+10,3.017084837e+00,5.509037056e+09
951000,1093.863525,1.134000200e+07,4.070415234e+04,8.131038566e+10,8.087816110e+11,4.474906624e+10,2.920357466e+00,5.446454784e+09
952000,1093.863525,1.108390500e+07,3.965581250e+04,8.029373005e+10,8.061465395e+11,4.471255450e+10,2.826752424e+00,5.384603648e+09
953000,1093.863525,1.083359200e+07,3.863462500e+04,7.929026330e+10,8.035230024e+11,4.467615334e+10,2.736168623e+00,5.323454976e+09
954000,1093.863525,1.058903300e+07,3.764001562e+04,7.830010829e+10,8.009081160e+11,4.463978086e+10,2.648497343e+00,5.263020032e+09
955000,1093.863525,1.035007300e+07,3.667115625e+04,7.732306867e+10,7.983001764e+11,4.460335514e+10,2.563674688e+00,5.203292160e+09
956000,1093.863525,1.011652500e+07,3.572750781e+04,7.635854618e+10,7.957037056e+11,4.456704000e+10,2.481587410e+00,5.144260608e+09
957000,1093.863525,9.888361000e+06,3.480866797e+04,7.540680192e+10,7.931156890e+11,4.453076173e+10,2.402165413e+00,5.085919232e+09
958000,1093.863525,9.665397000e+06,3.391346094e+04,7.446752512e+10,7.905376338e+11,4.449450803e+10,2.325285196e+00,5.028248576e+09
959000,1093.863525,9.447497000e+06,3.304153516e+04,7.354040422e+10,7.879679672e+11,4.445828301e+10,2.250891209e+00,4.971250688e+09
960000,1093.863525,9.234580000e+06,3.219226367e+04,7.262542208e+10,7.854081311e+11,4.442217267e+10,2.178902149e+00,4.914908672e+09
961000,1093.863525,9.026512000e+06,3.136518555e+04,7.172239898e+10,7.828551107e+11,4.438601318e+10,2.109231710e+00,4.859223552e+09
962000,1093.863525,8.823168000e+06,3.055935742e+04,7.083118720e+10,7.803134280e+11,4.434996019e+10,2.041804552e+00,4.804178432e+09
963000,1093.863525,8.624485000e+06,2.977456836e+04,6.995162624e+10,7.777784300e+11,4.431393997e+10,1.976547956e+00,4.749775360e+09
964000,1093.863525,8.430309000e+06,2.901015625e+04,6.908342221e+10,7.752546386e+11,4.427794842e+10,1.913398743e+00,4.696014848e+09
965000,1093.863525,8.240584000e+06,2.826558789e+04,6.822669978e+10,7.727391048e+11,4.424189952e+10,1.852288485e+00,4.642863104e+09
966000,1093.863525,8.055143000e+06,2.754023047e+04,6.738115712e+10,7.702316319e+11,4.420604723e+10,1.793136597e+00,4.590330368e+09
967000,1093.863525,7.873966000e+06,2.683369531e+04,6.654653184e+10,7.677338583e+11,4.417014579e+10,1.735887289e+00,4.538408960e+09
968000,1093.863525,7.696848500e+06,2.614548242e+04,6.572279859e+10,7.652440801e+11,4.413427302e+10,1.680484653e+00,4.487084032e+09
969000,1093.863525,7.523830500e+06,2.547511523e+04,6.490980608e+10,7.627638702e+11,4.409851494e+10,1.626868963e+00,4.436355584e+09
970000,1093.863525,7.354715500e+06,2.482222266e+04,6.410729370e+10,7.602917212e+11,4.406269133e+10,1.574982047e+00,4.386226176e+09
971000,1093.863525,7.189443500e+06,2.418606055e+04,6.331535565e+10,7.578276332e+11,4.402690458e+10,1.524749756e+00,4.336655872e+09
972000,1093.863525,7.027952000e+06,2.356638477e+04,6.253372954e+10,7.553729167e+11,4.399123251e+10,1.476136684e+00,4.287668992e+09
973000,1093.863525,6.870113500e+06,2.296275977e+04,6.176219008e+10,7.529275720e+11,4.395558502e+10,1.429089785e+00,4.239252224e+09
974000,1093.863525,6.715872000e+06,2.237485156e+04,6.100069018e+10,7.504902226e+11,4.391997030e+10,1.383552909e+00,4.191390208e+09
975000,1093.863525,6.565105500e+06,2.180207812e+04,6.024909875e+10,7.480621138e+11,4.388437606e+10,1.339477301e+00,4.144076288e+09
976000,1093.863525,6.417797000e+06,2.124412891e+04,5.950728064e+10,7.456404931e+11,4.384890061e+10,1.296820521e+00,4.097320192e+09
977000,1093.863525,6.273818500e+06,2.070061914e+04,5.877521101e+10,7.432294892e+11,4.381337190e+10,1.255536675e+00,4.051107072e+09
978000,1093.863525,6.133104000e+06,2.017116602e+04,5.805235840e+10,7.408262840e+11,4.377787187e+10,1.215566874e+00,4.005406976e+09
979000,1093.863525,5.995604000e+06,1.965540430e+04,5.733919386e+10,7.384308122e+11,4.374248243e+10,1.176887631e+00,3.960252928e+09
980000,1093.863525,5.861174500e+06,1.915290430e+04,5.663520256e+10,7.360445809e+11,4.370712166e+10,1.139448047e+00,3.915607808e+09
981000,1093.863525,5.729847000e+06,1.866339258e+04,5.594024192e+10,7.336660173e+11,4.367178957e+10,1.103211880e+00,3.871495936e+09
982000,1093.863525,5.601472500e+06,1.818652930e+04,5.525429990e+10,7.312965632e+11,4.363648205e+10,1.068132043e+00,3.827880704e+09
983000,1093.863525,5.476005500e+06,1.772199023e+04,5.457717658e+10,7.289347113e+11,4.360121139e+10,1.034175754e+00,3.784764160e+09
984000,1093.863525,5.353400000e+06,1.726944531e+04,5.390900864e+10,7.265805271e+11,4.356596122e+10,1.001318097e+00,3.742161664e+09
985000,1093.863525,5.233559500e+06,1.682851953e+04,5.324932352e+10,7.242366976e+11,4.353074381e+10,9.695042968e-01,3.700032000e+09
986000,1093.863525,5.116440500e+06,1.639904102e+04,5.259828301e+10,7.219004047e+11,4.349563699e+10,9.387119412e-01,3.658397440e+09
987000,1093.863525,5.001952500e+06,1.598064453e+04,5.195549286e+10,7.195717796e+11,4.346047693e+10,9.089081883e-01,3.617238016e+09
988000,1093.863525,4.890082500e+06,1.557298340e+04,5.132129178e+10,7.172504945e+11,4.342542746e+10,8.800538778e-01,3.576562432e+09
989000,1093.863525,4.780741000e+06,1.517583594e+04,5.069503283e+10,7.149367460e+11,4.339032474e+10,8.521221280e-01,3.536343808e+09
990000,1093.863525,4.673853500e+06,1.478892969e+04,5.007706061e+10,7.126332211e+11,4.335533261e+10,8.250894547e-01,3.496591360e+09
991000,1093.863525,4.569391500e+06,1.441199805e+04,4.946690509e+10,7.103370363e+11,4.332036506e+10,7.989174724e-01,3.457292032e+09
992000,1093.863525,4.467289000e+06,1.404467383e+04,4.886463155e+10,7.080483226e+11,4.328542618e+10,7.735815644e-01,3.418447360e+09
993000,1093.863525,4.367518500e+06,1.368697168e+04,4.827032064e+10,7.057683251e+11,4.325051597e+10,7.490577102e-01,3.380058880e+09
994000,1093.863525,4.269967500e+06,1.333832910e+04,4.768342835e+10,7.034956677e+11,4.321572045e+10,7.253167629e-01,3.342101248e+09
995000,1093.863525,4.174650750e+06,1.299876562e+04,4.710428262e+10,7.012315955e+11,4.318086758e+10,7.023390532e-01,3.304588544e+09
996000,1093.863525,4.081470250e+06,1.266789551e+04,4.653253350e+10,6.989749944e+11,4.314612122e+10,6.800918579e-01,3.267497216e+09
997000,1093.863525,3.990400000e+06,1.234549414e+04,4.596808397e+10,6.967267820e+11,4.311132979e+10,6.585518718e-01,3.230840576e+09
998000,1093.863525,3.901391250e+06,1.203148145e+04,4.541106918e+10,6.944859095e+11,4.307664077e+10,6.377037764e-01,3.194601216e+09
999000,1093.863525,3.814375500e+06,1.172550098e+04,4.486099968e+10,6.922534912e+11,4.304198042e+10,6.175204515e-01,3.158774528e+09
1000000,1093.863525,3.729328750e+06,1.142730176e+04,4.431810483e+10,6.900283474e+11,4.300735283e+10,5.979781747e-01,3.123367424e+09
