altitude,temp,N2,O2,O,He,H,Ar,N
0,281.1228638,2.017224329e+25,5.409335914e+24,0.000000000e+00,1.343357886e+20,0.000000000e+00,2.410810928e+23,0.000000000e+00
1000,275.6906738,1.819374813e+25,4.878787955e+24,0.000000000e+00,1.211601297e+20,0.000000000e+00,2.174358437e+23,0.000000000e+00
2000,271.21521,1.632258766e+25,4.377022681e+24,0.000000000e+00,1.086992500e+20,0.000000000e+00,1.950733638e+23,0.000000000e+00
3000,266.8562317,1.461256411e+25,3.918467176e+24,0.000000000e+00,9.731145858e+19,0.000000000e+00,1.746366412e+23,0.000000000e+00
4000,261.8814392,1.308747954e+25,3.509504589e+24,0.000000000e+00,8.715525208e+19,0.000000000e+00,1.564101772e+23,0.000000000e+00
5000,255.6739044,1.175026238e+25,3.150919772e+24,0.000000000e+00,7.825014028e+19,0.000000000e+00,1.404289107e+23,0.000000000e+00
6000,248.0179901,1.057933685e+25,2.836927365e+24,0.000000000e+00,7.045243021e+19,0.000000000e+00,1.264350287e+23,0.000000000e+00
7000,239.7605438,9.515906845e+24,2.551760590e+24,0.000000000e+00,6.337058576e+19,0.000000000e+00,1.137258345e+23,0.000000000e+00
8000,231.8143311,8.517127487e+24,2.283930727e+24,0.000000000e+00,5.671927929e+19,0.000000000e+00,1.017892959e+23,0.000000000e+00
9000,224.8769073,7.562268674e+24,2.027878246e+24,0.000000000e+00,5.036045610e+19,0.000000000e+00,9.037765185e+22,0.000000000e+00
10000,219.4859619,6.646088647e+24,1.782197735e+24,0.000000000e+00,4.425920890e+19,0.000000000e+00,7.942826625e+22,0.000000000e+00
11000,215.9312134,5.776777186e+24,1.549085510e+24,0.000000000e+00,3.847008667e+19,0.000000000e+00,6.903901586e+22,0.000000000e+00
12000,213.8309479,4.978545065e+24,1.335033527e+24,0.000000000e+00,3.315430639e+19,0.000000000e+00,5.949923442e+22,0.000000000e+00
13000,212.7117767,4.266456068e+24,1.144081767e+24,0.000000000e+00,2.841219850e+19,0.000000000e+00,5.098897135e+22,0.000000000e+00
14000,212.1547241,3.644605084e+24,9.773277404e+23,0.000000000e+00,2.427101769e+19,0.000000000e+00,4.355714476e+22,0.000000000e+00
15000,211.764389,3.110090787e+24,8.339938728e+23,0.000000000e+00,2.071145655e+19,0.000000000e+00,3.716909944e+22,0.000000000e+00
16000,211.2292023,2.655011051e+24,7.119608786e+23,0.000000000e+00,1.768088035e+19,0.000000000e+00,3.173038139e+22,0.000000000e+00
17000,210.5711975,2.266935223e+24,6.078954454e+23,0.000000000e+00,1.509651345e+19,0.000000000e+00,2.709243713e+22,0.000000000e+00
18000,209.9029236,1.934793526e+24,5.188291967e+23,0.000000000e+00,1.288463581e+19,0.000000000e+00,2.312296893e+22,0.000000000e+00
19000,209.3338623,1.649836149e+24,4.424157571e+23,0.000000000e+00,1.098697989e+19,0.000000000e+00,1.971740544e+22,0.000000000e+00
20000,208.9712067,1.405029265e+24,3.767689831e+23,0.000000000e+00,9.356704314e+18,0.000000000e+00,1.679168697e+22,0.000000000e+00
21000,208.8992615,1.194736743e+24,3.203775026e+23,0.000000000e+00,7.956274496e+18,0.000000000e+00,1.427845433e+22,0.000000000e+00
22000,209.0968475,1.014714463e+24,2.721031840e+23,0.000000000e+00,6.757427490e+18,0.000000000e+00,1.212698345e+22,0.000000000e+00
23000,209.5122986,8.611737091e+23,2.309300873e+23,0.000000000e+00,5.734932254e+18,0.000000000e+00,1.029199854e+22,0.000000000e+00
24000,210.0947723,7.306093839e+23,1.959183112e+23,0.000000000e+00,4.865447255e+18,0.000000000e+00,8.731607105e+21,0.000000000e+00
25000,210.793457,6.198425224e+23,1.662153603e+23,0.000000000e+00,4.127802496e+18,0.000000000e+00,7.407818468e+21,0.000000000e+00
26000,211.5701599,5.260013772e+23,1.410511551e+23,0.000000000e+00,3.502873072e+18,0.000000000e+00,6.286310696e+21,0.000000000e+00
27000,212.4597015,4.464388046e+23,1.197158652e+23,0.000000000e+00,2.973031338e+18,0.000000000e+00,5.335448256e+21,0.000000000e+00
28000,213.5231628,3.789035812e+23,1.016058013e+23,0.000000000e+00,2.523284628e+18,0.000000000e+00,4.528326078e+21,0.000000000e+00
29000,214.8246918,3.215332704e+23,8.622152295e+22,0.000000000e+00,2.141230725e+18,0.000000000e+00,3.842685967e+21,0.000000000e+00
30000,216.4325562,2.727766343e+23,7.314706883e+22,0.000000000e+00,1.816538894e+18,0.000000000e+00,3.259988856e+21,0.000000000e+00
31000,218.4066925,2.313480213e+23,6.203768385e+22,0.000000000e+00,1.540647650e+18,0.000000000e+00,2.764870149e+21,0.000000000e+00
32000,220.723465,1.962302125e+23,5.262058046e+22,0.000000000e+00,1.306782764e+18,0.000000000e+00,2.345172663e+21,0.000000000e+00
33000,223.3242798,1.665428620e+23,4.465969801e+22,0.000000000e+00,1.109081708e+18,0.000000000e+00,1.990375285e+21,0.000000000e+00
34000,226.1461792,1.414946786e+23,3.794284487e+22,0.000000000e+00,9.422749367e+17,0.000000000e+00,1.691021299e+21,0.000000000e+00
35000,229.1203003,1.203886130e+23,3.228309691e+22,0.000000000e+00,8.017204483e+17,0.000000000e+00,1.438779891e+21,0.000000000e+00
36000,232.1776123,1.026158236e+23,2.751719188e+22,0.000000000e+00,6.833636565e+17,0.000000000e+00,1.226374933e+21,0.000000000e+00
37000,235.2942657,8.763345548e+22,2.349955993e+22,0.000000000e+00,5.835895047e+17,0.000000000e+00,1.047318778e+21,0.000000000e+00
38000,238.4676971,7.498060584e+22,2.010660426e+22,0.000000000e+00,4.993286372e+17,0.000000000e+00,8.961028914e+20,0.000000000e+00
39000,241.6952057,6.427636467e+22,1.723618212e+22,0.000000000e+00,4.280444122e+17,0.000000000e+00,7.681751885e+20,0.000000000e+00
40000,244.9736023,5.520503866e+22,1.480363935e+22,0.000000000e+00,3.676344946e+17,0.000000000e+00,6.597625680e+20,0.000000000e+00
41000,248.2903595,4.750483356e+22,1.273877269e+22,0.000000000e+00,3.163554713e+17,0.000000000e+00,5.677364354e+20,0.000000000e+00
42000,251.5493927,4.097141204e+22,1.098678800e+22,0.000000000e+00,2.728465592e+17,0.000000000e+00,4.896546787e+20,0.000000000e+00
43000,254.6012878,3.543238307e+22,9.501455803e+21,0.000000000e+00,2.359597480e+17,0.000000000e+00,4.234570067e+20,0.000000000e+00
44000,257.2832031,3.073795467e+22,8.242609635e+21,0.000000000e+00,2.046974885e+17,0.000000000e+00,3.673532736e+20,0.000000000e+00
45000,259.4227295,2.675821600e+22,7.175413587e+21,0.000000000e+00,1.781946712e+17,0.000000000e+00,3.197908987e+20,0.000000000e+00
46000,260.8566895,2.338036766e+22,6.269618104e+21,0.000000000e+00,1.557000893e+17,0.000000000e+00,2.794218103e+20,0.000000000e+00
47000,261.5752258,2.049714967e+22,5.496462075e+21,0.000000000e+00,1.364994809e+17,0.000000000e+00,2.449640834e+20,0.000000000e+00
48000,261.6740723,1.801643076e+22,4.831239315e+21,0.000000000e+00,1.199792929e+17,0.000000000e+00,2.153167112e+20,0.000000000e+00
49000,261.2606201,1.586630308e+22,4.254666536e+21,0.000000000e+00,1.056606537e+17,0.000000000e+00,1.896202448e+20,0.000000000e+00
50000,260.4473572,1.399053695e+22,3.751665967e+21,0.000000000e+00,9.316911064e+16,0.000000000e+00,1.672027332e+20,0.000000000e+00
51000,259.3457031,1.234500496e+22,3.310404402e+21,4.721199850e+15,8.221078506e+16,0.000000000e+00,1.475367539e+20,0.000000000e+00
52000,258.025238,1.089621610e+22,2.921900817e+21,5.239445637e+15,7.256266501e+16,0.000000000e+00,1.302220846e+20,0.000000000e+00
53000,256.5234985,9.618040487e+21,2.579148738e+21,5.677306278e+15,6.405073991e+16,0.000000000e+00,1.149464552e+20,0.000000000e+00
54000,254.8766022,8.488409347e+21,2.276229731e+21,6.049135019e+15,5.652803168e+16,0.000000000e+00,1.014460797e+20,0.000000000e+00
55000,253.1194458,7.488794878e+21,2.008175762e+21,6.382558699e+15,4.987116308e+16,0.000000000e+00,8.949956041e+19,0.000000000e+00
56000,251.2843933,6.603244202e+21,1.770708694e+21,6.714556450e+15,4.397388952e+16,0.000000000e+00,7.891622443e+19,0.000000000e+00
57000,249.3742828,5.818945704e+21,1.560393266e+21,7.063177334e+15,3.875090434e+16,0.000000000e+00,6.954297576e+19,0.000000000e+00
58000,247.3661652,5.124947194e+21,1.374292426e+21,7.422080371e+15,3.412926398e+16,0.000000000e+00,6.124890655e+19,0.000000000e+00
59000,245.237915,4.511291213e+21,1.209736103e+21,7.782339543e+15,3.004266058e+16,0.000000000e+00,5.391502766e+19,0.000000000e+00
60000,242.9694672,3.969008841e+21,1.064319023e+21,8.133420907e+15,2.643136618e+16,0.000000000e+00,4.743413669e+19,0.000000000e+00
61000,240.5439148,3.489994162e+21,9.358677058e+20,8.463357611e+15,2.324139733e+16,0.000000000e+00,4.170937107e+19,0.000000000e+00
62000,237.9677277,3.066731514e+21,8.223667214e+20,8.766256958e+15,2.042270693e+16,0.000000000e+00,3.665090510e+19,0.000000000e+00
63000,235.2733307,2.692376832e+21,7.219807116e+20,9.045182872e+15,1.792971464e+16,0.000000000e+00,3.217694390e+19,0.000000000e+00
64000,232.4926758,2.361096829e+21,6.331455905e+20,9.304829751e+15,1.572357677e+16,0.000000000e+00,2.821777406e+19,0.000000000e+00
65000,229.6554871,2.067863516e+21,5.545128817e+20,9.550957147e+15,1.377080761e+16,0.000000000e+00,2.471330504e+19,0.000000000e+00
66000,226.7893372,1.808376239e+21,4.849294527e+20,9.789917316e+15,1.204276832e+16,0.000000000e+00,2.161213909e+19,0.000000000e+00
67000,223.9250641,1.578798774e+21,4.233665477e+20,1.001932655e+16,1.051391136e+16,0.000000000e+00,1.886842877e+19,0.000000000e+00
68000,221.0994415,1.375808309e+21,3.689331926e+20,1.022107190e+16,9.162109061e+15,0.000000000e+00,1.644246412e+19,0.000000000e+00
69000,218.3462372,1.196472580e+21,3.208429817e+20,1.037450854e+16,7.967834349e+15,0.000000000e+00,1.429919930e+19,0.000000000e+00
70000,215.6959534,1.038273017e+21,2.784205862e+20,1.045834952e+16,6.914313768e+15,0.000000000e+00,1.240853518e+19,0.000000000e+00
71000,213.1758881,8.989408629e+20,2.410576506e+20,1.045236663e+16,5.986440844e+15,0.000000000e+00,1.074336000e+19,0.000000000e+00
72000,210.8268738,7.764316940e+20,2.082058968e+20,1.038448574e+16,5.170598385e+15,0.000000000e+00,9.279236024e+18,0.000000000e+00
73000,208.7191772,6.688330991e+20,1.793525478e+20,1.038147605e+16,4.454052079e+15,0.000000000e+00,7.993311545e+18,0.000000000e+00
74000,206.9223022,5.745054864e+20,1.540579046e+20,1.058340608e+16,3.825883316e+15,0.000000000e+00,6.865989420e+18,0.000000000e+00
75000,205.5023651,4.920197722e+20,1.319387301e+20,1.115002608e+16,3.276574447e+15,0.000000000e+00,5.880192034e+18,0.000000000e+00
76000,204.5246277,4.201092489e+20,1.126554072e+20,1.230209308e+16,2.797712706e+15,9.084289522e+13,5.020780210e+18,0.000000000e+00
77000,204.0145111,3.577009337e+20,9.592015416e+19,1.433161545e+16,2.384460079e+15,1.182375053e+14,4.274930346e+18,0.000000000e+00
78000,203.8791809,3.039441038e+20,8.150485303e+19,1.750842774e+16,2.031453227e+15,1.366054278e+14,3.632475531e+18,0.000000000e+00
79000,204.0083771,2.579460788e+20,6.917015336e+19,2.221562170e+16,1.731400370e+15,1.449974752e+14,3.082746930e+18,0.000000000e+00
80000,204.294342,2.187897605e+20,5.866987009e+19,2.899785395e+16,1.477282321e+15,1.449393085e+14,2.614784886e+18,0.000000000e+00
81000,204.6293793,1.855905963e+20,4.976730036e+19,3.856627229e+16,1.262624822e+15,1.389060958e+14,2.218008935e+18,0.000000000e+00
82000,204.9065247,1.575214366e+20,4.224005255e+19,5.180501076e+16,1.081572489e+15,1.292912076e+14,1.882544639e+18,0.000000000e+00
83000,205.0246735,1.338300309e+20,3.588655320e+19,6.990272734e+16,9.289475377e+14,1.179672830e+14,1.599389471e+18,0.000000000e+00
84000,204.8849335,1.138502069e+20,3.052802611e+19,9.432095215e+16,8.002706531e+14,1.062172927e+14,1.360586541e+18,0.000000000e+00
85000,204.3904724,9.700246942e+19,2.600875624e+19,1.266924557e+17,6.916983761e+14,9.482885136e+13,1.159205214e+18,0.000000000e+00
86000,203.4497681,8.278733219e+19,2.219106055e+19,1.686392624e+17,5.999782758e+14,8.437157908e+13,9.889871384e+17,0.000000000e+00
87000,202.0015411,7.076982843e+19,1.895921765e+19,2.195641398e+17,5.229704852e+14,7.519356951e+13,8.444221126e+17,0.000000000e+00
88000,200.1317749,6.054759406e+19,1.620664526e+19,2.753349774e+17,4.588423621e+14,6.718777144e+13,7.209532790e+17,0.000000000e+00
89000,197.9798279,5.179621597e+19,1.384732091e+19,3.333791411e+17,4.049516961e+14,6.020306829e+13,6.148976172e+17,0.000000000e+00
90000,195.6775818,4.426703742e+19,1.181528158e+19,3.907604883e+17,3.592866979e+14,5.409434134e+13,5.234223730e+17,0.000000000e+00
91000,193.3470459,3.776895449e+19,1.005979362e+19,4.444292314e+17,3.203103730e+14,4.873108482e+13,4.443361852e+17,0.000000000e+00
92000,191.0992279,3.215139125e+19,8.541006874e+18,4.915378071e+17,2.868402297e+14,4.400194834e+13,3.759233004e+17,7.911319142e+10
93000,189.0349426,2.729424586e+19,7.227181189e+18,5.297082809e+17,2.579462902e+14,3.981233776e+13,3.167936610e+17,9.532308685e+10
94000,187.2465668,2.309936711e+19,6.092233951e+18,5.572211199e+17,2.328971685e+14,3.608451586e+13,2.658059224e+17,1.131162337e+11
95000,185.8048096,1.948572539e+19,5.113787349e+18,5.733088648e+17,2.111127756e+14,3.272501887e+13,2.219115113e+17,1.324172820e+11
96000,184.7360992,1.638736649e+19,4.273171952e+18,5.789463358e+17,1.921508306e+14,2.965734687e+13,1.840968840e+17,1.534589338e+11
97000,184.0623474,1.374353581e+19,3.555198830e+18,5.749733192e+17,1.756412951e+14,2.686019070e+13,1.517704347e+17,1.763913236e+11
98000,183.8090973,1.149691469e+19,2.945440468e+18,5.624557917e+17,1.612531043e+14,2.431285146e+13,1.243604774e+17,2.013814129e+11
99000,184.007019,9.595478658e+18,2.430516908e+18,5.428264511e+17,1.487001061e+14,2.199676728e+13,1.013066048e+17,2.286563164e+11
100000,184.6934204,7.992281303e+18,1.998091491e+18,5.177373481e+17,1.377303569e+14,1.989403686e+13,8.206936896e+16,2.585047040e+11
101000,185.9139709,6.645586817e+18,1.636873334e+18,4.888978109e+17,1.281206444e+14,1.798746354e+13,6.613991508e+16,2.912632177e+11
102000,187.7252045,5.519049743e+18,1.336698276e+18,4.578661225e+17,1.196744403e+14,1.626060987e+13,5.304596425e+16,3.273186345e+11
103000,190.1977844,4.579167962e+18,1.088457138e+18,4.259239009e+17,1.122201051e+14,1.469776501e+13,4.235776634e+16,3.670871245e+11
104000,193.4205322,3.796718104e+18,8.840975087e+17,3.939128225e+17,1.055998995e+14,1.328318146e+13,3.369520385e+16,4.109172408e+11
105000,197.4934082,3.146657418e+18,7.167655828e+17,3.620409697e+17,9.967963105e+13,1.200263528e+13,2.674414932e+16,4.585447752e+11
106000,202.450943,2.608519594e+18,5.805072300e+17,3.309774641e+17,9.437794691e+13,1.084706993e+13,2.120256347e+16,5.102044447e+11
107000,208.3010864,2.164167088e+18,4.700970898e+17,3.012989652e+17,8.962538943e+13,9.808367321e+12,1.680676537e+16,5.663495291e+11
108000,215.0570831,1.798019270e+18,3.809484465e+17,2.733754243e+17,8.516779219e+13,8.867010314e+12,1.333255667e+16,6.274328822e+11
109000,222.7341156,1.496845306e+18,3.091543917e+17,2.474279120e+17,8.091324960e+13,8.002909766e+12,1.059358301e+16,6.939281981e+11
110000,231.3443298,1.249346338e+18,2.514263719e+17,2.235625826e+17,7.686714714e+13,7.214619165e+12,8.437415471e+15,7.663327642e+11
111000,240.890686,1.046000321e+18,2.050477517e+17,2.017978702e+17,7.303302480e+13,6.499552723e+12,6.740866882e+15,8.451762422e+11
112000,251.3586273,8.789009419e+17,1.677904566e+17,1.820972160e+17,6.941612966e+13,5.854311481e+12,5.405685567e+15,9.310481285e+11
113000,262.7063904,7.415039073e+17,1.378489682e+17,1.643823313e+17,6.602333618e+13,5.275040874e+12,4.354003769e+15,1.024648020e+12
114000,274.8518066,6.284506786e+17,1.137672928e+17,1.485514770e+17,6.286460165e+13,4.757716992e+12,3.524492039e+15,1.126850101e+12
115000,287.6601257,5.353465078e+17,9.437792060e+16,1.344869280e+17,5.995218600e+13,4.298213687e+12,2.869055602e+15,1.238762258e+12
116000,301.0317383,4.584658717e+17,7.871932024e+16,1.220293753e+17,5.728238567e+13,3.891219661e+12,2.349288860e+15,1.361405542e+12
117000,314.9431763,3.946727568e+17,6.601331663e+16,1.109871089e+17,5.483303377e+13,3.530519478e+12,1.934915784e+15,1.495483941e+12
118000,329.3640137,3.414910286e+17,5.565338306e+16,1.011912591e+17,5.256560981e+13,3.210585047e+12,1.602807438e+15,1.641740763e+12
119000,344.2485962,2.969553789e+17,4.716635589e+16,9.249527323e+16,5.043861533e+13,2.926641676e+12,1.335248156e+15,1.800996913e+12
120000,359.5342407,2.595046041e+17,4.018226662e+16,8.477069723e+16,4.844957571e+13,2.674509480e+12,1.118607858e+15,1.974194143e+12
121000,375.1383667,2.278858279e+17,3.441178049e+16,7.790747693e+16,4.659611278e+13,2.449990222e+12,9.423383733e+14,2.162426774e+12
122000,390.9567871,2.010915714e+17,2.962589413e+16,7.180757540e+16,4.487722828e+13,2.248956969e+12,7.982249736e+14,2.366960566e+12
123000,406.8610229,1.783055329e+17,2.564065196e+16,6.638736962e+16,4.329208336e+13,2.069127889e+12,6.799745247e+14,2.589295903e+12
124000,422.6976318,1.588673356e+17,2.230869579e+16,6.156806843e+16,4.184055638e+13,1.908490371e+12,5.826454655e+14,2.830839579e+12
125000,438.288147,1.422368786e+17,1.951242297e+16,5.726796864e+16,4.052268089e+13,1.765211767e+12,5.021573757e+14,3.092535837e+12
126000,453.4786987,1.279570057e+17,1.715541794e+16,5.342999875e+16,3.933505113e+13,1.637480006e+12,4.352434294e+14,3.376215491e+12
127000,468.2533569,1.156182003e+17,1.515557164e+16,4.999016374e+16,3.826198459e+13,1.523195314e+12,3.792198089e+14,3.682888843e+12
128000,482.6235962,1.048899733e+17,1.344774984e+16,4.689268057e+16,3.728892704e+13,1.420519277e+12,3.319863758e+14,4.013385318e+12
129000,496.600708,9.550741110e+16,1.198054069e+16,4.409194099e+16,3.640318231e+13,1.327913763e+12,2.919093313e+14,4.368536961e+12
130000,510.1953735,8.725860858e+16,1.071331059e+16,4.154938907e+16,3.559425625e+13,1.244095709e+12,2.577075337e+14,4.749101367e+12
131000,523.418335,7.997027242e+16,9.613190149e+15,3.923348687e+16,3.485343941e+13,1.167973024e+12,2.283601563e+14,5.155885941e+12
132000,536.2797852,7.350066869e+16,8.653688550e+15,3.711682820e+16,3.417298279e+13,1.098630758e+12,2.030522964e+14,5.589565964e+12
133000,548.789917,6.773370873e+16,7.813187609e+15,3.517678503e+16,3.354642717e+13,1.035275993e+12,1.811283674e+14,6.050868101e+12
134000,560.9580078,6.257300058e+16,7.073966829e+15,3.339339435e+16,3.296832415e+13,9.772361318e+11,1.620543170e+14,6.540342329e+12
135000,572.7938843,5.793804367e+16,6.421329905e+15,3.174995733e+16,3.243361331e+13,9.239322952e+11,1.453912029e+14,7.058575852e+12
136000,584.3064575,5.376111926e+16,5.843151609e+15,3.023176370e+16,3.193825971e+13,8.748595937e+11,1.307812592e+14,7.606037381e+12
137000,595.5048828,4.998514722e+16,5.329257698e+15,2.882605955e+16,3.147832073e+13,8.295809679e+11,1.179265228e+14,8.183076094e+12
138000,606.3977051,4.656147846e+16,4.871099041e+15,2.752179180e+16,3.105055624e+13,7.877172265e+11,1.065784978e+14,8.789974581e+12
139000,616.9932861,4.344861931e+16,4.461609343e+15,2.630931824e+16,3.065231756e+13,7.489348567e+11,9.652988491e+13,9.426924732e+12
140000,627.2999268,4.061090865e+16,4.094549090e+15,2.517982774e+16,3.028055333e+13,7.129413714e+11,8.760598305e+13,1.009390610e+13
141000,637.3256836,3.801740553e+16,3.764663657e+15,2.412590075e+16,2.993330481e+13,6.794775757e+11,7.965925337e+13,1.079084843e+13
142000,647.0782471,3.564177537e+16,3.467482522e+15,2.314083711e+16,2.960838885e+13,6.483137659e+11,7.257041823e+13,1.151753257e+13
143000,656.5649414,3.346097995e+16,3.199109880e+15,2.221866898e+16,2.930384254e+13,6.192524820e+11,6.623350017e+13,1.227355377e+13
144000,665.7932739,3.145444640e+16,2.956212031e+15,2.135339628e+16,2.901807622e+13,5.921090437e+11,6.055528497e+13,1.305751008e+13
145000,674.7702637,2.960502704e+16,2.735927990e+15,2.053834248e+16,2.874957156e+13,5.667246572e+11,5.545559012e+13,1.386739768e+13
146000,683.5029297,2.789690566e+16,2.535732585e+15,1.976963783e+16,2.849693185e+13,5.429566833e+11,5.086525994e+13,1.470201174e+13
147000,691.9979248,2.631661324e+16,2.353449878e+15,1.904355857e+16,2.825866602e+13,5.206745088e+11,4.672522184e+13,1.555993566e+13
148000,700.2617188,2.485209382e+16,2.187172904e+15,1.835696081e+16,2.803394989e+13,4.997622333e+11,4.298360069e+13,1.643958501e+13
149000,708.3009033,2.349259708e+16,2.035232128e+15,1.770697549e+16,2.782148113e+13,4.801149010e+11,3.959573132e+13,1.733928314e+13
150000,716.12146,2.222863975e+16,1.896158402e+15,1.709087531e+16,2.762039781e+13,4.616390574e+11,3.652275352e+13,1.825708179e+13
151000,723.7293701,2.105181656e+16,1.768673304e+15,1.650630127e+16,2.742979605e+13,4.442465894e+11,3.373060535e+13,1.919091212e+13
152000,731.1306152,1.995464569e+16,1.651604978e+15,1.595109193e+16,2.724872585e+13,4.278610821e+11,3.118937722e+13,2.013856268e+13
153000,738.3308105,1.893019506e+16,1.543970279e+15,1.542322004e+16,2.707662307e+13,4.124112978e+11,2.887287570e+13,2.109766998e+13
154000,745.3354492,1.797250325e+16,1.444852231e+15,1.492088067e+16,2.691255448e+13,3.978322248e+11,2.675818103e+13,2.206574051e+13
155000,752.1499023,1.707611888e+16,1.353462038e+15,1.444236011e+16,2.675595385e+13,3.840642253e+11,2.482472642e+13,2.304027027e+13
156000,758.7794189,1.623610488e+16,1.269083513e+15,1.398619807e+16,2.660628850e+13,3.710534943e+11,2.305456656e+13,2.401839874e+13
157000,765.229126,1.544793543e+16,1.191076036e+15,1.355088059e+16,2.646287476e+13,3.587497001e+11,2.143176098e+13,2.499755062e+13
158000,771.5038452,1.470756575e+16,1.118879246e+15,1.313522761e+16,2.632526594e+13,3.471074591e+11,1.994212455e+13,2.597487798e+13
159000,777.6083984,1.401148040e+16,1.051976003e+15,1.273789697e+16,2.619293355e+13,3.360842383e+11,1.857296951e+13,2.694753498e+13
160000,783.5474854,1.335631213e+16,9.899094311e+14,1.235788900e+16,2.606549172e+13,3.256414700e+11,1.731309601e+13,2.791276806e+13
161000,789.3256226,1.273908882e+16,9.322672790e+14,1.199413426e+16,2.594248537e+13,3.157422572e+11,1.615238844e+13,2.886777333e+13
162000,794.9472656,1.215705096e+16,8.786739389e+14,1.164560196e+16,2.582346990e+13,3.063538975e+11,1.508184372e+13,2.980971964e+13
163000,800.4165649,1.160775793e+16,8.287937322e+14,1.131155551e+16,2.570813912e+13,2.974443438e+11,1.409345493e+13,3.073605475e+13
164000,805.737915,1.108892373e+16,7.823248033e+14,1.099108760e+16,2.559609248e+13,2.889871524e+11,1.317986107e+13,3.164392443e+13
165000,810.9151001,1.059841592e+16,7.389883820e+14,1.068349170e+16,2.548716431e+13,2.809541755e+11,1.233461654e+13,3.253111829e+13
166000,815.9522095,1.013434578e+16,6.985366351e+14,1.038801621e+16,2.538089323e+13,2.733208699e+11,1.155180318e+13,3.339508200e+13
167000,820.8531494,9.694977064e+15,6.607438086e+14,1.010404478e+16,2.527713663e+13,2.660633313e+11,1.082614035e+13,3.423350240e+13
168000,825.62146,9.278671253e+15,6.254022005e+14,9.830928885e+15,2.517557576e+13,2.591610634e+11,1.015283712e+13,3.504447737e+13
169000,830.2609863,8.883915440e+15,5.923222952e+14,9.568129500e+15,2.507599459e+13,2.525937828e+11,9.527490511e+12,3.582589089e+13
170000,834.7750244,8.509380333e+15,5.613358510e+14,9.315075395e+15,2.497819391e+13,2.463428444e+11,8.946276368e+12,3.657601699e+13
171000,839.1671143,8.153800527e+15,5.322825112e+14,9.071301642e+15,2.488189479e+13,2.403898655e+11,8.405575008e+12,3.729312553e+13
172000,843.4405518,7.815971285e+15,5.050238637e+14,8.836336866e+15,2.478710142e+13,2.347190682e+11,7.902166254e+12,3.797603372e+13
173000,847.5986938,7.494837654e+15,4.794251204e+14,8.609735465e+15,2.469346148e+13,2.293148713e+11,7.433069527e+12,3.862343713e+13
174000,851.6445312,7.189363474e+15,4.553703508e+14,8.391085122e+15,2.460091836e+13,2.241628078e+11,6.995644514e+12,3.923424523e+13
175000,855.5811157,6.898664518e+15,4.327459059e+14,8.180027745e+15,2.450931476e+13,2.192497377e+11,6.587464286e+12,3.980758562e+13
176000,859.4116211,6.621864613e+15,4.114541424e+14,7.976163364e+15,2.441860245e+13,2.145620951e+11,6.206234034e+12,4.034286689e+13
177000,863.1387329,6.358125704e+15,3.914003697e+14,7.779206365e+15,2.432856123e+13,2.100893450e+11,5.849968280e+12,4.083937601e+13
178000,866.7653809,6.106714424e+15,3.724991917e+14,7.588742819e+15,2.423906527e+13,2.058183475e+11,5.516790071e+12,4.129712138e+13
179000,870.2943115,5.866944654e+15,3.546744063e+14,7.404608981e+15,2.414998664e+13,2.017396163e+11,5.205000192e+12,4.171572969e+13
180000,873.7280884,5.638178589e+15,3.378505497e+14,7.226427968e+15,2.406150151e+13,1.978434519e+11,4.913029972e+12,4.209534776e+13
181000,877.069458,5.419813325e+15,3.219644052e+14,7.053950671e+15,2.397321770e+13,1.941200241e+11,4.639458066e+12,4.243609302e+13
182000,880.3208008,5.211229849e+15,3.069534945e+14,6.886972543e+15,2.388531557e+13,1.905608458e+11,4.382960124e+12,4.273826326e+13
183000,883.4846191,5.011964841e+15,2.927603053e+14,6.725167166e+15,2.379750782e+13,1.871569060e+11,4.142317961e+12,4.300246666e+13
184000,886.5632324,4.821506127e+15,2.793315699e+14,6.568379385e+15,2.370989720e+13,1.839011267e+11,3.916435292e+12,4.322896747e+13
185000,889.559082,4.639373744e+15,2.666210672e+14,6.416410020e+15,2.362238724e+13,1.807857910e+11,3.704269046e+12,4.341863809e+13
186000,892.4743652,4.465138195e+15,2.545798412e+14,6.269024996e+15,2.353489825e+13,1.778043617e+11,3.504895689e+12,4.357216639e+13
187000,895.3112183,4.298392532e+15,2.431703109e+14,6.126024060e+15,2.344744072e+13,1.749493350e+11,3.317445165e+12,4.369067645e+13
188000,898.0718384,4.138771952e+15,2.323509024e+14,5.987264404e+15,2.335994334e+13,1.722152714e+11,3.141096964e+12,4.377491905e+13
189000,900.7582397,3.985900913e+15,2.220866352e+14,5.852565640e+15,2.327251098e+13,1.695957975e+11,2.975128093e+12,4.382605181e+13
190000,903.3725586,3.839456486e+15,2.123440052e+14,5.721730736e+15,2.318499054e+13,1.670854574e+11,2.818834694e+12,4.384482132e+13
191000,905.9165649,3.699105277e+15,2.030919746e+14,5.594686677e+15,2.309731280e+13,1.646794998e+11,2.671602827e+12,4.383274592e+13
192000,908.392334,3.564561400e+15,1.943021394e+14,5.471209588e+15,2.300959733e+13,1.623721574e+11,2.532817502e+12,4.379105873e+13
193000,910.8016357,3.435540850e+15,1.859467000e+14,5.351193706e+15,2.292178328e+13,1.601591706e+11,2.401956790e+12,4.372056506e+13
194000,913.1463013,3.311776268e+15,1.779997019e+14,5.234517699e+15,2.283381824e+13,1.580356403e+11,2.278508200e+12,4.362277906e+13
195000,915.4280396,3.193015590e+15,1.704403078e+14,5.121044126e+15,2.274581964e+13,1.559981261e+11,2.161995547e+12,4.349894643e+13
196000,917.6486206,3.079031453e+15,1.632443249e+14,5.010664003e+15,2.265765118e+13,1.540421714e+11,2.051993764e+12,4.335017027e+13
197000,919.8096313,2.969597834e+15,1.563924428e+14,4.903251703e+15,2.256935059e+13,1.521635656e+11,1.948093907e+12,4.317776760e+13
198000,921.9127808,2.864500789e+15,1.498646965e+14,4.798707904e+15,2.248095564e+13,1.503597199e+11,1.849912984e+12,4.298307640e+13
199000,923.9595337,2.763548388e+15,1.436441075e+14,4.696954760e+15,2.239251454e+13,1.486261944e+11,1.757118202e+12,4.276729204e+13
200000,925.9514771,2.666538499e+15,1.377141921e+14,4.597846779e+15,2.230389100e+13,1.469599252e+11,1.669365367e+12,4.253145891e+13
201000,927.8900757,2.573309523e+15,1.320589365e+14,4.501333495e+15,2.221513323e+13,1.453587825e+11,1.586359697e+12,4.227713309e+13
202000,929.7768555,2.483679192e+15,1.266628554e+14,4.407295186e+15,2.212637127e+13,1.438182769e+11,1.507816505e+12,4.200521217e+13
203000,931.6130371,2.397502553e+15,1.215129044e+14,4.315671186e+15,2.203748978e+13,1.423371633e+11,1.433467224e+12,4.171710962e+13
204000,933.4001465,2.314623374e+15,1.165962573e+14,4.226368615e+15,2.194852440e+13,1.409117716e+11,1.363066356e+12,4.141356365e+13
205000,935.1395264,2.234893480e+15,1.119004656e+14,4.139297549e+15,2.185953385e+13,1.395399557e+11,1.296389374e+12,4.109613452e+13
206000,936.8322754,2.158173016e+15,1.074146742e+14,4.054406178e+15,2.177039860e+13,1.382194545e+11,1.233211228e+12,4.076541785e+13
207000,938.4798584,2.084336354e+15,1.031277768e+14,3.971611825e+15,2.168133675e+13,1.369479578e+11,1.173335572e+12,4.042294034e+13
208000,940.0834351,2.013264712e+15,9.902900222e+13,3.890850870e+15,2.159215116e+13,1.357229015e+11,1.116572090e+12,4.006928921e+13
209000,941.644104,1.944836622e+15,9.511042338e+13,3.812047616e+15,2.150298026e+13,1.345430405e+11,1.062743704e+12,3.970565564e+13
210000,943.163147,1.878951689e+15,9.136199906e+13,3.735171996e+15,2.141379677e+13,1.334056305e+11,1.011685327e+12,3.933276943e+13
211000,944.6416626,1.815477978e+15,8.777566781e+13,3.660139186e+15,2.132472653e+13,1.323090821e+11,9.632431473e+11,3.895176724e+13
212000,946.0806885,1.754339924e+15,8.434317525e+13,3.586881539e+15,2.123559128e+13,1.312521503e+11,9.172642693e+11,3.856322370e+13
213000,947.4813232,1.695436864e+15,8.105735750e+13,3.515374360e+15,2.114644345e+13,1.302323200e+11,8.736224051e+11,3.816795249e+13
214000,948.8445435,1.638673368e+15,7.791169661e+13,3.445541682e+15,2.105742144e+13,1.292484772e+11,8.321837957e+11,3.776706930e+13
215000,950.1715088,1.583958706e+15,7.489798013e+13,3.377348070e+15,2.096850010e+13,1.282989998e+11,7.928287068e+11,3.736077966e+13
216000,951.4630127,1.531218521e+15,7.201135106e+13,3.310722121e+15,2.087957456e+13,1.273821430e+11,7.554436956e+11,3.695030829e+13
217000,952.7201538,1.480369732e+15,6.924521177e+13,3.245632697e+15,2.079086504e+13,1.264971284e+11,7.199215452e+11,3.653582717e+13
218000,953.9438477,1.431333016e+15,6.659412224e+13,3.182049465e+15,2.070210937e+13,1.256423178e+11,6.861630341e+11,3.611837229e+13
219000,955.1348877,1.384038984e+15,6.405244951e+13,3.119906925e+15,2.061360536e+13,1.248160645e+11,6.540745769e+11,3.569824983e+13
220000,956.2942505,1.338425492e+15,6.161555469e+13,3.059165350e+15,2.052509506e+13,1.240175411e+11,6.235665859e+11,3.527602602e+13
221000,957.4227295,1.294418049e+15,5.927835009e+13,2.999799775e+15,2.043679867e+13,1.232458875e+11,5.945549783e+11,3.485239502e+13
222000,958.5211792,1.251960821e+15,5.703623875e+13,2.941748997e+15,2.034869102e+13,1.224994243e+11,5.669625528e+11,3.442768400e+13
223000,959.5903931,1.210990054e+15,5.488548774e+13,2.885001742e+15,2.026068194e+13,1.217775944e+11,5.407141724e+11,3.400248643e+13
224000,960.6312256,1.171445082e+15,5.282128619e+13,2.829501101e+15,2.017290564e+13,1.210789724e+11,5.157391892e+11,3.357710641e+13
225000,961.6443481,1.133281882e+15,5.084013186e+13,2.775214593e+15,2.008526566e+13,1.204029276e+11,4.919719690e+11,3.315197175e+13
226000,962.6305542,1.096435626e+15,4.893824569e+13,2.722132019e+15,1.999790460e+13,1.197485015e+11,4.693512356e+11,3.272748931e+13
227000,963.5905762,1.060865780e+15,4.711225963e+13,2.670201032e+15,1.991064840e+13,1.191146291e+11,4.478191206e+11,3.230405335e+13
228000,964.5250854,1.026517249e+15,4.535875535e+13,2.619382979e+15,1.982371306e+13,1.185004831e+11,4.273174938e+11,3.188192602e+13
229000,965.4347534,9.933488946e+14,4.367468777e+13,2.569669001e+15,1.973692871e+13,1.179054490e+11,4.077941555e+11,3.146135057e+13
230000,966.3203125,9.613139415e+14,4.205679372e+13,2.521011853e+15,1.965043378e+13,1.173289779e+11,3.892002816e+11,3.104274435e+13
231000,967.182373,9.303708496e+14,4.050247693e+13,2.473394893e+15,1.956413597e+13,1.167696200e+11,3.714904883e+11,3.062632966e+13
232000,968.0215454,9.004800918e+14,3.900908660e+13,2.426791814e+15,1.947810241e+13,1.162272768e+11,3.546175570e+11,3.021220715e+13
233000,968.8384399,8.716037516e+14,3.757380836e+13,2.381169329e+15,1.939231421e+13,1.157012521e+11,3.385416090e+11,2.980081094e+13
234000,969.633728,8.437016979e+14,3.619423466e+13,2.336511333e+15,1.930683220e+13,1.151905710e+11,3.232222085e+11,2.939215780e+13
235000,970.4078979,8.167423224e+14,3.486809430e+13,2.292786150e+15,1.922164379e+13,1.146950042e+11,3.086229504e+11,2.898649521e+13
236000,971.1615601,7.906857625e+14,3.359319576e+13,2.249970963e+15,1.913666509e+13,1.142136422e+11,2.947064136e+11,2.858405593e+13
237000,971.8952637,7.655057785e+14,3.236732653e+13,2.208044297e+15,1.905202823e+13,1.137462477e+11,2.814399611e+11,2.818484627e+13
238000,972.6094971,7.411655277e+14,3.118825944e+13,2.167001053e+15,1.896772062e+13,1.132921651e+11,2.687926436e+11,2.778923952e+13
239000,973.3048706,7.176383009e+14,3.005434613e+13,2.126787945e+15,1.888358708e+13,1.128503378e+11,2.567320371e+11,2.739711404e+13
240000,973.9818726,6.948898053e+14,2.896376627e+13,2.087400814e+15,1.879983102e+13,1.124211835e+11,2.452318126e+11,2.700872987e+13
241000,974.6408691,6.729007807e+14,2.791456742e+13,2.048813619e+15,1.871637696e+13,1.120036946e+11,2.342628065e+11,2.662417302e+13
242000,975.2825317,6.516345185e+14,2.690499215e+13,2.011014418e+15,1.863327311e+13,1.115974697e+11,2.238000333e+11,2.624341829e+13
243000,975.9071655,6.310732350e+14,2.593368362e+13,1.973985760e+15,1.855045029e+13,1.112020992e+11,2.138198180e+11,2.586674253e+13
244000,976.5153198,6.111899523e+14,2.499892216e+13,1.937701742e+15,1.846795672e+13,1.108174684e+11,2.042979123e+11,2.549396957e+13
245000,977.1073608,5.919589678e+14,2.409936139e+13,1.902145989e+15,1.838579450e+13,1.104427581e+11,1.952126239e+11,2.512541398e+13
246000,977.6837769,5.733598804e+14,2.323352283e+13,1.867301591e+15,1.830394475e+13,1.100778373e+11,1.865440461e+11,2.476098349e+13
247000,978.2449951,5.553688664e+14,2.240000767e+13,1.833159688e+15,1.822247250e+13,1.097219359e+11,1.782707159e+11,2.440068858e+13
248000,978.7913818,5.379630417e+14,2.159763102e+13,1.799690350e+15,1.814129803e+13,1.093751357e+11,1.703747420e+11,2.404463621e+13
249000,979.3233643,5.211283805e+14,2.082510524e+13,1.766892369e+15,1.806048009e+13,1.090371011e+11,1.628387082e+11,2.369286832e+13
250000,979.8412476,5.048395492e+14,2.008127478e+13,1.734744136e+15,1.798008157e+13,1.087073075e+11,1.556442317e+11,2.334538701e+13
251000,980.34552,4.890779923e+14,1.936502188e+13,1.703224445e+15,1.789988019e+13,1.083856241e+11,1.487765340e+11,2.300214405e+13
252000,980.8364868,4.738277043e+14,1.867521825e+13,1.672325913e+15,1.782015276e+13,1.080713298e+11,1.422198211e+11,2.266322122e+13
253000,981.3145142,4.590695927e+14,1.801091390e+13,1.642035254e+15,1.774067909e+13,1.077647524e+11,1.359590687e+11,2.232865836e+13
254000,981.7799072,4.447906048e+14,1.737106234e+13,1.612338910e+15,1.766165420e+13,1.074653594e+11,1.299810796e+11,2.199835692e+13
255000,982.2330933,4.309693665e+14,1.675469888e+13,1.583217824e+15,1.758286945e+13,1.071728558e+11,1.242720174e+11,2.167238820e+13
256000,982.6743164,4.175939659e+14,1.616099095e+13,1.554665552e+15,1.750445379e+13,1.068867666e+11,1.188199383e+11,2.135065782e+13
257000,983.1038818,4.046462837e+14,1.558895500e+13,1.526664111e+15,1.742646385e+13,1.066071818e+11,1.136127590e+11,2.103327903e+13
258000,983.5222168,3.921150455e+14,1.503782974e+13,1.499207190e+15,1.734882414e+13,1.063338394e+11,1.086387651e+11,2.072014488e+13
259000,983.9295044,3.799849170e+14,1.450679730e+13,1.472278013e+15,1.727146439e+13,1.060662477e+11,1.038874870e+11,2.041124277e+13
260000,984.3260498,3.682411678e+14,1.399512367e+13,1.445864904e+15,1.719450835e+13,1.058043249e+11,9.934870938e+10,2.010655595e+13
261000,984.7121582,3.568723558e+14,1.350203081e+13,1.419957259e+15,1.711791722e+13,1.055482102e+11,9.501233152e+10,1.980610327e+13
262000,985.0881958,3.458660324e+14,1.302679414e+13,1.394549574e+15,1.704171405e+13,1.052972401e+11,9.086929306e+10,1.950985539e+13
263000,985.4542847,3.352090106e+14,1.256882124e+13,1.369626148e+15,1.696579820e+13,1.050513408e+11,8.691093504e+10,1.921772421e+13
264000,985.81073,3.248897477e+14,1.212739276e+13,1.345177046e+15,1.689025669e+13,1.048104468e+11,8.312823808e+10,1.892972233e+13
265000,986.1578979,3.148983787e+14,1.170186804e+13,1.321192070e+15,1.681511783e+13,1.045745009e+11,7.951364096e+10,1.864575117e+13
266000,986.4958496,3.052229917e+14,1.129170600e+13,1.297661689e+15,1.674031137e+13,1.043428557e+11,7.605927117e+10,1.836586526e+13
267000,986.8250122,2.958532186e+14,1.089631001e+13,1.274576777e+15,1.666585933e+13,1.041154458e+11,7.275783782e+10,1.808999750e+13
268000,987.1455078,2.867790935e+14,1.051513166e+13,1.251927803e+15,1.659176275e+13,1.038928282e+11,6.960259072e+10,1.781809126e+13
269000,987.4575806,2.779920099e+14,1.014757117e+13,1.229706045e+15,1.651800906e+13,1.036739379e+11,6.658652570e+10,1.755008886e+13
270000,987.7614746,2.694815993e+14,9.793257341e+12,1.207897946e+15,1.644462866e+13,1.034593485e+11,6.370375270e+10,1.728606477e+13
271000,988.057373,2.612378122e+14,9.451572560e+12,1.186504446e+15,1.637158171e+13,1.032484209e+11,6.094791475e+10,1.702582918e+13
272000,988.34552,2.532521091e+14,9.122141438e+12,1.165508095e+15,1.629889757e+13,1.030410813e+11,5.831331021e+10,1.676941774e+13
273000,988.6261597,2.455180306e+14,8.804430250e+12,1.144905272e+15,1.622659721e+13,1.028373135e+11,5.579483546e+10,1.651680739e+13
274000,988.8994141,2.380264668e+14,8.498090344e+12,1.124683626e+15,1.615461771e+13,1.026372649e+11,5.338675200e+10,1.626784504e+13
275000,989.1655273,2.307687103e+14,8.202625221e+12,1.104839669e+15,1.608304191e+13,1.024402964e+11,5.108453786e+10,1.602266071e+13
276000,989.4246826,2.237381172e+14,7.917670498e+12,1.085366220e+15,1.601174608e+13,1.022467850e+11,4.888306074e+10,1.578104468e+13
277000,989.677002,2.169265172e+14,7.642829292e+12,1.066251401e+15,1.594084767e+13,1.020560998e+11,4.677821235e+10,1.554305883e+13
278000,989.9227295,2.103269308e+14,7.377746133e+12,1.047492461e+15,1.587024809e+13,1.018684047e+11,4.476532326e+10,1.530865071e+13
279000,990.1621094,2.039333352e+14,7.122026234e+12,1.029077788e+15,1.580006166e+13,1.016838308e+11,4.284038758e+10,1.507770184e+13
280000,990.3951416,1.977383817e+14,6.875397489e+12,1.011005103e+15,1.573016987e+13,1.015020012e+11,4.099958784e+10,1.485021957e+13
281000,990.6221313,1.917364669e+14,6.637464584e+12,9.932672908e+14,1.566065138e+13,1.013226701e+11,3.923909427e+10,1.462614832e+13
282000,990.8431396,1.859206953e+14,6.407938638e+12,9.758503932e+14,1.559144851e+13,1.011461898e+11,3.755528602e+10,1.440549018e+13
283000,991.0584106,1.802851110e+14,6.186527621e+12,9.587552826e+14,1.552261054e+13,1.009721508e+11,3.594490266e+10,1.418816232e+13
284000,991.2680054,1.748247144e+14,5.972903854e+12,9.419760534e+14,1.545410707e+13,1.008007250e+11,3.440456090e+10,1.397408924e+13
285000,991.472168,1.695319390e+14,5.766798377e+12,9.255027065e+14,1.538596117e+13,1.006312980e+11,3.293109658e+10,1.376324053e+13
286000,991.6710205,1.644040332e+14,5.567941181e+12,9.093291348e+14,1.531811201e+13,1.004644270e+11,3.152169370e+10,1.355562248e+13
287000,991.8646851,1.594339004e+14,5.376082182e+12,8.934497013e+14,1.525064139e+13,1.002995057e+11,3.017345638e+10,1.335113023e+13
288000,992.0532227,1.546177657e+14,5.190941409e+12,8.778623257e+14,1.518343291e+13,1.001369027e+11,2.888369766e+10,1.314974073e+13
289000,992.2369385,1.499495724e+14,5.012304953e+12,8.625576125e+14,1.511662184e+13,9.997619200e+10,2.764978381e+10,1.295140363e+13
290000,992.4157715,1.454252606e+14,4.839923778e+12,8.475303275e+14,1.505012220e+13,9.981776691e+10,2.646932480e+10,1.275611998e+13
291000,992.5900269,1.410402668e+14,4.673572438e+12,8.327751689e+14,1.498395600e+13,9.966118502e+10,2.533990810e+10,1.256379227e+13
292000,992.7597046,1.367896920e+14,4.513037550e+12,8.182869023e+14,1.491814947e+13,9.950627430e+10,2.425930547e+10,1.237439847e+13
293000,992.9249268,1.326698453e+14,4.358119883e+12,8.040635144e+14,1.485261452e+13,9.935318221e+10,2.322537677e+10,1.218786728e+13
294000,993.0858765,1.286766078e+14,4.208609985e+12,7.900968179e+14,1.478740358e+13,9.920188416e+10,2.223612109e+10,1.200422388e+13
295000,993.2426758,1.248059783e+14,4.064316490e+12,7.763789611e+14,1.472257013e+13,9.905237197e+10,2.128953344e+10,1.182335081e+13
296000,993.3953247,1.210536700e+14,3.925054063e+12,7.629112863e+14,1.465802398e+13,9.890444902e+10,2.038371942e+10,1.164527429e+13
297000,993.5440674,1.174164451e+14,3.790635794e+12,7.496858073e+14,1.459381967e+13,9.875806618e+10,1.951689114e+10,1.146990520e+13
298000,993.6889038,1.138906796e+14,3.660905447e+12,7.366980951e+14,1.452989848e+13,9.861325619e+10,1.868743066e+10,1.129722046e+13
299000,993.8299561,1.104724896e+14,3.535675326e+12,7.239437204e+14,1.446631388e+13,9.846975693e+10,1.789362995e+10,1.112719911e+13
300000,993.9673462,1.071589139e+14,3.414788145e+12,7.114182542e+14,1.440303232e+13,9.832797798e+10,1.713390797e+10,1.095975620e+13
301000,994.1011963,1.039462868e+14,3.298114404e+12,6.991173342e+14,1.434005170e+13,9.818748518e+10,1.640687411e+10,1.079487182e+13
302000,994.2315674,1.008314792e+14,3.185480827e+12,6.870367998e+14,1.427742550e+13,9.804829491e+10,1.571098624e+10,1.063252604e+13
303000,994.3585205,9.781184876e+13,3.076763419e+12,6.751724232e+14,1.421506458e+13,9.791021056e+10,1.504500941e+10,1.047267692e+13
304000,994.4821777,9.488404840e+13,2.971800175e+12,6.635177617e+14,1.415305180e+13,9.777374822e+10,1.440758579e+10,1.031526574e+13
305000,994.6026611,9.204557834e+13,2.870476276e+12,6.520737551e+14,1.409132842e+13,9.763817062e+10,1.379742208e+10,1.016025475e+13
306000,994.7199707,8.929332639e+13,2.772653048e+12,6.408340951e+14,1.402986614e+13,9.750383002e+10,1.321342054e+10,1.000766072e+13
307000,994.8342285,8.662463336e+13,2.678217507e+12,6.297925404e+14,1.396876562e+13,9.737091482e+10,1.265441792e+10,9.857370423e+12
308000,994.9455566,8.403723433e+13,2.587035697e+12,6.189477491e+14,1.390792095e+13,9.723901542e+10,1.211926118e+10,9.709384892e+12
309000,995.0540161,8.152827717e+13,2.499013509e+12,6.082984460e+14,1.384740762e+13,9.710813184e+10,1.160703590e+10,9.563684209e+12
310000,995.159668,7.909537114e+13,2.414020133e+12,5.978363096e+14,1.378717113e+13,9.697826406e+10,1.111668224e+10,9.420197069e+12
311000,995.2625122,7.673615902e+13,2.331960148e+12,5.875602661e+14,1.372726074e+13,9.684938752e+10,1.064725811e+10,9.278925570e+12
312000,995.3627319,7.444835074e+13,2.252729745e+12,5.774646114e+14,1.366762088e+13,9.672168243e+10,1.019783680e+10,9.139829866e+12
313000,995.4603882,7.222977364e+13,2.176221839e+12,5.675504192e+14,1.360824946e+13,9.659475558e+10,9.767617536e+09,9.002843898e+12
314000,995.555481,7.007882550e+13,2.102357656e+12,5.578099384e+14,1.354919680e+13,9.646881178e+10,9.355731968e+09,8.867967664e+12
315000,995.6481323,6.799261644e+13,2.031028797e+12,5.482421960e+14,1.349043356e+13,9.634380186e+10,8.961409024e+09,8.735166038e+12
316000,995.7383423,6.596918352e+13,1.962147447e+12,5.388439371e+14,1.343195972e+13,9.621975040e+10,8.583856640e+09,8.604375056e+12
317000,995.8262939,6.400708392e+13,1.895639024e+12,5.296121083e+14,1.337376794e+13,9.609645261e+10,8.222355456e+09,8.475610448e+12
318000,995.9119263,6.210443857e+13,1.831410205e+12,5.205416094e+14,1.331583412e+13,9.597408051e+10,7.876232192e+09,8.348807201e+12
319000,995.9953003,6.025894901e+13,1.769388507e+12,5.116315679e+14,1.325820753e+13,9.585244570e+10,7.544826368e+09,8.223936479e+12
320000,996.0765991,5.846886200e+13,1.709490307e+12,5.028789305e+14,1.320085671e+13,9.573135155e+10,7.227490304e+09,8.100980457e+12
321000,996.1557617,5.673294024e+13,1.651651903e+12,4.942808113e+14,1.314378272e+13,9.561152717e+10,6.923648000e+09,7.979911348e+12
322000,996.2328491,5.504951858e+13,1.595785740e+12,4.858325800e+14,1.308698450e+13,9.549203866e+10,6.632681984e+09,7.860696646e+12
323000,996.3079834,5.341655859e+13,1.541838864e+12,4.775333642e+14,1.303047989e+13,9.537326285e+10,6.354088960e+09,7.743308038e+12
324000,996.3811646,5.183253355e+13,1.489735516e+12,4.693786003e+14,1.297422064e+13,9.525536358e+10,6.087279616e+09,7.627702534e+12
325000,996.4525146,5.029634454e+13,1.439414878e+12,4.613675167e+14,1.291825290e+13,9.513797222e+10,5.831796224e+09,7.513865454e+12
326000,996.5219116,4.880651937e+13,1.390817837e+12,4.534974291e+14,1.286252737e+13,9.502144922e+10,5.587141632e+09,7.401784738e+12
327000,996.5895996,4.736109511e+13,1.343879381e+12,4.457657873e+14,1.280708811e+13,9.490540954e+10,5.352831488e+09,7.291414774e+12
328000,996.6555176,4.595925805e+13,1.298542100e+12,4.381684305e+14,1.275191204e+13,9.479005798e+10,5.128444928e+09,7.182704181e+12
329000,996.7197266,4.459932628e+13,1.254753174e+12,4.307045871e+14,1.269702014e+13,9.467535360e+10,4.913548288e+09,7.075680748e+12
330000,996.7823486,4.328036447e+13,1.212459123e+12,4.233717739e+14,1.264238199e+13,9.456131277e+10,4.707735040e+09,6.970276315e+12
331000,996.8432617,4.200064457e+13,1.171603849e+12,4.161661323e+14,1.258800284e+13,9.444756685e+10,4.510619648e+09,6.866479874e+12
332000,996.9026489,4.075944935e+13,1.132144230e+12,4.090853135e+14,1.253389946e+13,9.433464832e+10,4.321830400e+09,6.764265210e+12
333000,996.9605103,3.955559183e+13,1.094029869e+12,4.021301228e+14,1.248004879e+13,9.422218035e+10,4.141028352e+09,6.663620788e+12
334000,997.0169067,3.838749914e+13,1.057210368e+12,3.952953591e+14,1.242642357e+13,9.411035136e+10,3.967840512e+09,6.564508336e+12
335000,997.0717773,3.725438275e+13,1.021647061e+12,3.885788081e+14,1.237309404e+13,9.399878451e+10,3.801960192e+09,6.466892726e+12
336000,997.1253052,3.615517730e+13,9.872927621e+11,3.819798321e+14,1.231998681e+13,9.388802867e+10,3.643074816e+09,6.370760851e+12
337000,997.1774292,3.508885311e+13,9.541059215e+11,3.754962836e+14,1.226717318e+13,9.377753498e+10,3.490901248e+09,6.276102750e+12
338000,997.2282104,3.405441820e+13,9.220464968e+11,3.691246730e+14,1.221457766e+13,9.366763930e+10,3.345120512e+09,6.182883820e+12
339000,997.27771,3.305076739e+13,8.910755594e+11,3.628644635e+14,1.216224743e+13,9.355818598e+10,3.205486336e+09,6.091091476e+12
340000,997.3259277,3.207711005e+13,8.611591619e+11,3.567136082e+14,1.211015522e+13,9.344933069e+10,3.071726080e+09,6.000681157e+12
341000,997.3728638,3.113252762e+13,8.322546401e+11,3.506687517e+14,1.205832725e+13,9.334072934e+10,2.943607296e+09,5.911642898e+12
342000,997.4186401,3.021614560e+13,8.043334861e+11,3.447280821e+14,1.200673417e+13,9.323253760e+10,2.820873216e+09,5.823966216e+12
343000,997.4632568,2.932699300e+13,7.773588685e+11,3.388910625e+14,1.195539694e+13,9.312492749e+10,2.703290624e+09,5.737618080e+12
344000,997.5067139,2.846436517e+13,7.512997888e+11,3.331545052e+14,1.190429458e+13,9.301774336e+10,2.590666752e+09,5.652590100e+12
345000,997.5490112,2.762745682e+13,7.261206610e+11,3.275179070e+14,1.185342502e+13,9.291078042e+10,2.482761472e+09,5.568849248e+12
346000,997.590271,2.681538924e+13,7.017954673e+11,3.219794894e+14,1.180280711e+13,9.280439091e+10,2.379389440e+09,5.486364590e+12
347000,997.6304321,2.602751859e+13,6.782937334e+11,3.165362997e+14,1.175241779e+13,9.269840282e+10,2.280354304e+09,5.405139272e+12
348000,997.6696167,2.526301232e+13,6.555870822e+11,3.111878346e+14,1.170227698e+13,9.259262771e+10,2.185480704e+09,5.325151797e+12
349000,997.7077637,2.452127062e+13,6.336496927e+11,3.059311748e+14,1.165236267e+13,9.248740966e+10,2.094584704e+09,5.246363894e+12
350000,997.7449341,2.380160146e+13,6.124528599e+11,3.007647433e+14,1.160269477e+13,9.238242918e+10,2.007497728e+09,5.168786047e+12
351000,997.781189,2.310324984e+13,5.919735808e+11,2.956881374e+14,1.155324917e+13,9.227780915e+10,1.924062848e+09,5.092369498e+12
352000,997.8164673,2.242566632e+13,5.721861652e+11,2.906997130e+14,1.150406990e+13,9.217357414e+10,1.844125568e+09,5.017106383e+12
353000,997.8508911,2.176822595e+13,5.530659062e+11,2.857967857e+14,1.145508777e+13,9.206971597e+10,1.767531008e+09,4.942979400e+12
354000,997.8843994,2.113023875e+13,5.345911439e+11,2.809778457e+14,1.140632479e+13,9.196623462e+10,1.694148480e+09,4.869980160e+12
355000,997.9170532,2.051120143e+13,5.167399895e+11,2.762435806e+14,1.135782291e+13,9.186294170e+10,1.623829376e+09,4.798089789e+12
356000,997.9488525,1.991047014e+13,4.994918973e+11,2.715893099e+14,1.130951501e+13,9.176002560e+10,1.556460160e+09,4.727283646e+12
357000,997.9798584,1.932756674e+13,4.828245852e+11,2.670157379e+14,1.126146297e+13,9.165747814e+10,1.491904256e+09,4.657543381e+12
358000,998.0100708,1.876188935e+13,4.667191132e+11,2.625213885e+14,1.121362588e+13,9.155528294e+10,1.430048640e+09,4.588862177e+12
359000,998.0395508,1.821298917e+13,4.511564104e+11,2.581028558e+14,1.116602053e+13,9.145327616e+10,1.370774400e+09,4.521213821e+12
360000,998.0682373,1.768029579e+13,4.361171108e+11,2.537608444e+14,1.111862700e+13,9.135162163e+10,1.313978112e+09,4.454574719e+12
361000,998.0961914,1.716345792e+13,4.215850926e+11,2.494939451e+14,1.107146310e+13,9.125015552e+10,1.259552896e+09,4.388954833e+12
362000,998.1234131,1.666183699e+13,4.075414815e+11,2.453008828e+14,1.102448689e+13,9.114903347e+10,1.207403520e+09,4.324321395e+12
363000,998.1499634,1.617507123e+13,3.939697295e+11,2.411784195e+14,1.097775815e+13,9.104827187e+10,1.157427456e+09,4.260658676e+12
364000,998.1758423,1.570262588e+13,3.808559759e+11,2.371272431e+14,1.093123598e+13,9.094784614e+10,1.109533184e+09,4.197952258e+12
365000,998.2010498,1.524419474e+13,3.681824932e+11,2.331460113e+14,1.088493820e+13,9.084758426e+10,1.063637824e+09,4.136194802e+12
366000,998.2255859,1.479927031e+13,3.559344046e+11,2.292318219e+14,1.083884595e+13,9.074751078e+10,1.019657216e+09,4.075364286e+12
367000,998.2495728,1.436747615e+13,3.440985047e+11,2.253860168e+14,1.079299382e+13,9.064777318e+10,9.775068160e+08,4.015453897e+12
368000,998.2728882,1.394844946e+13,3.326583112e+11,2.216057273e+14,1.074732204e+13,9.054836326e+10,9.371138560e+08,3.956434272e+12
369000,998.2956543,1.354172885e+13,3.216036004e+11,2.178898292e+14,1.070187256e+13,9.044912538e+10,8.984007040e+08,3.898314326e+12
370000,998.3178101,1.314705008e+13,3.109193646e+11,2.142371481e+14,1.065661917e+13,9.035020698e+10,8.613005440e+08,3.841057096e+12
371000,998.3393555,1.276398115e+13,3.005937418e+11,2.106482713e+14,1.061160485e+13,9.025146061e+10,8.257455360e+08,3.784665465e+12
372000,998.3604126,1.239219700e+13,2.906144768e+11,2.071196084e+14,1.056678556e+13,9.015304192e+10,7.916662400e+08,3.729117413e+12
373000,998.3809204,1.203138724e+13,2.809693471e+11,2.036517131e+14,1.052216236e+13,9.005477888e+10,7.590053760e+08,3.674407961e+12
374000,998.4009399,1.168115447e+13,2.716464906e+11,2.002427566e+14,1.047775203e+13,8.995667149e+10,7.277020800e+08,3.620516659e+12
375000,998.4204102,1.134125436e+13,2.626376991e+11,1.968924873e+14,1.043355455e+13,8.985905562e+10,6.976995200e+08,3.567430926e+12
376000,998.4393921,1.101135348e+13,2.539301765e+11,1.935990764e+14,1.038955001e+13,8.976141517e+10,6.689431680e+08,3.515139228e+12
377000,998.4578857,1.069115612e+13,2.455128637e+11,1.903615845e+14,1.034573421e+13,8.966410240e+10,6.413809280e+08,3.463635010e+12
378000,998.4758911,1.038035504e+13,2.373783552e+11,1.871797766e+14,1.030214805e+13,8.956710912e+10,6.149628800e+08,3.412900708e+12
379000,998.4934692,1.007870909e+13,2.295151657e+11,1.840525959e+14,1.025875064e+13,8.947009126e+10,5.896410240e+08,3.362930033e+12
380000,998.5106201,9.785887949e+12,2.219150868e+11,1.809777604e+14,1.021555874e+13,8.937355674e+10,5.653696000e+08,3.313704894e+12
381000,998.5272827,9.501706027e+12,2.145692549e+11,1.779557570e+14,1.017255559e+13,8.927682560e+10,5.421037440e+08,3.265220575e+12
382000,998.5435791,9.225850847e+12,2.074690191e+11,1.749855787e+14,1.012973594e+13,8.918056960e+10,5.198045120e+08,3.217453220e+12
383000,998.5594482,8.958092771e+12,2.006057452e+11,1.720650783e+14,1.008715851e+13,8.908479693e+10,4.984274560e+08,3.170404139e+12
384000,998.5748901,8.698177520e+12,1.939721748e+11,1.691953294e+14,1.004474466e+13,8.898882765e+10,4.779379840e+08,3.124061798e+12
385000,998.5899658,8.445901144e+12,1.875587564e+11,1.663735134e+14,1.000253214e+13,8.889316147e+10,4.582952960e+08,3.078404440e+12
386000,998.6046143,8.201009365e+12,1.813602304e+11,1.636000498e+14,9.960483193e+12,8.879781478e+10,4.394651200e+08,3.033438618e+12
387000,998.6189575,7.963280933e+12,1.753679626e+11,1.608734957e+14,9.918632428e+12,8.870259917e+10,4.214135680e+08,2.989136282e+12
388000,998.6328735,7.732550173e+12,1.695759892e+11,1.581936833e+14,9.877018640e+12,8.860733440e+10,4.041121920e+08,2.945493238e+12
389000,998.6464844,7.508549698e+12,1.639769375e+11,1.555591363e+14,9.835562140e+12,8.851238912e+10,3.875241600e+08,2.902510797e+12
390000,998.659729,7.291125367e+12,1.585646305e+11,1.529690996e+14,9.794303820e+12,8.841790259e+10,3.716236160e+08,2.860155929e+12
391000,998.6726074,7.080052785e+12,1.533321871e+11,1.504233887e+14,9.753221661e+12,8.832337510e+10,3.563789760e+08,2.818442265e+12
392000,998.6851807,6.875144782e+12,1.482741514e+11,1.479206614e+14,9.712333488e+12,8.822898688e+10,3.417637440e+08,2.777353552e+12
393000,998.6974487,6.676259275e+12,1.433849201e+11,1.454607331e+14,9.671638254e+12,8.813489357e+10,3.277542080e+08,2.736870392e+12
394000,998.7094116,6.483165577e+12,1.386580214e+11,1.430422953e+14,9.631114985e+12,8.804076749e+10,3.143208320e+08,2.696992784e+12
395000,998.7210693,6.295718461e+12,1.340882616e+11,1.406641148e+14,9.590783607e+12,8.794726400e+10,3.014427840e+08,2.657702380e+12
396000,998.7324219,6.113751728e+12,1.296706437e+11,1.383271058e+14,9.550642020e+12,8.785353933e+10,2.890962560e+08,2.619010187e+12
397000,998.7435303,5.937102324e+12,1.253997855e+11,1.360294650e+14,9.510671352e+12,8.776028160e+10,2.772597120e+08,2.580881867e+12
398000,998.7543335,5.765602476e+12,1.212710175e+11,1.337705630e+14,9.470888378e+12,8.766681907e+10,2.659104640e+08,2.543319253e+12
399000,998.7648315,5.599101190e+12,1.172793426e+11,1.315502071e+14,9.431275274e+12,8.757380710e+10,2.550297120e+08,2.506323132e+12
400000,998.7750854,5.437482074e+12,1.134199521e+11,1.293667361e+14,9.391829942e+12,8.748092621e+10,2.445966240e+08,2.469875417e+12
401000,998.7850952,5.280550093e+12,1.096890450e+11,1.272209890e+14,9.352605860e+12,8.738816000e+10,2.345939520e+08,2.433967194e+12
402000,998.7947998,5.128226603e+12,1.060823204e+11,1.251108853e+14,9.313529627e+12,8.729551667e+10,2.250038240e+08,2.398591123e+12
403000,998.8043213,4.980316570e+12,1.025949860e+11,1.230367355e+14,9.274635846e+12,8.720316006e+10,2.158078560e+08,2.363738554e+12
404000,998.8135986,4.836729815e+12,9.922327347e+10,1.209979356e+14,9.235925565e+12,8.711109018e+10,2.069909280e+08,2.329406341e+12
405000,998.8226318,4.697319539e+12,9.596349645e+10,1.189929420e+14,9.197377815e+12,8.701879910e+10,1.985361600e+08,2.295586619e+12
406000,998.8314209,4.561972494e+12,9.281152614e+10,1.170220902e+14,9.159013564e+12,8.692679475e+10,1.904293280e+08,2.262267068e+12
407000,998.8399658,4.430568096e+12,8.976414310e+10,1.150848015e+14,9.120808698e+12,8.683507712e+10,1.826563680e+08,2.229435892e+12
408000,998.8483276,4.302982611e+12,8.681766912e+10,1.131796078e+14,9.082799915e+12,8.674363802e+10,1.752020480e+08,2.197094400e+12
409000,998.8565063,4.179111444e+12,8.396904038e+10,1.113068111e+14,9.044934787e+12,8.665197773e+10,1.680551840e+08,2.165238530e+12
410000,998.8644409,4.058838991e+12,8.121452134e+10,1.094658829e+14,9.007245820e+12,8.656076800e+10,1.612014240e+08,2.133845475e+12
411000,998.8721924,3.942072975e+12,7.855111373e+10,1.076554139e+14,8.969734062e+12,8.646950093e+10,1.546286720e+08,2.102915629e+12
412000,998.8796997,3.828681802e+12,7.597566362e+10,1.058757228e+14,8.932396368e+12,8.637868442e+10,1.483259520e+08,2.072450826e+12
413000,998.887085,3.718609633e+12,7.348563968e+10,1.041262729e+14,8.895232737e+12,8.628781056e+10,1.422825920e+08,2.042434814e+12
414000,998.8942261,3.611716223e+12,7.107792077e+10,1.024057470e+14,8.858208567e+12,8.619705139e+10,1.364865120e+08,2.012858286e+12
415000,998.9012451,3.507936559e+12,6.874987725e+10,1.007144387e+14,8.821357412e+12,8.610639872e+10,1.309285760e+08,1.983725437e+12
416000,998.9080811,3.407171813e+12,6.649861734e+10,9.905108139e+13,8.784693953e+12,8.601618842e+10,1.255986640e+08,1.955018310e+12
417000,998.9147339,3.309321322e+12,6.432182272e+10,9.741632093e+13,8.748184109e+12,8.592591258e+10,1.204871200e+08,1.926734152e+12
418000,998.9212036,3.214317715e+12,6.221711770e+10,9.580894098e+13,8.711827882e+12,8.583575962e+10,1.155853920e+08,1.898874274e+12
419000,998.9274902,3.122072388e+12,6.018164326e+10,9.422844659e+13,8.675625271e+12,8.574587699e+10,1.108841520e+08,1.871424520e+12
420000,998.9336548,3.032491753e+12,5.821331866e+10,9.267440154e+13,8.639622414e+12,8.565592883e+10,1.063751680e+08,1.844375323e+12
421000,998.9396973,2.945510277e+12,5.631012864e+10,9.114668838e+13,8.603770552e+12,8.556642304e+10,1.020512880e+08,1.817727861e+12
422000,998.9455566,2.861051150e+12,5.446948864e+10,8.964487088e+13,8.568052384e+12,8.547668787e+10,9.790412000e+07,1.791472304e+12
423000,998.9512329,2.779035730e+12,5.268972749e+10,8.816780820e+13,8.532516667e+12,8.538740326e+10,9.392693600e+07,1.765606687e+12
424000,998.9567871,2.699397431e+12,5.096860467e+10,8.671576035e+13,8.497129849e+12,8.529820877e+10,9.011236000e+07,1.740121309e+12
425000,998.9622192,2.622066524e+12,4.930418278e+10,8.528763681e+13,8.461922861e+12,8.520895693e+10,8.645386400e+07,1.715010535e+12
426000,998.9675293,2.546980356e+12,4.769466778e+10,8.388400800e+13,8.426831217e+12,8.512013926e+10,8.294502400e+07,1.690268729e+12
427000,998.9726562,2.474054517e+12,4.613805261e+10,8.250349816e+13,8.391933034e+12,8.503127245e+10,7.957936800e+07,1.665896940e+12
428000,998.9776611,2.403244442e+12,4.463292826e+10,8.114664417e+13,8.357181653e+12,8.494250394e+10,7.635159200e+07,1.641876685e+12
429000,998.982605,2.334474109e+12,4.317706650e+10,7.981210382e+13,8.322574451e+12,8.485399757e+10,7.325530400e+07,1.618212159e+12
430000,998.9873657,2.267698692e+12,4.176918528e+10,7.850013716e+13,8.288127681e+12,8.476542566e+10,7.028539200e+07,1.594898252e+12
431000,998.9920044,2.202850034e+12,4.040759706e+10,7.720975432e+13,8.253840294e+12,8.467712410e+10,6.743693600e+07,1.571923296e+12
432000,998.996582,2.139876360e+12,3.909084365e+10,7.594143344e+13,8.219695514e+12,8.458892083e+10,6.470465200e+07,1.549288210e+12
433000,999.0009766,2.078723015e+12,3.781729894e+10,7.469398333e+13,8.185708544e+12,8.450114355e+10,6.208402800e+07,1.526985261e+12
434000,999.0053101,2.019329442e+12,3.658573414e+10,7.346759691e+13,8.151878861e+12,8.441314509e+10,5.957024000e+07,1.505014972e+12
435000,999.0095215,1.961651470e+12,3.539455181e+10,7.226161147e+13,8.118204891e+12,8.432541696e+10,5.715855600e+07,1.483360829e+12
436000,999.0136108,1.905635754e+12,3.424248013e+10,7.107571664e+13,8.084656226e+12,8.423777894e+10,5.484546400e+07,1.462026764e+12
437000,999.0176392,1.851244413e+12,3.312822886e+10,6.990955586e+13,8.051276906e+12,8.415023923e+10,5.262678400e+07,1.441005437e+12
438000,999.0215454,1.798412829e+12,3.205060198e+10,6.876305784e+13,8.018037047e+12,8.406296166e+10,5.049824800e+07,1.420291736e+12
439000,999.0253296,1.747112296e+12,3.100839117e+10,6.763589540e+13,7.984949232e+12,8.397562675e+10,4.845654800e+07,1.399886578e+12
440000,999.0290527,1.697278460e+12,3.000018534e+10,6.652721292e+13,7.952000352e+12,8.388854579e+10,4.649783600e+07,1.379777511e+12
441000,999.0326538,1.648891527e+12,2.902521037e+10,6.543721589e+13,7.919201419e+12,8.380157133e+10,4.461908400e+07,1.359965061e+12
442000,999.0361938,1.601890157e+12,2.808218624e+10,6.436531709e+13,7.886554530e+12,8.371468698e+10,4.281656000e+07,1.340439790e+12
443000,999.0396118,1.556243677e+12,2.717001318e+10,6.331148298e+13,7.854043431e+12,8.362790093e+10,4.108741200e+07,1.321202483e+12
444000,999.0429688,1.511918141e+12,2.628776960e+10,6.227514311e+13,7.821696434e+12,8.354136883e+10,3.942862800e+07,1.302246326e+12
445000,999.0462646,1.468860727e+12,2.543437210e+10,6.125576480e+13,7.789467402e+12,8.345477120e+10,3.783731600e+07,1.283567387e+12
446000,999.0494385,1.427046138e+12,2.460900966e+10,6.025377586e+13,7.757402997e+12,8.336859136e+10,3.631064800e+07,1.265163436e+12
447000,999.0525513,1.386429940e+12,2.381061530e+10,5.926818223e+13,7.725470188e+12,8.328235418e+10,3.484584800e+07,1.247028445e+12
448000,999.055603,1.346982511e+12,2.303830016e+10,5.829916006e+13,7.693670023e+12,8.319605146e+10,3.344071600e+07,1.229157958e+12
449000,999.0585327,1.308667937e+12,2.229133312e+10,5.734620604e+13,7.662000407e+12,8.311016653e+10,3.209261600e+07,1.211550925e+12
450000,999.0614014,1.271455023e+12,2.156871270e+10,5.640905591e+13,7.630492271e+12,8.302436352e+10,3.079921600e+07,1.194198041e+12
451000,999.064209,1.235309953e+12,2.086983680e+10,5.548764255e+13,7.599127265e+12,8.293867520e+10,2.955833600e+07,1.177100747e+12
452000,999.0669556,1.200204022e+12,2.019375923e+10,5.458149619e+13,7.567892283e+12,8.285290496e+10,2.836772600e+07,1.160252752e+12
453000,999.0696411,1.166106821e+12,1.953977139e+10,5.369035679e+13,7.536800432e+12,8.276753613e+10,2.722549200e+07,1.143652352e+12
454000,999.0722656,1.132987154e+12,1.890714624e+10,5.281417820e+13,7.505836507e+12,8.268212634e+10,2.612954600e+07,1.127292076e+12
455000,999.0747681,1.100820775e+12,1.829521613e+10,5.195250322e+13,7.475016237e+12,8.259695411e+10,2.507810800e+07,1.111171924e+12
456000,999.0772705,1.069571703e+12,1.770322330e+10,5.110507602e+13,7.444335428e+12,8.251188019e+10,2.406911200e+07,1.095286587e+12
457000,999.0797119,1.039219753e+12,1.713055130e+10,5.027167426e+13,7.413795652e+12,8.242674074e+10,2.310111400e+07,1.079632593e+12
458000,999.0820312,1.009740612e+12,1.657656320e+10,4.945225184e+13,7.383367549e+12,8.234201088e+10,2.217225800e+07,1.064208564e+12
459000,999.0843506,9.811016417e+11,1.604064563e+10,4.864618376e+13,7.353093063e+12,8.225705165e+10,2.128095600e+07,1.049006768e+12
460000,999.0866089,9.532858696e+11,1.552223334e+10,4.785361684e+13,7.322928153e+12,8.217250202e+10,2.042583200e+07,1.034028122e+12
461000,999.0887451,9.262658355e+11,1.502071910e+10,4.707434136e+13,7.292916335e+12,8.208804250e+10,1.960525800e+07,1.019269480e+12
462000,999.0908813,9.000203059e+11,1.453554790e+10,4.630792529e+13,7.263041880e+12,8.200351744e+10,1.881790400e+07,1.004725142e+12
463000,999.0929565,8.745251635e+11,1.406620877e+10,4.555416731e+13,7.233289585e+12,8.191925453e+10,1.806237400e+07,9.903922217e+11
464000,999.0950317,8.497602888e+11,1.361212723e+10,4.481285768e+13,7.203673080e+12,8.183521280e+10,1.733741400e+07,9.762656748e+11
465000,999.0969849,8.257031373e+11,1.317283226e+10,4.408394609e+13,7.174178734e+12,8.175096627e+10,1.664170900e+07,9.623461560e+11
466000,999.098877,8.023347692e+11,1.274781286e+10,4.336689985e+13,7.144819655e+12,8.166712115e+10,1.597416500e+07,9.486307164e+11
467000,999.100769,7.796336230e+11,1.233667174e+10,4.266200416e+13,7.115593220e+12,8.158335795e+10,1.533354600e+07,9.351124091e+11
468000,999.1026001,7.575821353e+11,1.193890406e+10,4.196856697e+13,7.086487896e+12,8.149969306e+10,1.471884400e+07,9.217922171e+11
469000,999.1044312,7.361585480e+11,1.155405107e+10,4.128672667e+13,7.057501061e+12,8.141595443e+10,1.412889100e+07,9.086650941e+11
470000,999.1061401,7.153476567e+11,1.118173184e+10,4.061595899e+13,7.028660503e+12,8.133246976e+10,1.356276700e+07,8.957284844e+11
471000,999.1078491,6.951330775e+11,1.082151424e+10,3.995655332e+13,6.999937384e+12,8.124922266e+10,1.301952600e+07,8.829810770e+11
472000,999.1094971,6.754923971e+11,1.047298253e+10,3.930785955e+13,6.971332755e+12,8.116591002e+10,1.249816500e+07,8.704168428e+11
473000,999.111145,6.564141466e+11,1.013579059e+10,3.866999510e+13,6.942884889e+12,8.108268749e+10,1.199781700e+07,8.580363059e+11
474000,999.1127319,6.378795827e+11,9.809548288e+09,3.804262445e+13,6.914526675e+12,8.099970253e+10,1.151765500e+07,8.458350756e+11
475000,999.1142578,6.198743532e+11,9.493900288e+09,3.742558399e+13,6.886310543e+12,8.091682406e+10,1.105685700e+07,8.338106614e+11
476000,999.1157227,6.023819428e+11,9.188477952e+09,3.681868918e+13,6.858210804e+12,8.083401933e+10,1.061457700e+07,8.219603763e+11
477000,999.1171875,5.853877371e+11,8.892983296e+09,3.622191906e+13,6.830238466e+12,8.075130470e+10,1.019016300e+07,8.102831063e+11
478000,999.1186523,5.688783012e+11,8.607057920e+09,3.563495904e+13,6.802393530e+12,8.066881946e+10,9.782794000e+06,7.987747881e+11
479000,999.1200562,5.528386929e+11,8.330437120e+09,3.505764554e+13,6.774661841e+12,8.058627686e+10,9.391854000e+06,7.874329313e+11
480000,999.1213989,5.372555100e+11,8.062768128e+09,3.448995131e+13,6.747043922e+12,8.050398822e+10,9.016606000e+06,7.762551767e+11
481000,999.1226807,5.221175460e+11,7.803774464e+09,3.393158483e+13,6.719551832e+12,8.042177331e+10,8.656500000e+06,7.652404101e+11
482000,999.1240234,5.074090394e+11,7.553172992e+09,3.338238462e+13,6.692183998e+12,8.033964032e+10,8.310855000e+06,7.543848960e+11
483000,999.1252441,4.931186524e+11,7.310688256e+09,3.284220388e+13,6.664941470e+12,8.025760563e+10,7.979087500e+06,7.436848988e+11
484000,999.1264648,4.792371773e+11,7.076069376e+09,3.231101115e+13,6.637810090e+12,8.017564467e+10,7.660711000e+06,7.331421880e+11
485000,999.1276855,4.657473126e+11,6.849020416e+09,3.178841218e+13,6.610800869e+12,8.009392947e+10,7.355065500e+06,7.227502756e+11
486000,999.1288452,4.526424392e+11,6.629344256e+09,3.127450342e+13,6.583914856e+12,8.001230438e+10,7.061750500e+06,7.125085061e+11
487000,999.1300049,4.399096136e+11,6.416751104e+09,3.076902693e+13,6.557138420e+12,7.993075302e+10,6.780171000e+06,7.024158966e+11
488000,999.1311035,4.275391037e+11,6.211059200e+09,3.027195334e+13,6.530483618e+12,7.984915251e+10,6.509919000e+06,6.924689736e+11
489000,999.1322021,4.155195720e+11,6.012018176e+09,2.978302470e+13,6.503949402e+12,7.976792883e+10,6.250510500e+06,6.826640671e+11
490000,999.1332397,4.038418760e+11,5.819400704e+09,2.930210471e+13,6.477523714e+12,7.968663962e+10,6.001519500e+06,6.730032087e+11
491000,999.1342773,3.924960870e+11,5.633007104e+09,2.882917657e+13,6.451205505e+12,7.960558797e+10,5.762512500e+06,6.634816799e+11
492000,999.1353149,3.814705070e+11,5.452636160e+09,2.836387960e+13,6.425005785e+12,7.952447078e+10,5.533067000e+06,6.540960727e+11
493000,999.1362915,3.707581891e+11,5.278100992e+09,2.790630815e+13,6.398926127e+12,7.944373862e+10,5.312839000e+06,6.448469770e+11
494000,999.137207,3.603508756e+11,5.109192704e+09,2.745622944e+13,6.372951851e+12,7.936294093e+10,5.101453500e+06,6.357311160e+11
495000,999.1381836,3.502376550e+11,4.945736704e+09,2.701350926e+13,6.347095015e+12,7.928221696e+10,4.898507000e+06,6.267463926e+11
496000,999.1390991,3.404115476e+11,4.787565056e+09,2.657813503e+13,6.321355096e+12,7.920143565e+10,4.703705500e+06,6.178922824e+11
497000,999.1399536,3.308636733e+11,4.634478080e+09,2.614978167e+13,6.295732617e+12,7.912103936e+10,4.516703500e+06,6.091644600e+11
498000,999.1408081,3.215866266e+11,4.486338048e+09,2.572852470e+13,6.270213423e+12,7.904073318e+10,4.337193500e+06,6.005633843e+11
499000,999.1416626,3.125721170e+11,4.342983168e+09,2.531425296e+13,6.244798038e+12,7.896050074e+10,4.164865500e+06,5.920859095e+11
500000,999.1425171,3.038119854e+11,4.204240640e+09,2.490664979e+13,6.219497472e+12,7.888020275e+10,3.999408250e+06,5.837304627e+11
501000,999.1433105,2.953013494e+11,4.069977344e+09,2.450580118e+13,6.194311725e+12,7.880029798e+10,3.840604000e+06,5.754951434e+11
502000,999.144104,2.870307717e+11,3.940031744e+09,2.411158758e+13,6.169239749e+12,7.872031949e+10,3.688133500e+06,5.673791652e+11
503000,999.1448364,2.789939610e+11,3.814271744e+09,2.372372379e+13,6.144269484e+12,7.864056218e+10,3.541757250e+06,5.593787924e+11
504000,999.1456299,2.711847895e+11,3.692561152e+09,2.334218253e+13,6.119399883e+12,7.856074752e+10,3.401235250e+06,5.514954015e+11
505000,999.1463623,2.635961795e+11,3.574775040e+09,2.296695544e+13,6.094654538e+12,7.848117043e+10,3.266326500e+06,5.437241426e+11
506000,999.1470337,2.562219377e+11,3.460766208e+09,2.259784955e+13,6.070009332e+12,7.840166707e+10,3.136798750e+06,5.360645243e+11
507000,999.1477661,2.490558546e+11,3.350431488e+09,2.223476215e+13,6.045464265e+12,7.832224563e+10,3.012453250e+06,5.285147771e+11
508000,999.1484375,2.420929987e+11,3.243645440e+09,2.187767641e+13,6.021041357e+12,7.824305357e+10,2.893059250e+06,5.210733609e+11
509000,999.1491089,2.353265377e+11,3.140299008e+09,2.152640991e+13,5.996705481e+12,7.816364032e+10,2.778445000e+06,5.137406362e+11
510000,999.1497192,2.287505900e+11,3.040262912e+09,2.118078440e+13,5.972490715e+12,7.808462848e+10,2.668392000e+06,5.065111634e+11
511000,999.1503296,2.223605023e+11,2.943452928e+09,2.084094876e+13,5.948374516e+12,7.800568218e+10,2.562727000e+06,4.993871708e+11
512000,999.1509399,2.161509499e+11,2.849741824e+09,2.050656537e+13,5.924355834e+12,7.792666214e+10,2.461284500e+06,4.923634811e+11
513000,999.1515503,2.101164442e+11,2.759051008e+09,2.017770342e+13,5.900444631e+12,7.784803533e+10,2.363879500e+06,4.854421914e+11
514000,999.1521606,2.042519552e+11,2.671261696e+09,1.985419305e+13,5.876663976e+12,7.776932659e+10,2.270359750e+06,4.786200576e+11
515000,999.15271,1.985530429e+11,2.586295552e+09,1.953594619e+13,5.852945711e+12,7.769070797e+10,2.180565000e+06,4.718956052e+11
516000,999.1532593,1.930146284e+11,2.504055296e+09,1.922287475e+13,5.829345935e+12,7.761217126e+10,2.094341375e+06,4.652674580e+11
517000,999.1538086,1.876317635e+11,2.424449280e+09,1.891496616e+13,5.805863076e+12,7.753385574e+10,2.011558125e+06,4.587341087e+11
518000,999.1543579,1.824011223e+11,2.347400704e+09,1.861206103e+13,5.782463578e+12,7.745563034e+10,1.932065625e+06,4.522942464e+11
519000,999.1548462,1.773176422e+11,2.272817920e+09,1.831407968e+13,5.759170511e+12,7.737747866e+10,1.855733750e+06,4.459464950e+11
520000,999.1553345,1.723771617e+11,2.200626176e+09,1.802093822e+13,5.735981777e+12,7.729940890e+10,1.782443375e+06,4.396895437e+11
521000,999.1558228,1.675756012e+11,2.130751872e+09,1.773262407e+13,5.712886890e+12,7.722156032e+10,1.712063750e+06,4.335236547e+11
522000,999.156311,1.629090447e+11,2.063107712e+09,1.744899148e+13,5.689895289e+12,7.714363802e+10,1.644481875e+06,4.274442732e+11
523000,999.1567993,1.583742321e+11,1.997641728e+09,1.716996286e+13,5.666995962e+12,7.706581402e+10,1.579594875e+06,4.214533325e+11
524000,999.1572266,1.539665592e+11,1.934260608e+09,1.689546167e+13,5.644200444e+12,7.698820301e+10,1.517273875e+06,4.155463762e+11
525000,999.1577148,1.496829788e+11,1.872915328e+09,1.662547743e+13,5.621506114e+12,7.691067392e+10,1.457436750e+06,4.097253048e+11
526000,999.1581421,1.455196897e+11,1.813529344e+09,1.635980880e+13,5.598904582e+12,7.683321856e+10,1.399975500e+06,4.039873331e+11
527000,999.1585693,1.414732677e+11,1.756040064e+09,1.609857009e+13,5.576404238e+12,7.675584512e+10,1.344792625e+06,3.983297413e+11
528000,999.1589355,1.375406981e+11,1.700392448e+09,1.584150440e+13,5.553994072e+12,7.667856179e+10,1.291802125e+06,3.927544627e+11
529000,999.1593628,1.337184338e+11,1.646527104e+09,1.558860439e+13,5.531695579e+12,7.660163072e+10,1.240913750e+06,3.872585810e+11
530000,999.15979,1.300033946e+11,1.594374400e+09,1.533986063e+13,5.509485691e+12,7.652450304e+10,1.192043750e+06,3.818410803e+11
531000,999.1601562,1.263925494e+11,1.543897216e+09,1.509514520e+13,5.487365456e+12,7.644744909e+10,1.145111625e+06,3.765022884e+11
532000,999.1605225,1.228831621e+11,1.495023616e+09,1.485438994e+13,5.465344836e+12,7.637061632e+10,1.100039750e+06,3.712381092e+11
533000,999.1608887,1.194723492e+11,1.447716608e+09,1.461753193e+13,5.443423306e+12,7.629385728e+10,1.056754000e+06,3.660490015e+11
534000,999.1612549,1.161568829e+11,1.401917184e+09,1.438456281e+13,5.421589332e+12,7.621718835e+10,1.015185125e+06,3.609337201e+11
535000,999.1615601,1.129344942e+11,1.357582336e+09,1.415536198e+13,5.399842914e+12,7.614073242e+10,9.752626250e+05,3.558926582e+11
536000,999.1619263,1.098021274e+11,1.314659456e+09,1.392983821e+13,5.378203976e+12,7.606435021e+10,9.369189375e+05,3.509220475e+11
537000,999.1622314,1.067578737e+11,1.273105920e+09,1.370801667e+13,5.356652593e+12,7.598791066e+10,9.000948750e+05,3.460234936e+11
538000,999.1625977,1.037986038e+11,1.232877440e+09,1.348977783e+13,5.335197155e+12,7.591168410e+10,8.647280000e+05,3.411945718e+11
539000,999.1629028,1.009225318e+11,1.193931776e+09,1.327506509e+13,5.313827701e+12,7.583553946e+10,8.307618750e+05,3.364330865e+11
540000,999.163208,9.812652032e+10,1.156225024e+09,1.306384697e+13,5.292554715e+12,7.575960781e+10,7.981375625e+05,3.317405778e+11
541000,999.1635132,9.540905370e+10,1.119719808e+09,1.285603855e+13,5.271366140e+12,7.568362701e+10,7.668031875e+05,3.271147192e+11
542000,999.1638184,9.276755968e+10,1.084381568e+09,1.265163458e+13,5.250272461e+12,7.560770355e+10,7.367087500e+05,3.225546588e+11
543000,999.1640625,9.019971994e+10,1.050162752e+09,1.245048095e+13,5.229283115e+12,7.553201766e+10,7.078009375e+05,3.180594135e+11
544000,999.1643677,8.770396160e+10,1.017037312e+09,1.225261956e+13,5.208368742e+12,7.545638912e+10,6.800390625e+05,3.136279347e+11
545000,999.1646118,8.527774515e+10,9.849642880e+08,1.205795083e+13,5.187537207e+12,7.538085888e+10,6.533711250e+05,3.092594360e+11
546000,999.164917,8.291958784e+10,9.539116800e+08,1.186642024e+13,5.166808957e+12,7.530538598e+10,6.277572500e+05,3.049529016e+11
547000,999.1651611,8.062695834e+10,9.238469760e+08,1.167802254e+13,5.146163544e+12,7.523000320e+10,6.031533750e+05,3.007075123e+11
548000,999.1654053,7.839846400e+10,8.947384320e+08,1.149261722e+13,5.125610930e+12,7.515483341e+10,5.795215000e+05,2.965235302e+11
549000,999.1656494,7.623243366e+10,8.665536000e+08,1.131024204e+13,5.105139057e+12,7.507958989e+10,5.568230000e+05,2.923976786e+11
550000,999.1658936,7.412639334e+10,8.392646400e+08,1.113080473e+13,5.084769944e+12,7.500457574e+10,5.350175625e+05,2.883314975e+11
551000,999.1661377,7.207949107e+10,8.128442880e+08,1.095427907e+13,5.064471609e+12,7.492962714e+10,5.140739688e+05,2.843218412e+11
552000,999.1663818,7.008965427e+10,7.872631680e+08,1.078059377e+13,5.044263977e+12,7.485476045e+10,4.939549062e+05,2.803700859e+11
553000,999.1665649,6.815514624e+10,7.624930560e+08,1.060972471e+13,5.024146522e+12,7.477996749e+10,4.746295625e+05,2.764743311e+11
554000,999.1668091,6.627452109e+10,7.385078400e+08,1.044160374e+13,5.004109808e+12,7.470524826e+10,4.560637812e+05,2.726326764e+11
555000,999.1669922,6.444653773e+10,7.152839680e+08,1.027618891e+13,4.984162746e+12,7.463075021e+10,4.382300938e+05,2.688465142e+11
556000,999.1672363,6.266944307e+10,6.927983360e+08,1.011347079e+13,4.964303766e+12,7.455632589e+10,4.210993438e+05,2.651138785e+11
557000,999.1674194,6.094159872e+10,6.710259200e+08,9.953330905e+12,4.944523952e+12,7.448197530e+10,4.046421875e+05,2.614340813e+11
558000,999.1676025,5.926205850e+10,6.499427200e+08,9.795801757e+12,4.924833268e+12,7.440755098e+10,3.888333125e+05,2.578063852e+11
559000,999.1677856,5.762936013e+10,6.295304320e+08,9.640804691e+12,4.905230139e+12,7.433349530e+10,3.736471562e+05,2.542299546e+11
560000,999.1680298,5.604207002e+10,6.097603200e+08,9.488296745e+12,4.885695169e+12,7.425936589e+10,3.590560625e+05,2.507041014e+11
561000,999.1682129,5.449880781e+10,5.906188800e+08,9.338254840e+12,4.866256667e+12,7.418531021e+10,3.450400625e+05,2.472281047e+11
562000,999.168396,5.299845530e+10,5.720839040e+08,9.190623402e+12,4.846895759e+12,7.411147571e+10,3.315743438e+05,2.438012109e+11
563000,999.1685181,5.153999667e+10,5.541348480e+08,9.045378323e+12,4.827621360e+12,7.403756749e+10,3.186384062e+05,2.404227809e+11
564000,999.1687012,5.012195328e+10,5.367550080e+08,8.902479749e+12,4.808423506e+12,7.396401152e+10,3.062112500e+05,2.370929459e+11
565000,999.1688843,4.874339533e+10,5.199252800e+08,8.761873172e+12,4.789319500e+12,7.389026714e+10,2.942715938e+05,2.338092155e+11
566000,999.1690674,4.740311040e+10,5.036260800e+08,8.623504057e+12,4.770292564e+12,7.381685862e+10,2.828006875e+05,2.305727365e+11
567000,999.1691895,4.610003763e+10,4.878444160e+08,8.487387095e+12,4.751340601e+12,7.374338458e+10,2.717800312e+05,2.273810842e+11
568000,999.1693726,4.483303834e+10,4.725599360e+08,8.353450466e+12,4.732473049e+12,7.367013171e+10,2.611913438e+05,2.242352906e+11
569000,999.1694946,4.360135885e+10,4.577595840e+08,8.221660076e+12,4.713680994e+12,7.359681331e+10,2.510190312e+05,2.211330458e+11
570000,999.1696777,4.240376218e+10,4.434253120e+08,8.091980299e+12,4.694971777e+12,7.352369971e+10,2.412451719e+05,2.180753654e+11
571000,999.1697998,4.123945370e+10,4.295456320e+08,7.964407963e+12,4.676345922e+12,7.345065984e+10,2.318541250e+05,2.150607913e+11
572000,999.1699219,4.010749133e+10,4.161044160e+08,7.838877569e+12,4.657793991e+12,7.337769370e+10,2.228320312e+05,2.120878981e+11
573000,999.170105,3.900683059e+10,4.030860480e+08,7.715356594e+12,4.639324373e+12,7.330480947e+10,2.141630469e+05,2.091576852e+11
574000,999.1702271,3.793665638e+10,3.904794880e+08,7.593810434e+12,4.620928680e+12,7.323198259e+10,2.058336719e+05,2.062687273e+11
575000,999.1703491,3.689627238e+10,3.782700800e+08,7.474209216e+12,4.602623164e+12,7.315937690e+10,1.978305312e+05,2.034205000e+11
576000,999.1704712,3.588462592e+10,3.664466240e+08,7.356549270e+12,4.584381088e+12,7.308670566e+10,1.901410938e+05,2.006123151e+11
577000,999.1705933,3.490097971e+10,3.549954240e+08,7.240755631e+12,4.566229189e+12,7.301424742e+10,1.827522656e+05,1.978436813e+11
578000,999.1707153,3.394455552e+10,3.439053440e+08,7.126826204e+12,4.548148593e+12,7.294199398e+10,1.756525938e+05,1.951139922e+11
579000,999.1708374,3.301466112e+10,3.331649280e+08,7.014730580e+12,4.530149261e+12,7.286968320e+10,1.688309844e+05,1.924227236e+11
580000,999.1709595,3.211041997e+10,3.227617920e+08,6.904412137e+12,4.512211272e+12,7.279743795e+10,1.622752031e+05,1.897692529e+11
581000,999.1710815,3.123130368e+10,3.126876160e+08,6.795880837e+12,4.494362411e+12,7.272525005e+10,1.559769844e+05,1.871538258e+11
582000,999.1711426,3.037643162e+10,3.029302400e+08,6.689057521e+12,4.476584329e+12,7.265329152e+10,1.499240938e+05,1.845744763e+11
583000,999.1712646,2.954512589e+10,2.934795840e+08,6.583963153e+12,4.458884366e+12,7.258125926e+10,1.441079844e+05,1.820313354e+11
584000,999.1713867,2.873689907e+10,2.843270080e+08,6.480558430e+12,4.441263047e+12,7.250957926e+10,1.385188281e+05,1.795246162e+11
585000,999.1715088,2.795105075e+10,2.754630080e+08,6.378802974e+12,4.423711457e+12,7.243782554e+10,1.331487500e+05,1.770524017e+11
586000,999.1715698,2.718679654e+10,2.668768800e+08,6.278669006e+12,4.406237463e+12,7.236615373e+10,1.279875625e+05,1.746155930e+11
587000,999.1716919,2.644373914e+10,2.585608640e+08,6.180132401e+12,4.388833198e+12,7.229454746e+10,1.230281016e+05,1.722122895e+11
588000,999.1717529,2.572113715e+10,2.505058720e+08,6.083177440e+12,4.371505742e+12,7.222300672e+10,1.182621641e+05,1.698433925e+11
589000,999.171875,2.501847450e+10,2.427046080e+08,5.987767956e+12,4.354246181e+12,7.215167078e+10,1.136823672e+05,1.675076895e+11
590000,999.171936,2.433524122e+10,2.351480960e+08,5.893899215e+12,4.337063690e+12,7.208041677e+10,1.092807656e+05,1.652041318e+11
591000,999.1720581,2.367084339e+10,2.278289920e+08,5.801503618e+12,4.319956173e+12,7.200922829e+10,1.050509844e+05,1.629334897e+11
592000,999.1721191,2.302471782e+10,2.207394240e+08,5.710590567e+12,4.302917075e+12,7.193811354e+10,1.009858828e+05,1.606946652e+11
593000,999.1722412,2.239648358e+10,2.138732800e+08,5.621144354e+12,4.285953212e+12,7.186707251e+10,9.707957031e+04,1.584871997e+11
594000,999.1723022,2.178556109e+10,2.072223200e+08,5.533112034e+12,4.269064323e+12,7.179608883e+10,9.332525781e+04,1.563100774e+11
595000,999.1723633,2.119146291e+10,2.007801120e+08,5.446489920e+12,4.252242543e+12,7.172531814e+10,8.971714844e+04,1.541640192e+11
596000,999.1724854,2.061372416e+10,1.945392640e+08,5.361244484e+12,4.235494425e+12,7.165462118e+10,8.624936719e+04,1.520480256e+11
597000,999.1725464,2.005188813e+10,1.884949280e+08,5.277364700e+12,4.218804765e+12,7.158399795e+10,8.291688281e+04,1.499616379e+11
598000,999.1726074,1.950555136e+10,1.826398080e+08,5.194817556e+12,4.202204234e+12,7.151330099e+10,7.971392188e+04,1.479050035e+11
599000,999.1726685,1.897413632e+10,1.769675360e+08,5.113572625e+12,4.185661899e+12,7.144281702e+10,7.663512500e+04,1.458760417e+11
600000,999.1727905,1.845744435e+10,1.714734240e+08,5.033636210e+12,4.169191653e+12,7.137252966e+10,7.367650781e+04,1.438765220e+11
601000,999.1728516,1.795499622e+10,1.661517760e+08,4.954970055e+12,4.152794546e+12,7.130217677e+10,7.083305469e+04,1.419044291e+11
602000,999.1729126,1.746629222e+10,1.609958880e+08,4.877552646e+12,4.136462451e+12,7.123202867e+10,6.809973438e+04,1.399599104e+11
603000,999.1729736,1.699105075e+10,1.560020800e+08,4.801372984e+12,4.120201921e+12,7.116195430e+10,6.547287891e+04,1.380425564e+11
604000,999.1730347,1.652889805e+10,1.511646080e+08,4.726401701e+12,4.104005353e+12,7.109181440e+10,6.294807812e+04,1.361525064e+11
605000,999.1730957,1.607940915e+10,1.464779840e+08,4.652619948e+12,4.087880614e+12,7.102187110e+10,6.052098438e+04,1.342883267e+11
606000,999.1731567,1.564226048e+10,1.419383200e+08,4.580016174e+12,4.071826391e+12,7.095186227e+10,5.818847656e+04,1.324501975e+11
607000,999.1732178,1.521717453e+10,1.375403520e+08,4.508564158e+12,4.055835607e+12,7.088233677e+10,5.594639453e+04,1.306382090e+11
608000,999.1732788,1.480369254e+10,1.332802080e+08,4.438252399e+12,4.039915340e+12,7.081260646e+10,5.379141797e+04,1.288510095e+11
609000,999.1733398,1.440158720e+10,1.291529840e+08,4.369054650e+12,4.024057201e+12,7.074294989e+10,5.171984766e+04,1.270892380e+11
610000,999.1734009,1.401053491e+10,1.251547600e+08,4.300952849e+12,4.008269578e+12,7.067362099e+10,4.972881250e+04,1.253515510e+11
611000,999.1734619,1.363015373e+10,1.212812480e+08,4.233937813e+12,3.992551162e+12,7.060409549e+10,4.781469922e+04,1.236385628e+11
612000,999.1735229,1.326027674e+10,1.175287440e+08,4.167983336e+12,3.976894349e+12,7.053464371e+10,4.597513672e+04,1.219494625e+11
613000,999.1735229,1.290051174e+10,1.138934240e+08,4.103080490e+12,3.961307005e+12,7.046551962e+10,4.420669141e+04,1.202834227e+11
614000,999.173584,1.255055462e+10,1.103713840e+08,4.039197065e+12,3.945787556e+12,7.039646106e+10,4.250659375e+04,1.186410660e+11
615000,999.173645,1.221023130e+10,1.069592880e+08,3.976338533e+12,3.930329186e+12,7.032747622e+10,4.087249609e+04,1.170211226e+11
616000,999.1737061,1.187922637e+10,1.036538560e+08,3.914466647e+12,3.914931372e+12,7.025829478e+10,3.930158984e+04,1.154241741e+11
617000,999.1737671,1.155728179e+10,1.004511520e+08,3.853572993e+12,3.899601191e+12,7.018944102e+10,3.779150000e+04,1.138494505e+11
618000,999.1737671,1.124417229e+10,9.734871200e+07,3.793656827e+12,3.884338905e+12,7.012066099e+10,3.633984766e+04,1.122966651e+11
619000,999.1738281,1.093960602e+10,9.434244000e+07,3.734686660e+12,3.869143466e+12,7.005194650e+10,3.494435938e+04,1.107654574e+11
620000,999.1738892,1.064337101e+10,9.143023200e+07,3.676647558e+12,3.853999931e+12,6.998329754e+10,3.360283984e+04,1.092555407e+11
621000,999.1739502,1.035525632e+10,8.860842400e+07,3.619525382e+12,3.838930584e+12,6.991498445e+10,3.231318750e+04,1.077662269e+11
622000,999.1739502,1.007499878e+10,8.587436800e+07,3.563304650e+12,3.823919956e+12,6.984647475e+10,3.107333203e+04,1.062980157e+11
623000,999.1740112,9.802439680e+09,8.322594400e+07,3.507984593e+12,3.808968311e+12,6.977803059e+10,2.988144922e+04,1.048502108e+11
624000,999.1740723,9.537288192e+09,8.065949600e+07,3.453530853e+12,3.794089542e+12,6.970991411e+10,2.873550391e+04,1.034225091e+11
625000,999.1740723,9.279416320e+09,7.817308800e+07,3.399942653e+12,3.779268706e+12,6.964160922e+10,2.763397852e+04,1.020150415e+11
626000,999.1741333,9.028585472e+09,7.576391200e+07,3.347205323e+12,3.764506067e+12,6.957362381e+10,2.657487695e+04,1.006267105e+11
627000,999.1741333,8.784569344e+09,7.342953600e+07,3.295286879e+12,3.749808177e+12,6.950545818e+10,2.555656641e+04,9.925728666e+10
628000,999.1741943,8.547245568e+09,7.116789600e+07,3.244199374e+12,3.735174250e+12,6.943760384e+10,2.457769727e+04,9.790761370e+10
629000,999.1742554,8.316380160e+09,6.897644800e+07,3.193916079e+12,3.720590918e+12,6.936982323e+10,2.363654297e+04,9.657630720e+10
630000,999.1742554,8.091828224e+09,6.685324800e+07,3.144431486e+12,3.706085704e+12,6.930210816e+10,2.273164844e+04,9.526345728e+10
631000,999.1743164,7.873399296e+09,6.479588400e+07,3.095725676e+12,3.691629773e+12,6.923446682e+10,2.186168750e+04,9.396880179e+10
632000,999.1743164,7.660925440e+09,6.280232400e+07,3.047786851e+12,3.677237281e+12,6.916688282e+10,2.102526172e+04,9.269246362e+10
633000,999.1743774,7.454256128e+09,6.087068400e+07,3.000607672e+12,3.662907965e+12,6.909937254e+10,2.022102930e+04,9.143345152e+10
634000,999.1743774,7.253203968e+09,5.899889600e+07,2.954165595e+12,3.648627671e+12,6.903191962e+10,1.944778516e+04,9.019189658e+10
635000,999.1744385,7.057628160e+09,5.718543600e+07,2.908464823e+12,3.634416583e+12,6.896453222e+10,1.870432031e+04,8.896752845e+10
636000,999.1744385,6.867378688e+09,5.542792800e+07,2.863483066e+12,3.620268147e+12,6.889721856e+10,1.798948438e+04,8.776046182e+10
637000,999.1744995,6.682320896e+09,5.372514400e+07,2.819207758e+12,3.606174499e+12,6.883022438e+10,1.730216406e+04,8.656975462e+10
638000,999.1744995,6.502300160e+09,5.207508000e+07,2.775628651e+12,3.592135901e+12,6.876304179e+10,1.664129688e+04,8.539586560e+10
639000,999.1745605,6.327152640e+09,5.047587600e+07,2.732733982e+12,3.578165461e+12,6.869592064e+10,1.600576172e+04,8.423757414e+10
640000,999.1745605,6.156793344e+09,4.892644400e+07,2.690513495e+12,3.564242469e+12,6.862912717e+10,1.539476270e+04,8.309594522e+10
641000,999.1746216,5.991078400e+09,4.742511200e+07,2.648965641e+12,3.550380556e+12,6.856239923e+10,1.480725684e+04,8.197009408e+10
642000,999.1746216,5.829857792e+09,4.597012000e+07,2.608070229e+12,3.536579461e+12,6.849574093e+10,1.424228223e+04,8.085950464e+10
643000,999.1746826,5.673007104e+09,4.456018000e+07,2.567816789e+12,3.522838397e+12,6.842887782e+10,1.369902051e+04,7.976456192e+10
644000,999.1746826,5.520429056e+09,4.319382000e+07,2.528194279e+12,3.509144519e+12,6.836234650e+10,1.317668066e+04,7.868444672e+10
645000,999.1746826,5.372006912e+09,4.186976000e+07,2.489193556e+12,3.495516963e+12,6.829587661e+10,1.267435645e+04,7.761956045e+10
646000,999.1747437,5.227614208e+09,4.058674400e+07,2.450813818e+12,3.481941836e+12,6.822947635e+10,1.219136621e+04,7.656937062e+10
647000,999.1747437,5.087132160e+09,3.934334800e+07,2.413035946e+12,3.468426740e+12,6.816313344e+10,1.172682617e+04,7.553339392e+10
648000,999.1747437,4.950463488e+09,3.813834000e+07,2.375845243e+12,3.454964072e+12,6.809686426e+10,1.128016016e+04,7.451200717e+10
649000,999.1748047,4.817511936e+09,3.697058400e+07,2.339241457e+12,3.441559863e+12,6.803091046e+10,1.085067285e+04,7.350469427e+10
650000,999.1748047,4.688166400e+09,3.583886000e+07,2.303211479e+12,3.428214374e+12,6.796476416e+10,1.043757812e+04,7.251101286e+10
651000,999.1748657,4.562328576e+09,3.474217600e+07,2.267749535e+12,3.414920528e+12,6.789867930e+10,1.004036133e+04,7.153130701e+10
652000,999.1748657,4.439894016e+09,3.367930800e+07,2.232843066e+12,3.401684877e+12,6.783292211e+10,9.658337891e+03,7.056483942e+10
653000,999.1748657,4.320786944e+09,3.264920600e+07,2.198482621e+12,3.388500345e+12,6.776696832e+10,9.290954102e+03,6.961196237e+10
654000,999.1748657,4.204906496e+09,3.165103400e+07,2.164663996e+12,3.375367193e+12,6.770133811e+10,8.937682617e+03,6.867221299e+10
655000,999.1749268,4.092165120e+09,3.068343800e+07,2.131374108e+12,3.362297479e+12,6.763576934e+10,8.597908203e+03,6.774540288e+10
656000,999.1749268,3.982484736e+09,2.974587400e+07,2.098605210e+12,3.349278360e+12,6.757000806e+10,8.271177734e+03,6.683136410e+10
657000,999.1749268,3.875766272e+09,2.883712600e+07,2.066352327e+12,3.336310096e+12,6.750456627e+10,7.956923828e+03,6.592965837e+10
658000,999.1749878,3.771943168e+09,2.795634800e+07,2.034603264e+12,3.323404222e+12,6.743919002e+10,7.654667480e+03,6.504060928e+10
659000,999.1749878,3.670922240e+09,2.710278800e+07,2.003350434e+12,3.310542127e+12,6.737387930e+10,7.364033691e+03,6.416379085e+10
660000,999.1749878,3.572634368e+09,2.627553600e+07,1.972589372e+12,3.297742422e+12,6.730863002e+10,7.084461914e+03,6.329903923e+10
661000,999.1750488,3.477011456e+09,2.547368000e+07,1.942304868e+12,3.284985971e+12,6.724343808e+10,6.815607422e+03,6.244617830e+10
662000,999.1750488,3.383960576e+09,2.469648400e+07,1.912496797e+12,3.272291385e+12,6.717831168e+10,6.557006836e+03,6.160481485e+10
663000,999.1750488,3.293437440e+09,2.394336600e+07,1.883161368e+12,3.259645821e+12,6.711350886e+10,6.308313965e+03,6.077547725e+10
664000,999.1750488,3.205367040e+09,2.321330000e+07,1.854276413e+12,3.247055307e+12,6.704851354e+10,6.069122559e+03,5.995708006e+10
665000,999.1751099,3.119663104e+09,2.250575400e+07,1.825848771e+12,3.234513289e+12,6.698357555e+10,5.839045410e+03,5.915014758e+10
666000,999.1751099,3.036273920e+09,2.181990000e+07,1.797857719e+12,3.222019768e+12,6.691896115e+10,5.617732910e+03,5.835429888e+10
667000,999.1751099,2.955142144e+09,2.115514800e+07,1.770309678e+12,3.209586803e+12,6.685415014e+10,5.404912598e+03,5.756938650e+10
668000,999.1751099,2.876200192e+09,2.051084400e+07,1.743191019e+12,3.197201809e+12,6.678965862e+10,5.200193359e+03,5.679524250e+10
669000,999.1751099,2.799388416e+09,1.988642800e+07,1.716501500e+12,3.184864788e+12,6.672523264e+10,5.003286133e+03,5.603172352e+10
670000,999.1751709,2.724648448e+09,1.928105800e+07,1.690220901e+12,3.172580983e+12,6.666060186e+10,4.813871094e+03,5.527867802e+10
671000,999.1751709,2.651924480e+09,1.869429400e+07,1.664349783e+12,3.160350917e+12,6.659630694e+10,4.631680176e+03,5.453595853e+10
672000,999.1751709,2.581166080e+09,1.812563000e+07,1.638887585e+12,3.148174066e+12,6.653205709e+10,4.456453125e+03,5.380342989e+10
673000,999.1751709,2.512310272e+09,1.757439800e+07,1.613821767e+12,3.136043876e+12,6.646787686e+10,4.287903809e+03,5.308094054e+10
674000,999.1752319,2.445304832e+09,1.704005800e+07,1.589145611e+12,3.123960349e+12,6.640375808e+10,4.125761230e+03,5.236834714e+10
675000,999.1752319,2.380109568e+09,1.652206100e+07,1.564853500e+12,3.111930036e+12,6.633970074e+10,3.969779541e+03,5.166552678e+10
676000,999.1752319,2.316669952e+09,1.602002300e+07,1.540939137e+12,3.099951366e+12,6.627596288e+10,3.819768066e+03,5.097232384e+10
677000,999.1752319,2.254942976e+09,1.553333000e+07,1.517399384e+12,3.088018571e+12,6.621202022e+10,3.675439453e+03,5.028862362e+10
678000,999.1752319,2.194873088e+09,1.506156600e+07,1.494225443e+12,3.076132438e+12,6.614815130e+10,3.536618408e+03,4.961427456e+10
679000,999.1752319,2.136423808e+09,1.460429700e+07,1.471414309e+12,3.064303190e+12,6.608459366e+10,3.403079590e+03,4.894916198e+10
680000,999.175293,2.079539072e+09,1.416099100e+07,1.448957476e+12,3.052519555e+12,6.602084352e+10,3.274607422e+03,4.829314253e+10
681000,999.175293,2.024192000e+09,1.373127400e+07,1.426849425e+12,3.040781271e+12,6.595740467e+10,3.151021973e+03,4.764610150e+10
682000,999.175293,1.970325632e+09,1.331467200e+07,1.405081761e+12,3.029093843e+12,6.589378150e+10,3.032135010e+03,4.700790784e+10
683000,999.175293,1.917911040e+09,1.291088200e+07,1.383657394e+12,3.017457271e+12,6.583046554e+10,2.917767334e+03,4.637844275e+10
684000,999.175293,1.866904832e+09,1.251943300e+07,1.362565281e+12,3.005859758e+12,6.576721510e+10,2.807745361e+03,4.575775130e+10
685000,999.175293,1.817275776e+09,1.213999200e+07,1.341802966e+12,2.994323587e+12,6.570402611e+10,2.701903076e+03,4.514537062e+10
686000,999.175354,1.768972928e+09,1.177211700e+07,1.321359943e+12,2.982820446e+12,6.564063642e+10,2.600080078e+03,4.454134579e+10
687000,999.175354,1.721967232e+09,1.141545700e+07,1.301236349e+12,2.971372880e+12,6.557756621e+10,2.502113770e+03,4.394557850e+10
688000,999.175354,1.676226560e+09,1.106974900e+07,1.281424584e+12,2.959975121e+12,6.551455334e+10,2.407875488e+03,4.335794995e+10
689000,999.175354,1.631713408e+09,1.073459300e+07,1.261919790e+12,2.948620878e+12,6.545185587e+10,2.317204102e+03,4.277833318e+10
690000,999.175354,1.588391424e+09,1.040966500e+07,1.242719491e+12,2.937315394e+12,6.538897408e+10,2.229972412e+03,4.220662989e+10
691000,999.175354,1.546231296e+09,1.009468600e+07,1.223816464e+12,2.926053687e+12,6.532614144e+10,2.146049316e+03,4.164288512e+10
692000,999.175354,1.505207424e+09,9.789294000e+06,1.205208502e+12,2.914835235e+12,6.526337843e+10,2.065308350e+03,4.108666880e+10
693000,999.175415,1.465274752e+09,9.493232000e+06,1.186886010e+12,2.903670522e+12,6.520091034e+10,1.987620117e+03,4.053803418e+10
694000,999.175415,1.426420480e+09,9.206212000e+06,1.168849276e+12,2.892548801e+12,6.513825792e+10,1.912883179e+03,3.999687885e+10
695000,999.175415,1.388599296e+09,8.927937000e+06,1.151091597e+12,2.881469546e+12,6.507592090e+10,1.840970825e+03,3.946310042e+10
696000,999.175415,1.351796480e+09,8.658157000e+06,1.133610757e+12,2.870438527e+12,6.501364122e+10,1.771781982e+03,3.893659648e+10
697000,999.175415,1.315976320e+09,8.396593000e+06,1.116397844e+12,2.859454693e+12,6.495117722e+10,1.705219727e+03,3.841725645e+10
698000,999.175415,1.281117696e+09,8.143008000e+06,1.099453041e+12,2.848513327e+12,6.488901222e+10,1.641170288e+03,3.790499430e+10
699000,999.175415,1.247192064e+09,7.897172000e+06,1.082772232e+12,2.837619147e+12,6.482691277e+10,1.579538818e+03,3.739970355e+10
700000,999.175415,1.214171648e+09,7.658801500e+06,1.066346971e+12,2.826766647e+12,6.476487475e+10,1.520245117e+03,3.690142925e+10
701000,999.175415,1.182036736e+09,7.427683000e+06,1.050177238e+12,2.815961072e+12,6.470288589e+10,1.463193726e+03,3.640979456e+10
702000,999.1754761,1.150756736e+09,7.203593000e+06,1.034257147e+12,2.805201633e+12,6.464096666e+10,1.408294189e+03,3.592484454e+10
703000,999.1754761,1.120317312e+09,6.986345000e+06,1.018582702e+12,2.794478371e+12,6.457910067e+10,1.355469971e+03,3.544649318e+10
704000,999.1754761,1.090689280e+09,6.775700000e+06,1.003150290e+12,2.783806751e+12,6.451729613e+10,1.304637207e+03,3.497464218e+10
705000,999.1754761,1.061855040e+09,6.571481500e+06,9.879595328e+11,2.773175763e+12,6.445554893e+10,1.255734619e+03,3.450920141e+10
706000,999.1754761,1.033790848e+09,6.373466000e+06,9.730029455e+11,2.762596155e+12,6.439410893e+10,1.208674316e+03,3.405008691e+10
707000,999.1754761,1.006472256e+09,6.181453500e+06,9.582733258e+11,2.752046170e+12,6.433248461e+10,1.163386719e+03,3.359720858e+10
708000,999.1754761,9.798867200e+08,5.995293500e+06,9.437743439e+11,2.741547041e+12,6.427115930e+10,1.119812988e+03,3.315048243e+10
709000,999.1754761,9.540090240e+08,5.814785000e+06,9.294987907e+11,2.731088019e+12,6.420965376e+10,1.077879395e+03,3.270981632e+10
710000,999.1754761,9.288216960e+08,5.639754000e+06,9.154429901e+11,2.720679068e+12,6.414844723e+10,1.037524048e+03,3.227526144e+10
711000,999.1754761,9.043080960e+08,5.470054500e+06,9.016071580e+11,2.710304719e+12,6.408705229e+10,9.986986084e+02,3.184647168e+10
712000,999.1754761,8.804464000e+08,5.305491000e+06,8.879808550e+11,2.699975197e+12,6.402596454e+10,9.613298340e+02,3.142350438e+10
713000,999.1755371,8.572224640e+08,5.145927500e+06,8.745658570e+11,2.689689977e+12,6.396493005e+10,9.253732910e+02,3.100626739e+10
714000,999.1755371,8.346144640e+08,4.991201500e+06,8.613573207e+11,2.679449321e+12,6.390395699e+10,8.907650757e+02,3.059457434e+10
715000,999.1755371,8.126118400e+08,4.841201000e+06,8.483551680e+11,2.669242221e+12,6.384304128e+10,8.574708862e+02,3.018868941e+10
716000,999.1755371,7.911954560e+08,4.695718000e+06,8.355497124e+11,2.659084665e+12,6.378218291e+10,8.254241943e+02,2.978819482e+10
717000,999.1755371,7.703463040e+08,4.554650000e+06,8.229427825e+11,2.648965120e+12,6.372138189e+10,7.945812988e+02,2.939312128e+10
718000,999.1755371,7.500523520e+08,4.417854000e+06,8.105294694e+11,2.638884635e+12,6.366064640e+10,7.648997192e+02,2.900340122e+10
719000,999.1755371,7.303014400e+08,4.285223500e+06,7.983100291e+11,2.628846879e+12,6.360020582e+10,7.363407593e+02,2.861895475e+10
720000,999.1755371,7.110759680e+08,4.156598500e+06,7.862767283e+11,2.618852901e+12,6.353958093e+10,7.088508911e+02,2.823971430e+10
721000,999.1755371,6.923592960e+08,4.031865000e+06,7.744281318e+11,2.608896672e+12,6.347901747e+10,6.823951416e+02,2.786560205e+10
722000,999.1755371,6.741403520e+08,3.910911750e+06,7.627628570e+11,2.598983434e+12,6.341874893e+10,6.569343262e+02,2.749655654e+10
723000,999.1755371,6.564096000e+08,3.793623500e+06,7.512766500e+11,2.589112664e+12,6.335829606e+10,6.324306641e+02,2.713249997e+10
724000,999.1755371,6.391464960e+08,3.679880750e+06,7.399666276e+11,2.579274400e+12,6.329814221e+10,6.088479614e+02,2.677336064e+10
725000,999.1755371,6.223420800e+08,3.569575750e+06,7.288300311e+11,2.569483583e+12,6.323804979e+10,5.861467896e+02,2.641908122e+10
726000,999.1755371,6.059864320e+08,3.462609750e+06,7.178643105e+11,2.559729730e+12,6.317776896e+10,5.643029175e+02,2.606958797e+10
727000,999.1755981,5.900628480e+08,3.358874750e+06,7.070665764e+11,2.550012576e+12,6.311778304e+10,5.432772217e+02,2.572471706e+10
728000,999.1755981,5.745632000e+08,3.258278750e+06,6.964370317e+11,2.540337627e+12,6.305785856e+10,5.230408325e+02,2.538460160e+10
729000,999.1755981,5.594749440e+08,3.160726000e+06,6.859689912e+11,2.530704097e+12,6.299798733e+10,5.035640869e+02,2.504907981e+10
730000,999.1755981,5.447850240e+08,3.066111250e+06,6.756613350e+11,2.521107005e+12,6.293818163e+10,4.848144226e+02,2.471808614e+10
731000,999.1755981,5.304868480e+08,2.974362500e+06,6.655127708e+11,2.511556051e+12,6.287842099e+10,4.667718201e+02,2.439156122e+10
732000,999.1755981,5.165668800e+08,2.885387000e+06,6.555194732e+11,2.502031573e+12,6.281872998e+10,4.494057922e+02,2.406944154e+10
733000,999.1755981,5.030160320e+08,2.799089250e+06,6.456791603e+11,2.492557689e+12,6.275932160e+10,4.326875000e+02,2.375166362e+10
734000,999.1755981,4.898253760e+08,2.715398000e+06,6.359905933e+11,2.483119456e+12,6.269974528e+10,4.165975342e+02,2.343808205e+10
735000,999.1755981,4.769832640e+08,2.634234750e+06,6.264502804e+11,2.473712157e+12,6.264020992e+10,4.011088867e+02,2.312881766e+10
736000,999.1755981,4.644814400e+08,2.555511750e+06,6.170556900e+11,2.464350208e+12,6.258098176e+10,3.862020874e+02,2.282372301e+10
737000,999.1755981,4.523107520e+08,2.479170000e+06,6.078047721e+11,2.455023649e+12,6.252156518e+10,3.718520203e+02,2.252273664e+10
738000,999.1755981,4.404631360e+08,2.405131250e+06,5.986964191e+11,2.445741654e+12,6.246244762e+10,3.580393066e+02,2.222580531e+10
739000,999.1755981,4.289274880e+08,2.333317500e+06,5.897271572e+11,2.436490068e+12,6.240338330e+10,3.447422791e+02,2.193278566e+10
740000,999.1755981,4.176987520e+08,2.263669250e+06,5.808948956e+11,2.427278066e+12,6.234413466e+10,3.319454346e+02,2.164379853e+10
741000,999.1755981,4.067655360e+08,2.196116750e+06,5.721973937e+11,2.418100666e+12,6.228518502e+10,3.196248169e+02,2.135869850e+10
742000,999.1755981,3.961215040e+08,2.130600750e+06,5.636327032e+11,2.408963113e+12,6.222628045e+10,3.077650452e+02,2.107735450e+10
743000,999.1755981,3.857596480e+08,2.067054875e+06,5.551988349e+11,2.399864619e+12,6.216744550e+10,2.963475647e+02,2.079987302e+10
744000,999.1755981,3.756724480e+08,2.005427125e+06,5.468956150e+11,2.390800204e+12,6.210865971e+10,2.853580017e+02,2.052612506e+10
745000,999.1755981,3.658504320e+08,1.945648000e+06,5.387179476e+11,2.381769867e+12,6.204993536e+10,2.747791138e+02,2.025597952e+10
746000,999.1755981,3.562879360e+08,1.887672375e+06,5.306660675e+11,2.372782785e+12,6.199125197e+10,2.645954590e+02,1.998954086e+10
747000,999.1755981,3.469779840e+08,1.831431250e+06,5.227358843e+11,2.363825324e+12,6.193287578e+10,2.547901917e+02,1.972660838e+10
748000,999.1755981,3.379132800e+08,1.776886125e+06,5.149275238e+11,2.354910855e+12,6.187430707e+10,2.453520050e+02,1.946728038e+10
749000,999.1756592,3.290897280e+08,1.723981875e+06,5.072381076e+11,2.346029416e+12,6.181579981e+10,2.362661591e+02,1.921143603e+10
750000,999.1756592,3.204972480e+08,1.672665625e+06,4.996667456e+11,2.337186251e+12,6.175757926e+10,2.275193634e+02,1.895895450e+10
751000,999.1756592,3.121314560e+08,1.622886250e+06,4.922097405e+11,2.328376115e+12,6.169918259e+10,2.190972443e+02,1.870986240e+10
752000,999.1756592,3.039875520e+08,1.574606250e+06,4.848671849e+11,2.319599796e+12,6.164107674e+10,2.109908905e+02,1.846418432e+10
753000,999.1756592,2.960583040e+08,1.527777000e+06,4.776372165e+11,2.310864896e+12,6.158279066e+10,2.031860199e+02,1.822180352e+10
754000,999.1756592,2.883365440e+08,1.482346250e+06,4.705154662e+11,2.302158569e+12,6.152479130e+10,1.956713562e+02,1.798260122e+10
755000,999.1756592,2.808187840e+08,1.438283000e+06,4.635037857e+11,2.293493662e+12,6.146684518e+10,1.884367828e+02,1.774660813e+10
756000,999.1756592,2.734996800e+08,1.395545375e+06,4.565986903e+11,2.284861784e+12,6.140895642e+10,1.814724731e+02,1.751377920e+10
757000,999.1756592,2.663738720e+08,1.354085500e+06,4.497985797e+11,2.276262150e+12,6.135112499e+10,1.747668610e+02,1.728413696e+10
758000,999.1756592,2.594342240e+08,1.313867375e+06,4.431018048e+11,2.267699216e+12,6.129334682e+10,1.683103180e+02,1.705750426e+10
759000,999.1756592,2.526777440e+08,1.274858250e+06,4.365076012e+11,2.259168788e+12,6.123561779e+10,1.620947876e+02,1.683397222e+10
760000,999.1756592,2.460986720e+08,1.237009750e+06,4.300118502e+11,2.250674274e+12,6.117794611e+10,1.561099701e+02,1.661330534e+10
761000,999.1756592,2.396936160e+08,1.200303250e+06,4.236171794e+11,2.242216198e+12,6.112033587e+10,1.503478546e+02,1.639572070e+10
762000,999.1756592,2.334561600e+08,1.164690375e+06,4.173187172e+11,2.233790104e+12,6.106276659e+10,1.448000641e+02,1.618098381e+10
763000,999.1756592,2.273840640e+08,1.130151500e+06,4.111166595e+11,2.225399661e+12,6.100549632e+10,1.394586029e+02,1.596918374e+10
764000,999.1756592,2.214699040e+08,1.096638750e+06,4.050079104e+11,2.217040675e+12,6.094804173e+10,1.343151855e+02,1.576009318e+10
765000,999.1756592,2.157116000e+08,1.064132125e+06,3.989925407e+11,2.208717603e+12,6.089086976e+10,1.293629608e+02,1.555392102e+10
766000,999.1756592,2.101050400e+08,1.032596812e+06,3.930683331e+11,2.200429658e+12,6.083352166e+10,1.245947418e+02,1.535044403e+10
767000,999.1756592,2.046449600e+08,1.002003750e+06,3.872339707e+11,2.192172777e+12,6.077646438e+10,1.200036469e+02,1.514962739e+10
768000,999.1756592,1.993290880e+08,9.723263125e+05,3.814879744e+11,2.183947223e+12,6.071922688e+10,1.155826111e+02,1.495161139e+10
769000,999.1756592,1.941523840e+08,9.435351250e+05,3.758297971e+11,2.175756403e+12,6.066227200e+10,1.113261490e+02,1.475618406e+10
770000,999.1756592,1.891115840e+08,9.156034375e+05,3.702572332e+11,2.167600447e+12,6.060537446e+10,1.072272415e+02,1.456336589e+10
771000,999.1756592,1.842026880e+08,8.885070000e+05,3.647683540e+11,2.159475163e+12,6.054853018e+10,1.032796631e+02,1.437306675e+10
772000,999.1756592,1.794229600e+08,8.622207500e+05,3.593639414e+11,2.151384482e+12,6.049173094e+10,9.947967529e+01,1.418536243e+10
773000,999.1756592,1.747685760e+08,8.367185625e+05,3.540412856e+11,2.143323947e+12,6.043499725e+10,9.581988525e+01,1.400021709e+10
774000,999.1756592,1.702358880e+08,8.119783750e+05,3.487991035e+11,2.135297753e+12,6.037830861e+10,9.229578400e+01,1.381743514e+10
775000,999.1756592,1.658220480e+08,7.879742500e+05,3.436355597e+11,2.127301837e+12,6.032167731e+10,8.890196991e+01,1.363714253e+10
776000,999.1756592,1.615238560e+08,7.646885625e+05,3.385514030e+11,2.119343538e+12,6.026532045e+10,8.563425446e+01,1.345925530e+10
777000,999.1756592,1.573386080e+08,7.420950625e+05,3.335433946e+11,2.111411323e+12,6.020879565e+10,8.248760986e+01,1.328373862e+10
778000,999.1756592,1.532623680e+08,7.201761250e+05,3.286110804e+11,2.103508730e+12,6.015232410e+10,7.945687103e+01,1.311051059e+10
779000,999.1756592,1.492931520e+08,6.989111875e+05,3.237538657e+11,2.095643492e+12,6.009613107e+10,7.653866577e+01,1.293963981e+10
780000,999.1756592,1.454278400e+08,6.782793750e+05,3.189700137e+11,2.087808008e+12,6.003976192e+10,7.372846985e+01,1.277104538e+10
781000,999.1756592,1.416634240e+08,6.582628750e+05,3.142589619e+11,2.080005554e+12,5.998367539e+10,7.102227020e+01,1.260464845e+10
782000,999.1756592,1.379977600e+08,6.388407500e+05,3.096178043e+11,2.072236261e+12,5.992740864e+10,6.841593170e+01,1.244051354e+10
783000,999.1756592,1.344274720e+08,6.199975625e+05,3.050478467e+11,2.064492003e+12,5.987143270e+10,6.590574646e+01,1.227851674e+10
784000,999.1756592,1.309510400e+08,6.017147500e+05,3.005468652e+11,2.056784708e+12,5.981549773e+10,6.348861313e+01,1.211872051e+10
785000,999.1756592,1.275652480e+08,5.839788750e+05,2.961137034e+11,2.049105854e+12,5.975962010e+10,6.116083527e+01,1.196100403e+10
786000,999.1756592,1.242674720e+08,5.667657500e+05,2.917467930e+11,2.041455968e+12,5.970379981e+10,5.891862869e+01,1.180543078e+10
787000,999.1756592,1.210565680e+08,5.500685000e+05,2.874473516e+11,2.033838457e+12,5.964802048e+10,5.675949097e+01,1.165188198e+10
788000,999.1756592,1.179288640e+08,5.338650625e+05,2.832110815e+11,2.026253189e+12,5.959230259e+10,5.467968750e+01,1.150037299e+10
789000,999.1756592,1.148834720e+08,5.181449375e+05,2.790396536e+11,2.018696102e+12,5.953663795e+10,5.267729568e+01,1.135091917e+10
790000,999.1756592,1.119169680e+08,5.028914688e+05,2.749310692e+11,2.011167457e+12,5.948101427e+10,5.074842834e+01,1.120340992e+10
791000,999.1756592,1.090280880e+08,4.880909062e+05,2.708847926e+11,2.003674333e+12,5.942545203e+10,4.889074707e+01,1.105785856e+10
792000,999.1756592,1.062143920e+08,4.737294375e+05,2.668984215e+11,1.996209258e+12,5.937016013e+10,4.710124969e+01,1.091424051e+10
793000,999.1756592,1.034742960e+08,4.597949062e+05,2.629730143e+11,1.988768170e+12,5.931470438e+10,4.537810898e+01,1.077252813e+10
794000,999.1756592,1.008056560e+08,4.462754375e+05,2.591066540e+11,1.981362340e+12,5.925952307e+10,4.371834946e+01,1.063273882e+10
795000,999.1756592,9.820640000e+07,4.331542500e+05,2.552983921e+11,1.973987836e+12,5.920416563e+10,4.211961365e+01,1.049476198e+10
796000,999.1756592,9.567508800e+07,4.204245000e+05,2.515474010e+11,1.966640857e+12,5.914908672e+10,4.057996750e+01,1.035861504e+10
797000,999.1756592,9.320936800e+07,4.080719688e+05,2.478532186e+11,1.959324942e+12,5.909404877e+10,3.909689713e+01,1.022427443e+10
798000,999.1757202,9.080804800e+07,3.960845938e+05,2.442140685e+11,1.952036028e+12,5.903885107e+10,3.766845703e+01,1.009171251e+10
799000,999.1757202,8.846928800e+07,3.844537500e+05,2.406300398e+11,1.944774377e+12,5.898391142e+10,3.629262161e+01,9.960907776e+09
800000,999.1757202,8.619124800e+07,3.731673438e+05,2.370993769e+11,1.937547198e+12,5.892904141e+10,3.496730804e+01,9.831799808e+09
801000,999.1757202,8.397251200e+07,3.622150000e+05,2.336221309e+11,1.930343088e+12,5.887421645e+10,3.369090271e+01,9.704438784e+09
802000,999.1757202,8.181165600e+07,3.515868125e+05,2.301974925e+11,1.923173188e+12,5.881944064e+10,3.246133804e+01,9.578763264e+09
803000,999.1757202,7.970687200e+07,3.412736875e+05,2.268237855e+11,1.916026356e+12,5.876472218e+10,3.127688599e+01,9.454751744e+09
804000,999.1757202,7.765668800e+07,3.312656562e+05,2.235011290e+11,1.908913209e+12,5.871005286e+10,3.013588524e+01,9.332382720e+09
805000,999.1757202,7.565981600e+07,3.215541562e+05,2.202282452e+11,1.901822870e+12,5.865542861e+10,2.903716850e+01,9.211596800e+09
806000,999.1757202,7.371498400e+07,3.121297500e+05,2.170044411e+11,1.894766084e+12,5.860108698e+10,2.797851372e+01,9.092443136e+09
807000,999.1757202,7.182056000e+07,3.029844688e+05,2.138289347e+11,1.887732105e+12,5.854656512e+10,2.695886421e+01,8.974830592e+09
808000,999.1757202,6.997536000e+07,2.941087812e+05,2.107009797e+11,1.880731025e+12,5.849231770e+10,2.597657585e+01,8.858807296e+09
809000,999.1757202,6.817820800e+07,2.854958438e+05,2.076198641e+11,1.873756160e+12,5.843789824e+10,2.503036308e+01,8.744283136e+09
810000,999.1757202,6.642734000e+07,2.771367500e+05,2.045848788e+11,1.866807116e+12,5.838374912e+10,2.411880302e+01,8.631272448e+09
811000,999.1757202,6.472218000e+07,2.690254688e+05,2.015960658e+11,1.859890971e+12,5.832943206e+10,2.324070358e+01,8.519788544e+09
812000,999.1757202,6.306114400e+07,2.611540625e+05,1.986516088e+11,1.853000253e+12,5.827539354e+10,2.239483070e+01,8.409743872e+09
813000,999.1757202,6.144310000e+07,2.535144219e+05,1.957511777e+11,1.846135357e+12,5.822139187e+10,2.157999039e+01,8.301153280e+09
814000,999.1757202,5.986736400e+07,2.461001562e+05,1.928941238e+11,1.839299297e+12,5.816745165e+10,2.079503822e+01,8.194025472e+09
815000,999.1757202,5.833226400e+07,2.389054531e+05,1.900801244e+11,1.832488403e+12,5.811355648e+10,2.003886795e+01,8.088281088e+09
816000,999.1757202,5.683674400e+07,2.319228438e+05,1.873081869e+11,1.825706344e+12,5.805971046e+10,1.931026459e+01,7.983932416e+09
817000,999.1757202,5.538019600e+07,2.251460469e+05,1.845776369e+11,1.818949321e+12,5.800591770e+10,1.860851097e+01,7.880959488e+09
818000,999.1757202,5.396128800e+07,2.185689375e+05,1.818878753e+11,1.812220871e+12,5.795217408e+10,1.793225861e+01,7.779344896e+09
819000,999.1757202,5.257923600e+07,2.121855938e+05,1.792382840e+11,1.805517193e+12,5.789847142e+10,1.728084373e+01,7.679068672e+09
820000,999.1757202,5.123266800e+07,2.059902188e+05,1.766282360e+11,1.798845366e+12,5.784483430e+10,1.665322113e+01,7.580114432e+09
821000,999.1757202,4.992116800e+07,1.999780469e+05,1.740574572e+11,1.792194642e+12,5.779122995e+10,1.604863739e+01,7.482464256e+09
822000,999.1757202,4.864351600e+07,1.941420938e+05,1.715250294e+11,1.785571836e+12,5.773790822e+10,1.546618080e+01,7.386099712e+09
823000,999.1757202,4.739892800e+07,1.884793125e+05,1.690303590e+11,1.778976948e+12,5.768441037e+10,1.490491962e+01,7.290976256e+09
824000,999.1757202,4.618653200e+07,1.829823906e+05,1.665728929e+11,1.772406440e+12,5.763118694e+10,1.436424637e+01,7.197132800e+09
825000,999.1757202,4.500540400e+07,1.776471719e+05,1.641520366e+11,1.765863588e+12,5.757778739e+10,1.384323692e+01,7.104524800e+09
826000,999.1757202,4.385490800e+07,1.724687969e+05,1.617672422e+11,1.759344853e+12,5.752466227e+10,1.334138203e+01,7.013108224e+09
827000,999.1757202,4.273422000e+07,1.674433125e+05,1.594183040e+11,1.752853643e+12,5.747158221e+10,1.285786629e+01,6.922919936e+09
828000,999.1757202,4.164225600e+07,1.625655000e+05,1.571043251e+11,1.746386158e+12,5.741854720e+10,1.239192104e+01,6.833918464e+09
829000,999.1757202,4.057857600e+07,1.578303750e+05,1.548244820e+11,1.739946066e+12,5.736556544e+10,1.194295311e+01,6.746060800e+09
830000,999.1757202,3.954230000e+07,1.532355312e+05,1.525791721e+11,1.733532844e+12,5.731241574e+10,1.151038265e+01,6.659358208e+09
831000,999.1757202,3.853284800e+07,1.487749844e+05,1.503669535e+11,1.727143477e+12,5.725953638e+10,1.109369087e+01,6.573819904e+09
832000,999.1757202,3.754931200e+07,1.444448594e+05,1.481873836e+11,1.720777441e+12,5.720669389e+10,1.069208431e+01,6.489380864e+09
833000,999.1757202,3.659116000e+07,1.402428906e+05,1.460407411e+11,1.714438275e+12,5.715412992e+10,1.030517387e+01,6.406050304e+09
834000,999.1757202,3.565786400e+07,1.361642031e+05,1.439260385e+11,1.708125716e+12,5.710138982e+10,9.932377815e+00,6.323813888e+09
835000,999.1757202,3.474850800e+07,1.322051562e+05,1.418427395e+11,1.701836489e+12,5.704870298e+10,9.573141098e+00,6.242681344e+09
836000,999.1757202,3.386266400e+07,1.283621797e+05,1.397903969e+11,1.695573344e+12,5.699606118e+10,9.227003098e+00,6.162589696e+09
837000,999.1757202,3.299952800e+07,1.246318828e+05,1.377685361e+11,1.689333531e+12,5.694368563e+10,8.893447876e+00,6.083524608e+09
838000,999.1757202,3.215870000e+07,1.210113594e+05,1.357769275e+11,1.683119669e+12,5.689113805e+10,8.572114944e+00,6.005543424e+09
839000,999.1757202,3.133953600e+07,1.174964688e+05,1.338146409e+11,1.676928877e+12,5.683886080e+10,8.262392044e+00,5.928539136e+09
840000,999.1757202,3.054141400e+07,1.140849766e+05,1.318817093e+11,1.670764036e+12,5.678641152e+10,7.964011192e+00,5.852567040e+09
841000,999.1757202,2.976389600e+07,1.107729531e+05,1.299772191e+11,1.664621740e+12,5.673423667e+10,7.676405907e+00,5.777590784e+09
842000,999.1757202,2.900634400e+07,1.075583125e+05,1.281012032e+11,1.658505134e+12,5.668209869e+10,7.399328232e+00,5.703596032e+09
843000,999.1757202,2.826828400e+07,1.044377578e+05,1.262529934e+11,1.652411204e+12,5.663001395e+10,7.132278919e+00,5.630569984e+09
844000,999.1757202,2.754906200e+07,1.014085234e+05,1.244321640e+11,1.646342701e+12,5.657775718e+10,6.874919891e+00,5.558480384e+09
845000,999.1757202,2.684849400e+07,9.846789062e+04,1.226383174e+11,1.640299495e+12,5.652576666e+10,6.626974106e+00,5.487333888e+09
846000,999.1757202,2.616589000e+07,9.561363281e+04,1.208712735e+11,1.634278572e+12,5.647382528e+10,6.388019085e+00,5.417139712e+09
847000,999.1757202,2.550083800e+07,9.284282031e+04,1.191303889e+11,1.628282946e+12,5.642214605e+10,6.157727242e+00,5.347843584e+09
848000,999.1757202,2.485278200e+07,9.015264062e+04,1.174150533e+11,1.622309339e+12,5.637030298e+10,5.935805798e+00,5.279473152e+09
849000,999.1757202,2.422147400e+07,8.754141406e+04,1.157255329e+11,1.616357491e+12,5.631850086e+10,5.721946716e+00,5.211977728e+09
850000,999.1757202,2.360633600e+07,8.500679688e+04,1.140607831e+11,1.610430677e+12,5.626674790e+10,5.515857220e+00,5.145364480e+09
851000,999.1757202,2.300695400e+07,8.254556250e+04,1.124206523e+11,1.604528505e+12,5.621504000e+10,5.317230701e+00,5.079622144e+09
852000,999.1757202,2.242296000e+07,8.015681250e+04,1.108047674e+11,1.598647960e+12,5.616359834e+10,5.125814915e+00,5.014738944e+09
853000,999.1757202,2.185399600e+07,7.783778125e+04,1.092129691e+11,1.592792056e+12,5.611199283e+10,4.941346645e+00,4.950703104e+09
854000,999.1757202,2.129959400e+07,7.558613281e+04,1.076444947e+11,1.586960794e+12,5.606064128e+10,4.763553619e+00,4.887503872e+09
855000,999.1757202,2.075941600e+07,7.340046094e+04,1.060993816e+11,1.581150634e+12,5.600933888e+10,4.592192173e+00,4.825129472e+09
856000,999.1757202,2.023305000e+07,7.127853125e+04,1.045770848e+11,1.575362101e+12,5.595787264e+10,4.427062988e+00,4.763569664e+09
857000,999.1757202,1.972018400e+07,6.921847656e+04,1.030772600e+11,1.569597293e+12,5.590666035e+10,4.267904758e+00,4.702812672e+09
858000,999.1757202,1.922046400e+07,6.721846094e+04,1.015995512e+11,1.563853849e+12,5.585550541e+10,4.114514828e+00,4.642849280e+09
859000,999.1757202,1.873351200e+07,6.527674609e+04,1.001436584e+11,1.558134391e+12,5.580438733e+10,3.966683388e+00,4.583649792e+09
860000,999.1757202,1.825907200e+07,6.339160156e+04,9.870941862e+10,1.552438788e+12,5.575332250e+10,3.824192762e+00,4.525239808e+09
861000,999.1757202,1.779674800e+07,6.156160156e+04,9.729613888e+10,1.546764026e+12,5.570230272e+10,3.686848640e+00,4.467591168e+09
862000,999.1757202,1.734626600e+07,5.978488672e+04,9.590386445e+10,1.541112726e+12,5.565132800e+10,3.554491997e+00,4.410676736e+09
863000,999.1757202,1.690725000e+07,5.805966797e+04,9.453193165e+10,1.535482397e+12,5.560040243e+10,3.426899195e+00,4.354504192e+09
864000,999.1757202,1.647953200e+07,5.638488672e+04,9.318038566e+10,1.529872515e+12,5.554952192e+10,3.303937197e+00,4.299063296e+09
865000,999.1757202,1.606275900e+07,5.475903516e+04,9.184889818e+10,1.524288848e+12,5.549868646e+10,3.185423613e+00,4.244361216e+09
866000,999.1757202,1.565658500e+07,5.318006641e+04,9.053668710e+10,1.518722744e+12,5.544810906e+10,3.071184874e+00,4.190354432e+09
867000,999.1757202,1.526079800e+07,5.164742188e+04,8.924411725e+10,1.513179972e+12,5.539736781e+10,2.961076498e+00,4.137051136e+09
868000,999.1757202,1.487513200e+07,5.015912891e+04,8.797039309e+10,1.507662889e+12,5.534688461e+10,2.854937792e+00,4.084441088e+09
869000,999.1757202,1.449932000e+07,4.871428516e+04,8.671555635e+10,1.502163239e+12,5.529624166e+10,2.752635002e+00,4.032516096e+09
870000,999.1757202,1.413311100e+07,4.731142188e+04,8.547918374e+10,1.496683643e+12,5.524584448e+10,2.654028416e+00,3.981265664e+09
871000,999.1757202,1.377623200e+07,4.594913281e+04,8.426080998e+10,1.491229737e+12,5.519529165e+10,2.558974028e+00,3.930681600e+09
872000,999.1757202,1.342849100e+07,4.462675000e+04,8.306065907e+10,1.485795754e+12,5.514498867e+10,2.467361450e+00,3.880755456e+09
873000,999.1757202,1.308955300e+07,4.334258984e+04,8.187796518e+10,1.480381301e+12,5.509473894e+10,2.379037619e+00,3.831462912e+09
874000,999.1757202,1.275934100e+07,4.209570312e+04,8.071249536e+10,1.474989654e+12,5.504453427e+10,2.293910503e+00,3.782826240e+09
875000,999.1757202,1.243748200e+07,4.088500000e+04,7.956444058e+10,1.469620421e+12,5.499436646e+10,2.211838245e+00,3.734806272e+09
876000,999.1757202,1.212385800e+07,3.970957031e+04,7.843322918e+10,1.464267833e+12,5.494424781e+10,2.132734776e+00,3.687424256e+09
877000,999.1757202,1.181821100e+07,3.856808203e+04,7.731846246e+10,1.458940412e+12,5.489418240e+10,2.056483746e+00,3.640643328e+09
878000,999.1757202,1.152037800e+07,3.745969141e+04,7.622004198e+10,1.453632389e+12,5.484415795e+10,1.982966304e+00,3.594469376e+09
879000,999.1757202,1.123013600e+07,3.638371484e+04,7.513801766e+10,1.448346386e+12,5.479417446e+10,1.912106395e+00,3.548908032e+09
880000,999.1757202,1.094724900e+07,3.533864062e+04,7.407155750e+10,1.443079520e+12,5.474424422e+10,1.843792796e+00,3.503924992e+09
881000,999.1757202,1.067157000e+07,3.432397656e+04,7.302100544e+10,1.437834674e+12,5.469456384e+10,1.777933240e+00,3.459524608e+09
882000,999.1757202,1.040291200e+07,3.333870312e+04,7.198557043e+10,1.432608965e+12,5.464472371e+10,1.714452386e+00,3.415700224e+09
883000,999.1757202,1.014109500e+07,3.238195508e+04,7.096556467e+10,1.427404751e+12,5.459513344e+10,1.653250694e+00,3.372443392e+09
884000,999.1757202,9.885942000e+06,3.145302734e+04,6.996047910e+10,1.422219543e+12,5.454537933e+10,1.594251990e+00,3.329747200e+09
885000,999.1757202,9.637228000e+06,3.055086328e+04,6.896997082e+10,1.417053340e+12,5.449588326e+10,1.537370443e+00,3.287591936e+09
886000,999.1757202,9.394896000e+06,2.967491406e+04,6.799396045e+10,1.411910992e+12,5.444621926e+10,1.482535362e+00,3.245994752e+09
887000,999.1757202,9.158692000e+06,2.882429883e+04,6.703234586e+10,1.406787518e+12,5.439680922e+10,1.429667115e+00,3.204936448e+09
888000,999.1757202,8.928496000e+06,2.799817383e+04,6.608478374e+10,1.401682526e+12,5.434744422e+10,1.378705144e+00,3.164397312e+09
889000,999.1757202,8.704168000e+06,2.719614062e+04,6.515106893e+10,1.396601389e+12,5.429812429e+10,1.329575062e+00,3.124394752e+09
890000,999.1757202,8.485510000e+06,2.641708594e+04,6.423087347e+10,1.391533359e+12,5.424884941e+10,1.282195687e+00,3.084898048e+09
891000,999.1757202,8.272422500e+06,2.566063672e+04,6.332436454e+10,1.386491675e+12,5.419961958e+10,1.236528277e+00,3.045923584e+09
892000,999.1757202,8.064732000e+06,2.492613672e+04,6.243096128e+10,1.381465588e+12,5.415043482e+10,1.192496538e+00,3.007441664e+09
893000,999.1757202,7.862286000e+06,2.421266016e+04,6.155060672e+10,1.376460603e+12,5.410129510e+10,1.150036931e+00,2.969457408e+09
894000,999.1757202,7.665025000e+06,2.352005273e+04,6.068320115e+10,1.371476066e+12,5.405220045e+10,1.109106064e+00,2.931969536e+09
895000,999.1757202,7.472740500e+06,2.284725977e+04,5.982844621e+10,1.366509617e+12,5.400314675e+10,1.069644451e+00,2.894955008e+09
896000,999.1757202,7.285336500e+06,2.219396680e+04,5.898605107e+10,1.361561256e+12,5.395434701e+10,1.031598449e+00,2.858423808e+09
897000,999.1757202,7.102671500e+06,2.155951758e+04,5.815593702e+10,1.356635832e+12,5.390538342e+10,9.949134588e-01,2.822364928e+09
898000,999.1757202,6.924640500e+06,2.094328320e+04,5.733801523e+10,1.351725875e+12,5.385646080e+10,9.595401883e-01,2.786770944e+09
899000,999.1757202,6.751123500e+06,2.034489648e+04,5.653201805e+10,1.346836103e+12,5.380779622e+10,9.254352450e-01,2.751631616e+09
900000,999.1757202,6.581991000e+06,1.976375781e+04,5.573775347e+10,1.341966647e+12,5.375916851e+10,8.925526738e-01,2.716945408e+09
901000,999.1757202,6.417145500e+06,1.919936328e+04,5.495515200e+10,1.337114624e+12,5.371038515e+10,8.608451486e-01,2.682711808e+09
902000,999.1757202,6.256476500e+06,1.865123242e+04,5.418373824e+10,1.332282917e+12,5.366184755e+10,8.302735090e-01,2.648909568e+09
903000,999.1757202,6.099864500e+06,1.811888477e+04,5.342364736e+10,1.327468511e+12,5.361335501e+10,8.007966876e-01,2.615543296e+09
904000,999.1757202,5.947229500e+06,1.760193555e+04,5.267479731e+10,1.322674291e+12,5.356490752e+10,7.723751664e-01,2.582617088e+09
905000,999.1757202,5.798437000e+06,1.709980078e+04,5.193655642e+10,1.317897110e+12,5.351650099e+10,7.449652553e-01,2.550105344e+09
906000,999.1757202,5.653409000e+06,1.661217969e+04,5.120913434e+10,1.313139720e+12,5.346793472e+10,7.185363173e-01,2.518012672e+09
907000,999.1757202,5.512061500e+06,1.613858789e+04,5.049246541e+10,1.308399501e+12,5.341961830e+10,6.930555701e-01,2.486333184e+09
908000,999.1757202,5.374268000e+06,1.567861426e+04,4.978611866e+10,1.303678943e+12,5.337154765e+10,6.684809327e-01,2.455061248e+09
909000,999.1757202,5.239979500e+06,1.523181152e+04,4.908993101e+10,1.298977915e+12,5.332331725e+10,6.447875500e-01,2.424192256e+09
910000,999.1757202,5.109046500e+06,1.479790918e+04,4.840394010e+10,1.294293664e+12,5.327513190e+10,6.219385862e-01,2.393711616e+09
911000,999.1757202,4.981451500e+06,1.437653418e+04,4.772798848e+10,1.289626583e+12,5.322698752e+10,5.999040008e-01,2.363631616e+09
912000,999.1757202,4.857071500e+06,1.396720898e+04,4.706175334e+10,1.284978639e+12,5.317908890e+10,5.786589384e-01,2.333938944e+09
913000,999.1757202,4.735805500e+06,1.356958984e+04,4.640509030e+10,1.280347472e+12,5.313103462e+10,5.581661463e-01,2.304619520e+09
914000,999.1757202,4.617629000e+06,1.318349316e+04,4.575811584e+10,1.275735310e+12,5.308322611e+10,5.384093523e-01,2.275685376e+09
915000,999.1757202,4.502418500e+06,1.280842969e+04,4.512043072e+10,1.271139926e+12,5.303525376e+10,5.193539262e-01,2.247114496e+09
916000,999.1757202,4.390116500e+06,1.244417871e+04,4.449206861e+10,1.266565906e+12,5.298752717e+10,5.009804964e-01,2.218910720e+09
917000,999.1757202,4.280648000e+06,1.209033301e+04,4.387272218e+10,1.262008140e+12,5.293984563e+10,4.832626581e-01,2.191073792e+09
918000,999.1757202,4.173932750e+06,1.174668262e+04,4.326250086e+10,1.257467019e+12,5.289200435e+10,4.661732018e-01,2.163589888e+09
919000,999.1757202,4.069908750e+06,1.141284473e+04,4.266095104e+10,1.252942152e+12,5.284440883e+10,4.496931434e-01,2.136459264e+09
920000,999.1757202,3.968500750e+06,1.108862012e+04,4.206817907e+10,1.248435896e+12,5.279685837e+10,4.338023961e-01,2.109672576e+09
921000,999.1757202,3.869655750e+06,1.077368945e+04,4.148390221e+10,1.243948384e+12,5.274934886e+10,4.184747338e-01,2.083233664e+09
922000,999.1757202,3.773294500e+06,1.046782227e+04,4.090822195e+10,1.239476863e+12,5.270188032e+10,4.036932588e-01,2.057134080e+09
923000,999.1757202,3.679360750e+06,1.017067773e+04,4.034078362e+10,1.235023823e+12,5.265445683e+10,3.894369006e-01,2.031369344e+09
924000,999.1757202,3.587772500e+06,9.882005859e+03,3.978146650e+10,1.230586774e+12,5.260707430e+10,3.756897151e-01,2.005927040e+09
925000,999.1757202,3.498510750e+06,9.601674805e+03,3.923037402e+10,1.226165584e+12,5.255973274e+10,3.624305725e-01,1.980814848e+09
926000,999.1757202,3.411482750e+06,9.329330078e+03,3.868723853e+10,1.221764973e+12,5.251264102e+10,3.496420681e-01,1.956024448e+09
927000,999.1757202,3.326651250e+06,9.064780273e+03,3.815180019e+10,1.217380221e+12,5.246538547e+10,3.373099267e-01,1.931547904e+09
928000,999.1757202,3.243935500e+06,8.807832031e+03,3.762414976e+10,1.213011198e+12,5.241817498e+10,3.254140019e-01,1.907385088e+09
929000,999.1757202,3.163312750e+06,8.558201172e+03,3.710418086e+10,1.208657904e+12,5.237120614e+10,3.139412105e-01,1.883531648e+09
930000,999.1757202,3.084711500e+06,8.315708008e+03,3.659163533e+10,1.204324663e+12,5.232407757e+10,3.028763533e-01,1.859983616e+09
931000,999.1757202,3.008086000e+06,8.080209473e+03,3.608661338e+10,1.200007021e+12,5.227719066e+10,2.922048867e-01,1.836740480e+09
932000,999.1757202,2.933380750e+06,7.851379395e+03,3.558873203e+10,1.195704844e+12,5.223034880e+10,2.819104195e-01,1.813787776e+09
933000,999.1757202,2.860552500e+06,7.629146484e+03,3.509814976e+10,1.191420494e+12,5.218354790e+10,2.719838321e-01,1.791132160e+09
934000,999.1757202,2.789548500e+06,7.413204102e+03,3.461443674e+10,1.187153576e+12,5.213659136e+10,2.624077499e-01,1.768759552e+09
935000,999.1757202,2.720327750e+06,7.203429688e+03,3.413787520e+10,1.182899765e+12,5.208987648e+10,2.531708479e-01,1.746679680e+09
936000,999.1757202,2.652844750e+06,6.999697266e+03,3.366810573e+10,1.178665615e+12,5.204319437e+10,2.442627251e-01,1.724875520e+09
937000,999.1757202,2.587050750e+06,6.801752930e+03,3.320508826e+10,1.174446801e+12,5.199656141e+10,2.356699109e-01,1.703353216e+09
938000,999.1757202,2.522907750e+06,6.609431641e+03,3.274867238e+10,1.170243060e+12,5.194997350e+10,2.273810655e-01,1.682105984e+09
939000,999.1757202,2.460369250e+06,6.422645996e+03,3.229892659e+10,1.166056358e+12,5.190342246e+10,2.193870991e-01,1.661126912e+09
940000,999.1757202,2.399399000e+06,6.241163574e+03,3.185558733e+10,1.161884860e+12,5.185691238e+10,2.116750181e-01,1.640415744e+09
941000,999.1757202,2.339957750e+06,6.064854492e+03,3.141861184e+10,1.157730402e+12,5.181064806e+10,2.042363584e-01,1.619969024e+09
942000,999.1757202,2.282006500e+06,5.893593750e+03,3.098802240e+10,1.153595343e+12,5.176421990e+10,1.970613599e-01,1.599783168e+09
943000,999.1757202,2.225498500e+06,5.727191406e+03,3.056338496e+10,1.149470507e+12,5.171784090e+10,1.901398748e-01,1.579848704e+09
944000,999.1757202,2.170415250e+06,5.565529785e+03,3.014500864e+10,1.145364808e+12,5.167169536e+10,1.834636033e-01,1.560174720e+09
945000,999.1757202,2.116695000e+06,5.408492676e+03,2.973267917e+10,1.141273919e+12,5.162539008e+10,1.770237684e-01,1.540748800e+09
946000,999.1757202,2.064336125e+06,5.255927246e+03,2.932610266e+10,1.137197580e+12,5.157933056e+10,1.708106399e-01,1.521570432e+09
947000,999.1757202,2.013272000e+06,5.107704102e+03,2.892551142e+10,1.133139984e+12,5.153330790e+10,1.648187190e-01,1.502633600e+09
948000,999.1757202,1.963493875e+06,4.963699219e+03,2.853055014e+10,1.129096937e+12,5.148712960e+10,1.590376049e-01,1.483943680e+09
949000,999.1757202,1.914953750e+06,4.823753418e+03,2.814124544e+10,1.125066080e+12,5.144119296e+10,1.534604132e-01,1.465486464e+09
950000,999.1757202,1.867627500e+06,4.687843750e+03,2.775756045e+10,1.121053966e+12,5.139529728e+10,1.480810940e-01,1.447264128e+09
951000,999.1757202,1.821492125e+06,4.555780273e+03,2.737941786e+10,1.117058367e+12,5.134943846e+10,1.428914070e-01,1.429273984e+09
952000,999.1757202,1.776496250e+06,4.427471191e+03,2.700663066e+10,1.113072861e+12,5.130362061e+10,1.378846467e-01,1.411512704e+09
953000,999.1757202,1.732625125e+06,4.302808594e+03,2.663912768e+10,1.109107671e+12,5.125784371e+10,1.330548674e-01,1.393975040e+09
954000,999.1757202,1.689850375e+06,4.181687500e+03,2.627697178e+10,1.105156768e+12,5.121211187e+10,1.283957213e-01,1.376660352e+09
955000,999.1757202,1.648150500e+06,4.064007324e+03,2.591993677e+10,1.101219758e+12,5.116641690e+10,1.239006668e-01,1.359565952e+09
956000,999.1757202,1.607485625e+06,3.949668945e+03,2.556800627e+10,1.097296970e+12,5.112076698e+10,1.195643470e-01,1.342689024e+09
957000,999.1757202,1.567836250e+06,3.838591309e+03,2.522114394e+10,1.093392138e+12,5.107515392e+10,1.153810993e-01,1.326028928e+09
958000,999.1757202,1.529164750e+06,3.730637695e+03,2.487909184e+10,1.089501397e+12,5.102977843e+10,1.113446653e-01,1.309570816e+09
959000,999.1757202,1.491469750e+06,3.625761230e+03,2.454205453e+10,1.085624484e+12,5.098424730e+10,1.074506640e-01,1.293331712e+09
960000,999.1757202,1.454709625e+06,3.523873779e+03,2.420986880e+10,1.081761268e+12,5.093894963e+10,1.036940068e-01,1.277293952e+09
961000,999.1757202,1.418866250e+06,3.424875488e+03,2.388232922e+10,1.077916008e+12,5.089350042e+10,1.000698581e-01,1.261459712e+09
962000,999.1757202,1.383916750e+06,3.328670898e+03,2.355945613e+10,1.074084315e+12,5.084828467e+10,9.657347947e-02,1.245826688e+09
963000,999.1757202,1.349833125e+06,3.235193604e+03,2.324118246e+10,1.070266253e+12,5.080291738e+10,9.319960326e-02,1.230389888e+09
964000,999.1757202,1.316599125e+06,3.144377441e+03,2.292747622e+10,1.066463789e+12,5.075777946e+10,8.994463831e-02,1.215148800e+09
965000,999.1757202,1.284193125e+06,3.056122070e+03,2.261819994e+10,1.062674891e+12,5.071268659e+10,8.680400997e-02,1.200101120e+09
966000,999.1757202,1.252589500e+06,2.970377930e+03,2.231339686e+10,1.058901459e+12,5.066763059e+10,8.377432078e-02,1.185241984e+09
967000,999.1757202,1.221777500e+06,2.887061279e+03,2.201285542e+10,1.055141462e+12,5.062261555e+10,8.085068315e-02,1.170573696e+09
968000,999.1757202,1.191728000e+06,2.806092529e+03,2.171658906e+10,1.051396801e+12,5.057764147e+10,7.803025842e-02,1.156088960e+09
969000,999.1757202,1.162431125e+06,2.727425781e+03,2.142452787e+10,1.047667278e+12,5.053270835e+10,7.530880719e-02,1.141787904e+09
970000,999.1757202,1.133858625e+06,2.650984375e+03,2.113664870e+10,1.043949224e+12,5.048781619e+10,7.268283516e-02,1.127668096e+09
971000,999.1757202,1.105992625e+06,2.576705322e+03,2.085289997e+10,1.040246178e+12,5.044296090e+10,7.014922053e-02,1.113726976e+09
972000,999.1757202,1.078823875e+06,2.504516846e+03,2.057313651e+10,1.036560368e+12,5.039814246e+10,6.770470738e-02,1.099962752e+09
973000,999.1757202,1.052326500e+06,2.434388184e+03,2.029734784e+10,1.032885502e+12,5.035356160e+10,6.534612179e-02,1.086370304e+09
974000,999.1757202,1.026487688e+06,2.366214111e+03,2.002546688e+10,1.029223809e+12,5.030882099e+10,6.306994706e-02,1.072950144e+09
975000,999.1757202,1.001291062e+06,2.299992920e+03,1.975740582e+10,1.025578959e+12,5.026412954e+10,6.087351218e-02,1.059697792e+09
976000,999.1757202,9.767203750e+05,2.235633789e+03,1.949317683e+10,1.021946888e+12,5.021966746e+10,5.875447392e-02,1.046616960e+09
977000,999.1757202,9.527563125e+05,2.173092041e+03,1.923268762e+10,1.018329760e+12,5.017504973e+10,5.670962483e-02,1.033697728e+09
978000,999.1757202,9.293871875e+05,2.112315918e+03,1.897592678e+10,1.014725411e+12,5.013066138e+10,5.473678187e-02,1.020941888e+09
979000,999.1757202,9.065982500e+05,2.053255127e+03,1.872275968e+10,1.011133841e+12,5.008631398e+10,5.283277109e-02,1.008347200e+09
980000,999.1757202,8.843714375e+05,1.995853638e+03,1.847311360e+10,1.007556821e+12,5.004181914e+10,5.099518970e-02,9.959098880e+08
981000,999.1757202,8.627027500e+05,1.940086182e+03,1.822709235e+10,1.003994415e+12,4.999754957e+10,4.922264814e-02,9.836333440e+08
982000,999.1757202,8.415649375e+05,1.885884399e+03,1.798455091e+10,1.000442626e+12,4.995332096e+10,4.751189426e-02,9.715063040e+08
983000,999.1757202,8.209481875e+05,1.833210693e+03,1.774536960e+10,9.969074176e+11,4.990913331e+10,4.586095363e-02,9.595344640e+08
984000,999.1757202,8.008487500e+05,1.782028687e+03,1.750963213e+10,9.933845299e+11,4.986497843e+10,4.426788539e-02,9.477135360e+08
985000,999.1757202,7.812413750e+05,1.732282227e+03,1.727718989e+10,9.898740941e+11,4.982086861e+10,4.273064435e-02,9.360401280e+08
986000,999.1757202,7.621228750e+05,1.683943726e+03,1.704806003e+10,9.863798456e+11,4.977679565e+10,4.124709964e-02,9.245157760e+08
987000,999.1757202,7.434750000e+05,1.636954102e+03,1.682213402e+10,9.828942479e+11,4.973295206e+10,3.981536254e-02,9.131368320e+08
988000,999.1757202,7.252861875e+05,1.591299927e+03,1.659942042e+10,9.794247066e+11,4.968896102e+10,3.843376413e-02,9.018979200e+08
989000,999.1757202,7.075530625e+05,1.546924927e+03,1.637978586e+10,9.759710249e+11,4.964499866e+10,3.710053489e-02,8.908023680e+08
990000,999.1757202,6.902536250e+05,1.503798950e+03,1.616327821e+10,9.725258629e+11,4.960108544e+10,3.581382707e-02,8.798450560e+08
991000,999.1757202,6.733822500e+05,1.461891968e+03,1.594984704e+10,9.690964951e+11,4.955739750e+10,3.457213193e-02,8.690275200e+08
992000,999.1757202,6.569283125e+05,1.421158203e+03,1.573939174e+10,9.656793170e+11,4.951355392e+10,3.337375075e-02,8.583429120e+08
993000,999.1757202,6.408812500e+05,1.381570068e+03,1.553189696e+10,9.622741975e+11,4.946994381e+10,3.221715242e-02,8.477961600e+08
994000,999.1757202,6.252285625e+05,1.343094849e+03,1.532732352e+10,9.588828406e+11,4.942618214e+10,3.110111319e-02,8.373790720e+08
995000,999.1757202,6.099651875e+05,1.305711060e+03,1.512570304e+10,9.555070812e+11,4.938264986e+10,3.002396040e-02,8.270929920e+08
996000,999.1757202,5.950766875e+05,1.269362915e+03,1.492678618e+10,9.521397760e+11,4.933915034e+10,2.898422629e-02,8.169365120e+08
997000,999.1757202,5.805560625e+05,1.234045532e+03,1.473074061e+10,9.487876751e+11,4.929569178e+10,2.798103169e-02,8.069077760e+08
998000,999.1757202,5.663918750e+05,1.199715454e+03,1.453747187e+10,9.454457324e+11,4.925227418e+10,2.701266296e-02,7.970052480e+08
999000,999.1757202,5.525774375e+05,1.166353638e+03,1.434684454e+10,9.421190595e+11,4.920889344e+10,2.607810497e-02,7.872256640e+08
1000000,999.1757202,5.391040625e+05,1.133923950e+03,1.415896192e+10,9.388041830e+11,4.916554957e+10,2.517616935e-02,7.775690880e+08
