altitude,temp,N2,O2,O,He,H,Ar,N
0,295.7230225,1.917629897e+25,5.142266259e+24,0.000000000e+00,1.277033586e+20,0.000000000e+00,2.291784392e+23,0.000000000e+00
1000,289.149353,1.744929865e+25,4.679158444e+24,0.000000000e+00,1.162025109e+20,0.000000000e+00,2.085388385e+23,0.000000000e+00
2000,283.6252136,1.578934532e+25,4.234029574e+24,0.000000000e+00,1.051481529e+20,0.000000000e+00,1.887005001e+23,0.000000000e+00
3000,278.4516907,1.424316921e+25,3.819411331e+24,0.000000000e+00,9.485149922e+19,0.000000000e+00,1.702219606e+23,0.000000000e+00
4000,273.0304871,1.283527566e+25,3.441873926e+24,0.000000000e+00,8.547570849e+19,0.000000000e+00,1.533960441e+23,0.000000000e+00
5000,266.8561096,1.157360944e+25,3.103548822e+24,0.000000000e+00,7.707372441e+19,0.000000000e+00,1.383177043e+23,0.000000000e+00
6000,259.692688,1.044818973e+25,2.801759224e+24,0.000000000e+00,6.957906173e+19,0.000000000e+00,1.248676680e+23,0.000000000e+00
7000,252.014679,9.423322637e+24,2.526933578e+24,0.000000000e+00,6.275402362e+19,0.000000000e+00,1.126193451e+23,0.000000000e+00
8000,244.371521,8.470986992e+24,2.271557862e+24,0.000000000e+00,5.641200977e+19,0.000000000e+00,1.012378662e+23,0.000000000e+00
9000,237.1983795,7.575319169e+24,2.031377795e+24,0.000000000e+00,5.044736150e+19,0.000000000e+00,9.053362052e+22,0.000000000e+00
10000,230.8326416,6.729459860e+24,1.804554468e+24,0.000000000e+00,4.481441829e+19,0.000000000e+00,8.042465164e+22,0.000000000e+00
11000,225.4878845,5.933542229e+24,1.591123190e+24,0.000000000e+00,3.951405097e+19,0.000000000e+00,7.091253131e+22,0.000000000e+00
12000,221.1318665,5.194710929e+24,1.393000114e+24,0.000000000e+00,3.459385298e+19,0.000000000e+00,6.208266580e+22,0.000000000e+00
13000,217.6935883,4.518445509e+24,1.211654641e+24,0.000000000e+00,3.009030613e+19,0.000000000e+00,5.400052843e+22,0.000000000e+00
14000,215.1235199,3.907108305e+24,1.047720011e+24,0.000000000e+00,2.601914443e+19,0.000000000e+00,4.669435676e+22,0.000000000e+00
15000,213.3916168,3.360565866e+24,9.011605577e+23,0.000000000e+00,2.237947726e+19,0.000000000e+00,4.016255654e+22,0.000000000e+00
16000,212.4611816,2.877066327e+24,7.715065361e+23,0.000000000e+00,1.915964322e+19,0.000000000e+00,3.438419052e+22,0.000000000e+00
17000,212.202652,2.454425480e+24,6.581724066e+23,0.000000000e+00,1.634509357e+19,0.000000000e+00,2.933315809e+22,0.000000000e+00
18000,212.4712067,2.088804960e+24,5.601285023e+23,0.000000000e+00,1.391026575e+19,0.000000000e+00,2.496357884e+22,0.000000000e+00
19000,213.1301575,1.775127732e+24,4.760136191e+23,0.000000000e+00,1.182135199e+19,0.000000000e+00,2.121478251e+22,0.000000000e+00
20000,214.0453186,1.507727189e+24,4.043082066e+23,0.000000000e+00,1.004061484e+19,0.000000000e+00,1.801904285e+22,0.000000000e+00
21000,215.0946198,1.280846504e+24,3.434684667e+23,0.000000000e+00,8.529717089e+18,0.000000000e+00,1.530756287e+22,0.000000000e+00
22000,216.2213898,1.088658741e+24,2.919319027e+23,0.000000000e+00,7.249854768e+18,0.000000000e+00,1.301070229e+22,0.000000000e+00
23000,217.3877716,9.259862723e+23,2.483100547e+23,0.000000000e+00,6.166547193e+18,0.000000000e+00,1.106658165e+22,0.000000000e+00
24000,218.5545807,7.883394062e+23,2.113990386e+23,0.000000000e+00,5.249896993e+18,0.000000000e+00,9.421546746e+21,0.000000000e+00
25000,219.6809082,6.718811477e+23,1.801699078e+23,0.000000000e+00,4.474350419e+18,0.000000000e+00,8.029739118e+21,0.000000000e+00
26000,220.7363739,5.732890652e+23,1.537317063e+23,0.000000000e+00,3.817782548e+18,0.000000000e+00,6.851452214e+21,0.000000000e+00
27000,221.7557831,4.896311353e+23,1.312982138e+23,0.000000000e+00,3.260667978e+18,0.000000000e+00,5.851645215e+21,0.000000000e+00
28000,222.7978668,4.184635606e+23,1.122141022e+23,0.000000000e+00,2.786732012e+18,0.000000000e+00,5.001112278e+21,0.000000000e+00
29000,223.9233551,3.577970833e+23,9.594592945e+22,0.000000000e+00,2.382727184e+18,0.000000000e+00,4.276079182e+21,0.000000000e+00
30000,225.1954956,3.059933657e+23,8.205437825e+22,0.000000000e+00,2.037743591e+18,0.000000000e+00,3.656966245e+21,0.000000000e+00
31000,226.6713257,2.617130194e+23,7.018027754e+22,0.000000000e+00,1.742861445e+18,0.000000000e+00,3.127766267e+21,0.000000000e+00
32000,228.3522491,2.238934291e+23,6.003868009e+22,0.000000000e+00,1.491004288e+18,0.000000000e+00,2.675779379e+21,0.000000000e+00
33000,230.2178497,1.916253179e+23,5.138574749e+22,0.000000000e+00,1.276116835e+18,0.000000000e+00,2.290138957e+21,0.000000000e+00
34000,232.2467651,1.641141608e+23,4.400842346e+22,0.000000000e+00,1.092907961e+18,0.000000000e+00,1.961349585e+21,0.000000000e+00
35000,234.4166412,1.406707180e+23,3.772189377e+22,0.000000000e+00,9.367878239e+17,0.000000000e+00,1.681174038e+21,0.000000000e+00
36000,236.7052917,1.206967042e+23,3.236571320e+22,0.000000000e+00,8.037721370e+17,0.000000000e+00,1.442461865e+21,0.000000000e+00
37000,239.1009369,1.036734489e+23,2.780080156e+22,0.000000000e+00,6.904068531e+17,0.000000000e+00,1.239014848e+21,0.000000000e+00
38000,241.5963898,8.915552804e+22,2.390771441e+22,0.000000000e+00,5.937256962e+17,0.000000000e+00,1.065509310e+21,0.000000000e+00
39000,244.1837921,7.676574716e+22,2.058530313e+22,0.000000000e+00,5.112166600e+17,0.000000000e+00,9.174373577e+20,0.000000000e+00
40000,246.8545685,6.618479204e+22,1.774794191e+22,0.000000000e+00,4.407534953e+17,0.000000000e+00,7.909830355e+20,0.000000000e+00
41000,249.5942383,5.714067678e+22,1.532269497e+22,0.000000000e+00,3.805247566e+17,0.000000000e+00,6.828955889e+20,0.000000000e+00
42000,252.3407898,4.941285110e+22,1.325042214e+22,0.000000000e+00,3.290618056e+17,0.000000000e+00,5.905394270e+20,0.000000000e+00
43000,255.0023499,4.281271776e+22,1.148054690e+22,0.000000000e+00,2.851086049e+17,0.000000000e+00,5.116603220e+20,0.000000000e+00
44000,257.4793701,3.717604849e+22,9.969031901e+21,0.000000000e+00,2.475715700e+17,0.000000000e+00,4.442957603e+20,0.000000000e+00
45000,259.6658325,3.236040345e+22,8.677681566e+21,0.000000000e+00,2.155020800e+17,0.000000000e+00,3.867433810e+20,0.000000000e+00
46000,261.4516907,2.824301677e+22,7.573574015e+21,0.000000000e+00,1.880826137e+17,0.000000000e+00,3.375359608e+20,0.000000000e+00
47000,262.7324829,2.471777462e+22,6.628253816e+21,0.000000000e+00,1.646064770e+17,0.000000000e+00,2.954053140e+20,0.000000000e+00
48000,263.4101868,2.169386417e+22,5.817370007e+21,0.000000000e+00,1.444689216e+17,0.000000000e+00,2.592661788e+20,0.000000000e+00
49000,263.3930664,1.909422209e+22,5.120257258e+21,0.000000000e+00,1.271567846e+17,0.000000000e+00,2.281975339e+20,0.000000000e+00
50000,262.5995789,1.685316449e+22,4.519300583e+21,0.000000000e+00,1.122325893e+17,0.000000000e+00,2.014143454e+20,0.000000000e+00
51000,260.9747009,1.491451009e+22,3.999436286e+21,4.781719698e+15,9.932225259e+16,0.000000000e+00,1.782452429e+20,0.000000000e+00
52000,258.6510925,1.322249870e+22,3.545711008e+21,5.266135637e+15,8.805440589e+16,0.000000000e+00,1.580237991e+20,0.000000000e+00
53000,255.8931732,1.172857026e+22,3.145102874e+21,5.680989213e+15,7.810568108e+16,0.000000000e+00,1.401696566e+20,0.000000000e+00
54000,252.9542694,1.039724204e+22,2.788097183e+21,6.033119086e+15,6.923977766e+16,0.000000000e+00,1.242587821e+20,0.000000000e+00
55000,250.0677338,9.202559777e+21,2.467734468e+21,6.338810699e+15,6.128387044e+16,0.000000000e+00,1.099809815e+20,0.000000000e+00
56000,247.4376831,8.126002434e+21,2.179047680e+21,6.620854759e+15,5.411460795e+16,0.000000000e+00,9.711490988e+19,0.000000000e+00
57000,245.0717773,7.159036247e+21,1.919748569e+21,6.887856769e+15,4.767515489e+16,0.000000000e+00,8.555857648e+19,0.000000000e+00
58000,242.8094635,6.297182949e+21,1.688636221e+21,7.130696368e+15,4.193569561e+16,0.000000000e+00,7.525844831e+19,0.000000000e+00
59000,240.4956818,5.533847582e+21,1.483942129e+21,7.338633451e+15,3.685230975e+16,0.000000000e+00,6.613572996e+19,0.000000000e+00
60000,237.9873505,4.860872438e+21,1.303478951e+21,7.500694379e+15,3.237067674e+16,0.000000000e+00,5.809291676e+19,0.000000000e+00
61000,235.1574707,4.269526726e+21,1.144905168e+21,7.606209914e+15,2.843264699e+16,0.000000000e+00,5.102566943e+19,0.000000000e+00
62000,231.9938354,3.749391086e+21,1.005426998e+21,7.657390355e+15,2.496883532e+16,0.000000000e+00,4.480946169e+19,0.000000000e+00
63000,228.6073151,3.289846595e+21,8.821966906e+20,7.672185443e+15,2.190852725e+16,0.000000000e+00,3.931738352e+19,0.000000000e+00
64000,225.1067963,2.882466736e+21,7.729547040e+20,7.670224791e+15,1.919560686e+16,0.000000000e+00,3.444873284e+19,0.000000000e+00
65000,221.5900421,2.520585335e+21,6.759136021e+20,7.671365641e+15,1.678567923e+16,0.000000000e+00,3.012384123e+19,0.000000000e+00
66000,218.1435547,2.198854230e+21,5.896390237e+20,7.695341223e+15,1.464313158e+16,0.000000000e+00,2.627879190e+19,0.000000000e+00
67000,214.8309021,1.913001051e+21,5.129853655e+20,7.744343578e+15,1.273951080e+16,0.000000000e+00,2.286252351e+19,0.000000000e+00
68000,211.6884766,1.659560700e+21,4.450234435e+20,7.792915363e+15,1.105174005e+16,0.000000000e+00,1.983362406e+19,0.000000000e+00
69000,208.7465668,1.435435828e+21,3.849227305e+20,7.812530479e+15,9.559194894e+15,0.000000000e+00,1.715507959e+19,0.000000000e+00
70000,206.0320129,1.237833779e+21,3.319342921e+20,7.774595180e+15,8.243276507e+15,0.000000000e+00,1.479351224e+19,0.000000000e+00
71000,203.5689545,1.064172726e+21,2.853657877e+20,7.652396918e+15,7.086791601e+15,0.000000000e+00,1.271806639e+19,0.000000000e+00
72000,201.3802948,9.121040402e+20,2.445874523e+20,7.458039448e+15,6.074100053e+15,0.000000000e+00,1.090067373e+19,0.000000000e+00
73000,199.4891968,7.794184250e+20,2.090067811e+20,7.277135962e+15,5.190487305e+15,0.000000000e+00,9.314929470e+18,0.000000000e+00
74000,197.9186249,6.640854607e+20,1.780794189e+20,7.196910805e+15,4.422435214e+15,0.000000000e+00,7.936570698e+18,0.000000000e+00
75000,196.6921692,5.642204259e+20,1.512998896e+20,7.303388950e+15,3.757390667e+15,0.000000000e+00,6.743071717e+18,0.000000000e+00
76000,195.8349152,4.780829258e+20,1.282014725e+20,7.698629557e+15,3.183799932e+15,4.579463161e+13,5.713631415e+18,0.000000000e+00
77000,195.3539429,4.041104223e+20,1.083652008e+20,8.500632021e+15,2.693941732e+15,8.887868588e+13,4.829575688e+18,0.000000000e+00
78000,195.1992188,3.409405062e+20,9.142571126e+19,9.801613586e+15,2.279071245e+15,1.365975258e+14,4.074624066e+18,0.000000000e+00
79000,195.3133545,2.872603606e+20,7.703099299e+19,1.174070972e+16,1.928819884e+15,1.776483031e+14,3.433085695e+18,0.000000000e+00
80000,195.6414642,2.418264115e+20,6.484729585e+19,1.453438837e+16,1.633792809e+15,2.050507313e+14,2.890099024e+18,0.000000000e+00
81000,196.1296692,2.034982278e+20,5.456913592e+19,1.849900611e+16,1.385692010e+15,2.174000541e+14,2.432024338e+18,0.000000000e+00
82000,196.7054749,1.712584534e+20,4.592369358e+19,2.412430732e+16,1.177347844e+15,2.170300997e+14,2.046716568e+18,0.000000000e+00
83000,197.21521,1.442523544e+20,3.868130285e+19,3.235968806e+16,1.002893251e+15,2.077582720e+14,1.723958916e+18,0.000000000e+00
84000,197.4809113,1.217041328e+20,3.263412304e+19,4.490950090e+16,8.571464219e+14,1.932550063e+14,1.454468753e+18,0.000000000e+00
85000,197.3242798,1.029121861e+20,2.759318988e+19,6.486263476e+16,7.354979157e+14,1.763524645e+14,1.229855982e+18,0.000000000e+00
86000,196.5726624,8.725698769e+19,2.338878936e+19,9.806255586e+16,6.339528764e+14,1.592345368e+14,1.042421823e+18,0.000000000e+00
87000,195.1070251,7.419001328e+19,1.987442254e+19,1.501336742e+17,5.497086028e+14,1.433518148e+14,8.852450552e+17,0.000000000e+00
88000,193.0752411,6.318083644e+19,1.690767299e+19,2.182418053e+17,4.801107717e+14,1.289333915e+14,7.522102643e+17,0.000000000e+00
89000,190.7209778,5.380592092e+19,1.437681162e+19,3.018935948e+17,4.217919609e+14,1.159421388e+14,6.384902505e+17,0.000000000e+00
90000,188.2715607,4.575927261e+19,1.220137179e+19,3.986591737e+17,3.722975296e+14,1.042632252e+14,5.406211744e+17,0.000000000e+00
91000,185.9336548,3.881903647e+19,1.032285288e+19,5.039036020e+17,3.298493947e+14,9.375970650e+13,4.560789007e+17,0.000000000e+00
92000,183.8936768,3.282035392e+19,8.697922027e+18,6.109155297e+17,2.931179955e+14,8.429225640e+13,3.829874908e+17,1.170620088e+11
93000,182.3227997,2.764224569e+19,7.293489986e+18,7.112443165e+17,2.611065641e+14,7.573611112e+13,3.199088523e+17,1.398325248e+11
94000,181.3846283,2.318373923e+19,6.083217405e+18,7.951999320e+17,2.330453617e+14,6.798086400e+13,2.656789288e+17,1.642530243e+11
95000,181.1858368,1.936390170e+19,5.045463147e+18,8.531460502e+17,2.083835253e+14,6.089105159e+13,2.192784558e+17,1.900758467e+11
96000,181.6837463,1.612157715e+19,4.163694129e+18,8.786295686e+17,1.868084785e+14,5.438672208e+13,1.797763015e+17,2.176373228e+11
97000,182.8236542,1.339248044e+19,3.422002343e+18,8.672392467e+17,1.680154632e+14,4.847246823e+13,1.465442154e+17,2.472006943e+11
98000,184.5624084,1.110922249e+19,2.803317320e+18,8.197731922e+17,1.516935808e+14,4.313305632e+13,1.188820319e+17,2.790907576e+11
99000,186.8650665,9.207398332e+18,2.290871372e+18,7.441365504e+17,1.375452875e+14,3.834199513e+13,9.606473465e+16,3.137532723e+11
100000,189.7021027,7.630173091e+18,1.868855857e+18,6.536639233e+17,1.252956549e+14,3.406527516e+13,7.738860194e+16,3.517564518e+11
101000,193.0466614,6.326444221e+18,1.522975612e+18,5.622986302e+17,1.146941153e+14,3.026467160e+13,6.220093186e+16,3.937832796e+11
102000,196.8722839,5.251330756e+18,1.240595325e+18,4.799713571e+17,1.055221539e+14,2.690085028e+13,4.991694743e+16,4.406461727e+11
103000,201.1503754,4.366154627e+18,1.010748054e+18,4.110200895e+17,9.759001202e+13,2.393424213e+13,4.002541441e+16,4.932867195e+11
104000,205.8476715,3.637994255e+18,8.241173627e+17,3.554664399e+17,9.073230820e+13,2.132634554e+13,3.209253895e+16,5.526894674e+11
105000,210.9300385,3.039035021e+18,6.729413858e+17,3.109628134e+17,8.480644452e+13,1.903979974e+13,2.577039219e+16,6.191902228e+11
106000,216.4039001,2.545647320e+18,5.504865768e+17,2.750838936e+17,7.967674361e+13,1.703622581e+13,2.073419084e+16,6.935298048e+11
107000,222.2969971,2.138339285e+18,4.512001271e+17,2.456886048e+17,7.521424743e+13,1.527952336e+13,1.671780157e+16,7.765765652e+11
108000,228.6399994,1.801333886e+18,3.706020077e+17,2.211040230e+17,7.116545222e+13,1.372310838e+13,1.351056373e+16,8.692046234e+11
109000,235.4672241,1.521830333e+18,3.050884664e+17,2.001138135e+17,6.741497689e+13,1.232350478e+13,1.094556846e+16,9.722770227e+11
110000,242.8167114,1.289468204e+18,2.517624273e+17,1.818668167e+17,6.393016038e+13,1.106727928e+13,8.890844833e+15,1.086641013e+12
111000,250.7308807,1.095807717e+18,2.082842672e+17,1.657674239e+17,6.068199070e+13,9.941411693e+12,7.241844753e+15,1.213097050e+12
112000,259.2566833,9.339757542e+17,1.727701104e+17,1.514019437e+17,5.764471063e+13,8.933353718e+12,5.915726355e+15,1.352364720e+12
113000,268.4465027,7.983957313e+17,1.437052764e+17,1.384769526e+17,5.479558703e+13,8.031200870e+12,4.846964009e+15,1.505083392e+12
114000,278.3587341,6.845026131e+17,1.198688436e+17,1.267835090e+17,5.211494443e+13,7.223975084e+12,3.983642565e+15,1.671806452e+12
115000,289.0571594,5.885619086e+17,1.002747990e+17,1.161597442e+17,4.958485637e+13,6.501507269e+12,3.284483629e+15,1.852916105e+12
116000,300.5881042,5.075731534e+17,8.413820317e+16,1.064912917e+17,4.719411986e+13,5.855063310e+12,2.717078721e+15,2.048878576e+12
117000,312.9675293,4.390824438e+17,7.082614101e+16,9.769366971e+16,4.493672029e+13,5.277158474e+12,2.255669848e+15,2.260247773e+12
118000,326.1976624,3.810613526e+17,5.982482280e+16,8.969464531e+16,4.279217265e+13,4.761011618e+12,1.879672170e+15,2.487668703e+12
119000,340.2622375,3.318280394e+17,5.071616354e+16,8.243068738e+16,4.073690916e+13,4.300438241e+12,1.572587646e+15,2.731873403e+12
120000,355.1202698,2.899814171e+17,4.315980853e+16,7.584694060e+16,3.877775396e+13,3.889934107e+12,1.321183748e+15,2.993807950e+12
121000,370.6977844,2.543640952e+17,3.688050192e+16,6.989320110e+16,3.692197157e+13,3.523719463e+12,1.114889154e+15,3.274748199e+12
122000,386.879364,2.240090530e+17,3.165546590e+16,6.452427724e+16,3.517703206e+13,3.196072493e+12,9.451974123e+14,3.576368464e+12
123000,403.4975586,1.981107266e+17,2.729932753e+16,5.969908334e+16,3.354994829e+13,2.903862149e+12,8.054254191e+14,3.900947562e+12
124000,420.3235168,1.760006645e+17,2.366170283e+16,5.537637485e+16,3.204820291e+13,2.644246790e+12,6.901986272e+14,4.250960134e+12
125000,437.0585327,1.571240771e+17,2.061939496e+16,5.150714189e+16,3.067931211e+13,2.414620705e+12,5.949708808e+14,4.628693385e+12
126000,453.4216919,1.409879880e+17,1.806864180e+16,4.805680569e+16,2.944461596e+13,2.212113416e+12,5.159932102e+14,5.038021280e+12
127000,469.3729248,1.271076673e+17,1.591552208e+16,4.496753450e+16,2.832869831e+13,2.032904569e+12,4.500081512e+14,5.480559149e+12
128000,484.9229126,1.150870589e+17,1.408537853e+16,4.218802923e+16,2.731530833e+13,1.873600446e+12,3.944676139e+14,5.957404328e+12
129000,500.0819092,1.046125012e+17,1.251989624e+16,3.967580837e+16,2.639128219e+13,1.731401089e+12,3.473930610e+14,6.469692424e+12
130000,514.8594971,9.543436230e+16,1.117294832e+16,3.739599248e+16,2.554559726e+13,1.603979051e+12,3.072497465e+14,7.018507665e+12
131000,529.2657471,8.734951586e+16,1.000771618e+16,3.531930493e+16,2.476873037e+13,1.489390141e+12,2.728160207e+14,7.604891812e+12
132000,543.3099976,8.019392854e+16,8.994695531e+15,3.342123218e+16,2.405288850e+13,1.385997533e+12,2.431225461e+14,8.229849399e+12
133000,557.0015259,7.383268684e+16,8.109920457e+15,3.168133019e+16,2.339123075e+13,1.292413043e+12,2.173921017e+14,8.894321525e+12
134000,570.3490601,6.815455110e+16,7.333867648e+15,3.008159875e+16,2.277798996e+13,1.207460037e+12,1.949934111e+14,9.599143903e+12
135000,583.3615723,6.306617449e+16,6.650448694e+15,2.860692603e+16,2.220809939e+13,1.130130964e+12,1.754130914e+14,1.034509038e+13
136000,596.0473022,5.849056115e+16,6.046335774e+15,2.724454307e+16,2.167719277e+13,1.059564290e+12,1.582276018e+14,1.113277648e+13
137000,608.414856,5.436206679e+16,5.510490822e+15,2.598268598e+16,2.118161269e+13,9.950091018e+11,1.430887648e+14,1.196277996e+13
138000,620.472229,5.062517465e+16,5.033725830e+15,2.481155792e+16,2.071793238e+13,9.358260306e+11,1.297059655e+14,1.283542378e+13
139000,632.2271118,4.723307391e+16,4.608314151e+15,2.372264627e+16,2.028322423e+13,8.814547436e+11,1.178381152e+14,1.375095751e+13
140000,643.6873779,4.414542192e+16,4.227580064e+15,2.270806762e+16,1.987484792e+13,8.314011648e+11,1.072812450e+14,1.470945034e+13
141000,654.8605957,4.132718893e+16,3.885943333e+15,2.176119054e+16,1.949056159e+13,7.852374753e+11,9.786371552e+13,1.571073242e+13
142000,665.7538452,3.874906180e+16,3.578577488e+15,2.087604288e+16,1.912833101e+13,7.425883505e+11,8.944656948e+13,1.675449441e+13
143000,676.3741455,3.638474673e+16,3.301349161e+15,2.004722801e+16,1.878629810e+13,7.031213261e+11,8.190756808e+13,1.784015120e+13
144000,686.7286377,3.421204089e+16,3.050737282e+15,1.926962203e+16,1.846288371e+13,6.665450947e+11,7.513746650e+13,1.896578495e+13
145000,696.8237305,3.221109723e+16,2.823650818e+15,1.853717334e+16,1.815657998e+13,6.325953495e+11,6.904383485e+13,2.012849006e+13
146000,706.6665039,3.036475951e+16,2.617484604e+15,1.784628490e+16,1.786599231e+13,6.010419937e+11,6.354627671e+13,2.132661607e+13
147000,716.2629395,2.865768395e+16,2.429937877e+15,1.719386863e+16,1.759001654e+13,5.716781302e+11,5.857598872e+13,2.255820633e+13
148000,725.6192627,2.707670434e+16,2.258970262e+15,1.657691913e+16,1.732754329e+13,5.443181609e+11,5.407315591e+13,2.382106722e+13
149000,734.7418213,2.560978833e+16,2.102853435e+15,1.599302262e+16,1.707754704e+13,5.187976233e+11,4.998581086e+13,2.511277444e+13
150000,743.6363525,2.424664302e+16,1.960049665e+15,1.543963111e+16,1.683917216e+13,4.949648671e+11,4.626894868e+13,2.643060798e+13
151000,752.3085938,2.297786458e+16,1.829202815e+15,1.491465619e+16,1.661159971e+13,4.726855107e+11,4.288273606e+13,2.777168216e+13
152000,760.7642822,2.179521098e+16,1.709120093e+15,1.441618765e+16,1.639403802e+13,4.518405079e+11,3.979234771e+13,2.913290997e+13
153000,769.0089111,2.069143874e+16,1.598745204e+15,1.394242484e+16,1.618582857e+13,4.323166781e+11,3.696784468e+13,3.051092758e+13
154000,777.0476074,1.965973176e+16,1.497139700e+15,1.349161863e+16,1.598636425e+13,4.140147016e+11,3.438205207e+13,3.190231243e+13
155000,784.8856201,1.869422741e+16,1.403484985e+15,1.306236779e+16,1.579502744e+13,3.968454492e+11,3.201130981e+13,3.330337774e+13
156000,792.5281982,1.778955375e+16,1.317033602e+15,1.265332584e+16,1.561132532e+13,3.807239537e+11,2.983461493e+13,3.471034863e+13
157000,799.9802246,1.694092405e+16,1.237123454e+15,1.226302284e+16,1.543472415e+13,3.655750124e+11,2.783307419e+13,3.611937892e+13
158000,807.24646,1.614386402e+16,1.163175391e+15,1.189047845e+16,1.526483911e+13,3.513296486e+11,2.599069470e+13,3.752658888e+13
159000,814.3314209,1.539455328e+16,1.094655832e+15,1.153446646e+16,1.510117841e+13,3.379249152e+11,2.429227631e+13,3.892785552e+13
160000,821.2399902,1.468927456e+16,1.031089242e+15,1.119411500e+16,1.494338555e+13,3.253022228e+11,2.272470132e+13,4.031950881e+13
161000,827.9764404,1.402486352e+16,9.720516953e+14,1.086836750e+16,1.479107989e+13,3.134080287e+11,2.127629491e+13,4.169716571e+13
162000,834.5450439,1.339832765e+16,9.171571814e+14,1.055649274e+16,1.464398774e+13,3.021936394e+11,1.993632593e+13,4.305731558e+13
163000,840.9502563,1.280691817e+16,8.660568014e+14,1.025760167e+16,1.450174212e+13,2.916131471e+11,1.869537398e+13,4.439609547e+13
164000,847.1959839,1.224827499e+16,8.184480955e+14,9.970959851e+15,1.436411442e+13,2.816254607e+11,1.754491834e+13,4.570960049e+13
165000,853.286377,1.172003267e+16,7.740379323e+14,9.695913367e+15,1.423080371e+13,2.721920287e+11,1.647731907e+13,4.699449197e+13
166000,859.2251587,1.122015968e+16,7.325727075e+14,9.431821196e+15,1.410155833e+13,2.632765276e+11,1.548555387e+13,4.824729702e+13
167000,865.0163574,1.074674154e+16,6.938217006e+14,9.178080971e+15,1.397616751e+13,2.548461568e+11,1.456332603e+13,4.946499574e+13
168000,870.6635742,1.029805275e+16,6.575719753e+14,8.934135419e+15,1.385437856e+13,2.468698685e+11,1.370501520e+13,5.064404396e+13
169000,876.1705322,9.872465514e+15,6.236300567e+14,8.699427804e+15,1.373603522e+13,2.393202688e+11,1.290545922e+13,5.178221448e+13
170000,881.5405273,9.468549609e+15,5.918238777e+14,8.473603255e+15,1.362096659e+13,2.321702748e+11,1.215995000e+13,5.287694461e+13
171000,886.7772827,9.084871591e+15,5.619894914e+14,8.256037929e+15,1.350895455e+13,2.253960151e+11,1.146433202e+13,5.392547447e+13
172000,891.8839722,8.720244437e+15,5.339835867e+14,8.046432250e+15,1.339985127e+13,2.189737656e+11,1.081466788e+13,5.492631929e+13
173000,896.8640137,8.373432807e+15,5.076687918e+14,7.844321290e+15,1.329350994e+13,2.128827679e+11,1.020742913e+13,5.587740289e+13
174000,901.7203369,8.043391951e+15,4.829271294e+14,7.649359303e+15,1.318977641e+13,2.071033938e+11,9.639488913e+12,5.677712304e+13
175000,906.4562988,7.729142078e+15,4.596426688e+14,7.461247251e+15,1.308854374e+13,2.016172933e+11,9.107817890e+12,5.762434728e+13
176000,911.0747681,7.429691053e+15,4.377178674e+14,7.279564766e+15,1.298967350e+13,1.964064604e+11,8.609788854e+12,5.841820320e+13
177000,915.5787354,7.144253432e+15,4.170527665e+14,7.104081529e+15,1.289305037e+13,1.914559037e+11,8.142921925e+12,5.915786032e+13
178000,919.9710693,6.871987402e+15,3.975637149e+14,6.934471660e+15,1.279856948e+13,1.867502060e+11,7.704988877e+12,5.984273144e+13
179000,924.2546387,6.612161745e+15,3.791687390e+14,6.770482829e+15,1.270612807e+13,1.822751130e+11,7.293913530e+12,6.047271171e+13
180000,928.4320679,6.364042558e+15,3.617954621e+14,6.611824053e+15,1.261563596e+13,1.780179436e+11,6.907802681e+12,6.104748655e+13
181000,932.5061035,6.127043041e+15,3.453754666e+14,6.458296689e+15,1.252695264e+13,1.739662950e+11,6.544898392e+12,6.156765993e+13
182000,936.4793091,5.900516802e+15,3.298493947e+14,6.309663440e+15,1.244011377e+13,1.701082071e+11,6.203619934e+12,6.203336609e+13
183000,940.354126,5.683929655e+15,3.151536608e+14,6.165700968e+15,1.235489495e+13,1.664331940e+11,5.882485146e+12,6.244519641e+13
184000,944.1330566,5.476735064e+15,3.012391411e+14,6.026197746e+15,1.227134232e+13,1.629314580e+11,5.580114625e+12,6.280393104e+13
185000,947.8186646,5.278443403e+15,2.880543297e+14,5.890973922e+15,1.218930698e+13,1.595934638e+11,5.295265808e+12,6.311029558e+13
186000,951.4130859,5.088574710e+15,2.755538945e+14,5.759862529e+15,1.210877110e+13,1.564103967e+11,5.026780545e+12,6.336593841e+13
187000,954.9186401,4.906735995e+15,2.636956240e+14,5.632682105e+15,1.202966862e+13,1.533733929e+11,4.773595054e+12,6.357146770e+13
188000,958.3375854,4.732463939e+15,2.524403267e+14,5.509281789e+15,1.195191357e+13,1.504749486e+11,4.534696411e+12,6.372809979e+13
189000,961.6721191,4.565432661e+15,2.417514953e+14,5.389475287e+15,1.187549230e+13,1.477080842e+11,4.309172093e+12,6.383770534e+13
190000,964.9242554,4.405246755e+15,2.315943338e+14,5.273129992e+15,1.180030416e+13,1.450654106e+11,4.096169607e+12,6.390153426e+13
191000,968.0961304,4.251568531e+15,2.219381736e+14,5.160117591e+15,1.172636172e+13,1.425399972e+11,3.894909600e+12,6.392145720e+13
192000,971.1896973,4.104111297e+15,2.127519432e+14,5.050334469e+15,1.165357063e+13,1.401269289e+11,3.704639455e+12,6.389845144e+13
193000,974.2069702,3.962557228e+15,2.040106446e+14,4.943607753e+15,1.158190046e+13,1.378194555e+11,3.524701716e+12,6.383482805e+13
194000,977.1498413,3.826622050e+15,1.956870818e+14,4.839828458e+15,1.151130717e+13,1.356125635e+11,3.354438140e+12,6.373174044e+13
195000,980.0201416,3.696038133e+15,1.877588406e+14,4.738910685e+15,1.144178973e+13,1.335009690e+11,3.193285378e+12,6.359139903e+13
196000,982.8197021,3.570565495e+15,1.802027349e+14,4.640735786e+15,1.137326109e+13,1.314799780e+11,3.040670122e+12,6.341533473e+13
197000,985.5502319,3.449964424e+15,1.729985480e+14,4.545194238e+15,1.130572441e+13,1.295451505e+11,2.896100065e+12,6.320514977e+13
198000,988.213562,3.334007018e+15,1.661259963e+14,4.452210075e+15,1.123909789e+13,1.276915712e+11,2.759091290e+12,6.296271480e+13
199000,990.8112183,3.222478797e+15,1.595686047e+14,4.361665185e+15,1.117342872e+13,1.259162829e+11,2.629203657e+12,6.268993405e+13
200000,993.3449707,3.115188635e+15,1.533073141e+14,4.273478232e+15,1.110861624e+13,1.242145260e+11,2.506015375e+12,6.238801966e+13
201000,995.8163452,3.011954533e+15,1.473277298e+14,4.187587745e+15,1.104466883e+13,1.225828106e+11,2.389151318e+12,6.205918623e+13
202000,998.2269287,2.912570063e+15,1.416146180e+14,4.103870511e+15,1.098155504e+13,1.210182861e+11,2.278237667e+12,6.170490175e+13
203000,1000.578186,2.816895372e+15,1.361542633e+14,4.022303713e+15,1.091926334e+13,1.195172741e+11,2.172941631e+12,6.132668459e+13
204000,1002.871643,2.724764565e+15,1.309326904e+14,3.942772462e+15,1.085774024e+13,1.180767928e+11,2.072943526e+12,6.092604467e+13
205000,1005.108765,2.635999134e+15,1.259387759e+14,3.865227632e+15,1.079699938e+13,1.166939832e+11,1.977947783e+12,6.050494493e+13
206000,1007.290833,2.550491704e+15,1.211601215e+14,3.789607217e+15,1.073697260e+13,1.153661420e+11,1.887677186e+12,6.006445074e+13
207000,1009.419312,2.468069939e+15,1.165859813e+14,3.715822632e+15,1.067767143e+13,1.140906803e+11,1.801870901e+12,5.960603848e+13
208000,1011.495544,2.388628076e+15,1.122066498e+14,3.643832269e+15,1.061907071e+13,1.128649196e+11,1.720284479e+12,5.913143201e+13
209000,1013.520752,2.312036998e+15,1.080125471e+14,3.573581099e+15,1.056114632e+13,1.116871885e+11,1.642688807e+12,5.864165894e+13
210000,1015.496277,2.238173896e+15,1.039938083e+14,3.505017315e+15,1.050391400e+13,1.105543496e+11,1.568870498e+12,5.813816630e+13
211000,1017.42334,2.166930723e+15,1.001423467e+14,3.438063338e+15,1.044730977e+13,1.094653706e+11,1.498621018e+12,5.762195653e+13
212000,1019.303101,2.098196080e+15,9.644938782e+13,3.372698768e+15,1.039133049e+13,1.084173353e+11,1.431755031e+12,5.709466540e+13
213000,1021.13678,2.031872121e+15,9.290916037e+13,3.308838241e+15,1.033597721e+13,1.074089165e+11,1.368095457e+12,5.655703532e+13
214000,1022.925476,1.967865163e+15,8.951266332e+13,3.246464310e+15,1.028122686e+13,1.064380580e+11,1.307467842e+12,5.601044621e+13
215000,1024.67041,1.906070784e+15,8.625415887e+13,3.185533220e+15,1.022703960e+13,1.055033344e+11,1.249715290e+12,5.545538460e+13
216000,1026.372437,1.846419191e+15,8.312686064e+13,3.125980814e+15,1.017345632e+13,1.046030336e+11,1.194692313e+12,5.489362049e+13
217000,1028.032837,1.788814150e+15,8.012435974e+13,3.067779712e+15,1.012041725e+13,1.037354680e+11,1.142256828e+12,5.432538458e+13
218000,1029.65271,1.733177949e+15,7.724210114e+13,3.010880522e+15,1.006794336e+13,1.028994499e+11,1.092274749e+12,5.375196031e+13
219000,1031.232788,1.679430997e+15,7.447339912e+13,2.955270896e+15,1.001600215e+13,1.020934226e+11,1.044624245e+12,5.317419493e+13
220000,1032.77417,1.627502426e+15,7.181335475e+13,2.900869767e+15,9.964571591e+12,1.013161165e+11,9.991819756e+11,5.259269662e+13
221000,1034.277954,1.577330632e+15,6.925788276e+13,2.847667202e+15,9.913672663e+12,1.005662372e+11,9.558407905e+11,5.200805259e+13
222000,1035.744873,1.528839109e+15,6.680146346e+13,2.795652195e+15,9.863256080e+12,9.984281805e+10,9.144942592e+11,5.142145401e+13
223000,1037.176025,1.481965849e+15,6.444041844e+13,2.744750390e+15,9.813361689e+12,9.914448282e+10,8.750416527e+11,5.083324062e+13
224000,1038.572021,1.436652065e+15,6.216979002e+13,2.694943802e+15,9.763919233e+12,9.847015014e+10,8.373912863e+11,5.024396188e+13
225000,1039.934082,1.392846351e+15,5.998626472e+13,2.646202634e+15,9.714967511e+12,9.781905818e+10,8.014558003e+11,4.965432662e+13
226000,1041.262817,1.350478512e+15,5.788624382e+13,2.598519907e+15,9.666458288e+12,9.718981427e+10,7.671467868e+11,4.906503111e+13
227000,1042.559082,1.309507477e+15,5.586562528e+13,2.551828781e+15,9.618432459e+12,9.658198426e+10,7.343866511e+11,4.847636473e+13
228000,1043.823608,1.269872982e+15,5.392157377e+13,2.506133013e+15,9.570806137e+12,9.599437210e+10,7.031028449e+11,4.788880146e+13
229000,1045.057373,1.231537312e+15,5.205035214e+13,2.461388044e+15,9.523654820e+12,9.542620774e+10,6.732200673e+11,4.730278170e+13
230000,1046.260986,1.194440606e+15,5.024904538e+13,2.417569982e+15,9.476913496e+12,9.487657370e+10,6.446747484e+11,4.671875003e+13
231000,1047.435303,1.158548369e+15,4.851500686e+13,2.374665406e+15,9.430625157e+12,9.434492928e+10,6.173990584e+11,4.613712590e+13
232000,1048.580933,1.123809734e+15,4.684518733e+13,2.332642104e+15,9.384704868e+12,9.383040614e+10,5.913360466e+11,4.555830356e+13
233000,1049.69873,1.090188462e+15,4.523685210e+13,2.291487459e+15,9.339194573e+12,9.333212774e+10,5.664235192e+11,4.498232915e+13
234000,1050.789185,1.057646367e+15,4.368792499e+13,2.251162548e+15,9.294105805e+12,9.284982374e+10,5.426135695e+11,4.440976051e+13
235000,1051.853149,1.026137682e+15,4.219539869e+13,2.211647909e+15,9.249389281e+12,9.238247014e+10,5.198499021e+11,4.384095417e+13
236000,1052.891113,9.956350923e+14,4.075754933e+13,2.172940456e+15,9.205054439e+12,9.192982938e+10,4.980834304e+11,4.327591431e+13
237000,1053.903809,9.661002128e+14,3.937193165e+13,2.135004486e+15,9.161107571e+12,9.149130342e+10,4.772693934e+11,4.271498907e+13
238000,1054.891846,9.374927778e+14,3.803666658e+13,2.097829934e+15,9.117522461e+12,9.106575360e+10,4.573649961e+11,4.215833782e+13
239000,1055.855957,9.097921178e+14,3.674922916e+13,2.061390492e+15,9.074308547e+12,9.065313075e+10,4.383244616e+11,4.160627094e+13
240000,1056.796509,8.829572963e+14,3.550822688e+13,2.025661598e+15,9.031472120e+12,9.025290240e+10,4.201095823e+11,4.105878425e+13
241000,1057.714233,8.569658320e+14,3.431172617e+13,1.990649964e+15,8.988952363e+12,8.986451149e+10,4.026836582e+11,4.051615456e+13
242000,1058.609619,8.317830294e+14,3.315791718e+13,1.956315727e+15,8.946778636e+12,8.948741734e+10,3.860095959e+11,3.997852448e+13
243000,1059.483154,8.073851322e+14,3.204517881e+13,1.922651505e+15,8.904957231e+12,8.912162816e+10,3.700529234e+11,3.944601145e+13
244000,1060.335571,7.837460348e+14,3.097195708e+13,1.889648842e+15,8.863465079e+12,8.876577587e+10,3.547814298e+11,3.891857352e+13
245000,1061.167236,7.608346660e+14,2.993653862e+13,1.857271366e+15,8.822310568e+12,8.842054042e+10,3.401645752e+11,3.839647076e+13
246000,1061.97876,7.386329063e+14,2.893784547e+13,1.825526323e+15,8.781483737e+12,8.808475853e+10,3.261711974e+11,3.787979542e+13
247000,1062.770508,7.171147175e+14,2.797407620e+13,1.794385394e+15,8.740948410e+12,8.775829914e+10,3.127756390e+11,3.736866075e+13
248000,1063.543091,6.962574839e+14,2.704414448e+13,1.763835560e+15,8.700745482e+12,8.744084275e+10,2.999489004e+11,3.686285705e+13
249000,1064.296997,6.760372476e+14,2.614659488e+13,1.733870244e+15,8.660834058e+12,8.713209446e+10,2.876671263e+11,3.636274921e+13
250000,1065.032471,6.564358222e+14,2.528044175e+13,1.704470388e+15,8.621258703e+12,8.683161190e+10,2.759058063e+11,3.586815269e+13
251000,1065.750244,6.374332092e+14,2.444433031e+13,1.675629548e+15,8.581946016e+12,8.653909197e+10,2.646403973e+11,3.537926881e+13
252000,1066.450562,6.190053164e+14,2.363726234e+13,1.647323432e+15,8.542956290e+12,8.625426432e+10,2.538509271e+11,3.489603885e+13
253000,1067.133911,6.011404671e+14,2.285808648e+13,1.619558884e+15,8.504233951e+12,8.597686682e+10,2.435159654e+11,3.441852364e+13
254000,1067.800659,5.838139650e+14,2.210570804e+13,1.592299801e+15,8.465820418e+12,8.570647347e+10,2.336148521e+11,3.394666444e+13
255000,1068.451294,5.670107108e+14,2.137931960e+13,1.565559603e+15,8.427665359e+12,8.544314163e+10,2.241287782e+11,3.348050949e+13
256000,1069.086182,5.507120481e+14,2.067774466e+13,1.539303528e+15,8.389791318e+12,8.518629786e+10,2.150397542e+11,3.302012171e+13
257000,1069.705688,5.349040854e+14,2.000024922e+13,1.513533188e+15,8.352195150e+12,8.493583565e+10,2.063298068e+11,3.256542770e+13
258000,1070.310303,5.195710857e+14,1.934581826e+13,1.488243749e+15,8.314868990e+12,8.469136179e+10,1.979841577e+11,3.211635196e+13
259000,1070.900146,5.046963389e+14,1.871385199e+13,1.463408638e+15,8.277796061e+12,8.445296640e+10,1.899852759e+11,3.167300773e+13
260000,1071.47583,4.902671614e+14,1.810325570e+13,1.439035101e+15,8.240983704e+12,8.422008422e+10,1.823189893e+11,3.123531114e+13
261000,1072.037476,4.762659707e+14,1.751335305e+13,1.415102335e+15,8.204445024e+12,8.399264973e+10,1.749704049e+11,3.080325379e+13
262000,1072.585693,4.626828682e+14,1.694346772e+13,1.391601616e+15,8.168141750e+12,8.377073664e+10,1.679265628e+11,3.037681051e+13
263000,1073.120605,4.495031235e+14,1.639289926e+13,1.368529320e+15,8.132117398e+12,8.355365683e+10,1.611738644e+11,2.995584500e+13
264000,1073.642578,4.367142208e+14,1.586077840e+13,1.345871489e+15,8.096305906e+12,8.334165606e+10,1.546996122e+11,2.954040338e+13
265000,1074.151855,4.243039464e+14,1.534670143e+13,1.323624900e+15,8.060763898e+12,8.313421005e+10,1.484920422e+11,2.913057794e+13
266000,1074.648926,4.122590461e+14,1.484977078e+13,1.301771033e+15,8.025439470e+12,8.293140070e+10,1.425403740e+11,2.872611072e+13
267000,1075.134033,4.005697558e+14,1.436953031e+13,1.280317000e+15,7.990377185e+12,8.273286758e+10,1.368332370e+11,2.832703947e+13
268000,1075.607422,3.892236266e+14,1.390540122e+13,1.259240120e+15,7.955525140e+12,8.253856973e+10,1.313598259e+11,2.793339355e+13
269000,1076.069458,3.782115989e+14,1.345671450e+13,1.238537706e+15,7.920895918e+12,8.234858086e+10,1.261110477e+11,2.754504504e+13
270000,1076.520264,3.675234721e+14,1.302304234e+13,1.218202378e+15,7.886515208e+12,8.216241766e+10,1.210767360e+11,2.716191634e+13
271000,1076.960205,3.571464955e+14,1.260381327e+13,1.198227156e+15,7.852349981e+12,8.197985894e+10,1.162481500e+11,2.678408715e+13
272000,1077.389526,3.470739248e+14,1.219845580e+13,1.178609088e+15,7.818396041e+12,8.180101939e+10,1.116166472e+11,2.641132257e+13
273000,1077.808594,3.372964318e+14,1.180660924e+13,1.159332335e+15,7.784679080e+12,8.162585805e+10,1.071741665e+11,2.604379878e+13
274000,1078.217529,3.278012322e+14,1.142774406e+13,1.140399180e+15,7.751167115e+12,8.145417830e+10,1.029120410e+11,2.568124524e+13
275000,1078.616577,3.185835948e+14,1.106137160e+13,1.121794120e+15,7.717885313e+12,8.128531661e+10,9.882336461e+10,2.532377729e+13
276000,1079.005981,3.096338896e+14,1.070712698e+13,1.103515411e+15,7.684772332e+12,8.112002662e+10,9.490032230e+10,2.497122717e+13
277000,1079.386108,3.009439628e+14,1.036453518e+13,1.085552113e+15,7.651897377e+12,8.095777587e+10,9.113643418e+10,2.462352146e+13
278000,1079.75708,2.925059627e+14,1.003326066e+13,1.067906844e+15,7.619214311e+12,8.079839232e+10,8.752525312e+10,2.428072310e+13
279000,1080.119141,2.843113328e+14,9.712839950e+12,1.050565175e+15,7.586748826e+12,8.064185139e+10,8.405961933e+10,2.394267268e+13
280000,1080.472412,2.763538322e+14,9.402944848e+12,1.033521537e+15,7.554469462e+12,8.048811213e+10,8.073433907e+10,2.360938699e+13
281000,1080.817261,2.686262297e+14,9.103216738e+12,1.016777943e+15,7.522386706e+12,8.033699430e+10,7.754314547e+10,2.328074440e+13
282000,1081.153809,2.611197845e+14,8.813313786e+12,1.000321038e+15,7.490498462e+12,8.018846515e+10,7.448065638e+10,2.295672603e+13
283000,1081.4823,2.538308391e+14,8.532887339e+12,9.841453858e+14,7.458816786e+12,8.004249190e+10,7.154129306e+10,2.263730251e+13
284000,1081.802856,2.467509211e+14,8.261601329e+12,9.682494437e+14,7.427308650e+12,7.989890253e+10,6.872040243e+10,2.232231867e+13
285000,1082.115723,2.398747791e+14,7.999182078e+12,9.526281782e+14,7.395987685e+12,7.975750861e+10,6.601260237e+10,2.201179338e+13
286000,1082.421143,2.331954339e+14,7.745299284e+12,9.372725968e+14,7.364863853e+12,7.961844941e+10,6.341363302e+10,2.170569307e+13
287000,1082.719238,2.267062584e+14,7.499681890e+12,9.221778675e+14,7.333921423e+12,7.948152832e+10,6.091868570e+10,2.140387724e+13
288000,1083.010132,2.204041489e+14,7.262028431e+12,9.073426483e+14,7.303144145e+12,7.934658970e+10,5.852363162e+10,2.110635848e+13
289000,1083.294067,2.142810690e+14,7.032112415e+12,8.927588861e+14,7.272571339e+12,7.921390387e+10,5.622460416e+10,2.081302983e+13
290000,1083.571167,2.083326232e+14,6.809648628e+12,8.784249702e+14,7.242158440e+12,7.908301210e+10,5.401737216e+10,2.052391017e+13
291000,1083.841675,2.025544158e+14,6.594375975e+12,8.643332503e+14,7.211931140e+12,7.895402086e+10,5.189829427e+10,2.023885478e+13
292000,1084.105713,1.969399037e+14,6.386070061e+12,8.504791629e+14,7.181859029e+12,7.882691379e+10,4.986379469e+10,1.995787836e+13
293000,1084.363403,1.914850771e+14,6.184473985e+12,8.368584131e+14,7.151982477e+12,7.870152704e+10,4.791033446e+10,1.968084458e+13
294000,1084.614868,1.861859431e+14,5.989425742e+12,8.234700614e+14,7.122257445e+12,7.857785242e+10,4.603472282e+10,1.940776603e+13
295000,1084.860352,1.810365625e+14,5.800627536e+12,8.103035046e+14,7.092695466e+12,7.845584077e+10,4.423362970e+10,1.913858608e+13
296000,1085.099976,1.760332276e+14,5.617928897e+12,7.973639772e+14,7.063308075e+12,7.833536102e+10,4.250420838e+10,1.887324183e+13
297000,1085.333862,1.711717273e+14,5.441106477e+12,7.846382588e+14,7.034080592e+12,7.821651968e+10,4.084355482e+10,1.861167664e+13
298000,1085.562134,1.664472297e+14,5.269968388e+12,7.721255440e+14,7.005010919e+12,7.809930854e+10,3.924874035e+10,1.835382761e+13
299000,1085.785034,1.618564298e+14,5.104326410e+12,7.598219405e+14,6.976121602e+12,7.798340813e+10,3.771710669e+10,1.809964440e+13
300000,1086.002563,1.573954183e+14,4.943990227e+12,7.477267102e+14,6.947386425e+12,7.786895770e+10,3.624617984e+10,1.784907248e+13
301000,1086.214844,1.530598670e+14,4.788805173e+12,7.358304579e+14,6.918790185e+12,7.775563776e+10,3.483351450e+10,1.760208460e+13
302000,1086.422119,1.488472758e+14,4.638575165e+12,7.241349954e+14,6.890370630e+12,7.764404634e+10,3.347677184e+10,1.735863042e+13
303000,1086.62439,1.447529472e+14,4.493164413e+12,7.126342830e+14,6.862085816e+12,7.753340518e+10,3.217357210e+10,1.711862396e+13
304000,1086.821777,1.407734755e+14,4.352389677e+12,7.013220125e+14,6.833960911e+12,7.742416486e+10,3.092195123e+10,1.688204319e+13
305000,1087.014526,1.369055722e+14,4.216123818e+12,6.902002643e+14,6.805981233e+12,7.731599770e+10,2.971960525e+10,1.664880319e+13
306000,1087.202759,1.331465363e+14,4.084195918e+12,6.792602471e+14,6.778156745e+12,7.720905114e+10,2.856472781e+10,1.641891863e+13
307000,1087.386353,1.294932472e+14,3.956481458e+12,6.685041755e+14,6.750489018e+12,7.710315315e+10,2.745542246e+10,1.619230772e+13
308000,1087.565674,1.259421229e+14,3.832826561e+12,6.579260098e+14,6.722959704e+12,7.699845120e+10,2.638965146e+10,1.596888764e+13
309000,1087.740723,1.224902862e+14,3.713108279e+12,6.475203140e+14,6.695569850e+12,7.689477325e+10,2.536593408e+10,1.574864264e+13
310000,1087.911499,1.191353380e+14,3.597211795e+12,6.372865515e+14,6.668342526e+12,7.679214387e+10,2.438244352e+10,1.553158531e+13
311000,1088.078369,1.158740233e+14,3.484985328e+12,6.272239840e+14,6.641225302e+12,7.669049754e+10,2.343761715e+10,1.531760345e+13
312000,1088.241089,1.127037251e+14,3.376324805e+12,6.173250282e+14,6.614281093e+12,7.658971955e+10,2.252987802e+10,1.510662891e+13
313000,1088.400024,1.096217757e+14,3.271100727e+12,6.075890802e+14,6.587457470e+12,7.649007206e+10,2.165769830e+10,1.489866903e+13
314000,1088.555176,1.066261199e+14,3.169233928e+12,5.980110397e+14,6.560764396e+12,7.639110451e+10,2.081983283e+10,1.469367766e+13
315000,1088.706665,1.037134694e+14,3.070573150e+12,5.885927186e+14,6.534240141e+12,7.629312819e+10,2.001471898e+10,1.449161392e+13
316000,1088.854492,1.008822554e+14,2.975050498e+12,5.793268693e+14,6.507832279e+12,7.619609395e+10,1.924116890e+10,1.429237609e+13
317000,1088.998901,9.812976861e+13,2.882541715e+12,5.702151694e+14,6.481551294e+12,7.609957581e+10,1.849792717e+10,1.409600297e+13
318000,1089.139771,9.545378588e+13,2.792960819e+12,5.612486600e+14,6.455409770e+12,7.600430285e+10,1.778369126e+10,1.390239914e+13
319000,1089.277344,9.285248693e+13,2.706203476e+12,5.524312669e+14,6.429406659e+12,7.590938214e+10,1.709737882e+10,1.371152266e+13
320000,1089.411621,9.032302802e+13,2.622188945e+12,5.437559774e+14,6.403526754e+12,7.581551821e+10,1.643788493e+10,1.352338506e+13
321000,1089.542725,8.786373981e+13,2.540823904e+12,5.352246704e+14,6.377781592e+12,7.572230144e+10,1.580420813e+10,1.333789301e+13
322000,1089.670654,8.547296136e+13,2.462023680e+12,5.268307358e+14,6.352159638e+12,7.562969907e+10,1.519520563e+10,1.315503499e+13
323000,1089.795654,8.314810899e+13,2.385710416e+12,5.185718583e+14,6.326668755e+12,7.553798963e+10,1.460993331e+10,1.297476800e+13
324000,1089.917603,8.088794956e+13,2.311799439e+12,5.104497156e+14,6.301298983e+12,7.544674714e+10,1.404748390e+10,1.279705639e+13
325000,1090.036743,7.868971483e+13,2.240206078e+12,5.024579997e+14,6.276057661e+12,7.535609446e+10,1.350695526e+10,1.262183514e+13
326000,1090.152954,7.655289310e+13,2.170868335e+12,4.945946301e+14,6.250947412e+12,7.526632653e+10,1.298743501e+10,1.244909483e+13
327000,1090.266479,7.447486713e+13,2.103710319e+12,4.868592713e+14,6.225940447e+12,7.517714842e+10,1.248816333e+10,1.227884174e+13
328000,1090.377319,7.245424440e+13,2.038658105e+12,4.792515542e+14,6.201085002e+12,7.508840448e+10,1.200827699e+10,1.211094689e+13
329000,1090.485474,7.048942269e+13,1.975648780e+12,4.717638620e+14,6.176331792e+12,7.500023398e+10,1.154705715e+10,1.194542393e+13
330000,1090.591064,6.857858168e+13,1.914617070e+12,4.643978054e+14,6.151703888e+12,7.491291546e+10,1.110376960e+10,1.178225816e+13
331000,1090.694214,6.672069375e+13,1.855495864e+12,4.571512703e+14,6.127199715e+12,7.482585907e+10,1.067766682e+10,1.162139088e+13
332000,1090.794922,6.491378758e+13,1.798225265e+12,4.500222773e+14,6.102795158e+12,7.473950720e+10,1.026809446e+10,1.146276754e+13
333000,1090.893188,6.315691527e+13,1.742749303e+12,4.430071352e+14,6.078536352e+12,7.465371238e+10,9.874424832e+09,1.130639969e+13
334000,1090.989258,6.144818938e+13,1.689010831e+12,4.361055422e+14,6.054386074e+12,7.456815514e+10,9.495993344e+09,1.115223071e+13
335000,1091.082886,5.978650680e+13,1.636951654e+12,4.293141092e+14,6.030345372e+12,7.448329421e+10,9.132189696e+09,1.100023018e+13
336000,1091.174438,5.817032403e+13,1.586521440e+12,4.226324001e+14,6.006399566e+12,7.439881830e+10,8.782542848e+09,1.085034254e+13
337000,1091.263794,5.659858410e+13,1.537665401e+12,4.160571601e+14,5.982595842e+12,7.431499776e+10,8.446395904e+09,1.070260027e+13
338000,1091.350952,5.507005809e+13,1.490334253e+12,4.095881544e+14,5.958886490e+12,7.423143936e+10,8.123239424e+09,1.055691112e+13
339000,1091.436157,5.358351706e+13,1.444481597e+12,4.032220275e+14,5.935305064e+12,7.414838886e+10,7.812595712e+09,1.041330340e+13
340000,1091.519287,5.213761044e+13,1.400053170e+12,3.969586118e+14,5.911827972e+12,7.406584627e+10,7.513931776e+09,1.027166909e+13
341000,1091.600464,5.073138195e+13,1.357016859e+12,3.907961959e+14,5.888465699e+12,7.398367232e+10,7.226821632e+09,1.013201869e+13
342000,1091.679688,4.936373685e+13,1.315315909e+12,3.847315586e+14,5.865217720e+12,7.390187520e+10,6.950800896e+09,9.994340663e+12
343000,1091.75708,4.803341268e+13,1.274915586e+12,3.787645994e+14,5.842059395e+12,7.382056141e+10,6.685423104e+09,9.858588869e+12
344000,1091.832642,4.673954539e+13,1.235776963e+12,3.728922312e+14,5.819025326e+12,7.373960806e+10,6.430298624e+09,9.724752822e+12
345000,1091.906494,4.548113256e+13,1.197848789e+12,3.671128770e+14,5.796079337e+12,7.365899059e+10,6.184990208e+09,9.592766464e+12
346000,1091.978516,4.425700816e+13,1.161102098e+12,3.614264697e+14,5.773267042e+12,7.357887283e+10,5.949129216e+09,9.462660202e+12
347000,1092.048828,4.306622428e+13,1.125495079e+12,3.558300901e+14,5.750542303e+12,7.349895987e+10,5.722348544e+09,9.334332326e+12
348000,1092.117554,4.190818533e+13,1.090998436e+12,3.503248455e+14,5.727926092e+12,7.341952205e+10,5.504325120e+09,9.207828972e+12
349000,1092.18457,4.078165819e+13,1.057568784e+12,3.449053337e+14,5.705419457e+12,7.334027264e+10,5.294658048e+09,9.083054719e+12
350000,1092.250122,3.968577464e+13,1.025178403e+12,3.395726955e+14,5.683008242e+12,7.326149018e+10,5.093081088e+09,8.960050463e+12
351000,1092.314087,3.861997683e+13,9.937930158e+11,3.343255889e+14,5.660694020e+12,7.318304358e+10,4.899241984e+09,8.838758531e+12
352000,1092.376465,3.758300227e+13,9.633827389e+11,3.291612622e+14,5.638496715e+12,7.310478541e+10,4.712867328e+09,8.719173157e+12
353000,1092.4375,3.657433927e+13,9.339094958e+11,3.240783399e+14,5.616403743e+12,7.302698598e+10,4.533614592e+09,8.601215173e+12
354000,1092.49707,3.559306507e+13,9.053511352e+11,3.190755805e+14,5.594394657e+12,7.294935859e+10,4.361268736e+09,8.484928094e+12
355000,1092.555176,3.463868894e+13,8.776773796e+11,3.141540576e+14,5.572500390e+12,7.287232922e+10,4.195544320e+09,8.370257396e+12
356000,1092.611938,3.371020635e+13,8.508587377e+11,3.093088388e+14,5.550698398e+12,7.279534080e+10,4.036168192e+09,8.257178960e+12
357000,1092.667358,3.280677634e+13,8.248715510e+11,3.045410651e+14,5.528988680e+12,7.271865549e+10,3.882903296e+09,8.145683350e+12
358000,1092.721558,3.192808014e+13,7.996865249e+11,2.998493605e+14,5.507380675e+12,7.264227328e+10,3.735526400e+09,8.035718136e+12
359000,1092.774414,3.107319500e+13,7.752803942e+11,2.952303027e+14,5.485874905e+12,7.256619418e+10,3.593775104e+09,7.927291707e+12
360000,1092.82605,3.024146032e+13,7.516270756e+11,2.906861062e+14,5.464458265e+12,7.249027891e+10,3.457459712e+09,7.820367888e+12
361000,1092.876465,2.943247555e+13,7.287046144e+11,2.862121405e+14,5.443152249e+12,7.241479782e+10,3.326369024e+09,7.714924659e+12
362000,1092.925659,2.864527389e+13,7.064900731e+11,2.818095129e+14,5.421935362e+12,7.233948058e+10,3.200295168e+09,7.610939474e+12
363000,1092.973755,2.787947158e+13,6.849586135e+11,2.774770155e+14,5.400807080e+12,7.226445005e+10,3.079032064e+09,7.508407615e+12
364000,1093.020752,2.713437445e+13,6.640929341e+11,2.732124337e+14,5.379786277e+12,7.218970624e+10,2.962417408e+09,7.407306539e+12
365000,1093.066528,2.640952322e+13,6.438709494e+11,2.690147273e+14,5.358844117e+12,7.211511808e+10,2.850260992e+09,7.307574378e+12
366000,1093.111328,2.570425729e+13,6.242701148e+11,2.648827722e+14,5.337997378e+12,7.204081664e+10,2.742379264e+09,7.209246786e+12
367000,1093.155029,2.501803980e+13,6.052734566e+11,2.608175415e+14,5.317247631e+12,7.196665446e+10,2.638628608e+09,7.112276574e+12
368000,1093.197754,2.435044291e+13,5.868621660e+11,2.568149248e+14,5.296593830e+12,7.189291827e+10,2.538829824e+09,7.016656404e+12
369000,1093.239502,2.370086057e+13,5.690167788e+11,2.528749054e+14,5.276015002e+12,7.181918208e+10,2.442840320e+09,6.922342236e+12
370000,1093.280151,2.306880831e+13,5.517208453e+11,2.489975167e+14,5.255550992e+12,7.174587187e+10,2.350518272e+09,6.829328302e+12
371000,1093.319946,2.245396949e+13,5.349562778e+11,2.451806952e+14,5.235160383e+12,7.167268454e+10,2.261713152e+09,6.737595204e+12
372000,1093.358765,2.185562266e+13,5.187065283e+11,2.414244408e+14,5.214863622e+12,7.159976755e+10,2.176289792e+09,6.647138222e+12
373000,1093.396729,2.127348053e+13,5.029564908e+11,2.377268578e+14,5.194659660e+12,7.152698982e+10,2.094130688e+09,6.557938483e+12
374000,1093.433716,2.070694121e+13,4.876906988e+11,2.340878958e+14,5.174538535e+12,7.145435136e+10,2.015094016e+09,6.469953520e+12
375000,1093.469971,2.015580966e+13,4.728913265e+11,2.305056590e+14,5.154508112e+12,7.138196685e+10,1.939063936e+09,6.383190671e+12
376000,1093.505249,1.961951547e+13,4.585475277e+11,2.269784528e+14,5.134571012e+12,7.130985267e+10,1.865932672e+09,6.297619530e+12
377000,1093.539795,1.909764758e+13,4.446441964e+11,2.235079215e+14,5.114703118e+12,7.123785318e+10,1.795584640e+09,6.213212832e+12
378000,1093.573486,1.858982013e+13,4.311669146e+11,2.200914980e+14,5.094946374e+12,7.116600115e+10,1.727906560e+09,6.129987879e+12
379000,1093.606445,1.809571224e+13,4.181015593e+11,2.167282764e+14,5.075259359e+12,7.109439488e+10,1.662802816e+09,6.047905874e+12
380000,1093.63855,1.761488771e+13,4.054371205e+11,2.134174012e+14,5.055661474e+12,7.102305075e+10,1.600174592e+09,5.966938505e+12
381000,1093.669922,1.714698060e+13,3.931602616e+11,2.101580668e+14,5.036153242e+12,7.095182131e+10,1.539923968e+09,5.887093113e+12
382000,1093.700562,1.669164381e+13,3.812597760e+11,2.069502063e+14,5.016722604e+12,7.088085402e+10,1.481962624e+09,5.808353444e+12
383000,1093.730591,1.624859004e+13,3.697225236e+11,2.037922257e+14,4.997380047e+12,7.080999322e+10,1.426199936e+09,5.730680177e+12
384000,1093.759766,1.581743027e+13,3.585394934e+11,2.006841419e+14,4.978125046e+12,7.073925530e+10,1.372557696e+09,5.654082748e+12
385000,1093.78833,1.539789816e+13,3.476975780e+11,1.976243105e+14,4.958946591e+12,7.066863206e+10,1.320948736e+09,5.578533896e+12
386000,1093.816284,1.498961412e+13,3.371875041e+11,1.946120103e+14,4.939845730e+12,7.059838566e+10,1.271293184e+09,5.504017891e+12
387000,1093.843506,1.459222269e+13,3.269978685e+11,1.916464694e+14,4.920839766e+12,7.052799181e+10,1.223523712e+09,5.430522151e+12
388000,1093.870117,1.420556344e+13,3.171199877e+11,1.887283757e+14,4.901910348e+12,7.045797478e+10,1.177565568e+09,5.358041432e+12
389000,1093.896118,1.382923580e+13,3.075429827e+11,1.858541556e+14,4.883065340e+12,7.038807245e+10,1.133343104e+09,5.286540607e+12
390000,1093.921509,1.346304161e+13,2.982593495e+11,1.830258559e+14,4.864294781e+12,7.031839949e+10,1.090802688e+09,5.216027542e+12
391000,1093.946289,1.310664950e+13,2.892583404e+11,1.802407418e+14,4.845609681e+12,7.024897229e+10,1.049865536e+09,5.146477593e+12
392000,1093.970581,1.275979524e+13,2.805317632e+11,1.774994342e+14,4.827006894e+12,7.017952051e+10,1.010478848e+09,5.077876081e+12
393000,1093.994263,1.242224499e+13,2.720717046e+11,1.748005907e+14,4.808478556e+12,7.011016704e+10,9.725832320e+08,5.010220384e+12
394000,1094.017334,1.209372508e+13,2.638694973e+11,1.721441947e+14,4.790024143e+12,7.004119040e+10,9.361217920e+08,4.943477998e+12
395000,1094.039917,1.177400902e+13,2.559165727e+11,1.695282496e+14,4.771651518e+12,6.997204992e+10,9.010363520e+08,4.877655736e+12
396000,1094.06189,1.146281892e+13,2.482058854e+11,1.669540472e+14,4.753361207e+12,6.990314701e+10,8.672762240e+08,4.812730532e+12
397000,1094.083496,1.116000590e+13,2.407307837e+11,1.644190205e+14,4.735151636e+12,6.983460454e+10,8.347973120e+08,4.748688753e+12
398000,1094.104492,1.086525853e+13,2.334823055e+11,1.619231863e+14,4.717022806e+12,6.976602931e+10,8.035396480e+08,4.685529350e+12
399000,1094.125122,1.057838177e+13,2.264547164e+11,1.594665111e+14,4.698965279e+12,6.969768346e+10,7.734615680e+08,4.623219818e+12
400000,1094.145142,1.029918268e+13,2.196417249e+11,1.570478036e+14,4.680980103e+12,6.962944410e+10,7.445225600e+08,4.561768022e+12
401000,1094.164795,1.002743372e+13,2.130345984e+11,1.546670134e+14,4.663065182e+12,6.956128666e+10,7.166720640e+08,4.501150892e+12
402000,1094.183838,9.762952446e+12,2.066290606e+11,1.523223957e+14,4.645238342e+12,6.949323571e+10,6.898741760e+08,4.441359516e+12
403000,1094.202637,9.505522844e+12,2.004173619e+11,1.500145208e+14,4.627481231e+12,6.942540595e+10,6.640823040e+08,4.382379475e+12
404000,1094.220825,9.254972948e+12,1.943947018e+11,1.477422480e+14,4.609803813e+12,6.935768269e+10,6.392672640e+08,4.324210246e+12
405000,1094.23877,9.011081511e+12,1.885548708e+11,1.455050067e+14,4.592202940e+12,6.928990208e+10,6.153843200e+08,4.266814079e+12
406000,1094.256104,8.773705925e+12,1.828919706e+11,1.433022768e+14,4.574672323e+12,6.922249011e+10,5.924007680e+08,4.210214044e+12
407000,1094.273193,8.542665834e+12,1.774019215e+11,1.411345112e+14,4.557218251e+12,6.915516006e+10,5.702855040e+08,4.154381828e+12
408000,1094.289795,8.317777215e+12,1.720773837e+11,1.389996296e+14,4.539824472e+12,6.908793651e+10,5.489992320e+08,4.099307209e+12
409000,1094.30603,8.098859713e+12,1.669142938e+11,1.368970867e+14,4.522532405e+12,6.902079488e+10,5.285157440e+08,4.044979438e+12
410000,1094.322021,7.885794312e+12,1.619083264e+11,1.348279225e+14,4.505281757e+12,6.895371878e+10,5.088014400e+08,3.991388291e+12
411000,1094.337524,7.678396989e+12,1.570537636e+11,1.327906104e+14,4.488116044e+12,6.888701952e+10,4.898292800e+08,3.938530886e+12
412000,1094.352661,7.476527235e+12,1.523459850e+11,1.307846218e+14,4.471034216e+12,6.882014003e+10,4.715701120e+08,3.886382580e+12
413000,1094.367432,7.280009413e+12,1.477816156e+11,1.288094869e+14,4.454010061e+12,6.875362099e+10,4.539968960e+08,3.834947568e+12
414000,1094.381836,7.088740762e+12,1.433545769e+11,1.268651974e+14,4.437060878e+12,6.868717568e+10,4.370854400e+08,3.784209072e+12
415000,1094.395996,6.902524150e+12,1.390617887e+11,1.249502767e+14,4.420177756e+12,6.862068122e+10,4.208071680e+08,3.734157394e+12
416000,1094.40979,6.721279361e+12,1.348988928e+11,1.230652449e+14,4.403368559e+12,6.855440384e+10,4.051399360e+08,3.684782572e+12
417000,1094.42334,6.544832332e+12,1.308611379e+11,1.212091541e+14,4.386632237e+12,6.848833536e+10,3.900613440e+08,3.636075430e+12
418000,1094.436401,6.373093409e+12,1.269464760e+11,1.193820126e+14,4.369961189e+12,6.842224640e+10,3.755491200e+08,3.588034396e+12
419000,1094.449341,6.205896917e+12,1.231498691e+11,1.175824531e+14,4.353363280e+12,6.835633766e+10,3.615789120e+08,3.540635091e+12
420000,1094.461914,6.043134853e+12,1.194675323e+11,1.158109201e+14,4.336837198e+12,6.829052723e+10,3.481337920e+08,3.493883281e+12
421000,1094.474121,5.884700262e+12,1.158966641e+11,1.140665747e+14,4.320375603e+12,6.822480282e+10,3.351926080e+08,3.447756161e+12
422000,1094.486206,5.730463121e+12,1.124334141e+11,1.123489471e+14,4.303977447e+12,6.815914394e+10,3.227362240e+08,3.402257924e+12
423000,1094.497925,5.580312805e+12,1.090749235e+11,1.106580625e+14,4.287658983e+12,6.809370624e+10,3.107464000e+08,3.357374415e+12
424000,1094.509277,5.434161234e+12,1.058178007e+11,1.089930820e+14,4.271411823e+12,6.802835046e+10,2.992066560e+08,3.313096196e+12
425000,1094.520508,5.291858461e+12,1.026587443e+11,1.073531749e+14,4.255218401e+12,6.796293734e+10,2.880971520e+08,3.269415404e+12
426000,1094.531494,5.153341571e+12,9.959496909e+10,1.057387776e+14,4.239087632e+12,6.789786010e+10,2.774044160e+08,3.226329416e+12
427000,1094.542114,5.018481066e+12,9.662357504e+10,1.041495042e+14,4.223035769e+12,6.783274189e+10,2.671116960e+08,3.183818310e+12
428000,1094.55249,4.887197778e+12,9.374210458e+10,1.025841297e+14,4.207045509e+12,6.776782848e+10,2.572038560e+08,3.141886018e+12
429000,1094.562744,4.759385276e+12,9.094692045e+10,1.010430654e+14,4.191131795e+12,6.770285363e+10,2.476664000e+08,3.100512354e+12
430000,1094.572632,4.634952335e+12,8.823630234e+10,9.952557278e+13,4.175279686e+12,6.763808768e+10,2.384854080e+08,3.059702039e+12
431000,1094.582397,4.513808253e+12,8.560679322e+10,9.803127451e+13,4.159488655e+12,6.757353062e+10,2.296465280e+08,3.019440652e+12
432000,1094.591919,4.395872289e+12,8.305677926e+10,9.655978463e+13,4.143765783e+12,6.750878925e+10,2.211391040e+08,2.979726623e+12
433000,1094.601196,4.281044042e+12,8.058320486e+10,9.511115345e+13,4.128095338e+12,6.744437965e+10,2.129485120e+08,2.940536095e+12
434000,1094.610229,4.169264005e+12,7.818434970e+10,9.368462596e+13,4.112501178e+12,6.738004787e+10,2.050644480e+08,2.901877981e+12
435000,1094.619141,4.060418146e+12,7.585736294e+10,9.227986657e+13,4.096973603e+12,6.731591680e+10,1.974738080e+08,2.863739437e+12
436000,1094.627808,3.954452464e+12,7.360048333e+10,9.089619580e+13,4.081505796e+12,6.725172838e+10,1.901660160e+08,2.826113122e+12
437000,1094.63623,3.851290149e+12,7.141131059e+10,8.953430986e+13,4.066104836e+12,6.718761370e+10,1.831318240e+08,2.788998250e+12
438000,1094.644531,3.750840500e+12,6.928792781e+10,8.819285815e+13,4.050770723e+12,6.712370790e+10,1.763591840e+08,2.752381452e+12
439000,1094.652588,3.653053710e+12,6.722845901e+10,8.687218457e+13,4.035487465e+12,6.705973658e+10,1.698393440e+08,2.716250931e+12
440000,1094.660522,3.557830164e+12,6.523058995e+10,8.557162641e+13,4.020277346e+12,6.699597005e+10,1.635624160e+08,2.680610619e+12
441000,1094.668213,3.465129230e+12,6.329282970e+10,8.429088165e+13,4.005125685e+12,6.693227725e+10,1.575186880e+08,2.645448458e+12
442000,1094.675781,3.374870168e+12,6.141310566e+10,8.302963986e+13,3.990031172e+12,6.686877696e+10,1.517009440e+08,2.610752913e+12
443000,1094.683105,3.286980887e+12,5.958979174e+10,8.178792620e+13,3.975002718e+12,6.680522342e+10,1.460991840e+08,2.576527655e+12
444000,1094.690308,3.201412104e+12,5.782106112e+10,8.056508635e+13,3.960038490e+12,6.674174362e+10,1.407058880e+08,2.542761148e+12
445000,1094.697266,3.118095139e+12,5.610547610e+10,7.936055824e+13,3.945139012e+12,6.667859558e+10,1.355135520e+08,2.509452083e+12
446000,1094.704224,3.036969435e+12,5.444121805e+10,7.817494579e+13,3.930295632e+12,6.661536563e+10,1.305140640e+08,2.476584206e+12
447000,1094.710938,2.957977846e+12,5.282683290e+10,7.700705782e+13,3.915516215e+12,6.655209882e+10,1.257004960e+08,2.444156469e+12
448000,1094.717407,2.881063485e+12,5.126073139e+10,7.585693625e+13,3.900793422e+12,6.648903270e+10,1.210658640e+08,2.412163367e+12
449000,1094.723877,2.806175760e+12,4.974153318e+10,7.472455589e+13,3.886133281e+12,6.642614272e+10,1.166034400e+08,2.380602278e+12
450000,1094.730103,2.733250970e+12,4.826800947e+10,7.360938825e+13,3.871529501e+12,6.636333466e+10,1.123066160e+08,2.349459309e+12
451000,1094.736206,2.662246908e+12,4.683832115e+10,7.251114807e+13,3.856987849e+12,6.630046925e+10,1.081695600e+08,2.318732624e+12
452000,1094.742188,2.593112457e+12,4.545159168e+10,7.142957529e+13,3.842501771e+12,6.623791923e+10,1.041861200e+08,2.288421437e+12
453000,1094.748047,2.525783130e+12,4.410609664e+10,7.036442242e+13,3.828084638e+12,6.617530368e+10,1.003503360e+08,2.258511069e+12
454000,1094.753784,2.460230353e+12,4.280092262e+10,6.931568947e+13,3.813714952e+12,6.611289293e+10,9.665708800e+07,2.229004403e+12
455000,1094.759277,2.396393308e+12,4.153477530e+10,6.828260882e+13,3.799414735e+12,6.605041664e+10,9.310084000e+07,2.199892263e+12
456000,1094.764771,2.334230577e+12,4.030646682e+10,6.726544895e+13,3.785160917e+12,6.598813286e+10,8.967628800e+07,2.171168621e+12
457000,1094.770142,2.273706508e+12,3.911471514e+10,6.626368968e+13,3.770974994e+12,6.592579174e+10,8.637869600e+07,2.142828495e+12
458000,1094.775269,2.214756352e+12,3.795864371e+10,6.527737718e+13,3.756843598e+12,6.586377011e+10,8.320318400e+07,2.114866512e+12
459000,1094.780396,2.157359399e+12,3.683708928e+10,6.430550057e+13,3.742771708e+12,6.580156416e+10,8.014548800e+07,2.087269958e+12
460000,1094.785278,2.101466497e+12,3.574895411e+10,6.334907907e+13,3.728760898e+12,6.573967360e+10,7.720091200e+07,2.060049187e+12
461000,1094.790161,2.047041077e+12,3.469329203e+10,6.240664885e+13,3.714802254e+12,6.567771341e+10,7.436550400e+07,2.033199219e+12
462000,1094.794922,1.994033201e+12,3.366906470e+10,6.147871741e+13,3.700896563e+12,6.561594573e+10,7.163480000e+07,2.006699213e+12
463000,1094.799561,1.942420324e+12,3.267539149e+10,6.056482755e+13,3.687050117e+12,6.555412480e+10,6.900541600e+07,1.980548776e+12
464000,1094.804077,1.892154081e+12,3.171140813e+10,5.966476112e+13,3.673256100e+12,6.549261926e+10,6.647332000e+07,1.954754200e+12
465000,1094.808472,1.843203277e+12,3.077610496e+10,5.877852238e+13,3.659521065e+12,6.543092531e+10,6.403475600e+07,1.929299493e+12
466000,1094.812866,1.795532521e+12,2.986861363e+10,5.790546534e+13,3.645851042e+12,6.536953446e+10,6.168612000e+07,1.904183476e+12
467000,1094.817139,1.749111407e+12,2.898810880e+10,5.704580812e+13,3.632218767e+12,6.530822144e+10,5.942453600e+07,1.879401824e+12
468000,1094.821167,1.703903887e+12,2.813388595e+10,5.619914802e+13,3.618652291e+12,6.524684698e+10,5.724643200e+07,1.854950081e+12
469000,1094.825195,1.659874312e+12,2.730504806e+10,5.536527112e+13,3.605142700e+12,6.518565274e+10,5.514889600e+07,1.830826934e+12
470000,1094.829224,1.617001054e+12,2.650092749e+10,5.454398035e+13,3.591684227e+12,6.512451584e+10,5.312862000e+07,1.807021113e+12
471000,1094.833008,1.575241515e+12,2.572064154e+10,5.373508685e+13,3.578283426e+12,6.506345677e+10,5.118314400e+07,1.783535370e+12
472000,1094.836792,1.534574985e+12,2.496361472e+10,5.293860330e+13,3.564932432e+12,6.500245504e+10,4.930919200e+07,1.760358171e+12
473000,1094.840454,1.494967124e+12,2.422901146e+10,5.215413113e+13,3.551632294e+12,6.494163763e+10,4.750448800e+07,1.737489121e+12
474000,1094.844116,1.456398139e+12,2.351629517e+10,5.138147749e+13,3.538394546e+12,6.488087757e+10,4.576636400e+07,1.714926911e+12
475000,1094.847656,1.418832511e+12,2.282476339e+10,5.062048292e+13,3.525206606e+12,6.482005606e+10,4.409242800e+07,1.692664332e+12
476000,1094.851074,1.382246515e+12,2.215369728e+10,4.987095032e+13,3.512068473e+12,6.475943117e+10,4.248012400e+07,1.670693913e+12
477000,1094.85437,1.346617082e+12,2.150260941e+10,4.913272029e+13,3.498993254e+12,6.469885952e+10,4.092724800e+07,1.649018536e+12
478000,1094.857666,1.311910789e+12,2.087077478e+10,4.840578442e+13,3.485959455e+12,6.463847629e+10,3.943152000e+07,1.627630600e+12
479000,1094.860962,1.278111252e+12,2.025773875e+10,4.768979460e+13,3.472987783e+12,6.457789645e+10,3.799088400e+07,1.606523027e+12
480000,1094.864014,1.245194748e+12,1.966286438e+10,4.698458726e+13,3.460058579e+12,6.451763200e+10,3.660331200e+07,1.585698570e+12
481000,1094.867065,1.213132833e+12,1.908563968e+10,4.628981002e+13,3.447190454e+12,6.445743309e+10,3.526668800e+07,1.565147136e+12
482000,1094.870117,1.181910172e+12,1.852553830e+10,4.560583203e+13,3.434370826e+12,6.439728333e+10,3.397938800e+07,1.544870953e+12
483000,1094.873047,1.151495307e+12,1.798197658e+10,4.493197378e+13,3.421598384e+12,6.433707213e+10,3.273933400e+07,1.524863205e+12
484000,1094.875854,1.121871987e+12,1.745460019e+10,4.426823946e+13,3.408880992e+12,6.427705754e+10,3.154495800e+07,1.505120748e+12
485000,1094.878662,1.093021270e+12,1.694282035e+10,4.361465006e+13,3.396217078e+12,6.421709210e+10,3.039456200e+07,1.485636502e+12
486000,1094.88147,1.064918450e+12,1.644613939e+10,4.297071483e+13,3.383606641e+12,6.415730278e+10,2.928639800e+07,1.466412827e+12
487000,1094.884033,1.037548323e+12,1.596420403e+10,4.233662253e+13,3.371043914e+12,6.409746842e+10,2.821885600e+07,1.447443956e+12
488000,1094.886719,1.010889196e+12,1.549647974e+10,4.171220537e+13,3.358533616e+12,6.403780198e+10,2.719059200e+07,1.428725694e+12
489000,1094.889282,9.849210143e+11,1.504263270e+10,4.109700617e+13,3.346069979e+12,6.397819290e+10,2.620005000e+07,1.410255159e+12
490000,1094.891724,9.596272640e+11,1.460221850e+10,4.049103752e+13,3.333653791e+12,6.391864934e+10,2.524587800e+07,1.392025928e+12
491000,1094.894165,9.349900534e+11,1.417480602e+10,3.989431617e+13,3.321295274e+12,6.385915904e+10,2.432674000e+07,1.374040359e+12
492000,1094.896606,9.109942436e+11,1.376000922e+10,3.930638918e+13,3.308977390e+12,6.379984896e+10,2.344128800e+07,1.356292424e+12
493000,1094.898926,8.876227297e+11,1.335750451e+10,3.872743271e+13,3.296717177e+12,6.374035456e+10,2.258841000e+07,1.338778845e+12
494000,1094.901123,8.648542126e+11,1.296685056e+10,3.815715312e+13,3.284496810e+12,6.368117146e+10,2.176669200e+07,1.321496609e+12
495000,1094.903442,8.426760438e+11,1.258774016e+10,3.759541623e+13,3.272334115e+12,6.362203750e+10,2.097514200e+07,1.304439947e+12
496000,1094.905518,8.210746573e+11,1.221983232e+10,3.704210040e+13,3.260216771e+12,6.356296499e+10,2.021261600e+07,1.287613448e+12
497000,1094.907715,8.000330793e+11,1.186278912e+10,3.649720560e+13,3.248150282e+12,6.350394573e+10,1.947799200e+07,1.271003873e+12
498000,1094.90979,7.795367608e+11,1.151622451e+10,3.596033343e+13,3.236129145e+12,6.344498790e+10,1.877028400e+07,1.254618300e+12
499000,1094.911865,7.595712840e+11,1.117995418e+10,3.543163062e+13,3.224158077e+12,6.338620211e+10,1.808846400e+07,1.238444016e+12
500000,1094.913818,7.401228861e+11,1.085356749e+10,3.491071136e+13,3.212232098e+12,6.332735898e+10,1.743164400e+07,1.222487572e+12
501000,1094.915771,7.211766252e+11,1.053680845e+10,3.439771408e+13,3.200349897e+12,6.326869197e+10,1.679883400e+07,1.206736781e+12
502000,1094.917603,7.027207700e+11,1.022935347e+10,3.389239124e+13,3.188524319e+12,6.320995942e+10,1.618918400e+07,1.191193608e+12
503000,1094.919434,6.847437210e+11,9.931002880e+09,3.339462340e+13,3.176742519e+12,6.315141120e+10,1.560180900e+07,1.175859626e+12
504000,1094.921265,6.672304701e+11,9.641409536e+09,3.290441676e+13,3.165010264e+12,6.309291213e+10,1.503594500e+07,1.160723038e+12
505000,1094.923096,6.501724979e+11,9.360350208e+09,3.242141279e+13,3.153321263e+12,6.303447450e+10,1.449074300e+07,1.145790005e+12
506000,1094.924805,6.335532237e+11,9.087570944e+09,3.194574778e+13,3.141681807e+12,6.297620480e+10,1.396544300e+07,1.131051221e+12
507000,1094.926514,6.173645210e+11,8.822808576e+09,3.147706313e+13,3.130085081e+12,6.291788186e+10,1.345934300e+07,1.116504457e+12
508000,1094.928101,6.015919063e+11,8.565811200e+09,3.101549936e+13,3.118531871e+12,6.285973504e+10,1.297170500e+07,1.102151025e+12
509000,1094.92981,5.862299402e+11,8.316424704e+09,3.056093480e+13,3.107032924e+12,6.280163328e+10,1.250192600e+07,1.087986205e+12
510000,1094.931396,5.712626319e+11,8.074315264e+09,3.011304024e+13,3.095576445e+12,6.274359296e+10,1.204923100e+07,1.074007704e+12
511000,1094.932861,5.566837555e+11,7.839358976e+09,2.967182618e+13,3.084168200e+12,6.268561408e+10,1.161308300e+07,1.060212834e+12
512000,1094.934448,5.424780083e+11,7.611297792e+09,2.923730101e+13,3.072802161e+12,6.262768435e+10,1.119287200e+07,1.046597009e+12
513000,1094.935913,5.286408356e+11,7.389928448e+09,2.880914803e+13,3.061483831e+12,6.256993075e+10,1.078794900e+07,1.033164227e+12
514000,1094.937256,5.151606047e+11,7.175052800e+09,2.838748470e+13,3.050207445e+12,6.251199693e+10,1.039777500e+07,1.019903803e+12
515000,1094.938721,5.020269281e+11,6.966504448e+09,2.797199230e+13,3.038978245e+12,6.245434982e+10,1.002184400e+07,1.006819279e+12
516000,1094.940063,4.892319089e+11,6.764069888e+09,2.756279873e+13,3.027791249e+12,6.239676416e+10,9.659618000e+06,9.939046236e+11
517000,1094.941406,4.767674860e+11,6.567554560e+09,2.715969849e+13,3.016650392e+12,6.233923174e+10,9.310555000e+06,9.811612140e+11
518000,1094.942749,4.646233047e+11,6.376822784e+09,2.676269577e+13,3.005550952e+12,6.228174848e+10,8.974225000e+06,9.685831516e+11
519000,1094.944092,4.527919268e+11,6.191699968e+09,2.637150118e+13,2.994503680e+12,6.222432256e+10,8.650111000e+06,9.561735823e+11
520000,1094.945312,4.412652257e+11,6.011975680e+09,2.598623218e+13,2.983497302e+12,6.216708096e+10,8.337830000e+06,9.439230034e+11
521000,1094.946533,4.300361236e+11,5.837523968e+09,2.560658881e+13,2.972531294e+12,6.210976563e+10,8.036885500e+06,9.318329876e+11
522000,1094.947754,4.190950851e+11,5.668198400e+09,2.523268863e+13,2.961605657e+12,6.205262234e+10,7.746891000e+06,9.199031419e+11
523000,1094.948975,4.084355564e+11,5.503805952e+09,2.486434702e+13,2.950731137e+12,6.199552819e+10,7.467431500e+06,9.081294029e+11
524000,1094.950073,3.980494766e+11,5.344252928e+09,2.450148224e+13,2.939897512e+12,6.193849958e+10,7.198137000e+06,8.965082317e+11
525000,1094.951172,3.879312097e+11,5.189355520e+09,2.414400413e+13,2.929103471e+12,6.188152013e+10,6.938633000e+06,8.850391695e+11
526000,1094.952271,3.780730225e+11,5.038994944e+09,2.379183715e+13,2.918360023e+12,6.182458982e+10,6.688560500e+06,8.737217577e+11
527000,1094.953369,3.684681318e+11,4.893029376e+09,2.344489744e+13,2.907650392e+12,6.176783565e+10,6.447563000e+06,8.625507533e+11
528000,1094.954468,3.591086735e+11,4.751336448e+09,2.310319763e+13,2.896985588e+12,6.171101594e+10,6.215320500e+06,8.515258286e+11
529000,1094.955444,3.499923210e+11,4.613783040e+09,2.276656780e+13,2.886365872e+12,6.165436826e+10,5.991500000e+06,8.406467871e+11
530000,1094.956421,3.411080315e+11,4.480262144e+09,2.243484653e+13,2.875784954e+12,6.159777382e+10,5.775806500e+06,8.299082547e+11
531000,1094.957397,3.324518072e+11,4.350630912e+09,2.210813025e+13,2.865248338e+12,6.154111795e+10,5.567941000e+06,8.193100349e+11
532000,1094.958374,3.240183398e+11,4.224791040e+09,2.178625754e+13,2.854755762e+12,6.148463002e+10,5.367619000e+06,8.088517345e+11
533000,1094.959351,3.158006497e+11,4.102614016e+09,2.146915497e+13,2.844296479e+12,6.142819533e+10,5.174522500e+06,7.985269309e+11
534000,1094.960205,3.077942804e+11,3.984023552e+09,2.115675127e+13,2.833886216e+12,6.137180979e+10,4.988468500e+06,7.883400806e+11
535000,1094.961182,2.999920230e+11,3.868875776e+09,2.084897516e+13,2.823513702e+12,6.131560038e+10,4.809131500e+06,7.782846300e+11
536000,1094.962036,2.923909612e+11,3.757114112e+09,2.054583708e+13,2.813179986e+12,6.125943603e+10,4.636304500e+06,7.683603169e+11
537000,1094.962891,2.849841152e+11,3.648594176e+09,2.024718606e+13,2.802894242e+12,6.120321843e+10,4.469739000e+06,7.585655030e+11
538000,1094.963745,2.777669960e+11,3.543236352e+09,1.995288162e+13,2.792646246e+12,6.114716467e+10,4.309191000e+06,7.488984842e+11
539000,1094.9646,2.707347046e+11,3.440953600e+09,1.966300348e+13,2.782436000e+12,6.109116006e+10,4.154457000e+06,7.393574257e+11
540000,1094.965332,2.638824899e+11,3.341661952e+09,1.937741738e+13,2.772268483e+12,6.103532749e+10,4.005332500e+06,7.299407544e+11
541000,1094.966187,2.572056658e+11,3.245253632e+09,1.909605209e+13,2.762137928e+12,6.097942528e+10,3.861583250e+06,7.206467666e+11
542000,1094.966919,2.506997105e+11,3.151644928e+09,1.881884672e+13,2.752049840e+12,6.092358042e+10,3.723049750e+06,7.114738237e+11
543000,1094.967651,2.443592499e+11,3.060777472e+09,1.854581187e+13,2.742003696e+12,6.086791168e+10,3.589514250e+06,7.024190423e+11
544000,1094.968384,2.381814170e+11,2.972546816e+09,1.827673772e+13,2.731994251e+12,6.081227981e+10,3.460801000e+06,6.934833398e+11
545000,1094.969116,2.321624269e+11,2.886892544e+09,1.801164111e+13,2.722026750e+12,6.075670528e+10,3.336754000e+06,6.846640947e+11
546000,1094.969849,2.262964142e+11,2.803722240e+09,1.775052628e+13,2.712095425e+12,6.070118810e+10,3.217183500e+06,6.759594721e+11
547000,1094.970459,2.205803315e+11,2.722979840e+09,1.749326736e+13,2.702206042e+12,6.064571597e+10,3.101928250e+06,6.673669161e+11
548000,1094.971191,2.150098207e+11,2.644572416e+09,1.723973853e+13,2.692352311e+12,6.059029709e+10,2.990824250e+06,6.588860334e+11
549000,1094.971802,2.095816212e+11,2.568447488e+09,1.699001531e+13,2.682539737e+12,6.053504614e+10,2.883738750e+06,6.505166930e+11
550000,1094.972412,2.042931773e+11,2.494542336e+09,1.674404005e+13,2.672767795e+12,6.047973376e+10,2.780513750e+06,6.422561423e+11
551000,1094.973022,1.991385580e+11,2.422782208e+09,1.650162818e+13,2.663032029e+12,6.042458112e+10,2.681019500e+06,6.341004493e+11
552000,1094.973633,1.941155021e+11,2.353104384e+09,1.626279233e+13,2.653331390e+12,6.036948582e+10,2.585105250e+06,6.260530872e+11
553000,1094.974243,1.892209295e+11,2.285447936e+09,1.602753566e+13,2.643671384e+12,6.031443968e+10,2.492651000e+06,6.181091410e+11
554000,1094.974854,1.844511703e+11,2.219762176e+09,1.579568616e+13,2.634051486e+12,6.025943859e+10,2.403526000e+06,6.102682173e+11
555000,1094.975464,1.798023578e+11,2.155976448e+09,1.556730888e+13,2.624466452e+12,6.020460954e+10,2.317623250e+06,6.025302508e+11
556000,1094.975952,1.752727224e+11,2.094047744e+09,1.534229790e+13,2.614921527e+12,6.014971085e+10,2.234807750e+06,5.948915057e+11
557000,1094.976562,1.708581519e+11,2.033909376e+09,1.512053900e+13,2.605411467e+12,6.009486950e+10,2.154967750e+06,5.873518510e+11
558000,1094.977051,1.665560740e+11,1.975513856e+09,1.490210345e+13,2.595940729e+12,6.004029850e+10,2.078004250e+06,5.799089275e+11
559000,1094.977661,1.623635395e+11,1.918816128e+09,1.468693354e+13,2.586509312e+12,5.998555955e+10,2.003823750e+06,5.725646356e+11
560000,1094.978149,1.582774518e+11,1.863760256e+09,1.447482069e+13,2.577107255e+12,5.993097626e+10,1.932298500e+06,5.653134049e+11
561000,1094.978638,1.542956646e+11,1.810297856e+09,1.426593790e+13,2.567749763e+12,5.987645030e+10,1.863351500e+06,5.581572014e+11
562000,1094.979126,1.504146391e+11,1.758379136e+09,1.406004399e+13,2.558430282e+12,5.982208410e+10,1.796878125e+06,5.510937313e+11
563000,1094.979614,1.466329006e+11,1.707972352e+09,1.385720190e+13,2.549140423e+12,5.976766054e+10,1.732792750e+06,5.441206354e+11
564000,1094.980103,1.429473198e+11,1.659019904e+09,1.365739378e+13,2.539889099e+12,5.971339674e+10,1.671021750e+06,5.372388311e+11
565000,1094.980469,1.393552097e+11,1.611483008e+09,1.346046974e+13,2.530676310e+12,5.965907149e+10,1.611455875e+06,5.304452055e+11
566000,1094.980957,1.358543749e+11,1.565325952e+09,1.326653670e+13,2.521501532e+12,5.960490598e+10,1.554042875e+06,5.237404140e+11
567000,1094.981445,1.324425052e+11,1.520505344e+09,1.307539967e+13,2.512355066e+12,5.955078554e+10,1.498684000e+06,5.171212780e+11
568000,1094.981812,1.291170693e+11,1.476971136e+09,1.288702092e+13,2.503246873e+12,5.949672243e+10,1.445311000e+06,5.105888133e+11
569000,1094.9823,1.258760765e+11,1.434699776e+09,1.270145282e+13,2.494181147e+12,5.944270848e+10,1.393862625e+06,5.041397760e+11
570000,1094.982666,1.227173888e+11,1.393654272e+09,1.251865666e+13,2.485143732e+12,5.938885837e+10,1.344250875e+06,4.977741660e+11
571000,1094.983032,1.196391055e+11,1.353793280e+09,1.233849186e+13,2.476143280e+12,5.933494272e+10,1.296422250e+06,4.914908037e+11
572000,1094.983398,1.166387118e+11,1.315077504e+09,1.216096900e+13,2.467175858e+12,5.928118682e+10,1.250305000e+06,4.852885750e+11
573000,1094.983765,1.137144218e+11,1.277485952e+09,1.198609538e+13,2.458250379e+12,5.922748826e+10,1.205844250e+06,4.791673815e+11
574000,1094.984253,1.108640727e+11,1.240973440e+09,1.181377977e+13,2.449352163e+12,5.917382656e+10,1.162975500e+06,4.731233567e+11
575000,1094.984619,1.080862147e+11,1.205518592e+09,1.164394565e+13,2.440495628e+12,5.912021811e+10,1.121641625e+06,4.671583027e+11
576000,1094.984863,1.053787668e+11,1.171087872e+09,1.147664440e+13,2.431671599e+12,5.906666291e+10,1.081791375e+06,4.612693688e+11
577000,1094.985229,1.027395256e+11,1.137647104e+09,1.131178902e+13,2.422879027e+12,5.901316096e+10,1.043364750e+06,4.554572104e+11
578000,1094.985596,1.001673523e+11,1.105171584e+09,1.114934700e+13,2.414123155e+12,5.895980646e+10,1.006310875e+06,4.497199923e+11
579000,1094.985962,9.766030541e+10,1.073631360e+09,1.098928271e+13,2.405398479e+12,5.890639462e+10,9.705876250e+05,4.440559452e+11
580000,1094.986328,9.521691853e+10,1.043001280e+09,1.083155733e+13,2.396714697e+12,5.885314662e+10,9.361433125e+05,4.384648397e+11
581000,1094.986572,9.283520102e+10,1.013254656e+09,1.067614046e+13,2.388057915e+12,5.879994368e+10,9.029300000e+05,4.329467085e+11
582000,1094.986938,9.051357184e+10,9.843621120e+08,1.052303528e+13,2.379440980e+12,5.874679398e+10,8.708983125e+05,4.274987663e+11
583000,1094.987183,8.825067930e+10,9.563008000e+08,1.037212851e+13,2.370851308e+12,5.869368934e+10,8.400191250e+05,4.221210460e+11
584000,1094.987549,8.604501606e+10,9.290499200e+08,1.022346425e+13,2.362296500e+12,5.864062976e+10,8.102408125e+05,4.168125317e+11
585000,1094.987793,8.389512397e+10,9.025808000e+08,1.007697118e+13,2.353777607e+12,5.858773811e+10,7.815257500e+05,4.115723715e+11
586000,1094.988037,8.179956941e+10,8.768776320e+08,9.932580107e+12,2.345289646e+12,5.853489562e+10,7.538370000e+05,4.063996477e+11
587000,1094.988403,7.975695974e+10,8.519079680e+08,9.790334007e+12,2.336836026e+12,5.848197530e+10,7.271360000e+05,4.012934431e+11
588000,1094.988647,7.776566477e+10,8.276587520e+08,9.650163699e+12,2.328413340e+12,5.842922701e+10,7.013876250e+05,3.962529055e+11
589000,1094.988892,7.582509466e+10,8.041059840e+08,9.512037755e+12,2.320025256e+12,5.837652378e+10,6.765599375e+05,3.912764293e+11
590000,1094.989136,7.393323418e+10,7.812294400e+08,9.375928860e+12,2.311672037e+12,5.832386970e+10,6.526161250e+05,3.863647027e+11
591000,1094.98938,7.208912486e+10,7.590109440e+08,9.241803566e+12,2.303348703e+12,5.827125658e+10,6.295281250e+05,3.815153336e+11
592000,1094.989624,7.029140685e+10,7.374313600e+08,9.109665966e+12,2.295059972e+12,5.821880730e+10,6.072626250e+05,3.767290102e+11
593000,1094.989868,6.853905613e+10,7.164693760e+08,8.979421741e+12,2.286800863e+12,5.816618598e+10,5.857891875e+05,3.720034386e+11
594000,1094.990112,6.683102003e+10,6.961100160e+08,8.851108667e+12,2.278571639e+12,5.811383091e+10,5.650804375e+05,3.673385206e+11
595000,1094.990356,6.516605338e+10,6.763368960e+08,8.724630777e+12,2.270376231e+12,5.806152090e+10,5.451131250e+05,3.627341578e+11
596000,1094.990601,6.354280448e+10,6.571265920e+08,8.600027393e+12,2.262214640e+12,5.800926413e+10,5.258534375e+05,3.581875651e+11
597000,1094.990845,6.196058522e+10,6.384693120e+08,8.477204694e+12,2.254082408e+12,5.795705242e+10,5.072790000e+05,3.536999547e+11
598000,1094.991089,6.041822003e+10,6.203464960e+08,8.356203054e+12,2.245983732e+12,5.790488166e+10,4.893671562e+05,3.492699177e+11
599000,1094.991333,5.891458253e+10,6.027426560e+08,8.236959585e+12,2.237918347e+12,5.785298944e+10,4.720941250e+05,3.448959795e+11
600000,1094.991455,5.744892723e+10,5.856462080e+08,8.119483675e+12,2.229882061e+12,5.780092518e+10,4.554343125e+05,3.405794836e+11
601000,1094.991699,5.601993523e+10,5.690357760e+08,8.003653766e+12,2.221878804e+12,5.774889370e+10,4.393665312e+05,3.363169894e+11
602000,1094.991943,5.462701261e+10,5.529017600e+08,7.889537444e+12,2.213900190e+12,5.769714074e+10,4.238688750e+05,3.321091195e+11
603000,1094.992065,5.326913946e+10,5.372323200e+08,7.777110093e+12,2.205958537e+12,5.764520755e+10,4.089256875e+05,3.279557755e+11
604000,1094.99231,5.194530406e+10,5.220090240e+08,7.666285707e+12,2.198045065e+12,5.759332352e+10,3.945107812e+05,3.238549586e+11
605000,1094.992432,5.065476096e+10,5.072219200e+08,7.557101064e+12,2.190160691e+12,5.754170982e+10,3.806069375e+05,3.198066360e+11
606000,1094.992676,4.939675238e+10,4.928565120e+08,7.449472729e+12,2.182312231e+12,5.749002650e+10,3.671986875e+05,3.158101524e+11
607000,1094.992798,4.817017242e+10,4.789034240e+08,7.343434307e+12,2.174488281e+12,5.743839642e+10,3.542669062e+05,3.118648197e+11
608000,1094.993042,4.697439846e+10,4.653489280e+08,7.238906658e+12,2.166700507e+12,5.738692198e+10,3.417924062e+05,3.079698842e+11
609000,1094.993164,4.580884070e+10,4.521815360e+08,7.135924310e+12,2.158936588e+12,5.733548442e+10,3.297610312e+05,3.041242644e+11
610000,1094.993408,4.467237274e+10,4.393908160e+08,7.034433866e+12,2.151208321e+12,5.728399360e+10,3.181573750e+05,3.003283210e+11
611000,1094.99353,4.356435149e+10,4.269644480e+08,6.934415900e+12,2.143507972e+12,5.723265434e+10,3.069637812e+05,2.965803500e+11
612000,1094.993652,4.248421581e+10,4.148934400e+08,6.835848421e+12,2.135835410e+12,5.718136422e+10,2.961680000e+05,2.928808100e+11
613000,1094.993774,4.143117926e+10,4.031675840e+08,6.738708861e+12,2.128194175e+12,5.713022566e+10,2.857562500e+05,2.892279972e+11
614000,1094.994019,4.040454554e+10,3.917752640e+08,6.642975726e+12,2.120584004e+12,5.707902976e+10,2.757110000e+05,2.856217805e+11
615000,1094.994141,3.940351181e+10,3.807078400e+08,6.548655357e+12,2.113001619e+12,5.702798541e+10,2.660224688e+05,2.820616684e+11
616000,1094.994263,3.842770944e+10,3.699587200e+08,6.455674309e+12,2.105450037e+12,5.697687552e+10,2.566773438e+05,2.785469727e+11
617000,1094.994385,3.747622093e+10,3.595137600e+08,6.364065111e+12,2.097921655e+12,5.692592947e+10,2.476628281e+05,2.750771364e+11
618000,1094.994629,3.654863667e+10,3.493663040e+08,6.273755988e+12,2.090427744e+12,5.687501619e+10,2.389672031e+05,2.716514877e+11
619000,1094.994751,3.564421530e+10,3.395085760e+08,6.184778325e+12,2.082964898e+12,5.682415616e+10,2.305786562e+05,2.682695844e+11
620000,1094.994873,3.476244480e+10,3.299321600e+08,6.097063990e+12,2.075524989e+12,5.677333299e+10,2.224875312e+05,2.649302794e+11
621000,1094.994995,3.390267597e+10,3.206288960e+08,6.010640822e+12,2.068115358e+12,5.672256717e+10,2.146832188e+05,2.616335237e+11
622000,1094.995117,3.306449306e+10,3.115891200e+08,5.925466306e+12,2.060736004e+12,5.667194880e+10,2.071538281e+05,2.583793172e+11
623000,1094.995239,3.224727552e+10,3.028071040e+08,5.841501169e+12,2.053387059e+12,5.662126899e+10,1.998907969e+05,2.551660544e+11
624000,1094.995361,3.145037414e+10,2.942754560e+08,5.758771056e+12,2.046060397e+12,5.657074483e+10,1.928842656e+05,2.519932273e+11
625000,1094.995483,3.067346125e+10,2.859868800e+08,5.677257118e+12,2.038767550e+12,5.652026163e+10,1.861254531e+05,2.488617533e+11
626000,1094.995605,2.991590810e+10,2.779328320e+08,5.596899087e+12,2.031500657e+12,5.646983168e+10,1.796044844e+05,2.457691750e+11
627000,1094.995728,2.917734810e+10,2.701087040e+08,5.517679663e+12,2.024259846e+12,5.641943450e+10,1.733153125e+05,2.427164426e+11
628000,1094.99585,2.845712589e+10,2.625068160e+08,5.439644962e+12,2.017048658e+12,5.636909056e+10,1.672466719e+05,2.397020652e+11
629000,1094.995972,2.775494861e+10,2.551208320e+08,5.362715839e+12,2.009866961e+12,5.631889408e+10,1.613926875e+05,2.367265014e+11
630000,1094.996094,2.707025101e+10,2.479450240e+08,5.286915892e+12,2.002710692e+12,5.626864026e+10,1.557459688e+05,2.337883095e+11
631000,1094.996094,2.640275046e+10,2.409733600e+08,5.212190070e+12,1.995584176e+12,5.621854618e+10,1.502977188e+05,2.308879319e+11
632000,1094.996216,2.575180390e+10,2.341986240e+08,5.138540448e+12,1.988482564e+12,5.616848077e+10,1.450411094e+05,2.280239432e+11
633000,1094.996338,2.511714509e+10,2.276169440e+08,5.065971292e+12,1.981410181e+12,5.611846861e+10,1.399705156e+05,2.251963433e+11
634000,1094.99646,2.449817600e+10,2.212219200e+08,4.994448456e+12,1.974362964e+12,5.606849741e+10,1.350776875e+05,2.224042312e+11
635000,1094.996582,2.389477990e+10,2.150082080e+08,4.923954685e+12,1.967344452e+12,5.601857126e+10,1.303578828e+05,2.196484096e+11
636000,1094.996582,2.330633626e+10,2.089710240e+08,4.854476850e+12,1.960351236e+12,5.596880077e+10,1.258044609e+05,2.169267487e+11
637000,1094.996704,2.273251123e+10,2.031044960e+08,4.785998223e+12,1.953386332e+12,5.591896474e+10,1.214107500e+05,2.142396252e+11
638000,1094.996826,2.217306726e+10,1.974042080e+08,4.718487278e+12,1.946446201e+12,5.586928026e+10,1.171718438e+05,2.115869901e+11
639000,1094.996948,2.162739200e+10,1.918656960e+08,4.651965079e+12,1.939534250e+12,5.581953024e+10,1.130822188e+05,2.089672049e+11
640000,1094.996948,2.109543014e+10,1.864840480e+08,4.586417904e+12,1.932651004e+12,5.576993997e+10,1.091366094e+05,2.063814492e+11
641000,1094.99707,2.057666765e+10,1.812550240e+08,4.521795492e+12,1.925791744e+12,5.572038656e+10,1.053294609e+05,2.038280520e+11
642000,1094.997192,2.007077683e+10,1.761743200e+08,4.458101514e+12,1.918956995e+12,5.567087411e+10,1.016560781e+05,2.013066199e+11
643000,1094.997192,1.957751194e+10,1.712363840e+08,4.395323891e+12,1.912150163e+12,5.562141491e+10,9.811175000e+04,1.988175626e+11
644000,1094.997314,1.909647770e+10,1.664393760e+08,4.333447656e+12,1.905371120e+12,5.557210317e+10,9.469225781e+04,1.963596186e+11
645000,1094.997437,1.862736896e+10,1.617773440e+08,4.272476051e+12,1.898616062e+12,5.552272179e+10,9.139264844e+04,1.939331973e+11
646000,1094.997437,1.816996045e+10,1.572477280e+08,4.212364659e+12,1.891888660e+12,5.547350016e+10,8.820919531e+04,1.915371192e+11
647000,1094.997559,1.772391629e+10,1.528458080e+08,4.153131421e+12,1.885184983e+12,5.542431539e+10,8.513743750e+04,1.891713516e+11
648000,1094.997681,1.728888627e+10,1.485679360e+08,4.094731965e+12,1.878508438e+12,5.537517158e+10,8.217296094e+04,1.868355174e+11
649000,1094.997681,1.686470042e+10,1.444117760e+08,4.037186744e+12,1.871856140e+12,5.532608102e+10,7.931307031e+04,1.845292564e+11
650000,1094.997803,1.645101056e+10,1.403726400e+08,3.980465939e+12,1.865230451e+12,5.527702323e+10,7.655344531e+04,1.822521262e+11
651000,1094.997803,1.604756378e+10,1.364475360e+08,3.924558978e+12,1.858631893e+12,5.522802278e+10,7.389040625e+04,1.800034714e+11
652000,1094.997925,1.565415936e+10,1.326334480e+08,3.869453104e+12,1.852053258e+12,5.517916160e+10,7.132067969e+04,1.777835540e+11
653000,1094.997925,1.527054438e+10,1.289269600e+08,3.815137002e+12,1.845505032e+12,5.513024717e+10,6.884125000e+04,1.755913421e+11
654000,1094.998047,1.489638707e+10,1.253247680e+08,3.761598855e+12,1.838979613e+12,5.508146790e+10,6.644864062e+04,1.734268518e+11
655000,1094.998047,1.453151027e+10,1.218243840e+08,3.708827458e+12,1.832477524e+12,5.503274189e+10,6.413968750e+04,1.712896737e+11
656000,1094.998169,1.417567642e+10,1.184226640e+08,3.656811494e+12,1.826001912e+12,5.498405274e+10,6.191178125e+04,1.691794964e+11
657000,1094.998169,1.382863667e+10,1.151172560e+08,3.605540766e+12,1.819552645e+12,5.493541683e+10,5.976172656e+04,1.670959432e+11
658000,1094.998291,1.349019443e+10,1.119045280e+08,3.555002928e+12,1.813125923e+12,5.488681370e+10,5.768687891e+04,1.650383585e+11
659000,1094.998291,1.316013670e+10,1.087829200e+08,3.505201938e+12,1.806722138e+12,5.483836211e+10,5.568482031e+04,1.630070538e+11
660000,1094.998413,1.283825050e+10,1.057487920e+08,3.456099807e+12,1.800344306e+12,5.478984090e+10,5.375254688e+04,1.610010460e+11
661000,1094.998413,1.252431258e+10,1.028000800e+08,3.407706213e+12,1.793989149e+12,5.474147942e+10,5.188791797e+04,1.590203515e+11
662000,1094.998535,1.221814170e+10,9.993434400e+07,3.359998068e+12,1.787663090e+12,5.469315482e+10,5.008844531e+04,1.570645934e+11
663000,1094.998535,1.191954842e+10,9.714961600e+07,3.312977774e+12,1.781359313e+12,5.464487117e+10,4.835193750e+04,1.551335096e+11
664000,1094.998657,1.162829517e+10,9.444302400e+07,3.266635588e+12,1.775077818e+12,5.459663258e+10,4.667616406e+04,1.532267397e+11
665000,1094.998657,1.134426829e+10,9.181270400e+07,3.220949034e+12,1.768821883e+12,5.454844314e+10,4.505898828e+04,1.513436938e+11
666000,1094.998657,1.106726195e+10,8.925616800e+07,3.175914900e+12,1.762588099e+12,5.450029056e+10,4.349800391e+04,1.494843884e+11
667000,1094.998779,1.079710208e+10,8.677179200e+07,3.131529584e+12,1.756379349e+12,5.445228134e+10,4.199166016e+04,1.476487250e+11
668000,1094.998779,1.053357773e+10,8.435690400e+07,3.087777553e+12,1.750192751e+12,5.440421478e+10,4.053786719e+04,1.458356224e+11
669000,1094.998901,1.027658240e+10,8.201030400e+07,3.044649437e+12,1.744031187e+12,5.435628339e+10,3.913492578e+04,1.440458834e+11
670000,1094.998901,1.002593587e+10,7.972929600e+07,3.002130775e+12,1.737891119e+12,5.430841344e+10,3.778090234e+04,1.422781153e+11
671000,1094.998901,9.781456896e+09,7.751233600e+07,2.960218706e+12,1.731776479e+12,5.426057216e+10,3.647379688e+04,1.405325804e+11
672000,1094.999023,9.543011328e+09,7.535771200e+07,2.918909015e+12,1.725682811e+12,5.421277594e+10,3.521258203e+04,1.388092293e+11
673000,1094.999023,9.310451712e+09,7.326370400e+07,2.878199669e+12,1.719617323e+12,5.416502067e+10,3.399523828e+04,1.371075625e+11
674000,1094.999023,9.083627520e+09,7.122828000e+07,2.838059126e+12,1.713570054e+12,5.411742106e+10,3.282035938e+04,1.354270147e+11
675000,1094.999146,8.862362624e+09,6.925018400e+07,2.798490072e+12,1.707547034e+12,5.406974771e+10,3.168625586e+04,1.337675612e+11
676000,1094.999146,8.646572032e+09,6.732743200e+07,2.759484361e+12,1.701548655e+12,5.402222182e+10,3.059181641e+04,1.321289564e+11
677000,1094.999146,8.436098560e+09,6.545854400e+07,2.721039392e+12,1.695571378e+12,5.397464269e+10,2.953540234e+04,1.305109217e+11
678000,1094.999268,8.230779392e+09,6.364202800e+07,2.683140968e+12,1.689614942e+12,5.392729702e+10,2.851557617e+04,1.289129329e+11
679000,1094.999268,8.030550016e+09,6.187640000e+07,2.645777053e+12,1.683682623e+12,5.387979981e+10,2.753149023e+04,1.273350144e+11
680000,1094.999268,7.835221504e+09,6.016043600e+07,2.608949261e+12,1.677774422e+12,5.383254835e+10,2.658156836e+04,1.257771172e+11
681000,1094.99939,7.644687360e+09,5.849227600e+07,2.572645231e+12,1.671886668e+12,5.378522726e+10,2.566466211e+04,1.242382828e+11
682000,1094.99939,7.458843136e+09,5.687081600e+07,2.536857078e+12,1.666023293e+12,5.373795942e+10,2.477948438e+04,1.227189699e+11
683000,1094.99939,7.277587456e+09,5.529494400e+07,2.501577545e+12,1.660180234e+12,5.369083085e+10,2.392524414e+04,1.212187279e+11
684000,1094.99939,7.100776960e+09,5.376303200e+07,2.466799189e+12,1.654360900e+12,5.364374323e+10,2.310067578e+04,1.197370327e+11
685000,1094.999512,6.928326144e+09,5.227416800e+07,2.432523950e+12,1.648561619e+12,5.359669248e+10,2.230477734e+04,1.182743347e+11
686000,1094.999512,6.760091136e+09,5.082672000e+07,2.398721619e+12,1.642786193e+12,5.354958848e+10,2.153642578e+04,1.168295281e+11
687000,1094.999512,6.595978752e+09,4.941982800e+07,2.365408208e+12,1.637030953e+12,5.350262374e+10,2.079474023e+04,1.154025964e+11
688000,1094.999512,6.435912192e+09,4.805225200e+07,2.332567444e+12,1.631301927e+12,5.345579827e+10,2.007886523e+04,1.139937444e+11
689000,1094.999634,6.279764480e+09,4.672286800e+07,2.300188098e+12,1.625586663e+12,5.340891546e+10,1.938774609e+04,1.126022922e+11
690000,1094.999634,6.127441408e+09,4.543069600e+07,2.268268049e+12,1.619897876e+12,5.336207360e+10,1.872070117e+04,1.112284611e+11
691000,1094.999634,5.978882048e+09,4.417460400e+07,2.236804921e+12,1.614232027e+12,5.331538330e+10,1.807681250e+04,1.098718167e+11
692000,1094.999634,5.833945600e+09,4.295356400e+07,2.205791827e+12,1.608585970e+12,5.326872576e+10,1.745507031e+04,1.085317284e+11
693000,1094.999756,5.692566016e+09,4.176650800e+07,2.175209570e+12,1.602959442e+12,5.322210099e+10,1.685496875e+04,1.072085811e+11
694000,1094.999756,5.554655744e+09,4.061281200e+07,2.145069444e+12,1.597355983e+12,5.317552538e+10,1.627568555e+04,1.059019817e+11
695000,1094.999756,5.420117504e+09,3.949112800e+07,2.115351526e+12,1.591774937e+12,5.312899482e+10,1.571649316e+04,1.046117007e+11
696000,1094.999756,5.288878080e+09,3.840079200e+07,2.086058720e+12,1.586213552e+12,5.308250112e+10,1.517662793e+04,1.033375334e+11
697000,1094.999756,5.160846336e+09,3.734084400e+07,2.057176215e+12,1.580671566e+12,5.303605248e+10,1.465541797e+04,1.020790866e+11
698000,1094.999878,5.035960832e+09,3.631049600e+07,2.028702529e+12,1.575151600e+12,5.298973491e+10,1.415226953e+04,1.008363356e+11
699000,1094.999878,4.914126848e+09,3.530871200e+07,2.000635362e+12,1.569654178e+12,5.294336410e+10,1.366655371e+04,9.960910848e+10
700000,1094.999878,4.795275776e+09,3.433490000e+07,1.972965352e+12,1.564176024e+12,5.289713664e+10,1.319765723e+04,9.839719219e+10
701000,1094.999878,4.679326720e+09,3.338819800e+07,1.945682726e+12,1.558720020e+12,5.285094605e+10,1.274494629e+04,9.720039014e+10
702000,1094.999878,4.566207488e+09,3.246790800e+07,1.918793080e+12,1.553282761e+12,5.280479642e+10,1.230785938e+04,9.601813709e+10
703000,1095,4.455864832e+09,3.157322400e+07,1.892275988e+12,1.547867652e+12,5.275867955e+10,1.188589551e+04,9.485099008e+10
704000,1095,4.348213760e+09,3.070337200e+07,1.866137068e+12,1.542468403e+12,5.271271834e+10,1.147853223e+04,9.369821184e+10
705000,1095,4.243195904e+09,2.985788400e+07,1.840367444e+12,1.537096679e+12,5.266668749e+10,1.108525684e+04,9.255979418e+10
706000,1095,4.140746240e+09,2.903578600e+07,1.814964981e+12,1.531740946e+12,5.262080000e+10,1.070553809e+04,9.143556506e+10
707000,1095,4.040792832e+09,2.823654200e+07,1.789917641e+12,1.526403957e+12,5.257485517e+10,1.033894336e+04,9.032533606e+10
708000,1095,3.943275008e+09,2.745961400e+07,1.765223849e+12,1.521088201e+12,5.252904550e+10,9.984978516e+03,8.922874675e+10
709000,1095.000122,3.848139776e+09,2.670410800e+07,1.740877971e+12,1.515793809e+12,5.248326861e+10,9.643205078e+03,8.814580531e+10
710000,1095.000122,3.755321088e+09,2.596964000e+07,1.716875664e+12,1.510518030e+12,5.243754086e+10,9.313202148e+03,8.707602022e+10
711000,1095.000122,3.664783616e+09,2.525571000e+07,1.693215017e+12,1.505263354e+12,5.239185408e+10,8.994665039e+03,8.602003046e+10
712000,1095.000122,3.576442368e+09,2.456140600e+07,1.669887959e+12,1.500029911e+12,5.234630656e+10,8.687087891e+03,8.497685299e+10
713000,1095.000122,3.490250752e+09,2.388651000e+07,1.646889455e+12,1.494814687e+12,5.230070170e+10,8.390091797e+03,8.394679910e+10
714000,1095.000122,3.406162176e+09,2.323024400e+07,1.624208719e+12,1.489617551e+12,5.225523200e+10,8.103312500e+03,8.292940186e+10
715000,1095.000122,3.324131584e+09,2.259231200e+07,1.601856741e+12,1.484441387e+12,5.220970086e+10,7.826454102e+03,8.192463667e+10
716000,1095.000244,3.244088064e+09,2.197198000e+07,1.579812984e+12,1.479283048e+12,5.216430899e+10,7.559111816e+03,8.093234790e+10
717000,1095.000244,3.165996544e+09,2.136888800e+07,1.558082670e+12,1.474145550e+12,5.211895398e+10,7.300985840e+03,7.995238810e+10
718000,1095.000244,3.089802752e+09,2.078254600e+07,1.536658084e+12,1.469025878e+12,5.207364813e+10,7.051674805e+03,7.898444595e+10
719000,1095.000244,3.015482624e+09,2.021244800e+07,1.515535014e+12,1.463926784e+12,5.202847334e+10,6.811033203e+03,7.802852966e+10
720000,1095.000244,2.942950400e+09,1.965806400e+07,1.494711756e+12,1.458848137e+12,5.198324122e+10,6.578603027e+03,7.708446720e+10
721000,1095.000244,2.872190208e+09,1.911906800e+07,1.474178236e+12,1.453787185e+12,5.193814835e+10,6.354226074e+03,7.615211930e+10
722000,1095.000244,2.803147264e+09,1.859498800e+07,1.453930635e+12,1.448743797e+12,5.189299405e+10,6.137501953e+03,7.523133850e+10
723000,1095.000244,2.735795456e+09,1.808548600e+07,1.433975937e+12,1.443720724e+12,5.184797901e+10,5.928282715e+03,7.432196096e+10
724000,1095.000366,2.670061312e+09,1.759004200e+07,1.414295735e+12,1.438717444e+12,5.180299674e+10,5.726216797e+03,7.342372454e+10
725000,1095.000366,2.605927168e+09,1.710827000e+07,1.394892035e+12,1.433731727e+12,5.175805952e+10,5.531102051e+03,7.253662106e+10
726000,1095.000366,2.543357696e+09,1.663985000e+07,1.375760902e+12,1.428763312e+12,5.171315917e+10,5.342676758e+03,7.166038016e+10
727000,1095.000366,2.482304512e+09,1.618438100e+07,1.356900746e+12,1.423817572e+12,5.166829978e+10,5.160749023e+03,7.079511654e+10
728000,1095.000366,2.422735360e+09,1.574146900e+07,1.338302673e+12,1.418886250e+12,5.162357965e+10,4.985054199e+03,6.994057626e+10
729000,1095.000366,2.364614144e+09,1.531085100e+07,1.319967862e+12,1.413974721e+12,5.157879808e+10,4.815358887e+03,6.909648077e+10
730000,1095.000366,2.307904768e+09,1.489210100e+07,1.301887775e+12,1.409082851e+12,5.153415168e+10,4.651529297e+03,6.826283008e+10
731000,1095.000366,2.252563712e+09,1.448491200e+07,1.284066005e+12,1.404207890e+12,5.148945203e+10,4.493273438e+03,6.743949722e+10
732000,1095.000366,2.198562560e+09,1.408899200e+07,1.266489243e+12,1.399349838e+12,5.144497766e+10,4.340467773e+03,6.662621594e+10
733000,1095.000488,2.145879936e+09,1.370399700e+07,1.249160914e+12,1.394513674e+12,5.140034765e+10,4.192906738e+03,6.582312550e+10
734000,1095.000488,2.094472192e+09,1.332960000e+07,1.232075321e+12,1.389694681e+12,5.135595520e+10,4.050408691e+03,6.502984090e+10
735000,1095.000488,2.044311680e+09,1.296560500e+07,1.215229232e+12,1.384889319e+12,5.131150541e+10,3.912783691e+03,6.424647680e+10
736000,1095.000488,1.995360000e+09,1.261157300e+07,1.198618748e+12,1.380105978e+12,5.126709248e+10,3.779863037e+03,6.347255398e+10
737000,1095.000488,1.947595264e+09,1.226730200e+07,1.182238497e+12,1.375339151e+12,5.122281882e+10,3.651486572e+03,6.270831411e+10
738000,1095.000488,1.900992128e+09,1.193261100e+07,1.166094113e+12,1.370591330e+12,5.117857382e+10,3.527523193e+03,6.195350733e+10
739000,1095.000488,1.855504128e+09,1.160700800e+07,1.150168952e+12,1.365860024e+12,5.113427558e+10,3.407781738e+03,6.120778957e+10
740000,1095.000488,1.811128576e+09,1.129048200e+07,1.134468534e+12,1.361147593e+12,5.109011251e+10,3.292155273e+03,6.047150899e+10
741000,1095.000488,1.767824640e+09,1.098265100e+07,1.118989943e+12,1.356451414e+12,5.104598630e+10,3.180475830e+03,5.974408806e+10
742000,1095.000488,1.725562624e+09,1.068325400e+07,1.103725413e+12,1.351771488e+12,5.100199936e+10,3.072608398e+03,5.902564147e+10
743000,1095.000488,1.684330112e+09,1.039215700e+07,1.088674272e+12,1.347112796e+12,5.095794688e+10,2.968433594e+03,5.831616922e+10
744000,1095.000488,1.644092288e+09,1.010903100e+07,1.073835096e+12,1.342470226e+12,5.091394355e+10,2.867823486e+03,5.761543373e+10
745000,1095.00061,1.604821888e+09,9.833692000e+06,1.059201100e+12,1.337843384e+12,5.087005901e+10,2.770643799e+03,5.692312781e+10
746000,1095.00061,1.566507392e+09,9.565964000e+06,1.044771580e+12,1.333235286e+12,5.082622362e+10,2.676788818e+03,5.623956275e+10
747000,1095.00061,1.529110656e+09,9.305578000e+06,1.030545373e+12,1.328642916e+12,5.078242509e+10,2.586132324e+03,5.556421427e+10
748000,1095.00061,1.492620800e+09,9.052348000e+06,1.016517547e+12,1.324069159e+12,5.073856512e+10,2.498565430e+03,5.489718067e+10
749000,1095.00061,1.457007360e+09,8.806059000e+06,1.002683401e+12,1.319510868e+12,5.069493453e+10,2.414000488e+03,5.423836774e+10
750000,1095.00061,1.422257152e+09,8.566554000e+06,9.890423265e+11,1.314973680e+12,5.065125069e+10,2.332324219e+03,5.358766080e+10
751000,1095.00061,1.388343808e+09,8.333641000e+06,9.755930972e+11,1.310449205e+12,5.060760371e+10,2.253419922e+03,5.294496563e+10
752000,1095.00061,1.355251840e+09,8.107139000e+06,9.623332045e+11,1.305940328e+12,5.056409190e+10,2.177210205e+03,5.231017165e+10
753000,1095.00061,1.322956416e+09,7.886823000e+06,9.492543411e+11,1.301454520e+12,5.052051866e+10,2.103601807e+03,5.168309453e+10
754000,1095.00061,1.291437952e+09,7.672553000e+06,9.363593595e+11,1.296979198e+12,5.047707648e+10,2.032497437e+03,5.106372608e+10
755000,1095.00061,1.260677504e+09,7.464175000e+06,9.236440479e+11,1.292521701e+12,5.043357696e+10,1.963804199e+03,5.045187379e+10
756000,1095.00061,1.230659072e+09,7.261512000e+06,9.111055560e+11,1.288081900e+12,5.039030682e+10,1.897468750e+03,4.984764416e+10
757000,1095.00061,1.201367040e+09,7.064391000e+06,8.987416709e+11,1.283657564e+12,5.034697933e+10,1.833387939e+03,4.925083648e+10
758000,1095.00061,1.172776576e+09,6.872688500e+06,8.865479040e+11,1.279250530e+12,5.030369280e+10,1.771491577e+03,4.866126643e+10
759000,1095.00061,1.144875392e+09,6.686263000e+06,8.745272038e+11,1.274861322e+12,5.026043494e+10,1.711691162e+03,4.807892992e+10
760000,1095.00061,1.117644160e+09,6.504895000e+06,8.626703299e+11,1.270487056e+12,5.021731635e+10,1.653928589e+03,4.750366310e+10
761000,1095.000732,1.091068928e+09,6.328506000e+06,8.509797402e+11,1.266127733e+12,5.017413222e+10,1.598139526e+03,4.693553971e+10
762000,1095.000732,1.065133952e+09,6.156984000e+06,8.394532552e+11,1.261785842e+12,5.013108326e+10,1.544232422e+03,4.637430579e+10
763000,1095.000732,1.039819328e+09,5.990132500e+06,8.280852864e+11,1.257458893e+12,5.008807526e+10,1.492166382e+03,4.581995725e+10
764000,1095.000732,1.015116032e+09,5.827825000e+06,8.168736727e+11,1.253149114e+12,5.004510413e+10,1.441872314e+03,4.527240806e+10
765000,1095.000732,9.910053120e+08,5.670002500e+06,8.058192829e+11,1.248856506e+12,5.000216576e+10,1.393284058e+03,4.473148211e+10
766000,1095.000732,9.674727680e+08,5.516464000e+06,7.949182157e+11,1.244578710e+12,4.995926835e+10,1.346343506e+03,4.419719578e+10
767000,1095.000732,9.445062400e+08,5.367134500e+06,7.841684884e+11,1.240315331e+12,4.991650202e+10,1.300999268e+03,4.366945075e+10
768000,1095.000732,9.220937600e+08,5.221897000e+06,7.735692995e+11,1.236071481e+12,4.987367834e+10,1.257196533e+03,4.314817331e+10
769000,1095.000732,9.002182400e+08,5.080638500e+06,7.631155681e+11,1.231839691e+12,4.983098163e+10,1.214877808e+03,4.263328154e+10
770000,1095.000732,8.788650880e+08,4.943210500e+06,7.528068045e+11,1.227624940e+12,4.978832589e+10,1.173997070e+03,4.212470170e+10
771000,1095.000732,8.580248960e+08,4.809545000e+06,7.426408607e+11,1.223424475e+12,4.974561280e+10,1.134496216e+03,4.162226176e+10
772000,1095.000732,8.376852480e+08,4.679539500e+06,7.326158868e+11,1.219240657e+12,4.970302259e+10,1.096341431e+03,4.112596992e+10
773000,1095.000732,8.178341120e+08,4.553091000e+06,7.227309952e+11,1.215073354e+12,4.966048154e+10,1.059477661e+03,4.063567462e+10
774000,1095.000732,7.984563200e+08,4.430050500e+06,7.129803889e+11,1.210920468e+12,4.961805926e+10,1.023865173e+03,4.015145370e+10
775000,1095.000732,7.795436800e+08,4.310410000e+06,7.033673887e+11,1.206784098e+12,4.957558784e+10,9.894573364e+02,3.967308186e+10
776000,1095.000732,7.610862080e+08,4.194024000e+06,6.938873477e+11,1.202659394e+12,4.953324339e+10,9.562167358e+02,3.920063283e+10
777000,1095.000732,7.430686080e+08,4.080803750e+06,6.845372150e+11,1.198553563e+12,4.949083750e+10,9.240999146e+02,3.873380352e+10
778000,1095.000732,7.254831360e+08,3.970686000e+06,6.753164160e+11,1.194461626e+12,4.944857498e+10,8.930686035e+02,3.827268813e+10
779000,1095.000732,7.083192960e+08,3.863553750e+06,6.662230999e+11,1.190383714e+12,4.940633702e+10,8.630925293e+02,3.781727846e+10
780000,1095.000732,6.915653760e+08,3.759333750e+06,6.572554322e+11,1.186322055e+12,4.936413594e+10,8.341256104e+02,3.736734925e+10
781000,1095.000732,6.752142080e+08,3.657980750e+06,6.484141844e+11,1.182276387e+12,4.932197171e+10,8.061434326e+02,3.692292915e+10
782000,1095.000732,6.592521600e+08,3.559367500e+06,6.396925691e+11,1.178244612e+12,4.927984845e+10,7.791057739e+02,3.648385024e+10
783000,1095.000732,6.436711680e+08,3.463445500e+06,6.310915046e+11,1.174226469e+12,4.923784806e+10,7.529807129e+02,3.605013709e+10
784000,1095.000732,6.284631680e+08,3.370134500e+06,6.226091919e+11,1.170226414e+12,4.919579443e+10,7.277427368e+02,3.562178150e+10
785000,1095.000732,6.136204160e+08,3.279362000e+06,6.142450545e+11,1.166238024e+12,4.915386778e+10,7.033533936e+02,3.519858278e+10
786000,1095.000854,5.991280000e+08,3.191052500e+06,6.059950961e+11,1.162265231e+12,4.911196979e+10,6.797865601e+02,3.478047949e+10
787000,1095.000854,5.849859200e+08,3.105151000e+06,5.978601815e+11,1.158308168e+12,4.907002266e+10,6.570194702e+02,3.436753715e+10
788000,1095.000854,5.711797120e+08,3.021585000e+06,5.898363648e+11,1.154362376e+12,4.902820250e+10,6.350172729e+02,3.395956326e+10
789000,1095.000854,5.577036800e+08,2.940290500e+06,5.819231212e+11,1.150434542e+12,4.898651750e+10,6.137589111e+02,3.355655782e+10
790000,1095.000854,5.445486080e+08,2.861199500e+06,5.741199918e+11,1.146520076e+12,4.894477107e+10,5.932189941e+02,3.315840205e+10
791000,1095.000854,5.317090240e+08,2.784262500e+06,5.664233206e+11,1.142621078e+12,4.890305741e+10,5.733709106e+02,3.276516147e+10
792000,1095.000854,5.191741120e+08,2.709415000e+06,5.588326856e+11,1.138735317e+12,4.886147482e+10,5.541953125e+02,3.237664154e+10
793000,1095.000854,5.069385280e+08,2.636604500e+06,5.513476890e+11,1.134862795e+12,4.881983488e+10,5.356610107e+02,3.199285043e+10
794000,1095.000854,4.949941440e+08,2.565761000e+06,5.439646285e+11,1.131005608e+12,4.877831782e+10,5.177543945e+02,3.161366938e+10
795000,1095.000854,4.833330560e+08,2.496839500e+06,5.366831795e+11,1.127163625e+12,4.873684173e+10,5.004522400e+02,3.123916186e+10
796000,1095.000854,4.719529920e+08,2.429792750e+06,5.295029448e+11,1.123334750e+12,4.869540250e+10,4.837299805e+02,3.086908826e+10
797000,1095.000854,4.608426240e+08,2.364569000e+06,5.224214200e+11,1.119521079e+12,4.865399603e+10,4.675737305e+02,3.050363494e+10
798000,1095.000854,4.499955520e+08,2.301104500e+06,5.154362588e+11,1.115720253e+12,4.861262234e+10,4.519604797e+02,3.014250701e+10
799000,1095.000854,4.394079360e+08,2.239365250e+06,5.085481216e+11,1.111932273e+12,4.857137971e+10,4.368719482e+02,2.978582733e+10
800000,1095.000854,4.290719360e+08,2.179298750e+06,5.017537403e+11,1.108159365e+12,4.853008384e+10,4.222904053e+02,2.943342182e+10
801000,1095.000854,4.189822080e+08,2.120855750e+06,4.950526141e+11,1.104399172e+12,4.848890675e+10,4.082001648e+02,2.908529459e+10
802000,1095.000854,4.091328640e+08,2.064003625e+06,4.884444431e+11,1.100656148e+12,4.844776653e+10,3.945846252e+02,2.874134323e+10
803000,1095.000854,3.995173760e+08,2.008686625e+06,4.819261005e+11,1.096923480e+12,4.840666317e+10,3.814275513e+02,2.840162099e+10
804000,1095.000854,3.901293440e+08,1.954867375e+06,4.754981565e+11,1.093205754e+12,4.836559667e+10,3.687119751e+02,2.806596608e+10
805000,1095.000854,3.809670400e+08,1.902501250e+06,4.691583826e+11,1.089502577e+12,4.832456294e+10,3.564244690e+02,2.773438669e+10
806000,1095.000854,3.720198400e+08,1.851551750e+06,4.629047327e+11,1.085811851e+12,4.828356608e+10,3.445476685e+02,2.740677427e+10
807000,1095.000854,3.632863040e+08,1.801990750e+06,4.567368146e+11,1.082133840e+12,4.824259789e+10,3.330717773e+02,2.708323942e+10
808000,1095.000854,3.547604480e+08,1.753756500e+06,4.506534287e+11,1.078470246e+12,4.820176077e+10,3.219780884e+02,2.676352205e+10
809000,1095.000854,3.464360320e+08,1.706835750e+06,4.446542659e+11,1.074821071e+12,4.816095642e+10,3.112598267e+02,2.644763238e+10
810000,1095.000854,3.383088960e+08,1.661170625e+06,4.387356892e+11,1.071184347e+12,4.812009882e+10,3.008995361e+02,2.613557043e+10
811000,1095.000854,3.303755520e+08,1.616747375e+06,4.328997893e+11,1.067561976e+12,4.807936410e+10,2.908874207e+02,2.582733824e+10
812000,1095.000854,3.226306880e+08,1.573528500e+06,4.271429545e+11,1.063949697e+12,4.803866214e+10,2.812105408e+02,2.552273920e+10
813000,1095.000854,3.150686080e+08,1.531467750e+06,4.214658140e+11,1.060353671e+12,4.799800115e+10,2.718597717e+02,2.522192691e+10
814000,1095.000854,3.076866880e+08,1.490548375e+06,4.158654577e+11,1.056769901e+12,4.795745894e+10,2.628209534e+02,2.492465971e+10
815000,1095.000854,3.004789120e+08,1.450733625e+06,4.103417999e+11,1.053198189e+12,4.791686349e+10,2.540864716e+02,2.463098880e+10
816000,1095.000854,2.934427520e+08,1.411993000e+06,4.048937001e+11,1.049640501e+12,4.787630490e+10,2.456432495e+02,2.434087322e+10
817000,1095.000854,2.865724480e+08,1.374294875e+06,3.995208044e+11,1.046096904e+12,4.783586509e+10,2.374833221e+02,2.405426586e+10
818000,1095.000854,2.798651200e+08,1.337613375e+06,3.942205957e+11,1.042565366e+12,4.779546624e+10,2.295970459e+02,2.377112166e+10
819000,1095.000854,2.733163520e+08,1.301923250e+06,3.889928248e+11,1.039047524e+12,4.775509606e+10,2.219735107e+02,2.349135667e+10
820000,1095.000854,2.669218720e+08,1.267192750e+06,3.838364954e+11,1.035539710e+12,4.771476275e+10,2.146064148e+02,2.321497293e+10
821000,1095.000854,2.606804640e+08,1.233395875e+06,3.787505388e+11,1.032047690e+12,4.767446221e+10,2.074853668e+02,2.294188442e+10
822000,1095.000854,2.545864160e+08,1.200513875e+06,3.737347251e+11,1.028567400e+12,4.763419853e+10,2.006021729e+02,2.267218330e+10
823000,1095.000854,2.486344160e+08,1.168517625e+06,3.687866829e+11,1.025098777e+12,4.759396352e+10,1.939487762e+02,2.240556442e+10
824000,1095.000854,2.428252480e+08,1.137378500e+06,3.639061612e+11,1.021643981e+12,4.755385958e+10,1.875189514e+02,2.214225101e+10
825000,1095.000854,2.371522560e+08,1.107079500e+06,3.590921779e+11,1.018200719e+12,4.751369421e+10,1.813036346e+02,2.188211610e+10
826000,1095.000854,2.316140000e+08,1.077598250e+06,3.543432120e+11,1.014772924e+12,4.747365581e+10,1.752950134e+02,2.162511667e+10
827000,1095.000854,2.262072320e+08,1.048909875e+06,3.496602593e+11,1.011354763e+12,4.743365018e+10,1.694881134e+02,2.137118310e+10
828000,1095.000854,2.209267040e+08,1.020989250e+06,3.450405012e+11,1.007949971e+12,4.739367731e+10,1.638748016e+02,2.112030515e+10
829000,1095.000854,2.157719040e+08,9.938212500e+05,3.404836306e+11,1.004556714e+12,4.735374131e+10,1.584492340e+02,2.087241728e+10
830000,1095.000854,2.107385760e+08,9.673853750e+05,3.359888727e+11,1.001176760e+12,4.731383398e+10,1.532038727e+02,2.062751334e+10
831000,1095.000854,2.058238240e+08,9.416563125e+05,3.315552768e+11,9.978101105e+11,4.727405363e+10,1.481344147e+02,2.038556262e+10
832000,1095.000854,2.010240960e+08,9.166186875e+05,3.271814016e+11,9.944528978e+11,4.723421594e+10,1.432338104e+02,2.014652416e+10
833000,1095.000854,1.963389280e+08,8.922517500e+05,3.228671150e+11,9.911107584e+11,4.719450112e+10,1.384963684e+02,1.991033037e+10
834000,1095.000854,1.917640320e+08,8.685441250e+05,3.186120771e+11,9.877797601e+11,4.715472896e+10,1.339176636e+02,1.967697920e+10
835000,1095.000854,1.872964640e+08,8.454697500e+05,3.144148460e+11,9.844599685e+11,4.711508378e+10,1.294908295e+02,1.944643789e+10
836000,1095.000854,1.829347200e+08,8.230146250e+05,3.102747576e+11,9.811533496e+11,4.707546726e+10,1.252117767e+02,1.921867162e+10
837000,1095.000854,1.786752160e+08,8.011651250e+05,3.061909146e+11,9.778576753e+11,4.703588762e+10,1.210750351e+02,1.899360666e+10
838000,1095.000854,1.745162400e+08,7.799000625e+05,3.021624852e+11,9.745749770e+11,4.699643085e+10,1.170762939e+02,1.877124915e+10
839000,1095.000977,1.704550400e+08,7.592037500e+05,2.981887939e+11,9.713032233e+11,4.695691264e+10,1.132104797e+02,1.855156429e+10
840000,1095.000977,1.664896160e+08,7.390608750e+05,2.942679721e+11,9.680444457e+11,4.691743539e+10,1.094731522e+02,1.833448858e+10
841000,1095.000977,1.626179840e+08,7.194607500e+05,2.904014495e+11,9.647983165e+11,4.687807283e+10,1.058608322e+02,1.812005683e+10
842000,1095.000977,1.588364160e+08,7.003830625e+05,2.865874145e+11,9.615632630e+11,4.683865702e+10,1.023680878e+02,1.790816666e+10
843000,1095.000977,1.551442400e+08,6.818177500e+05,2.828245775e+11,9.583388262e+11,4.679936819e+10,9.899171448e+01,1.769878733e+10
844000,1095.000977,1.515390560e+08,6.637483750e+05,2.791127660e+11,9.551253996e+11,4.676010803e+10,9.572707367e+01,1.749192294e+10
845000,1095.000977,1.480187680e+08,6.461653125e+05,2.754518200e+11,9.519244902e+11,4.672097075e+10,9.257186127e+01,1.728754278e+10
846000,1095.000977,1.445805440e+08,6.290515000e+05,2.718399524e+11,9.487379333e+11,4.668177613e+10,8.952065277e+01,1.708561408e+10
847000,1095.000977,1.412235360e+08,6.123933750e+05,2.682770130e+11,9.455601582e+11,4.664261837e+10,8.657132721e+01,1.688607642e+10
848000,1095.000977,1.379452640e+08,5.961832500e+05,2.647628570e+11,9.423931310e+11,4.660357939e+10,8.371981049e+01,1.668893491e+10
849000,1095.000977,1.347441120e+08,5.804054375e+05,2.612957850e+11,9.392403251e+11,4.656448307e+10,8.096344757e+01,1.649418957e+10
850000,1095.000977,1.316179840e+08,5.650505625e+05,2.578756040e+11,9.360961044e+11,4.652550963e+10,7.829814148e+01,1.630171443e+10
851000,1095.000977,1.285651360e+08,5.501041250e+05,2.545017359e+11,9.329644012e+11,4.648656896e+10,7.572115326e+01,1.611154842e+10
852000,1095.000977,1.255842960e+08,5.355570000e+05,2.511735045e+11,9.298465915e+11,4.644757094e+10,7.322953796e+01,1.592365978e+10
853000,1095.000977,1.226730320e+08,5.214026250e+05,2.478902840e+11,9.267356631e+11,4.640869990e+10,7.082098389e+01,1.573802394e+10
854000,1095.000977,1.198304000e+08,5.076241562e+05,2.446519081e+11,9.236386939e+11,4.636994355e+10,6.849217987e+01,1.555461120e+10
855000,1095.000977,1.170538560e+08,4.942117812e+05,2.414563922e+11,9.205521449e+11,4.633113395e+10,6.624044800e+01,1.537333555e+10
856000,1095.000977,1.143429680e+08,4.811574062e+05,2.383045007e+11,9.174775235e+11,4.629244314e+10,6.406349182e+01,1.519428915e+10
857000,1095.000977,1.116952800e+08,4.684523438e+05,2.351951857e+11,9.144131912e+11,4.625369907e+10,6.195854950e+01,1.501732762e+10
858000,1095.000977,1.091093120e+08,4.560853750e+05,2.321274025e+11,9.113609175e+11,4.621498368e+10,5.992321396e+01,1.484248371e+10
859000,1095.000977,1.065846480e+08,4.440482500e+05,2.291014958e+11,9.083188019e+11,4.617639117e+10,5.795563126e+01,1.466973184e+10
860000,1095.000977,1.041184000e+08,4.323329688e+05,2.261163566e+11,9.052868444e+11,4.613782733e+10,5.605286789e+01,1.449904435e+10
861000,1095.000977,1.017099840e+08,4.209299688e+05,2.231715092e+11,9.022684529e+11,4.609930035e+10,5.421299362e+01,1.433037210e+10
862000,1095.000977,9.935824000e+07,4.098292500e+05,2.202659763e+11,8.992583188e+11,4.606080614e+10,5.243430328e+01,1.416371507e+10
863000,1095.000977,9.706123200e+07,3.990251562e+05,2.174000517e+11,8.962601124e+11,4.602243072e+10,5.071417236e+01,1.399902310e+10
864000,1095.000977,9.481788000e+07,3.885080625e+05,2.145722829e+11,8.932734403e+11,4.598399795e+10,4.905083847e+01,1.383632486e+10
865000,1095.000977,9.262760800e+07,3.782725000e+05,2.117826427e+11,8.902967951e+11,4.594559795e+10,4.744296646e+01,1.367557018e+10
866000,1095.000977,9.048776000e+07,3.683087500e+05,2.090309883e+11,8.873300460e+11,4.590731674e+10,4.588797379e+01,1.351670989e+10
867000,1095.000977,8.839818400e+07,3.586087500e+05,2.063159654e+11,8.843748966e+11,4.586907238e+10,4.438428497e+01,1.335969382e+10
868000,1095.000977,8.635769600e+07,3.491682500e+05,2.036374810e+11,8.814312161e+11,4.583085261e+10,4.293036270e+01,1.320460288e+10
869000,1095.000977,8.436461600e+07,3.399788750e+05,2.009954140e+11,8.784974316e+11,4.579266970e+10,4.152438354e+01,1.305136333e+10
870000,1095.000977,8.241802400e+07,3.310331875e+05,1.983881477e+11,8.755733463e+11,4.575451546e+10,4.016491318e+01,1.289989939e+10
871000,1095.000977,8.051695200e+07,3.223247812e+05,1.958163436e+11,8.726607299e+11,4.571639398e+10,3.885009766e+01,1.275024384e+10
872000,1095.000977,7.866002400e+07,3.138484375e+05,1.932790661e+11,8.697576817e+11,4.567839130e+10,3.757889938e+01,1.260237210e+10
873000,1095.000977,7.684665600e+07,3.055973750e+05,1.907759068e+11,8.668660367e+11,4.564033536e+10,3.634956360e+01,1.245626266e+10
874000,1095.000977,7.507538400e+07,2.975660000e+05,1.883063895e+11,8.639839601e+11,4.560239411e+10,3.516072083e+01,1.231189299e+10
875000,1095.000977,7.334549600e+07,2.897468438e+05,1.858699955e+11,8.611147284e+11,4.556440371e+10,3.401114655e+01,1.216919962e+10
876000,1095.000977,7.165588000e+07,2.821342188e+05,1.834660086e+11,8.582534922e+11,4.552652390e+10,3.289940643e+01,1.202822656e+10
877000,1095.000977,7.000585600e+07,2.747252500e+05,1.810942536e+11,8.554033971e+11,4.548868096e+10,3.182425117e+01,1.188893286e+10
878000,1095.000977,6.839408800e+07,2.675124375e+05,1.787546926e+11,8.525626081e+11,4.545086669e+10,3.078470039e+01,1.175127347e+10
879000,1095.000977,6.681992800e+07,2.604904062e+05,1.764465009e+11,8.497329603e+11,4.541308518e+10,2.977910805e+01,1.161525350e+10
880000,1095.000977,6.528238800e+07,2.536556562e+05,1.741692134e+11,8.469127496e+11,4.537542246e+10,2.880691338e+01,1.148085146e+10
881000,1095.000977,6.378070800e+07,2.470011719e+05,1.719218642e+11,8.441034834e+11,4.533770650e+10,2.786646080e+01,1.134800384e+10
882000,1095.000977,6.231392400e+07,2.405230781e+05,1.697049375e+11,8.413051617e+11,4.530001920e+10,2.695711517e+01,1.121678029e+10
883000,1095.000977,6.088110400e+07,2.342175781e+05,1.675179863e+11,8.385143767e+11,4.526244659e+10,2.607764816e+01,1.108707328e+10
884000,1095.000977,5.948202400e+07,2.280782344e+05,1.653600486e+11,8.357344707e+11,4.522491085e+10,2.522706223e+01,1.095892890e+10
885000,1095.000977,5.811509600e+07,2.221015156e+05,1.632309560e+11,8.329655091e+11,4.518739968e+10,2.440450287e+01,1.083226726e+10
886000,1095.000977,5.678001600e+07,2.162830938e+05,1.611304008e+11,8.302056571e+11,4.514992538e+10,2.360903358e+01,1.070712832e+10
887000,1095.000977,5.547613600e+07,2.106186719e+05,1.590579241e+11,8.274564874e+11,4.511247974e+10,2.283957863e+01,1.058347725e+10
888000,1095.000977,5.420219600e+07,2.051034062e+05,1.570131610e+11,8.247164928e+11,4.507506688e+10,2.209545517e+01,1.046125363e+10
889000,1095.000977,5.295822000e+07,1.997348281e+05,1.549957448e+11,8.219856077e+11,4.503776870e+10,2.137582016e+01,1.034051994e+10
890000,1095.000977,5.174298800e+07,1.945090156e+05,1.530052823e+11,8.192652739e+11,4.500050330e+10,2.067970085e+01,1.022117888e+10
891000,1095.000977,5.055593200e+07,1.894192188e+05,1.510411274e+11,8.165554258e+11,4.496318054e+10,2.000655746e+01,1.010325504e+10
892000,1095.000977,4.939648800e+07,1.844654062e+05,1.491032212e+11,8.138545562e+11,4.492597658e+10,1.935547256e+01,9.986728960e+09
893000,1095.000977,4.826381600e+07,1.796418125e+05,1.471911762e+11,8.111643034e+11,4.488880128e+10,1.872564888e+01,9.871566848e+09
894000,1095.000977,4.715756800e+07,1.749457188e+05,1.453046682e+11,8.084828324e+11,4.485165875e+10,1.811652565e+01,9.757769728e+09
895000,1095.000977,4.607685200e+07,1.703743281e+05,1.434435722e+11,8.058102088e+11,4.481454899e+10,1.752741814e+01,9.645321216e+09
896000,1095.000977,4.502133200e+07,1.659230156e+05,1.416070523e+11,8.031480709e+11,4.477746790e+10,1.695759392e+01,9.534203904e+09
897000,1095.000977,4.399016000e+07,1.615892344e+05,1.397950367e+11,8.004961567e+11,4.474050150e+10,1.640648460e+01,9.424385024e+09
898000,1095.000977,4.298301600e+07,1.573704531e+05,1.380073984e+11,7.978529587e+11,4.470348186e+10,1.587340927e+01,9.315866624e+09
899000,1095.000977,4.199892400e+07,1.532618125e+05,1.362430843e+11,7.952185426e+11,4.466657690e+10,1.535776806e+01,9.208633344e+09
900000,1095.000977,4.103784000e+07,1.492621562e+05,1.345025341e+11,7.925943501e+11,4.462970470e+10,1.485910702e+01,9.102633984e+09
901000,1095.000977,4.009897600e+07,1.453679844e+05,1.327851500e+11,7.899788083e+11,4.459277517e+10,1.437663460e+01,8.997923840e+09
902000,1095.000977,3.918182000e+07,1.415759531e+05,1.310903905e+11,7.873733591e+11,4.455596032e+10,1.390998745e+01,8.894418944e+09
903000,1095.000977,3.828585200e+07,1.378849375e+05,1.294184120e+11,7.847780680e+11,4.451917824e+10,1.345864201e+01,8.792136704e+09
904000,1095.000977,3.741080800e+07,1.342901406e+05,1.277686815e+11,7.821898547e+11,4.448242483e+10,1.302209091e+01,8.691080192e+09
905000,1095.000977,3.655569200e+07,1.307900781e+05,1.261406510e+11,7.796131103e+11,4.444578611e+10,1.259979630e+01,8.591185920e+09
906000,1095.000977,3.572045600e+07,1.273822109e+05,1.245342874e+11,7.770448200e+11,4.440909414e+10,1.219128895e+01,8.492472832e+09
907000,1095.000977,3.490464000e+07,1.240640781e+05,1.229492424e+11,7.744849838e+11,4.437251686e+10,1.179607010e+01,8.394925568e+09
908000,1095.000977,3.410758800e+07,1.208337656e+05,1.213852672e+11,7.719336673e+11,4.433588634e+10,1.141388321e+01,8.298530304e+09
909000,1095.000977,3.332899600e+07,1.176875547e+05,1.198422851e+11,7.693936230e+11,4.429937050e+10,1.104411888e+01,8.203257344e+09
910000,1095.000977,3.256835600e+07,1.146250234e+05,1.183193364e+11,7.668604600e+11,4.426288333e+10,1.068641663e+01,8.109108736e+09
911000,1095.000977,3.182520000e+07,1.116421719e+05,1.168168330e+11,7.643385692e+11,4.422642483e+10,1.034041691e+01,8.016057344e+09
912000,1095.000977,3.109941600e+07,1.087386172e+05,1.153344538e+11,7.618235597e+11,4.419008512e+10,1.000573540e+01,7.924118528e+09
913000,1095.000977,3.039018400e+07,1.059105703e+05,1.138711178e+11,7.593183150e+11,4.415368806e+10,9.681922913e+00,7.833248768e+09
914000,1095.000977,2.969735200e+07,1.031572578e+05,1.124278077e+11,7.568226386e+11,4.411732378e+10,9.368732452e+00,7.743450112e+09
915000,1095.000977,2.902048200e+07,1.004758984e+05,1.110032118e+11,7.543337779e+11,4.408098406e+10,9.065709114e+00,7.654695936e+09
916000,1095.000977,2.835925400e+07,9.786535938e+04,1.095976817e+11,7.518559928e+11,4.404475904e+10,8.772584915e+00,7.566988288e+09
917000,1095.000977,2.771325400e+07,9.532301562e+04,1.082105713e+11,7.493863342e+11,4.400857088e+10,8.489037514e+00,7.480314368e+09
918000,1095.000977,2.708217400e+07,9.284742188e+04,1.068418314e+11,7.469261128e+11,4.397240730e+10,8.214715958e+00,7.394632704e+09
919000,1095.000977,2.646561600e+07,9.043646094e+04,1.054912072e+11,7.444740833e+11,4.393627648e+10,7.949290276e+00,7.309988352e+09
920000,1095.000977,2.586319400e+07,8.808945312e+04,1.041584364e+11,7.420300493e+11,4.390017024e+10,7.692528248e+00,7.226312704e+09
921000,1095.000977,2.527482000e+07,8.580367969e+04,1.028433050e+11,7.395955180e+11,4.386409677e+10,7.444173336e+00,7.143622144e+09
922000,1095.000977,2.469978800e+07,8.357753906e+04,1.015453798e+11,7.371689165e+11,4.382805197e+10,7.203836918e+00,7.061904896e+09
923000,1095.000977,2.413811200e+07,8.141009375e+04,1.002649544e+11,7.347516867e+11,4.379212186e+10,6.971366882e+00,6.981148672e+09
924000,1095.000977,2.358925400e+07,7.929914844e+04,9.900091597e+10,7.323423867e+11,4.375613440e+10,6.746423721e+00,6.901329920e+09
925000,1095.000977,2.305314000e+07,7.724383594e+04,9.775392614e+10,7.299437691e+11,4.372026163e+10,6.528813362e+00,6.822449152e+09
926000,1095.000977,2.252925400e+07,7.524235156e+04,9.652340429e+10,7.275502633e+11,4.368441754e+10,6.318294048e+00,6.744482816e+09
927000,1095.000977,2.201748400e+07,7.329274219e+04,9.530893978e+10,7.251673088e+11,4.364860621e+10,6.114610195e+00,6.667445760e+09
928000,1095.000977,2.151746000e+07,7.139472656e+04,9.411050906e+10,7.227935949e+11,4.361281946e+10,5.917515278e+00,6.591301120e+09
929000,1095.000977,2.102895400e+07,6.954614062e+04,9.292769126e+10,7.204276142e+11,4.357706547e+10,5.726881981e+00,6.516038656e+09
930000,1095.000977,2.055161600e+07,6.774592969e+04,9.176066150e+10,7.180680561e+11,4.354134016e+10,5.542390347e+00,6.441672704e+09
931000,1095.000977,2.008522800e+07,6.599256250e+04,9.060900915e+10,7.157189181e+11,4.350572544e+10,5.363924026e+00,6.368154624e+09
932000,1095.000977,1.962957400e+07,6.428556641e+04,8.947251098e+10,7.133774479e+11,4.347014349e+10,5.191243649e+00,6.295512576e+09
933000,1095.000977,1.918433000e+07,6.262248438e+04,8.835098829e+10,7.110436454e+11,4.343450829e+10,5.024141788e+00,6.223698944e+09
934000,1095.000977,1.874947200e+07,6.100335156e+04,8.724407142e+10,7.087201976e+11,4.339897958e+10,4.862493038e+00,6.152762880e+09
935000,1095.000977,1.832436600e+07,5.942653516e+04,8.615171942e+10,7.064029757e+11,4.336348365e+10,4.706081390e+00,6.082612736e+09
936000,1095.000977,1.790913800e+07,5.789070703e+04,8.507389133e+10,7.040947323e+11,4.332801229e+10,4.554734707e+00,6.013307392e+09
937000,1095.000977,1.750338400e+07,5.639498828e+04,8.401009510e+10,7.017953362e+11,4.329257370e+10,4.408289909e+00,5.944792064e+09
938000,1095.000977,1.710698600e+07,5.493834375e+04,8.296028160e+10,6.995034112e+11,4.325716787e+10,4.266618252e+00,5.877091328e+09
939000,1095.000977,1.671963100e+07,5.351973047e+04,8.192424550e+10,6.972189573e+11,4.322178662e+10,4.129515648e+00,5.810171904e+09
940000,1095.000977,1.634110800e+07,5.213814453e+04,8.090169190e+10,6.949434163e+11,4.318652006e+10,3.996849060e+00,5.744026112e+09
941000,1095.000977,1.597130700e+07,5.079241406e+04,7.989270272e+10,6.926752154e+11,4.315119616e+10,3.868474007e+00,5.678666240e+09
942000,1095.000977,1.561002300e+07,4.948198828e+04,7.889696563e+10,6.904170414e+11,4.311598285e+10,3.744293690e+00,5.614060032e+09
943000,1095.000977,1.525691300e+07,4.820555469e+04,7.791412890e+10,6.881635860e+11,4.308079821e+10,3.624099970e+00,5.550210048e+09
944000,1095.000977,1.491190400e+07,4.696240625e+04,7.694421658e+10,6.859201577e+11,4.304564224e+10,3.507804394e+00,5.487096832e+09
945000,1095.000977,1.457483400e+07,4.575183984e+04,7.598713037e+10,6.836839383e+11,4.301051904e+10,3.395266533e+00,5.424722432e+09
946000,1095.000977,1.424544000e+07,4.457264844e+04,7.504246835e+10,6.814564352e+11,4.297542042e+10,3.286376476e+00,5.363077120e+09
947000,1095.000977,1.392362100e+07,4.342417578e+04,7.411018138e+10,6.792361411e+11,4.294043238e+10,3.181003809e+00,5.302131712e+09
948000,1095.000977,1.360904700e+07,4.230546484e+04,7.319010534e+10,6.770244321e+11,4.290539520e+10,3.079020500e+00,5.241909760e+09
949000,1095.000977,1.330178400e+07,4.121603906e+04,7.228194918e+10,6.748198666e+11,4.287038259e+10,2.980364084e+00,5.182391296e+09
950000,1095.000977,1.300150800e+07,4.015497656e+04,7.138578637e+10,6.726224445e+11,4.283548467e+10,2.884868622e+00,5.123557888e+09
951000,1095.000977,1.270805700e+07,3.912137891e+04,7.050124800e+10,6.704347873e+11,4.280060723e+10,2.792475700e+00,5.065412608e+09
952000,1095.000977,1.242134900e+07,3.811467969e+04,6.962838323e+10,6.682542735e+11,4.276576666e+10,2.703062534e+00,5.007946240e+09
953000,1095.000977,1.214115600e+07,3.713430859e+04,6.876682291e+10,6.660795269e+11,4.273095066e+10,2.616532087e+00,4.951131648e+09
954000,1095.000977,1.186732800e+07,3.617929297e+04,6.791663667e+10,6.639144141e+11,4.269615923e+10,2.532791376e+00,4.894998528e+09
955000,1095.000977,1.159978800e+07,3.524910938e+04,6.707731226e+10,6.617550029e+11,4.266140467e+10,2.451749086e+00,4.839501824e+09
956000,1095.000977,1.133832000e+07,3.434296875e+04,6.624894387e+10,6.596052255e+11,4.262667469e+10,2.373336077e+00,4.784644096e+09
957000,1095.000977,1.108285400e+07,3.346063281e+04,6.543163315e+10,6.574623949e+11,4.259205120e+10,2.297439814e+00,4.730443776e+09
958000,1095.000977,1.083318400e+07,3.260096484e+04,6.462474547e+10,6.553265111e+11,4.255737856e+10,2.223995924e+00,4.676848640e+09
959000,1095.000977,1.058923900e+07,3.176362891e+04,6.382838298e+10,6.531988849e+11,4.252281242e+10,2.152908325e+00,4.623895552e+09
960000,1095.000977,1.035082800e+07,3.094803516e+04,6.304241408e+10,6.510780088e+11,4.248827494e+10,2.084124804e+00,4.571543040e+09
961000,1095.000977,1.011782300e+07,3.015372461e+04,6.226678963e+10,6.489654559e+11,4.245376614e+10,2.017554045e+00,4.519799808e+09
962000,1095.000977,9.890157000e+06,2.937991797e+04,6.150105088e+10,6.468595876e+11,4.241928192e+10,1.953124642e+00,4.468659712e+09
963000,1095.000977,9.667651000e+06,2.862618359e+04,6.074539776e+10,6.447619113e+11,4.238483046e+10,1.890767097e+00,4.418106368e+09
964000,1095.000977,9.450241000e+06,2.789189062e+04,5.999957299e+10,6.426709852e+11,4.235040358e+10,1.830421567e+00,4.368141312e+09
965000,1095.000977,9.237755000e+06,2.717674805e+04,5.926346445e+10,6.405881201e+11,4.231608730e+10,1.772015333e+00,4.318757888e+09
966000,1095.000977,9.030134000e+06,2.648004297e+04,5.853683123e+10,6.385118740e+11,4.228172186e+10,1.715492487e+00,4.269941760e+09
967000,1095.000977,8.827195000e+06,2.580139453e+04,5.781973837e+10,6.364424438e+11,4.224746291e+10,1.660778999e+00,4.221692416e+09
968000,1095.000977,8.628883000e+06,2.514032812e+04,5.711177165e+10,6.343809434e+11,4.221322854e+10,1.607822657e+00,4.173997056e+09
969000,1095.000977,8.435090000e+06,2.449648438e+04,5.641319373e+10,6.323260621e+11,4.217902285e+10,1.556578755e+00,4.126863360e+09
970000,1095.000977,8.245713000e+06,2.386930664e+04,5.572358682e+10,6.302791107e+11,4.214475981e+10,1.506985307e+00,4.080278528e+09
971000,1095.000977,8.060588000e+06,2.325809961e+04,5.504284262e+10,6.282386473e+11,4.211069338e+10,1.458971858e+00,4.034210560e+09
972000,1095.000977,7.879693500e+06,2.266288867e+04,5.437092608e+10,6.262073590e+11,4.207657370e+10,1.412504315e+00,3.988686336e+09
973000,1095.000977,7.702932000e+06,2.208308008e+04,5.370793318e+10,6.241824932e+11,4.204247859e+10,1.367532611e+00,3.943698432e+09
974000,1095.000977,7.530136500e+06,2.151818750e+04,5.305334093e+10,6.221630669e+11,4.200841216e+10,1.324002624e+00,3.899210240e+09
975000,1095.000977,7.361301000e+06,2.096790234e+04,5.240713651e+10,6.201501942e+11,4.197445222e+10,1.281868100e+00,3.855253504e+09
976000,1095.000977,7.196265500e+06,2.043184766e+04,5.176948378e+10,6.181473485e+11,4.194052096e+10,1.241083860e+00,3.811792640e+09
977000,1095.000977,7.035009500e+06,1.990965039e+04,5.114000154e+10,6.161497457e+11,4.190653645e+10,1.201611042e+00,3.768835584e+09
978000,1095.000977,6.877367000e+06,1.940094531e+04,5.051877018e+10,6.141586309e+11,4.187266253e+10,1.163406968e+00,3.726376960e+09
979000,1095.000977,6.723360000e+06,1.890538477e+04,4.990530022e+10,6.121751183e+11,4.183881318e+10,1.126421809e+00,3.684410880e+09
980000,1095.000977,6.572789000e+06,1.842254883e+04,4.929994189e+10,6.101992079e+11,4.180498842e+10,1.090620637e+00,3.642924032e+09
981000,1095.000977,6.425652000e+06,1.795218555e+04,4.870232755e+10,6.082296545e+11,4.177127424e+10,1.055973649e+00,3.601917952e+09
982000,1095.000977,6.281832000e+06,1.749402734e+04,4.811243238e+10,6.062676378e+11,4.173750682e+10,1.022431016e+00,3.561380608e+09
983000,1095.000977,6.141254500e+06,1.704756445e+04,4.753017216e+10,6.043118469e+11,4.170384589e+10,9.899653792e-01,3.521312768e+09
984000,1095.000977,6.003914500e+06,1.661275000e+04,4.695541146e+10,6.023624131e+11,4.167013171e+10,9.585379362e-01,3.481709568e+09
985000,1095.000977,5.869635000e+06,1.618902441e+04,4.638808474e+10,6.004204503e+11,4.163652813e+10,9.281151295e-01,3.442551040e+09
986000,1095.000977,5.738413500e+06,1.577628711e+04,4.582807475e+10,5.984847135e+11,4.160294502e+10,8.986717463e-01,3.403858944e+09
987000,1095.000977,5.610147000e+06,1.537413086e+04,4.527520870e+10,5.965564477e+11,4.156939469e+10,8.701590300e-01,3.365602048e+09
988000,1095.000977,5.484799000e+06,1.498234180e+04,4.472954547e+10,5.946343424e+11,4.153586893e+10,8.425671458e-01,3.327787776e+09
989000,1095.000977,5.362273000e+06,1.460064648e+04,4.419075917e+10,5.927195116e+11,4.150237184e+10,8.158530593e-01,3.290410752e+09
990000,1095.000977,5.242534000e+06,1.422883984e+04,4.365907507e+10,5.908109066e+11,4.146889933e+10,7.899981737e-01,3.253459712e+09
991000,1095.000977,5.125488000e+06,1.386655273e+04,4.313408026e+10,5.889095107e+11,4.143553741e+10,7.649655342e-01,3.216936192e+09
992000,1095.000977,5.011074500e+06,1.351349121e+04,4.261584435e+10,5.870142751e+11,4.140211814e+10,7.407289147e-01,3.180828416e+09
993000,1095.000977,4.899262000e+06,1.316966895e+04,4.210434944e+10,5.851251343e+11,4.136880947e+10,7.172766328e-01,3.145144320e+09
994000,1095.000977,4.789943500e+06,1.283454688e+04,4.159935898e+10,5.832442511e+11,4.133552128e+10,6.945615411e-01,3.109860352e+09
995000,1095.000977,4.683119000e+06,1.250814258e+04,4.110100403e+10,5.813683487e+11,4.130226586e+10,6.725786924e-01,3.074989824e+09
996000,1095.000977,4.578702500e+06,1.219008691e+04,4.060883661e+10,5.794984755e+11,4.126895309e+10,6.512940526e-01,3.040510208e+09
997000,1095.000977,4.476656500e+06,1.188020801e+04,4.012313190e+10,5.776379740e+11,4.123575091e+10,6.306926012e-01,3.006439936e+09
998000,1095.000977,4.376885500e+06,1.157825098e+04,3.964345190e+10,5.757811425e+11,4.120265114e+10,6.107451320e-01,2.972751872e+09
999000,1095.000977,4.279386000e+06,1.128414062e+04,3.917013504e+10,5.739325030e+11,4.116950630e+10,5.914353728e-01,2.939452160e+09
1000000,1095.000977,4.184067250e+06,1.099750293e+04,3.870269773e+10,5.720887788e+11,4.113645978e+10,5.727382302e-01,2.906525952e+09
