altitude,temp,N2,O2,O,He,H,Ar,N
0,294.6456604,1.924643349e+25,5.161073291e+24,0.000000000e+00,1.281704135e+20,0.000000000e+00,2.300166132e+23,0.000000000e+00
1000,288.7287903,1.746994632e+25,4.684695061e+24,0.000000000e+00,1.163400114e+20,0.000000000e+00,2.087855817e+23,0.000000000e+00
2000,283.2937927,1.580115470e+25,4.237196361e+24,0.000000000e+00,1.052267988e+20,0.000000000e+00,1.888416429e+23,0.000000000e+00
3000,277.8470459,1.426546325e+25,3.825389517e+24,0.000000000e+00,9.499995968e+19,0.000000000e+00,1.704884116e+23,0.000000000e+00
4000,271.9685974,1.287273753e+25,3.451919619e+24,0.000000000e+00,8.572519207e+19,0.000000000e+00,1.538437559e+23,0.000000000e+00
5000,265.3143311,1.162227541e+25,3.116599317e+24,0.000000000e+00,7.739781646e+19,0.000000000e+00,1.388993262e+23,0.000000000e+00
6000,257.7807312,1.049981063e+25,2.815602064e+24,0.000000000e+00,6.992283504e+19,0.000000000e+00,1.254846071e+23,0.000000000e+00
7000,249.9075623,9.469374934e+24,2.539282808e+24,0.000000000e+00,6.306070820e+19,0.000000000e+00,1.131697301e+23,0.000000000e+00
8000,242.276062,8.504109274e+24,2.280439681e+24,0.000000000e+00,5.663258060e+19,0.000000000e+00,1.016337146e+23,0.000000000e+00
9000,235.3395844,7.590303113e+24,2.035395871e+24,0.000000000e+00,5.054714877e+19,0.000000000e+00,9.071269264e+22,0.000000000e+00
10000,229.4500275,6.723327471e+24,1.802909970e+24,0.000000000e+00,4.477357803e+19,0.000000000e+00,8.035136006e+22,0.000000000e+00
11000,224.809082,5.906374786e+24,1.583838167e+24,0.000000000e+00,3.933313293e+19,0.000000000e+00,7.058785331e+22,0.000000000e+00
12000,221.256897,5.151474644e+24,1.381406047e+24,0.000000000e+00,3.430592167e+19,0.000000000e+00,6.156594079e+22,0.000000000e+00
13000,218.5852814,4.466707004e+24,1.197780527e+24,0.000000000e+00,2.974575657e+19,0.000000000e+00,5.338219320e+22,0.000000000e+00
14000,216.6227112,3.854745493e+24,1.033678508e+24,0.000000000e+00,2.567043651e+19,0.000000000e+00,4.606856358e+22,0.000000000e+00
15000,215.2227173,3.314351584e+24,8.887678765e+23,0.000000000e+00,2.207171736e+19,0.000000000e+00,3.961024859e+22,0.000000000e+00
16000,214.2718506,2.841562974e+24,7.619861426e+23,0.000000000e+00,1.892321084e+19,0.000000000e+00,3.395988839e+22,0.000000000e+00
17000,213.7408752,2.430276674e+24,6.516966627e+23,0.000000000e+00,1.618427460e+19,0.000000000e+00,2.904454941e+22,0.000000000e+00
18000,213.6266174,2.074076243e+24,5.561788454e+23,0.000000000e+00,1.381218052e+19,0.000000000e+00,2.478755339e+22,0.000000000e+00
19000,213.9306946,1.766838371e+24,4.737907865e+23,0.000000000e+00,1.176614991e+19,0.000000000e+00,2.111571457e+22,0.000000000e+00
20000,214.6598206,1.502783173e+24,4.029824189e+23,0.000000000e+00,1.000769106e+19,0.000000000e+00,1.795995787e+22,0.000000000e+00
21000,215.8107605,1.276656355e+24,3.423448366e+23,0.000000000e+00,8.501812583e+18,0.000000000e+00,1.525748509e+22,0.000000000e+00
22000,217.311554,1.083951290e+24,2.906695437e+23,0.000000000e+00,7.218505492e+18,0.000000000e+00,1.295444220e+22,0.000000000e+00
23000,219.0673218,9.204254437e+23,2.468188769e+23,0.000000000e+00,6.129515641e+18,0.000000000e+00,1.100012315e+22,0.000000000e+00
24000,220.9789124,7.821239343e+23,2.097323284e+23,0.000000000e+00,5.208505328e+18,0.000000000e+00,9.347264937e+21,0.000000000e+00
25000,222.9409485,6.654355239e+23,1.784414623e+23,0.000000000e+00,4.431426310e+18,0.000000000e+00,7.952706172e+21,0.000000000e+00
26000,224.8600922,5.670857711e+23,1.520682388e+23,0.000000000e+00,3.776472247e+18,0.000000000e+00,6.777315646e+21,0.000000000e+00
27000,226.7438354,4.840209112e+23,1.297937863e+23,0.000000000e+00,3.223307122e+18,0.000000000e+00,5.784596750e+21,0.000000000e+00
28000,228.6368103,4.136687763e+23,1.109283426e+23,0.000000000e+00,2.754801370e+18,0.000000000e+00,4.943809039e+21,0.000000000e+00
29000,230.5866699,3.539349764e+23,9.491027268e+22,0.000000000e+00,2.357007683e+18,0.000000000e+00,4.229922633e+21,0.000000000e+00
30000,232.6443481,3.031063782e+23,8.128021848e+22,0.000000000e+00,2.018518081e+18,0.000000000e+00,3.622463886e+21,0.000000000e+00
31000,234.8547058,2.597863255e+23,6.966362459e+22,0.000000000e+00,1.730030831e+18,0.000000000e+00,3.104739925e+21,0.000000000e+00
32000,237.2048645,2.228691664e+23,5.976401455e+22,0.000000000e+00,1.484183330e+18,0.000000000e+00,2.663538313e+21,0.000000000e+00
33000,239.6573639,1.914192872e+23,5.133049733e+22,0.000000000e+00,1.274744782e+18,0.000000000e+00,2.287676755e+21,0.000000000e+00
34000,242.171524,1.646314623e+23,4.414714333e+22,0.000000000e+00,1.096352937e+18,0.000000000e+00,1.967531902e+21,0.000000000e+00
35000,244.7031097,1.418091649e+23,3.802717928e+22,0.000000000e+00,9.443693001e+17,0.000000000e+00,1.694779694e+21,0.000000000e+00
36000,247.2089233,1.223567851e+23,3.281087601e+22,0.000000000e+00,8.148273141e+17,0.000000000e+00,1.462301770e+21,0.000000000e+00
37000,249.6766205,1.057492841e+23,2.835745098e+22,0.000000000e+00,7.042307380e+17,0.000000000e+00,1.263823349e+21,0.000000000e+00
38000,252.1087341,9.154281414e+22,2.454788308e+22,0.000000000e+00,6.096236723e+17,0.000000000e+00,1.094040036e+21,0.000000000e+00
39000,254.5081635,7.936738659e+22,2.128295124e+22,0.000000000e+00,5.285421458e+17,0.000000000e+00,9.485299280e+20,0.000000000e+00
40000,256.8783875,6.891377075e+22,1.847973632e+22,0.000000000e+00,4.589269107e+17,0.000000000e+00,8.235974003e+20,0.000000000e+00
41000,259.2183838,5.992359060e+22,1.606895381e+22,0.000000000e+00,3.990573687e+17,0.000000000e+00,7.161546018e+20,0.000000000e+00
42000,261.4842224,5.218818536e+22,1.399464761e+22,0.000000000e+00,3.475439432e+17,0.000000000e+00,6.237077345e+20,0.000000000e+00
43000,263.6064148,4.553045999e+22,1.220932840e+22,0.000000000e+00,3.032072364e+17,0.000000000e+00,5.441403881e+20,0.000000000e+00
44000,265.5115356,3.979775146e+22,1.067206182e+22,0.000000000e+00,2.650306293e+17,0.000000000e+00,4.756280769e+20,0.000000000e+00
45000,267.1231995,3.485764945e+22,9.347336431e+21,0.000000000e+00,2.321323308e+17,0.000000000e+00,4.165882784e+20,0.000000000e+00
46000,268.3656921,3.059570172e+22,8.204463583e+21,0.000000000e+00,2.037501561e+17,0.000000000e+00,3.656531999e+20,0.000000000e+00
47000,269.1869202,2.691166490e+22,7.216561850e+21,0.000000000e+00,1.792165470e+17,0.000000000e+00,3.216247785e+20,0.000000000e+00
48000,269.5521545,2.371894828e+22,6.360411799e+21,0.000000000e+00,1.579548612e+17,0.000000000e+00,2.834682418e+20,0.000000000e+00
49000,269.4312134,2.094475793e+22,5.616492013e+21,0.000000000e+00,1.394803085e+17,0.000000000e+00,2.503135329e+20,0.000000000e+00
50000,268.7989502,1.852773456e+22,4.968349154e+21,0.000000000e+00,1.233842915e+17,0.000000000e+00,2.214273570e+20,0.000000000e+00
51000,267.640625,1.641572760e+22,4.401998701e+21,6.231359593e+13,1.093195105e+17,0.000000000e+00,1.961864931e+20,0.000000000e+00
52000,266.0080261,1.456162603e+22,3.904807776e+21,5.783867202e+13,9.697223547e+16,0.000000000e+00,1.740278857e+20,0.000000000e+00
53000,264.0018005,1.292507197e+22,3.465953666e+21,5.356819526e+13,8.607371300e+16,0.000000000e+00,1.544692099e+20,0.000000000e+00
54000,261.7218018,1.147358546e+22,3.076726691e+21,4.972538233e+13,7.640762281e+16,0.000000000e+00,1.371223029e+20,0.000000000e+00
55000,259.2638855,1.018141040e+22,2.730220298e+21,4.646811940e+13,6.780246256e+16,0.000000000e+00,1.216793542e+20,0.000000000e+00
56000,256.7157898,9.027768320e+21,2.420862692e+21,4.390350802e+13,6.011985699e+16,0.000000000e+00,1.078920238e+20,0.000000000e+00
57000,254.1069946,7.997396517e+21,2.144561085e+21,4.199806927e+13,5.325816141e+16,0.000000000e+00,9.557792457e+19,0.000000000e+00
58000,251.416275,7.078223092e+21,1.898077810e+21,4.062324353e+13,4.713698261e+16,0.000000000e+00,8.459275667e+19,0.000000000e+00
59000,248.6226501,6.259127532e+21,1.678431345e+21,3.967448777e+13,4.168227106e+16,0.000000000e+00,7.480364632e+19,0.000000000e+00
60000,245.7077942,5.529922695e+21,1.482889553e+21,3.906825565e+13,3.682617058e+16,0.000000000e+00,6.608882040e+19,0.000000000e+00
61000,242.6557159,4.881237715e+21,1.308939988e+21,3.873828137e+13,3.250629892e+16,0.000000000e+00,5.833630905e+19,0.000000000e+00
62000,239.4430847,4.304720668e+21,1.154342672e+21,3.875697957e+13,2.866701692e+16,0.000000000e+00,5.144627221e+19,0.000000000e+00
63000,236.038681,3.792893326e+21,1.017092377e+21,3.936626095e+13,2.525853516e+16,0.000000000e+00,4.532935917e+19,0.000000000e+00
64000,232.4163361,3.338850826e+21,8.953375610e+20,4.085339338e+13,2.223486745e+16,0.000000000e+00,3.990304059e+19,0.000000000e+00
65000,228.5559082,2.936247596e+21,7.873764966e+20,4.359418230e+13,1.955375559e+16,0.000000000e+00,3.509147435e+19,0.000000000e+00
66000,224.4447327,2.579315934e+21,6.916626900e+20,4.813247375e+13,1.717679399e+16,0.000000000e+00,3.082574087e+19,0.000000000e+00
67000,220.1491699,2.262206507e+21,6.066274107e+20,5.494238347e+13,1.506502192e+16,0.000000000e+00,2.703592220e+19,0.000000000e+00
68000,215.8404236,1.979139648e+21,5.307209279e+20,6.406909251e+13,1.317995648e+16,0.000000000e+00,2.365295362e+19,0.000000000e+00
69000,211.6751404,1.725814843e+21,4.627900033e+20,7.534540331e+13,1.149295560e+16,0.000000000e+00,2.062543736e+19,0.000000000e+00
70000,207.7865601,1.499059306e+21,4.019838437e+20,8.821396419e+13,9.982891270e+15,0.000000000e+00,1.791545236e+19,0.000000000e+00
71000,204.287674,1.296406329e+21,3.476409476e+20,1.015150669e+14,8.633337384e+15,0.000000000e+00,1.549352181e+19,0.000000000e+00
72000,201.1817932,1.116405052e+21,2.993722816e+20,1.144617257e+14,7.434629728e+15,0.000000000e+00,1.334230092e+19,0.000000000e+00
73000,198.2761078,9.583377828e+20,2.569853519e+20,1.286569449e+14,6.381990153e+15,0.000000000e+00,1.145321790e+19,0.000000000e+00
74000,195.3755646,8.208335975e+20,2.201125874e+20,1.470508386e+14,5.466289703e+15,0.000000000e+00,9.809888923e+18,0.000000000e+00
75000,192.3075714,7.020375762e+20,1.882565689e+20,1.743303402e+14,4.675175518e+15,0.000000000e+00,8.390142334e+18,0.000000000e+00
76000,188.922348,5.998816518e+20,1.608627029e+20,2.186450578e+14,3.994905043e+15,4.816884990e+12,7.169263314e+18,0.000000000e+00
77000,185.2046051,5.119936236e+20,1.372948735e+20,2.950710648e+14,3.413285135e+15,2.176834968e+13,6.118902055e+18,0.000000000e+00
78000,181.4580078,4.356559562e+20,1.168243771e+20,4.321916203e+14,2.912856484e+15,6.152578820e+13,5.206581183e+18,0.000000000e+00
79000,177.9972076,3.689585957e+20,9.893030034e+19,6.919376192e+14,2.478643075e+15,1.238895144e+14,4.409085333e+18,0.000000000e+00
80000,175.0904999,3.106162922e+20,8.326736137e+19,1.219466977e+15,2.100463151e+15,1.951467548e+14,3.711040310e+18,0.000000000e+00
81000,172.9748993,2.597136009e+20,6.959604699e+19,2.382541839e+15,1.771115127e+15,2.571688173e+14,3.101751989e+18,0.000000000e+00
82000,171.8058319,2.156395102e+20,5.775522155e+19,5.140340340e+15,1.485731596e+15,2.976852906e+14,2.574041108e+18,0.000000000e+00
83000,171.4503174,1.780907835e+20,4.766608966e+19,1.163979302e+16,1.241915295e+15,3.139856310e+14,2.124411359e+18,0.000000000e+00
84000,171.720932,1.465832398e+20,3.919672312e+19,2.596556194e+16,1.036284676e+15,3.100146988e+14,1.746990523e+18,0.000000000e+00
85000,172.4449615,1.204630041e+20,3.216643037e+19,5.356705116e+16,8.645083985e+14,2.921900141e+14,1.433749968e+18,0.000000000e+00
86000,173.4536133,9.898331439e+19,2.637525425e+19,9.595039403e+16,7.219909147e+14,2.671782218e+14,1.175589174e+18,0.000000000e+00
87000,174.5922394,8.141361995e+19,2.163154547e+19,1.488791830e+17,6.051446517e+14,2.402453207e+14,9.635328257e+17,0.000000000e+00
88000,175.8152924,6.705185185e+19,1.775098301e+19,2.175943819e+17,5.104954843e+14,2.138694736e+14,7.896955019e+17,0.000000000e+00
89000,177.1214447,5.530043870e+19,1.457538672e+19,3.017701403e+17,4.334216251e+14,1.893302450e+14,6.472499910e+17,0.000000000e+00
90000,178.5095825,4.566354913e+19,1.197551561e+19,3.990179580e+17,3.703104025e+14,1.671812329e+14,5.305734248e+17,0.000000000e+00
91000,179.9785461,3.775252779e+19,9.845817664e+18,5.049597517e+17,3.183478414e+14,1.475479643e+14,4.350260361e+17,0.000000000e+00
92000,181.5271912,3.125236897e+19,8.100215412e+18,6.131961917e+17,2.753274524e+14,1.303239291e+14,3.567849261e+17,4.633780224e+10
93000,183.1542816,2.590673036e+19,6.668288433e+18,7.152212500e+17,2.395225415e+14,1.152963419e+14,2.927204724e+17,5.435421901e+10
94000,184.8586426,2.150619895e+19,5.492886864e+18,8.003892146e+17,2.095736842e+14,1.022150627e+14,2.402603675e+17,6.306471526e+10
95000,186.644455,1.787910250e+19,4.526239396e+18,8.565682114e+17,1.843921232e+14,9.074138468e+13,1.972055881e+17,7.250587648e+10
96000,188.5317078,1.488466175e+19,3.729375216e+18,8.731615599e+17,1.631006113e+14,8.056423318e+13,1.616409567e+17,8.287498240e+10
97000,190.544693,1.240868141e+19,3.072184197e+18,8.427112725e+17,1.450081958e+14,7.153906405e+13,1.322903013e+17,9.431926374e+10
98000,192.7098083,1.035831982e+19,2.530062567e+18,7.669025571e+17,1.295548699e+14,6.353347569e+13,1.081082524e+17,1.069979075e+11
99000,195.0559692,8.657993812e+18,2.082854904e+18,6.594911975e+17,1.162957187e+14,5.643444421e+13,8.821948725e+16,1.211075789e+11
100000,197.6152344,7.246173603e+18,1.714021255e+18,5.417234348e+17,1.048693776e+14,5.014127274e+13,7.188953626e+16,1.368851169e+11
101000,200.4232025,6.072315748e+18,1.409938670e+18,4.328749104e+17,9.498090327e+13,4.456559568e+13,5.850607887e+16,1.546038968e+11
102000,203.5200043,5.095186361e+18,1.159361619e+18,3.434690501e+17,8.638729447e+13,3.962884535e+13,4.755703041e+16,1.745764352e+11
103000,206.9512329,4.280788544e+18,9.530111867e+17,2.752630968e+17,7.889038711e+13,3.526117818e+13,3.861557851e+16,1.971537347e+11
104000,210.7693329,3.601235382e+18,7.832103075e+17,2.250540701e+17,7.232231676e+13,3.139919728e+13,3.132984510e+16,2.226822513e+11
105000,215.0307007,3.033548733e+18,6.437274306e+17,1.881586689e+17,6.654447007e+13,2.798608240e+13,2.542630732e+16,2.512258826e+11
106000,219.7697296,2.559130906e+18,5.293004652e+17,1.607004104e+17,6.144771962e+13,2.497331174e+13,2.065050770e+16,2.830545388e+11
107000,225.0127716,2.162510124e+18,4.355210225e+17,1.397747886e+17,5.693769358e+13,2.231771962e+13,1.678915816e+16,3.185163960e+11
108000,230.7900238,1.830734964e+18,3.587180050e+17,1.233476812e+17,5.282340431e+13,1.995683398e+13,1.366826419e+16,3.579616297e+11
109000,237.1362,1.552954209e+18,2.958352514e+17,1.100518282e+17,4.902167459e+13,1.783144592e+13,1.114537678e+16,4.017307976e+11
110000,244.0908661,1.320126299e+18,2.443525608e+17,9.898247773e+16,4.550952380e+13,1.592417950e+13,9.105286644e+15,4.501566259e+11
111000,251.6988068,1.124727690e+18,2.021886778e+17,8.954273232e+16,4.226433627e+13,1.421685345e+13,7.454293162e+15,5.035434639e+11
112000,260.0101318,9.604891027e+17,1.676334841e+17,8.133438839e+16,3.926441066e+13,1.269158851e+13,6.116796323e+15,5.621647933e+11
113000,269.0811768,8.222127337e+17,1.392874559e+17,7.408955166e+16,3.648977791e+13,1.133075287e+13,5.031893490e+15,6.262553969e+11
114000,278.9749146,7.055741350e+17,1.160081662e+17,6.762556575e+16,3.392142311e+13,1.011767942e+13,4.150542847e+15,6.960043786e+11
115000,289.7601318,6.069784534e+17,9.686135659e+16,6.181087152e+16,3.154161906e+13,9.036828246e+12,3.433256733e+15,7.715359293e+11
116000,301.4884338,5.235188551e+17,8.109405061e+16,5.655676501e+16,2.933701529e+13,8.074569449e+12,2.848590083e+15,8.530001265e+11
117000,314.1807861,4.527930789e+17,6.809553395e+16,5.179931993e+16,2.729742382e+13,7.219067224e+12,2.371349423e+15,9.405901701e+11
118000,327.8430176,3.927928668e+17,5.736658539e+16,4.748904966e+16,2.540394093e+13,6.459452555e+12,1.981174059e+15,1.034540614e+12
119000,342.4593201,3.418321865e+17,4.849783870e+16,4.358552139e+16,2.363700229e+13,5.785894519e+12,1.661588763e+15,1.135128084e+12
120000,357.9840088,2.985060682e+17,4.115592282e+16,4.005552213e+16,2.199559917e+13,5.189534745e+12,1.399345979e+15,1.242749469e+12
121000,374.3308411,2.616388764e+17,3.507034715e+16,3.687031855e+16,2.047849424e+13,4.661360198e+12,1.183728018e+15,1.357951402e+12
122000,391.3612366,2.302428029e+17,3.002071974e+16,3.400437922e+16,1.908433905e+13,4.192625754e+12,1.006097096e+15,1.481488990e+12
123000,408.8703003,2.035002062e+17,2.582501558e+16,3.143652564e+16,1.781162993e+13,3.778172158e+12,8.596310605e+14,1.614439776e+12
124000,426.5738525,1.807259360e+17,2.233454720e+16,2.914480840e+16,1.665890832e+13,3.413285536e+12,7.388336289e+14,1.758030856e+12
125000,444.0971985,1.613470951e+17,1.942796888e+16,2.710452714e+16,1.562469781e+13,3.093650997e+12,6.390136900e+14,1.913541100e+12
126000,461.0877075,1.448458479e+17,1.700215203e+16,2.529658643e+16,1.470390023e+13,2.814597923e+12,5.562740307e+14,2.082888614e+12
127000,477.5010071,1.306980453e+17,1.496260628e+16,2.368698730e+16,1.388108369e+13,2.569967239e+12,4.871321037e+14,2.266841743e+12
128000,493.3569031,1.184749806e+17,1.323449075e+16,2.224521617e+16,1.314182713e+13,2.354380800e+12,4.288747982e+14,2.465925169e+12
129000,508.67453,1.078430039e+17,1.175981588e+16,2.094667576e+16,1.247431203e+13,2.163472859e+12,3.794185518e+14,2.680668553e+12
130000,523.4721069,9.853659999e+16,1.049348342e+16,1.977155338e+16,1.186885901e+13,1.993665806e+12,3.371478192e+14,2.911580455e+12
131000,537.7677002,9.034437078e+16,9.399592836e+15,1.870334777e+16,1.131735731e+13,1.842008424e+12,3.007901157e+14,3.159177560e+12
132000,551.5783691,8.309549678e+16,8.449647538e+15,1.772850401e+16,1.081312438e+13,1.706042589e+12,2.693425162e+14,3.423964496e+12
133000,564.9207764,7.665002218e+16,7.620566916e+15,1.683569091e+16,1.035047168e+13,1.583718990e+12,2.419989424e+14,3.706403946e+12
134000,577.810791,7.089367938e+16,6.893747854e+15,1.601545953e+16,9.924540105e+12,1.473301316e+12,2.181086902e+14,4.006932906e+12
135000,590.2639771,6.573177723e+16,6.253770346e+15,1.525958394e+16,9.531263287e+12,1.373329031e+12,1.971411631e+14,4.325974737e+12
136000,602.295166,6.108497480e+16,5.688120469e+15,1.456099140e+16,9.167071871e+12,1.282556559e+12,1.786646165e+14,4.663854760e+12
137000,613.9188843,5.688732287e+16,5.186309912e+15,1.391387727e+16,8.828947005e+12,1.199913173e+12,1.623202191e+14,5.020900655e+12
138000,625.1491089,5.308249724e+16,4.739694517e+15,1.331287498e+16,8.514247328e+12,1.124489232e+12,1.478089003e+14,5.397346255e+12
139000,635.9990845,4.962318026e+16,4.341022499e+15,1.275360044e+16,8.220676981e+12,1.055492997e+12,1.348823742e+14,5.793342030e+12
140000,646.4819336,4.646866422e+16,3.984084947e+15,1.223205075e+16,7.946215358e+12,9.922380431e+11,1.233335930e+14,6.209008566e+12
141000,656.6102295,4.358419425e+16,3.663594755e+15,1.174474591e+16,7.689109766e+12,9.341268132e+11,1.129831077e+14,6.644375749e+12
142000,666.3961182,4.093995898e+16,3.375060732e+15,1.128860643e+16,7.447821418e+12,8.806409830e+11,1.036905601e+14,7.099322991e+12
143000,675.8509521,3.851030457e+16,3.114651227e+15,1.086098660e+16,7.220957282e+12,8.313233736e+11,9.532976870e+13,7.573692482e+12
144000,684.9863281,3.627262231e+16,2.879058581e+15,1.045907644e+16,7.007309922e+12,7.857742807e+11,8.778786485e+13,8.066733441e+12
145000,693.8129883,3.420750969e+16,2.665454288e+15,1.007996719e+16,6.805790917e+12,7.436401377e+11,8.096893318e+13,8.577240531e+12
146000,702.3415527,3.229760431e+16,2.471359079e+15,9.721706793e+15,6.615431381e+12,7.046024397e+11,7.478960770e+13,9.104524313e+12
147000,710.5821533,3.052795967e+16,2.294650971e+15,9.382721130e+15,6.435374629e+12,6.683884257e+11,6.917782608e+13,9.647751692e+12
148000,718.5443726,2.888554056e+16,2.133454808e+15,9.061527370e+15,6.264825315e+12,6.347466998e+11,6.407158812e+13,1.020600517e+13
149000,726.2380981,2.735830173e+16,1.986142665e+15,8.756908425e+15,6.103079322e+12,6.034563400e+11,5.941634689e+13,1.077827391e+13
150000,733.6721191,2.593596103e+16,1.851283376e+15,8.467638083e+15,5.949518512e+12,5.743198863e+11,5.516458092e+13,1.136335415e+13
151000,740.8554688,2.460929932e+16,1.727626570e+15,8.192628642e+15,5.803564073e+12,5.471568855e+11,5.127464917e+13,1.195999284e+13
152000,747.7966919,2.336996932e+16,1.614047905e+15,7.930952391e+15,5.664689619e+12,5.218087404e+11,4.770986826e+13,1.256680063e+13
153000,754.5039062,2.221074262e+16,1.509587321e+15,7.681702017e+15,5.532428009e+12,4.981294367e+11,4.443847472e+13,1.318232103e+13
154000,760.9850464,2.112493408e+16,1.413367168e+15,7.443992220e+15,5.406337270e+12,4.759894753e+11,4.143114197e+13,1.380496022e+13
155000,767.2478638,2.010659304e+16,1.324601066e+15,7.217178755e+15,5.286025757e+12,4.552684995e+11,3.866308588e+13,1.443310023e+13
156000,773.2998047,1.915040662e+16,1.242613227e+15,7.000477791e+15,5.171142197e+12,4.358608650e+11,3.611190886e+13,1.506505707e+13
157000,779.1480103,1.825150003e+16,1.166792559e+15,6.793304138e+15,5.061353144e+12,4.176660398e+11,3.375733355e+13,1.569903765e+13
158000,784.7994385,1.740550314e+16,1.096574675e+15,6.595041468e+15,4.956341928e+12,4.005965988e+11,3.158175226e+13,1.633328877e+13
159000,790.2605591,1.660858270e+16,1.031478071e+15,6.405195324e+15,4.855829627e+12,3.845703926e+11,2.956901482e+13,1.696594185e+13
160000,795.538147,1.585697953e+16,9.710567393e+14,6.223235813e+15,4.759569302e+12,3.695121531e+11,2.770493820e+13,1.759515351e+13
161000,800.6381836,1.514751428e+16,9.149131281e+14,6.048744714e+15,4.667311391e+12,3.553547387e+11,2.597666895e+13,1.821916319e+13
162000,805.5668335,1.447715793e+16,8.626847152e+14,5.881241526e+15,4.578822586e+12,3.420343828e+11,2.437251334e+13,1.883609917e+13
163000,810.329834,1.384324653e+16,8.140473646e+14,5.720347756e+15,4.493919912e+12,3.294927585e+11,2.288220373e+13,1.944422292e+13
164000,814.9328003,1.324328040e+16,7.687135822e+14,5.565735376e+15,4.412393652e+12,3.176787476e+11,2.149634277e+13,2.004176654e+13
165000,819.3811646,1.267496603e+16,7.264137915e+14,5.416993142e+15,4.334078394e+12,3.065417564e+11,2.020642652e+13,2.062710053e+13
166000,823.6801758,1.213623325e+16,6.869031122e+14,5.273839735e+15,4.258790375e+12,2.960370893e+11,1.900469341e+13,2.119855768e+13
167000,827.8349609,1.162513537e+16,6.499723662e+14,5.136013161e+15,4.186387775e+12,2.861234586e+11,1.788420397e+13,2.175460704e+13
168000,831.8502197,1.113996190e+16,6.154157304e+14,5.003211698e+15,4.116724318e+12,2.767629844e+11,1.683867828e+13,2.229380160e+13
169000,835.730896,1.067900132e+16,5.830506017e+14,4.875151879e+15,4.049645863e+12,2.679184753e+11,1.586221810e+13,2.281490193e+13
170000,839.4813232,1.024079761e+16,5.527191736e+14,4.751607682e+15,3.985048338e+12,2.595573760e+11,1.494964031e+13,2.331657214e+13
171000,843.1060791,9.823960301e+15,5.242640757e+14,4.632383685e+15,3.922794906e+12,2.516499005e+11,1.409608581e+13,2.379768608e+13
172000,846.609314,9.427233098e+15,4.975500502e+14,4.517244738e+15,3.862788047e+12,2.441671803e+11,1.329724811e+13,2.425733566e+13
173000,849.9952393,9.049346843e+15,4.724506304e+14,4.405987369e+15,3.804905865e+12,2.370834104e+11,1.254905034e+13,2.469453732e+13
174000,853.2677002,8.689293292e+15,4.488501878e+14,4.298453736e+15,3.749057135e+12,2.303729500e+11,1.184787805e+13,2.510856756e+13
175000,856.430603,8.345964880e+15,4.266424890e+14,4.194431238e+15,3.695139619e+12,2.240133530e+11,1.119035693e+13,2.549872381e+13
176000,859.4876099,8.018491878e+15,4.057283135e+14,4.093798007e+15,3.643072578e+12,2.179838280e+11,1.057339579e+13,2.586462441e+13
177000,862.4423218,7.705907916e+15,3.860225338e+14,3.996362648e+15,3.592779727e+12,2.122646323e+11,9.994125705e+12,2.620565488e+13
178000,865.2981567,7.407460302e+15,3.674392169e+14,3.902021275e+15,3.544154374e+12,2.068366950e+11,9.449943073e+12,2.652168100e+13
179000,868.0585327,7.122327624e+15,3.499035365e+14,3.810585448e+15,3.497143828e+12,2.016834683e+11,8.938465526e+12,2.681247210e+13
180000,870.7265625,6.849829129e+15,3.333451961e+14,3.721993963e+15,3.451664466e+12,1.967887974e+11,8.457429713e+12,2.707791911e+13
181000,873.305481,6.589244336e+15,3.177015159e+14,3.636089516e+15,3.407656255e+12,1.921372488e+11,8.004851204e+12,2.731818143e+13
182000,875.7981567,6.340026175e+15,3.029099505e+14,3.552737891e+15,3.365051564e+12,1.877152563e+11,7.578821067e+12,2.753326324e+13
183000,878.2076416,6.101512145e+15,2.889182893e+14,3.471866073e+15,3.323796128e+12,1.835097948e+11,7.177571926e+12,2.772342250e+13
184000,880.5365601,5.873180946e+15,2.756738348e+14,3.393365077e+15,3.283816808e+12,1.795080356e+11,6.799523054e+12,2.788897168e+13
185000,882.7878418,5.654491412e+15,2.631317250e+14,3.317131286e+15,3.245071663e+12,1.756993454e+11,6.443128324e+12,2.803025261e+13
186000,884.9639282,5.445024246e+15,2.512464768e+14,3.243079876e+15,3.207505117e+12,1.720724849e+11,6.107056046e+12,2.814780847e+13
187000,887.0673828,5.244258685e+15,2.399759122e+14,3.171117431e+15,3.171063955e+12,1.686170173e+11,5.789971907e+12,2.824209852e+13
188000,889.100708,5.051782946e+15,2.292862251e+14,3.101167983e+15,3.135702303e+12,1.653239972e+11,5.490715132e+12,2.831364915e+13
189000,891.0662231,4.867214780e+15,2.191398850e+14,3.033158518e+15,3.101377167e+12,1.621848883e+11,5.208163746e+12,2.836312097e+13
190000,892.9662476,4.690167101e+15,2.095052499e+14,2.967008237e+15,3.068048179e+12,1.591906632e+11,4.941273891e+12,2.839127733e+13
191000,894.8029175,4.520262490e+15,2.003513324e+14,2.902652178e+15,3.035665007e+12,1.563338342e+11,4.689102373e+12,2.839873900e+13
192000,896.5784302,4.357194124e+15,1.916521782e+14,2.840027260e+15,3.004196454e+12,1.536070779e+11,4.450758951e+12,2.838621271e+13
193000,898.2947998,4.200637735e+15,1.833792155e+14,2.779064494e+15,2.973607395e+12,1.510034801e+11,4.225397162e+12,2.835451845e+13
194000,899.9540405,4.050256434e+15,1.755086208e+14,2.719696235e+15,2.943847498e+12,1.485168476e+11,4.012243943e+12,2.830439861e+13
195000,901.5579834,3.905824469e+15,1.680180972e+14,2.661880607e+15,2.914902082e+12,1.461402665e+11,3.810576564e+12,2.823664383e+13
196000,903.1086426,3.767035553e+15,1.608867067e+14,2.605565264e+15,2.886723174e+12,1.438693458e+11,3.619726557e+12,2.815205520e+13
197000,904.607666,3.633632527e+15,1.540937293e+14,2.550672092e+15,2.859288756e+12,1.416973517e+11,3.439034892e+12,2.805147369e+13
198000,906.0568237,3.505410036e+15,1.476202741e+14,2.497194112e+15,2.832565010e+12,1.396197458e+11,3.267944776e+12,2.793570461e+13
199000,907.4578247,3.382106894e+15,1.414504026e+14,2.445047841e+15,2.806524936e+12,1.376319406e+11,3.105888403e+12,2.780546309e+13
200000,908.8122559,3.263527142e+15,1.355658276e+14,2.394192207e+15,2.781144678e+12,1.357294060e+11,2.952336507e+12,2.766168864e+13
201000,910.1217041,3.149448247e+15,1.299530855e+14,2.344613520e+15,2.756393304e+12,1.339073495e+11,2.806809887e+12,2.750507542e+13
202000,911.3876953,3.039693579e+15,1.245960450e+14,2.296237156e+15,2.732248531e+12,1.321621750e+11,2.668874433e+12,2.733641407e+13
203000,912.6115723,2.934072817e+15,1.194833478e+14,2.249044190e+15,2.708682834e+12,1.304898191e+11,2.538081878e+12,2.715652247e+13
204000,913.7948608,2.832403962e+15,1.146010437e+14,2.202990329e+15,2.685690708e+12,1.288873411e+11,2.414040318e+12,2.696604654e+13
205000,914.9389038,2.734526220e+15,1.099373971e+14,2.158049804e+15,2.663220249e+12,1.273505464e+11,2.296378032e+12,2.676573916e+13
206000,916.0449219,2.640285243e+15,1.054813601e+14,2.114165305e+15,2.641278534e+12,1.258766008e+11,2.184740733e+12,2.655636370e+13
207000,917.1143188,2.549524262e+15,1.012220947e+14,2.071314282e+15,2.619835941e+12,1.244626289e+11,2.078787240e+12,2.633850946e+13
208000,918.1482544,2.462103693e+15,9.715054123e+13,2.029482911e+15,2.598869402e+12,1.231053619e+11,1.978224607e+12,2.611292720e+13
209000,919.1478882,2.377881263e+15,9.325705272e+13,1.988618176e+15,2.578367119e+12,1.218024571e+11,1.882750321e+12,2.588020205e+13
210000,920.1143799,2.296739399e+15,8.953248560e+13,1.948700885e+15,2.558306812e+12,1.205513748e+11,1.792090571e+12,2.564101767e+13
211000,921.0488892,2.218538647e+15,8.596860227e+13,1.909704461e+15,2.538672751e+12,1.193492808e+11,1.705997500e+12,2.539589416e+13
212000,921.9524536,2.143172977e+15,8.255794525e+13,1.871595753e+15,2.519449731e+12,1.181941514e+11,1.624208048e+12,2.514539774e+13
213000,922.8261108,2.070523471e+15,7.929312418e+13,1.834343891e+15,2.500631724e+12,1.170837996e+11,1.546503455e+12,2.489008416e+13
214000,923.6708374,2.000484903e+15,7.616739462e+13,1.797946325e+15,2.482186224e+12,1.160161608e+11,1.472670597e+12,2.463049449e+13
215000,924.4876099,1.932949495e+15,7.317359270e+13,1.762365742e+15,2.464112968e+12,1.149892526e+11,1.402499629e+12,2.436707543e+13
216000,925.2774048,1.867828127e+15,7.030572895e+13,1.727574359e+15,2.446393868e+12,1.140011418e+11,1.335799185e+12,2.410038900e+13
217000,926.0410156,1.805022015e+15,6.755840531e+13,1.693557279e+15,2.429011624e+12,1.130502390e+11,1.272392319e+12,2.383076445e+13
218000,926.77948,1.744436132e+15,6.492520867e+13,1.660288194e+15,2.411962565e+12,1.121345372e+11,1.212098675e+12,2.355870512e+13
219000,927.4934692,1.686000149e+15,6.240155887e+13,1.627759856e+15,2.395234632e+12,1.112528323e+11,1.154767913e+12,2.328460316e+13
220000,928.1838989,1.629607632e+15,5.998191103e+13,1.595928780e+15,2.378807640e+12,1.104032481e+11,1.100240519e+12,2.300875637e+13
221000,928.8515015,1.575206905e+15,5.766215054e+13,1.564801138e+15,2.362678182e+12,1.095848428e+11,1.048372118e+12,2.273159256e+13
222000,929.4970703,1.522705493e+15,5.543725682e+13,1.534341230e+15,2.346831839e+12,1.087956828e+11,9.990303908e+11,2.245347036e+13
223000,930.1212769,1.472039240e+15,5.330332497e+13,1.504538184e+15,2.331266253e+12,1.080347116e+11,9.520840049e+11,2.217470224e+13
224000,930.7249756,1.423133924e+15,5.125581255e+13,1.475375490e+15,2.315961762e+12,1.073009295e+11,9.074143396e+11,2.189554614e+13
225000,931.3087158,1.375925657e+15,4.929160321e+13,1.446837043e+15,2.300918366e+12,1.065927557e+11,8.649023160e+11,2.161625163e+13
226000,931.87323,1.330352027e+15,4.740655717e+13,1.418902173e+15,2.286120600e+12,1.059092480e+11,8.244401275e+11,2.133718152e+13
227000,932.4190674,1.286353174e+15,4.559713442e+13,1.391556385e+15,2.271563743e+12,1.052495462e+11,7.859258655e+11,2.105848889e+13
228000,932.9469604,1.243867223e+15,4.386030669e+13,1.364784914e+15,2.257234690e+12,1.046121513e+11,7.492597842e+11,2.078047574e+13
229000,933.4574585,1.202848407e+15,4.219301632e+13,1.338589909e+15,2.243132129e+12,1.039964570e+11,7.143519683e+11,2.050331194e+13
230000,933.9511719,1.163230420e+15,4.059185755e+13,1.312926539e+15,2.229244002e+12,1.034014638e+11,6.811127644e+11,2.022716945e+13
231000,934.4285889,1.124967094e+15,3.905454028e+13,1.287807423e+15,2.215569523e+12,1.028264018e+11,6.494590075e+11,1.995228106e+13
232000,934.8903198,1.088014202e+15,3.757780553e+13,1.263200079e+15,2.202092175e+12,1.022703206e+11,6.193163141e+11,1.967879986e+13
233000,935.336792,1.052316648e+15,3.615929611e+13,1.239107192e+15,2.188812485e+12,1.017323274e+11,5.906038129e+11,1.940687264e+13
234000,935.7686157,1.017833631e+15,3.479674500e+13,1.215511581e+15,2.175721800e+12,1.012116931e+11,5.632571474e+11,1.913666929e+13
235000,936.1862793,9.845182405e+14,3.348758738e+13,1.192401704e+15,2.162817106e+12,1.007077622e+11,5.372045230e+11,1.886835756e+13
236000,936.5901489,9.523329635e+14,3.222951428e+13,1.169762126e+15,2.150090408e+12,1.002198794e+11,5.123841065e+11,1.860192069e+13
237000,936.9807739,9.212341120e+14,3.102068861e+13,1.147586405e+15,2.137530827e+12,9.974738944e+10,4.887378985e+11,1.833758517e+13
238000,937.3585205,8.911836351e+14,2.985875735e+13,1.125863735e+15,2.125142819e+12,9.928948941e+10,4.662063923e+11,1.807543068e+13
239000,937.723877,8.621447572e+14,2.874204907e+13,1.104575663e+15,2.112915374e+12,9.884575334e+10,4.447339479e+11,1.781552854e+13
240000,938.0772705,8.340849977e+14,2.766851487e+13,1.083720509e+15,2.100845478e+12,9.841560781e+10,4.242721341e+11,1.755798359e+13
241000,938.4190063,8.069640240e+14,2.663663429e+13,1.063288679e+15,2.088922513e+12,9.799827456e+10,4.047715697e+11,1.730289336e+13
242000,938.7495728,7.807492885e+14,2.564432488e+13,1.043262723e+15,2.077155787e+12,9.759338496e+10,3.861836595e+11,1.705025261e+13
243000,939.0692749,7.554121356e+14,2.469040384e+13,1.023641366e+15,2.065522622e+12,9.720038195e+10,3.684663296e+11,1.680017981e+13
244000,939.378479,7.309223663e+14,2.377287048e+13,1.004411925e+15,2.054036652e+12,9.681892966e+10,3.515772109e+11,1.655276411e+13
245000,939.6775513,7.072476341e+14,2.289064267e+13,9.855658099e+14,2.042683458e+12,9.644847104e+10,3.354773750e+11,1.630795727e+13
246000,939.9668579,6.843599547e+14,2.204197559e+13,9.670906725e+14,2.031461073e+12,9.608851456e+10,3.201273037e+11,1.606583478e+13
247000,940.2466431,6.622324174e+14,2.122588147e+13,9.489861774e+14,2.020367139e+12,9.573873254e+10,3.054926561e+11,1.582644278e+13
248000,940.5172729,6.408388498e+14,2.044082520e+13,9.312403792e+14,2.009391563e+12,9.539878912e+10,2.915382395e+11,1.558984943e+13
249000,940.7789917,6.201564348e+14,1.968559463e+13,9.138456274e+14,1.998540636e+12,9.506785690e+10,2.782323671e+11,1.535603271e+13
250000,941.0321655,6.001563156e+14,1.895901954e+13,8.967907820e+14,1.987808461e+12,9.474616525e+10,2.655433032e+11,1.512502408e+13
251000,941.2770996,5.808172858e+14,1.825998216e+13,8.800720850e+14,1.977184944e+12,9.443289498e+10,2.534424248e+11,1.489679732e+13
252000,941.5139771,5.621191792e+14,1.758740559e+13,8.636824898e+14,1.966680310e+12,9.412809523e+10,2.419019940e+11,1.467141325e+13
253000,941.743103,5.440338102e+14,1.694016156e+13,8.476146816e+14,1.956277518e+12,9.383097139e+10,2.308960420e+11,1.444889808e+13
254000,941.9647217,5.265444684e+14,1.631743010e+13,8.318589967e+14,1.945979060e+12,9.354177741e+10,2.203980268e+11,1.422922036e+13
255000,942.1791382,5.096310886e+14,1.571803995e+13,8.164117442e+14,1.935786377e+12,9.325971866e+10,2.103845683e+11,1.401237589e+13
256000,942.3865356,4.932722292e+14,1.514124450e+13,8.012633946e+14,1.925690819e+12,9.298487706e+10,2.008321556e+11,1.379841291e+13
257000,942.5871582,4.774510125e+14,1.458610844e+13,7.864108608e+14,1.915694875e+12,9.271664640e+10,1.917203579e+11,1.358724543e+13
258000,942.781189,4.621475407e+14,1.405172161e+13,7.718450161e+14,1.905793303e+12,9.245494477e+10,1.830274335e+11,1.337897098e+13
259000,942.9689331,4.473444326e+14,1.353741710e+13,7.575626393e+14,1.895984398e+12,9.219953459e+10,1.747348193e+11,1.317347315e+13
260000,943.1505127,4.330265552e+14,1.304226903e+13,7.435551403e+14,1.886267245e+12,9.195016192e+10,1.668225434e+11,1.297082116e+13
261000,943.3261719,4.191744132e+14,1.256564720e+13,7.298196336e+14,1.876633190e+12,9.170659738e+10,1.592734843e+11,1.277097935e+13
262000,943.4960938,4.057755917e+14,1.210684172e+13,7.163476634e+14,1.867088265e+12,9.146841498e+10,1.520704553e+11,1.257388376e+13
263000,943.6605225,3.928133804e+14,1.166505463e+13,7.031338610e+14,1.857627750e+12,9.123592602e+10,1.451976294e+11,1.237957319e+13
264000,943.819519,3.802717739e+14,1.123973438e+13,6.901757434e+14,1.848246796e+12,9.100835226e+10,1.386393928e+11,1.218803296e+13
265000,943.9733887,3.681410414e+14,1.083022770e+13,6.774651904e+14,1.838947762e+12,9.078583296e+10,1.323811389e+11,1.199922427e+13
266000,944.1221924,3.564018891e+14,1.043591699e+13,6.649974373e+14,1.829729862e+12,9.056815514e+10,1.264084582e+11,1.181313453e+13
267000,944.2661743,3.450454587e+14,1.005620665e+13,6.527675180e+14,1.820584968e+12,9.035489280e+10,1.207091036e+11,1.162970084e+13
268000,944.4054565,3.340563823e+14,9.690579730e+12,6.407704665e+14,1.811518980e+12,9.014602957e+10,1.152694927e+11,1.144893473e+13
269000,944.5402222,3.234237545e+14,9.338471055e+12,6.290043366e+14,1.802527441e+12,8.994152448e+10,1.100778455e+11,1.127085821e+13
270000,944.6705933,3.131369723e+14,8.999404569e+12,6.174617464e+14,1.793602486e+12,8.974113997e+10,1.051227177e+11,1.109535071e+13
271000,944.7967529,3.031810703e+14,8.672820330e+12,6.061359178e+14,1.784750277e+12,8.954468762e+10,1.003932140e+11,1.092245835e+13
272000,944.9187622,2.935474587e+14,8.358314639e+12,5.950273877e+14,1.775966355e+12,8.935194624e+10,9.587909427e+10,1.075212242e+13
273000,945.0368042,2.842255342e+14,8.055402529e+12,5.841292439e+14,1.767250199e+12,8.916271923e+10,9.157009408e+10,1.058432510e+13
274000,945.151001,2.752049284e+14,7.763632587e+12,5.734375271e+14,1.758604165e+12,8.897730970e+10,8.745693184e+10,1.041905064e+13
275000,945.2615356,2.664747028e+14,7.482630996e+12,5.629479086e+14,1.750016983e+12,8.879517696e+10,8.353044890e+10,1.025624035e+13
276000,945.3684692,2.580253445e+14,7.211924849e+12,5.526587108e+14,1.741498352e+12,8.861628826e+10,7.978206822e+10,1.009589839e+13
277000,945.4718628,2.498486830e+14,6.951170212e+12,5.425594982e+14,1.733037654e+12,8.844045517e+10,7.620393370e+10,9.937966072e+12
278000,945.5719604,2.419347360e+14,6.699982782e+12,5.326549014e+14,1.724640657e+12,8.826780877e+10,7.278750106e+10,9.782465397e+12
279000,945.6688232,2.342758363e+14,6.457979830e+12,5.229329078e+14,1.716303167e+12,8.809798042e+10,6.952605286e+10,9.629283123e+12
280000,945.7625122,2.268636287e+14,6.224881385e+12,5.133959335e+14,1.708031476e+12,8.793112576e+10,6.641237606e+10,9.478476923e+12
281000,945.8531494,2.196883154e+14,6.000307864e+12,5.040383748e+14,1.699811426e+12,8.776670413e+10,6.343931085e+10,9.329956618e+12
282000,945.9408569,2.127438734e+14,5.783942070e+12,4.948566749e+14,1.691649311e+12,8.760520704e+10,6.060056576e+10,9.183740035e+12
283000,946.0256958,2.060218972e+14,5.575491453e+12,4.858455994e+14,1.683544343e+12,8.744593818e+10,5.789024256e+10,9.039736996e+12
284000,946.1078491,1.995159277e+14,5.374670275e+12,4.770053832e+14,1.675495473e+12,8.728920883e+10,5.530245120e+10,8.897984201e+12
285000,946.1873169,1.932174589e+14,5.181157671e+12,4.683291812e+14,1.667499557e+12,8.713483878e+10,5.283119514e+10,8.758396191e+12
286000,946.2641602,1.871211722e+14,4.994730295e+12,4.598155840e+14,1.659555938e+12,8.698264781e+10,5.047156736e+10,8.621004947e+12
287000,946.338562,1.812197865e+14,4.815077769e+12,4.514613034e+14,1.651666977e+12,8.683258675e+10,4.821828403e+10,8.485726585e+12
288000,946.4105225,1.755076645e+14,4.641979892e+12,4.432634202e+14,1.643829264e+12,8.668484403e+10,4.606633574e+10,8.352544326e+12
289000,946.4802246,1.699772734e+14,4.475192345e+12,4.352186796e+14,1.636041884e+12,8.653886259e+10,4.401153229e+10,8.221441393e+12
290000,946.5476074,1.646240664e+14,4.314456916e+12,4.273226523e+14,1.628304703e+12,8.639515853e+10,4.204920832e+10,8.092384756e+12
291000,946.612793,1.594410643e+14,4.159575687e+12,4.195740971e+14,1.620617331e+12,8.625289626e+10,4.017509171e+10,7.965326705e+12
292000,946.6759033,1.544239217e+14,4.010324787e+12,4.119700274e+14,1.612978848e+12,8.611284582e+10,3.838531584e+10,7.840251511e+12
293000,946.7369995,1.495666660e+14,3.866481394e+12,4.045077589e+14,1.605388993e+12,8.597436006e+10,3.667584205e+10,7.717156028e+12
294000,946.7960815,1.448641802e+14,3.727854928e+12,3.971829968e+14,1.597844619e+12,8.583758643e+10,3.504317235e+10,7.595981537e+12
295000,946.8532715,1.403114393e+14,3.594281812e+12,3.899946337e+14,1.590350578e+12,8.570250854e+10,3.348395622e+10,7.476709687e+12
296000,946.9086304,1.359030665e+14,3.465534243e+12,3.829400524e+14,1.582898217e+12,8.556879872e+10,3.199454208e+10,7.359296438e+12
297000,946.9621582,1.316354544e+14,3.341455983e+12,3.760166358e+14,1.575492518e+12,8.543692390e+10,3.057202586e+10,7.243769053e+12
298000,947.0139771,1.275035617e+14,3.221875065e+12,3.692205250e+14,1.568133480e+12,8.530637619e+10,2.921336218e+10,7.130026869e+12
299000,947.0641479,1.235029758e+14,3.106620310e+12,3.625506127e+14,1.560820318e+12,8.517716378e+10,2.791555277e+10,7.018070409e+12
300000,947.1126709,1.196290327e+14,2.995528401e+12,3.560031746e+14,1.553547002e+12,8.504958976e+10,2.667575501e+10,6.907897053e+12
301000,947.1596069,1.158790146e+14,2.888457781e+12,3.495772375e+14,1.546315891e+12,8.492298240e+10,2.549159526e+10,6.799451226e+12
302000,947.2050781,1.122471583e+14,2.785261126e+12,3.432704191e+14,1.539129999e+12,8.479784141e+10,2.436041114e+10,6.692718772e+12
303000,947.2490845,1.087309559e+14,2.685791633e+12,3.370805049e+14,1.531985396e+12,8.467398656e+10,2.327981261e+10,6.587671380e+12
304000,947.291626,1.053258605e+14,2.589907485e+12,3.310052467e+14,1.524885225e+12,8.455124582e+10,2.224752435e+10,6.484282311e+12
305000,947.3328247,1.020287181e+14,2.497479442e+12,3.250399469e+14,1.517822804e+12,8.442976666e+10,2.126136525e+10,6.382525874e+12
306000,947.3726807,9.883605585e+13,2.408389280e+12,3.191850419e+14,1.510798393e+12,8.430922138e+10,2.031933235e+10,6.282399449e+12
307000,947.4112549,9.574453504e+13,2.322516410e+12,3.134395921e+14,1.503819858e+12,8.418977382e+10,1.941932646e+10,6.183839072e+12
308000,947.4486084,9.275088411e+13,2.239729500e+12,3.077991348e+14,1.496878416e+12,8.407139942e+10,1.855945523e+10,6.086833734e+12
309000,947.4847412,8.985199090e+13,2.159928934e+12,3.022617574e+14,1.489973674e+12,8.395427021e+10,1.773802086e+10,5.991369277e+12
310000,947.5197754,8.704445802e+13,2.082998190e+12,2.968265542e+14,1.483113890e+12,8.383787827e+10,1.695315558e+10,5.897419489e+12
311000,947.5535889,8.432605410e+13,2.008836735e+12,2.914917466e+14,1.476287529e+12,8.372255130e+10,1.620338074e+10,5.804972835e+12
312000,947.5863647,8.169293716e+13,1.937340105e+12,2.862541807e+14,1.469499703e+12,8.360794522e+10,1.548692890e+10,5.713971118e+12
313000,947.618103,7.914333720e+13,1.868418646e+12,2.811121284e+14,1.462753427e+12,8.349455155e+10,1.480245555e+10,5.624412242e+12
314000,947.6488037,7.667426787e+13,1.801971696e+12,2.760659086e+14,1.456039395e+12,8.338187878e+10,1.414846464e+10,5.536285196e+12
315000,947.6784668,7.428288545e+13,1.737909600e+12,2.711116122e+14,1.449366127e+12,8.326976307e+10,1.352353792e+10,5.449554854e+12
316000,947.7072144,7.196696694e+13,1.676148998e+12,2.662475113e+14,1.442727592e+12,8.315884339e+10,1.292644762e+10,5.364198670e+12
317000,947.7350464,6.972412998e+13,1.616603120e+12,2.614729012e+14,1.436123791e+12,8.304845619e+10,1.235594445e+10,5.280194101e+12
318000,947.7620239,6.755176153e+13,1.559192142e+12,2.567861043e+14,1.429556691e+12,8.293892096e+10,1.181076480e+10,5.197530137e+12
319000,947.7880859,6.544814611e+13,1.503844237e+12,2.521845370e+14,1.423026422e+12,8.283024589e+10,1.128984576e+10,5.116174795e+12
320000,947.8132935,6.341032254e+13,1.450476306e+12,2.476675450e+14,1.416530100e+12,8.272194765e+10,1.079203533e+10,5.036107104e+12
321000,947.8377686,6.143694864e+13,1.399024517e+12,2.432325615e+14,1.410069955e+12,8.261464883e+10,1.031638016e+10,4.957305569e+12
322000,947.8613892,5.952548687e+13,1.349409571e+12,2.388790497e+14,1.403640480e+12,8.250786611e+10,9.861810176e+09,4.879750791e+12
323000,947.8842773,5.767442307e+13,1.301574975e+12,2.346045266e+14,1.397249278e+12,8.240176333e+10,9.427457024e+09,4.803450110e+12
324000,947.9064331,5.588117776e+13,1.255451263e+12,2.304084554e+14,1.390891106e+12,8.229648794e+10,9.012328448e+09,4.728336941e+12
325000,947.9278564,5.414435422e+13,1.210974601e+12,2.262884538e+14,1.384565309e+12,8.219156480e+10,8.615632896e+09,4.654428586e+12
326000,947.9486694,5.246234185e+13,1.168092299e+12,2.222439515e+14,1.378272018e+12,8.208730522e+10,8.236515328e+09,4.581696209e+12
327000,947.96875,5.083281700e+13,1.126742098e+12,2.182727843e+14,1.372013593e+12,8.198370099e+10,7.874221568e+09,4.510112023e+12
328000,947.9881592,4.925450460e+13,1.086866981e+12,2.143743315e+14,1.365787017e+12,8.188060467e+10,7.527953920e+09,4.439657677e+12
329000,948.007019,4.772595761e+13,1.048415568e+12,2.105464624e+14,1.359592292e+12,8.177799987e+10,7.197028352e+09,4.370331599e+12
330000,948.0252686,4.624504534e+13,1.011340476e+12,2.067886403e+14,1.353431646e+12,8.167571456e+10,6.880758784e+09,4.302107574e+12
331000,948.0429077,4.481063112e+13,9.755846902e+11,2.030995735e+14,1.347302326e+12,8.157424845e+10,6.578480128e+09,4.234958864e+12
332000,948.0599365,4.342123017e+13,9.411079700e+11,1.994772151e+14,1.341204201e+12,8.147326566e+10,6.289581056e+09,4.168877081e+12
333000,948.0764771,4.207541643e+13,9.078605087e+11,1.959203069e+14,1.335139369e+12,8.137276621e+10,6.013452288e+09,4.103852261e+12
334000,948.0925293,4.077149120e+13,8.757964308e+11,1.924284129e+14,1.329100227e+12,8.127274189e+10,5.749537280e+09,4.039851114e+12
335000,948.1079712,3.950860724e+13,8.448749732e+11,1.889996036e+14,1.323094245e+12,8.117288960e+10,5.497281536e+09,3.976858698e+12
336000,948.1229858,3.828514134e+13,8.150564864e+11,1.856333760e+14,1.317123523e+12,8.107380736e+10,5.256175104e+09,3.914879992e+12
337000,948.1375122,3.710001139e+13,7.862983066e+11,1.823285891e+14,1.311177834e+12,8.097520845e+10,5.025714176e+09,3.853861519e+12
338000,948.1515503,3.595185842e+13,7.585639301e+11,1.790827434e+14,1.305264783e+12,8.087676518e+10,4.805424128e+09,3.793832378e+12
339000,948.1651611,3.483965692e+13,7.318165258e+11,1.758967783e+14,1.299383976e+12,8.077894451e+10,4.594853376e+09,3.734747218e+12
340000,948.1783447,3.376225767e+13,7.060205732e+11,1.727682445e+14,1.293527548e+12,8.068127130e+10,4.393587200e+09,3.676590834e+12
341000,948.1911011,3.271844640e+13,6.811433042e+11,1.696960850e+14,1.287703233e+12,8.058422886e+10,4.201195264e+09,3.619369517e+12
342000,948.2034912,3.170727730e+13,6.571491328e+11,1.666798806e+14,1.281910505e+12,8.048762880e+10,4.017275136e+09,3.563039752e+12
343000,948.2153931,3.072760952e+13,6.340077814e+11,1.637173832e+14,1.276144386e+12,8.039118438e+10,3.841459712e+09,3.507615433e+12
344000,948.2269897,2.977867340e+13,6.116898243e+11,1.608094316e+14,1.270407102e+12,8.029519053e+10,3.673417728e+09,3.453054353e+12
345000,948.2382202,2.885905757e+13,5.901632143e+11,1.579537946e+14,1.264698393e+12,8.019965542e+10,3.512747776e+09,3.399375389e+12
346000,948.2490234,2.796827758e+13,5.694010163e+11,1.551501703e+14,1.259018519e+12,8.010425958e+10,3.359164672e+09,3.346533188e+12
347000,948.2595825,2.710531211e+13,5.493745582e+11,1.523968978e+14,1.253366825e+12,8.000931430e+10,3.212339712e+09,3.294525129e+12
348000,948.2697144,2.626918390e+13,5.300597555e+11,1.496931382e+14,1.247743181e+12,7.991481139e+10,3.071986688e+09,3.243345445e+12
349000,948.279541,2.545914846e+13,5.114291159e+11,1.470385226e+14,1.242152436e+12,7.982044774e+10,2.937789440e+09,3.192974213e+12
350000,948.2891235,2.467428513e+13,4.934590792e+11,1.444315914e+14,1.236582531e+12,7.972637901e+10,2.809508864e+09,3.143403831e+12
351000,948.2983398,2.391381167e+13,4.761269699e+11,1.418720091e+14,1.231042511e+12,7.963273626e+10,2.686866176e+09,3.094616474e+12
352000,948.307251,2.317713460e+13,4.594081792e+11,1.393583917e+14,1.225530278e+12,7.953924096e+10,2.569602816e+09,3.046592479e+12
353000,948.315918,2.246332908e+13,4.432807854e+11,1.368903784e+14,1.220045308e+12,7.944617984e+10,2.457499904e+09,2.999326605e+12
354000,948.3242798,2.177168205e+13,4.277245706e+11,1.344666440e+14,1.214587339e+12,7.935339725e+10,2.350324736e+09,2.952811512e+12
355000,948.3323975,2.110149519e+13,4.127199068e+11,1.320868780e+14,1.209156633e+12,7.926075392e+10,2.247845120e+09,2.907035140e+12
356000,948.340271,2.045225887e+13,3.982462812e+11,1.297497636e+14,1.203750568e+12,7.916853658e+10,2.149871360e+09,2.861985694e+12
357000,948.3479004,1.982307552e+13,3.842832466e+11,1.274545123e+14,1.198373470e+12,7.907674522e+10,2.056188288e+09,2.817635123e+12
358000,948.3552246,1.921354668e+13,3.708148122e+11,1.252008807e+14,1.193020621e+12,7.898479002e+10,1.966625408e+09,2.773993652e+12
359000,948.3623657,1.862283769e+13,3.578219397e+11,1.229876107e+14,1.187698967e+12,7.889354752e+10,1.880985856e+09,2.731039523e+12
360000,948.3692627,1.805056895e+13,3.452883436e+11,1.208144087e+14,1.182396711e+12,7.880229683e+10,1.799096448e+09,2.688750715e+12
361000,948.3759766,1.749602114e+13,3.331976397e+11,1.186801088e+14,1.177125126e+12,7.871130829e+10,1.720802048e+09,2.647142957e+12
362000,948.3824463,1.695861126e+13,3.215334769e+11,1.165844424e+14,1.171877265e+12,7.862059008e+10,1.645934080e+09,2.606189249e+12
363000,948.3887329,1.643790100e+13,3.102818304e+11,1.145262436e+14,1.166655357e+12,7.853015859e+10,1.574344832e+09,2.565874647e+12
364000,948.3947754,1.593336503e+13,2.994268733e+11,1.125048413e+14,1.161456910e+12,7.843997286e+10,1.505887104e+09,2.526199153e+12
365000,948.4006348,1.544443501e+13,2.889544827e+11,1.105200007e+14,1.156286382e+12,7.834993459e+10,1.440425600e+09,2.487146250e+12
366000,948.4063721,1.497068418e+13,2.788515512e+11,1.085706313e+14,1.151139054e+12,7.826013389e+10,1.377836032e+09,2.448707551e+12
367000,948.4118652,1.451157776e+13,2.691055288e+11,1.066564646e+14,1.146017022e+12,7.817061990e+10,1.317979136e+09,2.410881483e+12
368000,948.4171753,1.406668793e+13,2.597026857e+11,1.047765107e+14,1.140922384e+12,7.808122061e+10,1.260742016e+09,2.373644976e+12
369000,948.4223633,1.363556906e+13,2.506307830e+11,1.029304762e+14,1.135848325e+12,7.799209165e+10,1.206009088e+09,2.336996983e+12
370000,948.4273682,1.321779226e+13,2.418785976e+11,1.011170103e+14,1.130801398e+12,7.790321664e+10,1.153663616e+09,2.300924396e+12
371000,948.432251,1.281293917e+13,2.334347592e+11,9.933628096e+13,1.125777015e+12,7.781445632e+10,1.103604992e+09,2.265417253e+12
372000,948.4368896,1.242060816e+13,2.252878971e+11,9.758768410e+13,1.120779502e+12,7.772596634e+10,1.055734912e+09,2.230471623e+12
373000,948.4414673,1.204042806e+13,2.174278697e+11,9.587062409e+13,1.115806368e+12,7.763773030e+10,1.009954688e+09,2.196073349e+12
374000,948.4458618,1.167195531e+13,2.098444861e+11,9.418380073e+13,1.110853550e+12,7.754960896e+10,9.661709440e+08,2.162214175e+12
375000,948.4501343,1.131488897e+13,2.025275392e+11,9.252739851e+13,1.105924850e+12,7.746173338e+10,9.243013120e+08,2.128893968e+12
376000,948.4542847,1.096885259e+13,1.954676408e+11,9.090048630e+13,1.101024461e+12,7.737398886e+10,8.842563840e+08,2.096087171e+12
377000,948.458252,1.063350226e+13,1.886567629e+11,8.930288789e+13,1.096141898e+12,7.728663757e+10,8.459594240e+08,2.063802040e+12
378000,948.4621582,1.030848355e+13,1.820842394e+11,8.773373924e+13,1.091287187e+12,7.719925350e+10,8.093288320e+08,2.032022323e+12
379000,948.4658813,9.993496560e+12,1.757434184e+11,8.619283058e+13,1.086454170e+12,7.711212339e+10,7.742949760e+08,2.000739631e+12
380000,948.4694824,9.688264475e+12,1.696250593e+11,8.467933980e+13,1.081642844e+12,7.702509978e+10,7.407903360e+08,1.969946624e+12
381000,948.4730225,9.392391979e+12,1.637209375e+11,8.319244479e+13,1.076856881e+12,7.693833011e+10,7.087436800e+08,1.939638583e+12
382000,948.4764404,9.105677746e+12,1.580241551e+11,8.173262363e+13,1.072092283e+12,7.685166694e+10,6.780912000e+08,1.909804499e+12
383000,948.4797363,8.827784135e+12,1.525273723e+11,8.029873541e+13,1.067350884e+12,7.676525773e+10,6.487744000e+08,1.880440177e+12
384000,948.4829102,8.558439039e+12,1.472234947e+11,7.889063750e+13,1.062632686e+12,7.667910246e+10,6.207334400e+08,1.851534737e+12
385000,948.4860229,8.297406530e+12,1.421054116e+11,7.750754131e+13,1.057937359e+12,7.659304550e+10,5.939124480e+08,1.823080710e+12
386000,948.4890137,8.044428657e+12,1.371671020e+11,7.614901058e+13,1.053263004e+12,7.650709504e+10,5.682568960e+08,1.795077833e+12
387000,948.4919434,7.799193469e+12,1.324014223e+11,7.481487745e+13,1.048611324e+12,7.642125926e+10,5.437169280e+08,1.767505134e+12
388000,948.494751,7.561537389e+12,1.278032855e+11,7.350442883e+13,1.043982254e+12,7.633580851e+10,5.202447040e+08,1.740369560e+12
389000,948.4974976,7.331178873e+12,1.233653187e+11,7.221722850e+13,1.039375729e+12,7.625031680e+10,4.977915200e+08,1.713657217e+12
390000,948.5001221,7.107906634e+12,1.190835077e+11,7.095341052e+13,1.034787684e+12,7.616506266e+10,4.763138240e+08,1.687361552e+12
391000,948.5026855,6.891500470e+12,1.149505536e+11,6.971145236e+13,1.030225920e+12,7.607992320e+10,4.557697280e+08,1.661475750e+12
392000,948.505127,6.681734939e+12,1.109627372e+11,6.849204176e+13,1.025684275e+12,7.599502950e+10,4.361160000e+08,1.635996533e+12
393000,948.5075073,6.478441218e+12,1.071147090e+11,6.729424754e+13,1.021162750e+12,7.591023411e+10,4.173169280e+08,1.610917609e+12
394000,948.5098877,6.281368699e+12,1.034010952e+11,6.611765857e+13,1.016663179e+12,7.582553702e+10,3.993335680e+08,1.586229150e+12
395000,948.512085,6.090350658e+12,9.981703782e+10,6.496216570e+13,1.012187398e+12,7.574109389e+10,3.821295680e+08,1.561922241e+12
396000,948.5142822,5.905197826e+12,9.635847373e+10,6.382712296e+13,1.007729508e+12,7.565674906e+10,3.656709760e+08,1.537999634e+12
397000,948.5164185,5.725728276e+12,9.302065152e+10,6.271241698e+13,1.003293114e+12,7.557248614e+10,3.499272640e+08,1.514449273e+12
398000,948.5184326,5.551766897e+12,8.979931136e+10,6.161743532e+13,9.988803133e+11,7.548863283e+10,3.348640000e+08,1.491262505e+12
399000,948.5204468,5.383132283e+12,8.669068493e+10,6.054181719e+13,9.944867799e+11,7.540471398e+10,3.204546560e+08,1.468441952e+12
400000,948.5223389,5.219690217e+12,8.369016013e+10,5.948545340e+13,9.901127762e+11,7.532105728e+10,3.066695040e+08,1.445979095e+12
401000,948.5241699,5.061239898e+12,8.079473050e+10,5.844776511e+13,9.857617756e+11,7.523734323e+10,2.934807360e+08,1.423862661e+12
402000,948.526001,4.907646058e+12,7.800007066e+10,5.742840824e+13,9.814298460e+11,7.515385856e+10,2.808628800e+08,1.402089767e+12
403000,948.527771,4.758759277e+12,7.530307584e+10,5.642727790e+13,9.771190190e+11,7.507063603e+10,2.687916480e+08,1.380660543e+12
404000,948.5294189,4.614424887e+12,7.269991219e+10,5.544384543e+13,9.728271974e+11,7.498749542e+10,2.572412320e+08,1.359561622e+12
405000,948.5310669,4.474519683e+12,7.018766336e+10,5.447798078e+13,9.685580513e+11,7.490445312e+10,2.461918560e+08,1.338792739e+12
406000,948.5326538,4.338889523e+12,6.776276173e+10,5.352895818e+13,9.643056824e+11,7.482151731e+10,2.356189120e+08,1.318346293e+12
407000,948.5341797,4.207418540e+12,6.542251622e+10,5.259708374e+13,9.600757268e+11,7.473881088e+10,2.255043200e+08,1.298219401e+12
408000,948.5356445,4.079955476e+12,6.316332646e+10,5.168145975e+13,9.558662840e+11,7.465620275e+10,2.158260160e+08,1.278404985e+12
409000,948.5371094,3.956399145e+12,6.098308710e+10,5.078217845e+13,9.516751913e+11,7.457368474e+10,2.065658240e+08,1.258900161e+12
410000,948.5385132,3.836614017e+12,5.887867290e+10,4.989894189e+13,9.475044147e+11,7.449140429e+10,1.977056320e+08,1.239695229e+12
411000,948.539856,3.720498119e+12,5.684763853e+10,4.903108725e+13,9.433519882e+11,7.440908288e+10,1.892279840e+08,1.220792812e+12
412000,948.5411987,3.607924310e+12,5.488707994e+10,4.817871519e+13,9.392213852e+11,7.432713830e+10,1.811159680e+08,1.202180850e+12
413000,948.5424194,3.498790355e+12,5.299485491e+10,4.734154024e+13,9.351089357e+11,7.424529203e+10,1.733543520e+08,1.183859606e+12
414000,948.5437012,3.392983007e+12,5.116825190e+10,4.651910103e+13,9.310143775e+11,7.416337203e+10,1.659278880e+08,1.165822001e+12
415000,948.5448608,3.290413924e+12,4.940527206e+10,4.571132617e+13,9.269414461e+11,7.408156672e+10,1.588208000e+08,1.148065808e+12
416000,948.5460205,3.190975627e+12,4.770331034e+10,4.491759050e+13,9.228864061e+11,7.400013824e+10,1.520201440e+08,1.130582245e+12
417000,948.5471191,3.094566404e+12,4.606059725e+10,4.413799047e+13,9.188490609e+11,7.391865242e+10,1.455129280e+08,1.113373540e+12
418000,948.5482178,3.001092145e+12,4.447487590e+10,4.337210652e+13,9.148329492e+11,7.383740416e+10,1.392861120e+08,1.096430977e+12
419000,948.5492554,2.910475780e+12,4.294415155e+10,4.261985889e+13,9.108343357e+11,7.375624602e+10,1.333272880e+08,1.079750296e+12
420000,948.550293,2.822611403e+12,4.146659328e+10,4.188082800e+13,9.068567593e+11,7.367532544e+10,1.276253360e+08,1.063329595e+12
421000,948.5512695,2.737441341e+12,4.004041114e+10,4.115479564e+13,9.028949115e+11,7.359434752e+10,1.221686480e+08,1.047160619e+12
422000,948.5522461,2.654851564e+12,3.866342605e+10,4.044166945e+13,8.989520036e+11,7.351345971e+10,1.169463760e+08,1.031245398e+12
423000,948.5531616,2.574778106e+12,3.733443379e+10,3.974107189e+13,8.950281011e+11,7.343294874e+10,1.119492720e+08,1.015574102e+12
424000,948.5540161,2.497143898e+12,3.605133722e+10,3.905278047e+13,8.911231386e+11,7.335225754e+10,1.071669200e+08,1.000146731e+12
425000,948.5549316,2.421873181e+12,3.481273139e+10,3.837671546e+13,8.872350843e+11,7.327191859e+10,1.025902240e+08,9.849554862e+11
426000,948.5557251,2.348898845e+12,3.361707418e+10,3.771266280e+13,8.833657733e+11,7.319154688e+10,9.821049600e+07,9.700025303e+11
427000,948.5565796,2.278140412e+12,3.246278656e+10,3.706011495e+13,8.795150746e+11,7.311152742e+10,9.401864000e+07,9.552819651e+11
428000,948.557373,2.209530511e+12,3.134843290e+10,3.641915567e+13,8.756811530e+11,7.303146701e+10,9.000690400e+07,9.407866470e+11
429000,948.5581055,2.143003345e+12,3.027267994e+10,3.578943255e+13,8.718673510e+11,7.295135744e+10,8.616751200e+07,9.265149379e+11
430000,948.5588379,2.078507139e+12,2.923423334e+10,3.517088673e+13,8.680700641e+11,7.287161651e+10,8.249299200e+07,9.124666409e+11
431000,948.5595703,2.015963382e+12,2.823151616e+10,3.456318050e+13,8.642894234e+11,7.279196570e+10,7.897636800e+07,8.986330399e+11
432000,948.5603027,1.955320300e+12,2.726360678e+10,3.396611663e+13,8.605268050e+11,7.271239680e+10,7.561024000e+07,8.850125619e+11
433000,948.5609741,1.896519827e+12,2.632913510e+10,3.337964057e+13,8.567823401e+11,7.263305728e+10,7.238882400e+07,8.716069765e+11
434000,948.5615845,1.839505080e+12,2.542693990e+10,3.280343549e+13,8.530541281e+11,7.255353754e+10,6.930546400e+07,8.584044216e+11
435000,948.5622559,1.784217993e+12,2.455588864e+10,3.223731255e+13,8.493454459e+11,7.247437005e+10,6.635405600e+07,8.454066012e+11
436000,948.5628662,1.730612298e+12,2.371495117e+10,3.168122350e+13,8.456528200e+11,7.239529267e+10,6.352944000e+07,8.326088622e+11
437000,948.5634766,1.678626914e+12,2.290302976e+10,3.113485567e+13,8.419763159e+11,7.231631360e+10,6.082564000e+07,8.200080589e+11
438000,948.5640259,1.628221866e+12,2.211912090e+10,3.059804969e+13,8.383190794e+11,7.223741645e+10,5.823792000e+07,8.076024873e+11
439000,948.5645752,1.579345379e+12,2.136224563e+10,3.007074455e+13,8.346792100e+11,7.215860941e+10,5.576082000e+07,7.953877565e+11
440000,948.5651245,1.531947778e+12,2.063158067e+10,2.955265094e+13,8.310520545e+11,7.208001536e+10,5.338989200e+07,7.833621627e+11
441000,948.5656738,1.485986726e+12,1.992602419e+10,2.904361346e+13,8.274454774e+11,7.200151962e+10,5.112036000e+07,7.715228221e+11
442000,948.5661621,1.441418576e+12,1.924485530e+10,2.854358166e+13,8.238544323e+11,7.192310579e+10,4.894796000e+07,7.598639677e+11
443000,948.5666504,1.398197584e+12,1.858714624e+10,2.805227456e+13,8.202806231e+11,7.184477389e+10,4.686851200e+07,7.483855340e+11
444000,948.5671387,1.356282986e+12,1.795205530e+10,2.756965637e+13,8.167238533e+11,7.176667955e+10,4.487782400e+07,7.370833265e+11
445000,948.5675659,1.315640181e+12,1.733886362e+10,2.709535589e+13,8.131810427e+11,7.168866714e+10,4.297226400e+07,7.259559690e+11
446000,948.5680542,1.276227224e+12,1.674680422e+10,2.662953441e+13,8.096565821e+11,7.161072845e+10,4.114832800e+07,7.149979566e+11
447000,948.5684814,1.237999944e+12,1.617511834e+10,2.617173686e+13,8.061489644e+11,7.153288806e+10,3.940210400e+07,7.042080440e+11
448000,948.5689087,1.200933437e+12,1.562309837e+10,2.572202607e+13,8.026566820e+11,7.145512141e+10,3.773063600e+07,6.935862313e+11
449000,948.5692749,1.164988252e+12,1.509008998e+10,2.528024891e+13,7.991809802e+11,7.137759232e+10,3.613048800e+07,6.831285862e+11
450000,948.5697021,1.130127163e+12,1.457540403e+10,2.484607184e+13,7.957187789e+11,7.130000589e+10,3.459852800e+07,6.728299315e+11
451000,948.5700684,1.096320025e+12,1.407843635e+10,2.441955771e+13,7.922761728e+11,7.122263245e+10,3.313209600e+07,6.626890220e+11
452000,948.5704346,1.063532102e+12,1.359851520e+10,2.400047155e+13,7.888485089e+11,7.114535731e+10,3.172811800e+07,6.527035638e+11
453000,948.5708008,1.031736787e+12,1.313513062e+10,2.358877140e+13,7.854371635e+11,7.106814771e+10,3.038404800e+07,6.428734259e+11
454000,948.571167,1.000899609e+12,1.268763238e+10,2.318414896e+13,7.820404982e+11,7.099117568e+10,2.909734800e+07,6.331924480e+11
455000,948.5714722,9.709934346e+11,1.225552282e+10,2.278665857e+13,7.786600858e+11,7.091415450e+10,2.786546800e+07,6.236609577e+11
456000,948.5718384,9.419878564e+11,1.183826227e+10,2.239616618e+13,7.752942223e+11,7.083746918e+10,2.668603800e+07,6.142752195e+11
457000,948.5721436,9.138576425e+11,1.143529677e+10,2.201246806e+13,7.719444808e+11,7.076074291e+10,2.555692400e+07,6.050342502e+11
458000,948.5724487,8.865742193e+11,1.104615322e+10,2.163543856e+13,7.686106644e+11,7.068397568e+10,2.447581600e+07,5.959333970e+11
459000,948.5727539,8.601135350e+11,1.067037491e+10,2.126496419e+13,7.652926423e+11,7.060754432e+10,2.344071000e+07,5.869739704e+11
460000,948.5730591,8.344521277e+11,1.030751744e+10,2.090108696e+13,7.619890381e+11,7.053107200e+10,2.244976400e+07,5.781503345e+11
461000,948.5733032,8.095609651e+11,9.957057536e+09,2.054345240e+13,7.587011625e+11,7.045495194e+10,2.150091600e+07,5.694626202e+11
462000,948.5736084,7.854197309e+11,9.618605056e+09,2.019202689e+13,7.554288189e+11,7.037864346e+10,2.059244600e+07,5.609074852e+11
463000,948.5738525,7.620072571e+11,9.291779072e+09,1.984678103e+13,7.521706967e+11,7.030255616e+10,1.972266200e+07,5.524852572e+11
464000,948.5740967,7.392954941e+11,8.976179200e+09,1.950760148e+13,7.489265336e+11,7.022654259e+10,1.888983400e+07,5.441893827e+11
465000,948.5743408,7.172715971e+11,8.671333376e+09,1.917423249e+13,7.456993444e+11,7.015075840e+10,1.809241400e+07,5.360222208e+11
466000,948.574585,6.959050260e+11,8.376934912e+09,1.884672007e+13,7.424859177e+11,7.007503974e+10,1.732882200e+07,5.279776440e+11
467000,948.5748291,6.751853609e+11,8.092624896e+09,1.852488590e+13,7.392878264e+11,6.999941939e+10,1.659768000e+07,5.200577167e+11
468000,948.5750732,6.550850765e+11,7.818038272e+09,1.820863145e+13,7.361049395e+11,6.992387277e+10,1.589759700e+07,5.122595881e+11
469000,948.5752563,6.355904102e+11,7.552856064e+09,1.789799653e+13,7.329371259e+11,6.984840806e+10,1.522727800e+07,5.045793260e+11
470000,948.5755005,6.166817014e+11,7.296750080e+09,1.759267387e+13,7.297816330e+11,6.977303347e+10,1.458536100e+07,4.970170941e+11
471000,948.5756836,5.983402721e+11,7.049371136e+09,1.729263928e+13,7.266423931e+11,6.969773261e+10,1.397069100e+07,4.895700091e+11
472000,948.5758667,5.805486899e+11,6.810442752e+09,1.699786662e+13,7.235167846e+11,6.962265293e+10,1.338208000e+07,4.822363996e+11
473000,948.5760498,5.632926024e+11,6.579713024e+09,1.670819526e+13,7.204072980e+11,6.954777805e+10,1.281848600e+07,4.750153482e+11
474000,948.5762329,5.465536266e+11,6.356836864e+09,1.642360021e+13,7.173084283e+11,6.947285402e+10,1.227872300e+07,4.679042335e+11
475000,948.576416,5.303181312e+11,6.141591552e+09,1.614386635e+13,7.142269911e+11,6.939788902e+10,1.176186700e+07,4.609022034e+11
476000,948.5765991,5.145668157e+11,5.933691904e+09,1.586909335e+13,7.111574159e+11,6.932325990e+10,1.126691900e+07,4.540057846e+11
477000,948.5767822,4.992891617e+11,5.732873216e+09,1.559901066e+13,7.081037660e+11,6.924871270e+10,1.079288100e+07,4.472151081e+11
478000,948.5769653,4.844696699e+11,5.538925056e+09,1.533365281e+13,7.050632233e+11,6.917411635e+10,1.033898300e+07,4.405286011e+11
479000,948.5770874,4.700936274e+11,5.351589888e+09,1.507288249e+13,7.020384748e+11,6.909986406e+10,9.904271000e+06,4.339428884e+11
480000,948.5772705,4.561494016e+11,5.170629632e+09,1.481661580e+13,6.990253261e+11,6.902554624e+10,9.487944000e+06,4.274580029e+11
481000,948.5773926,4.426213949e+11,4.995845632e+09,1.456483165e+13,6.960263987e+11,6.895133491e+10,9.089239000e+06,4.210717164e+11
482000,948.5775757,4.294977454e+11,4.827015680e+09,1.431742005e+13,6.930417582e+11,6.887718093e+10,8.707404000e+06,4.147831439e+11
483000,948.5776978,4.167672791e+11,4.663936512e+09,1.407425092e+13,6.900711424e+11,6.880325632e+10,8.341690500e+06,4.085893366e+11
484000,948.5778198,4.044195103e+11,4.506426880e+09,1.383538502e+13,6.871133716e+11,6.872939725e+10,7.991489500e+06,4.024910807e+11
485000,948.5779419,3.924391035e+11,4.354261504e+09,1.360053411e+13,6.841694945e+11,6.865575526e+10,7.656047500e+06,3.964845752e+11
486000,948.578125,3.808179323e+11,4.207281920e+09,1.336978301e+13,6.812395110e+11,6.858192896e+10,7.334771000e+06,3.905699185e+11
487000,948.5782471,3.695437087e+11,4.065310464e+09,1.314306048e+13,6.783221105e+11,6.850831155e+10,7.027096500e+06,3.847450132e+11
488000,948.5783691,3.586067333e+11,3.928167424e+09,1.292024589e+13,6.754185380e+11,6.843490714e+10,6.732393500e+06,3.790084178e+11
489000,948.5784912,3.479960617e+11,3.795686656e+09,1.270131828e+13,6.725273518e+11,6.836157645e+10,6.450134500e+06,3.733595095e+11
490000,948.5785522,3.377026171e+11,3.667709440e+09,1.248611407e+13,6.696497971e+11,6.828820480e+10,6.179770000e+06,3.677961912e+11
491000,948.5786743,3.277167002e+11,3.544087552e+09,1.227466048e+13,6.667846287e+11,6.821503386e+10,5.920838500e+06,3.623171523e+11
492000,948.5787964,3.180285133e+11,3.424664832e+09,1.206684645e+13,6.639342060e+11,6.814207181e+10,5.672821000e+06,3.569217700e+11
493000,948.5789185,3.086297006e+11,3.309297920e+09,1.186265417e+13,6.610959729e+11,6.806906061e+10,5.435255500e+06,3.516080783e+11
494000,948.5789795,2.995109560e+11,3.197860352e+09,1.166197447e+13,6.582711747e+11,6.799626240e+10,5.207698000e+06,3.463747666e+11
495000,948.5791016,2.906643825e+11,3.090186752e+09,1.146474664e+13,6.554584351e+11,6.792353792e+10,4.989734500e+06,3.412213432e+11
496000,948.5791626,2.820817879e+11,2.986179072e+09,1.127090881e+13,6.526589338e+11,6.785088717e+10,4.780967000e+06,3.361459405e+11
497000,948.5792847,2.737547182e+11,2.885698560e+09,1.108044516e+13,6.498738504e+11,6.777818317e+10,4.580977000e+06,3.311465595e+11
498000,948.5793457,2.656760136e+11,2.788636928e+09,1.089329503e+13,6.470995149e+11,6.770582323e+10,4.389412000e+06,3.262240850e+11
499000,948.5794678,2.578376294e+11,2.694860544e+09,1.070931880e+13,6.443382211e+11,6.763341005e+10,4.205897000e+06,3.213759939e+11
500000,948.5795288,2.502329467e+11,2.604262656e+09,1.052853968e+13,6.415898378e+11,6.756120166e+10,4.030132500e+06,3.166011392e+11
501000,948.5795898,2.428548710e+11,2.516729344e+09,1.035082769e+13,6.388544963e+11,6.748894413e+10,3.861742500e+06,3.118984397e+11
502000,948.5797119,2.356961116e+11,2.432161536e+09,1.017620258e+13,6.361308201e+11,6.741688730e+10,3.700422500e+06,3.072667156e+11
503000,948.5797729,2.287505736e+11,2.350467072e+09,1.000461218e+13,6.334186783e+11,6.734491238e+10,3.545903750e+06,3.027056067e+11
504000,948.579834,2.220114084e+11,2.271542272e+09,9.836001698e+12,6.307205612e+11,6.727301530e+10,3.397881750e+06,2.982132777e+11
505000,948.579895,2.154728325e+11,2.195284736e+09,9.670244594e+12,6.280339128e+11,6.720132301e+10,3.256076500e+06,2.937893028e+11
506000,948.5799561,2.091284234e+11,2.121607168e+09,9.507329008e+12,6.253587333e+11,6.712957747e+10,3.120218750e+06,2.894320763e+11
507000,948.5800781,2.029727416e+11,2.050429696e+09,9.347240591e+12,6.226972508e+11,6.705803674e+10,2.990081000e+06,2.851405169e+11
508000,948.5801392,1.970001347e+11,1.981651712e+09,9.189895139e+12,6.200471716e+11,6.698656973e+10,2.865393000e+06,2.809137070e+11
509000,948.5802002,1.912047370e+11,1.915206272e+09,9.035278307e+12,6.174084301e+11,6.691518464e+10,2.745951750e+06,2.767516795e+11
510000,948.5802612,1.855816008e+11,1.850999424e+09,8.883308138e+12,6.147831235e+11,6.684399616e+10,2.631514250e+06,2.726512558e+11
511000,948.5803223,1.801255813e+11,1.788965504e+09,8.733938610e+12,6.121690890e+11,6.677276262e+10,2.521875000e+06,2.686126817e+11
512000,948.5803833,1.748312556e+11,1.729030528e+09,8.587124613e+12,6.095661302e+11,6.670172979e+10,2.416840250e+06,2.646358917e+11
513000,948.5804443,1.696938557e+11,1.671119104e+09,8.442854060e+12,6.069765407e+11,6.663077069e+10,2.316207000e+06,2.607190180e+11
514000,948.5804443,1.647090237e+11,1.615163136e+09,8.301050384e+12,6.043980923e+11,6.655976653e+10,2.219789250e+06,2.568610611e+11
515000,948.5805054,1.598717952e+11,1.561095424e+09,8.161670271e+12,6.018303918e+11,6.648895898e+10,2.127409750e+06,2.530611855e+11
516000,948.5805664,1.551781396e+11,1.508855040e+09,8.024703136e+12,5.992760607e+11,6.641822925e+10,2.038905375e+06,2.493194076e+11
517000,948.5806274,1.506234040e+11,1.458373760e+09,7.890075116e+12,5.967312978e+11,6.634770432e+10,1.954098125e+06,2.456329421e+11
518000,948.5806885,1.462040494e+11,1.409595008e+09,7.757746336e+12,5.941996421e+11,6.627711795e+10,1.872848625e+06,2.420019200e+11
519000,948.5806885,1.419151770e+11,1.362463616e+09,7.627677540e+12,5.916787343e+11,6.620674867e+10,1.794999875e+06,2.384264233e+11
520000,948.5807495,1.377536901e+11,1.316922880e+09,7.499856126e+12,5.891685745e+11,6.613644493e+10,1.720406625e+06,2.349046333e+11
521000,948.5808105,1.337149932e+11,1.272916608e+09,7.374244999e+12,5.866712596e+11,6.606621082e+10,1.648928750e+06,2.314357309e+11
522000,948.5808716,1.297961943e+11,1.230387712e+09,7.250747527e+12,5.841845617e+11,6.599605453e+10,1.580448000e+06,2.280189133e+11
523000,948.5808716,1.259929682e+11,1.189295872e+09,7.129355981e+12,5.817095291e+11,6.592610304e+10,1.514825625e+06,2.246534267e+11
524000,948.5809326,1.223023411e+11,1.149587072e+09,7.010060980e+12,5.792449167e+11,6.585610240e+10,1.451950125e+06,2.213384520e+11
525000,948.5809937,1.187211674e+11,1.111216896e+09,6.892824846e+12,5.767917732e+11,6.578629427e+10,1.391700125e+06,2.180740383e+11
526000,948.5809937,1.152453181e+11,1.074133760e+09,6.777560383e+12,5.743502950e+11,6.571656397e+10,1.333963375e+06,2.148577935e+11
527000,948.5810547,1.118727209e+11,1.038301888e+09,6.664284500e+12,5.719201546e+11,6.564690739e+10,1.278638625e+06,2.116906025e+11
528000,948.5810547,1.085996483e+11,1.003674944e+09,6.552936972e+12,5.695003034e+11,6.557732454e+10,1.225625000e+06,2.085708923e+11
529000,948.5811157,1.054231429e+11,9.702120320e+08,6.443509326e+12,5.670906757e+11,6.550794240e+10,1.174827250e+06,2.054979092e+11
530000,948.5811157,1.023405179e+11,9.378736000e+08,6.335943508e+12,5.646923858e+11,6.543850291e+10,1.126143375e+06,2.024709980e+11
531000,948.5811768,9.934879949e+10,9.066200320e+08,6.230182806e+12,5.623052370e+11,6.536926822e+10,1.079491500e+06,1.994902077e+11
532000,948.5811768,9.644525978e+10,8.764214400e+08,6.126268260e+12,5.599292948e+11,6.529997619e+10,1.034785875e+06,1.965532774e+11
533000,948.5812378,9.362730189e+10,8.472318720e+08,6.024119575e+12,5.575622656e+11,6.523088486e+10,9.919412500e+05,1.936603382e+11
534000,948.5812378,9.089307443e+10,8.190254720e+08,5.923684458e+12,5.552085402e+11,6.516187546e+10,9.508850625e+05,1.908114227e+11
535000,948.5812988,8.823885005e+10,7.917655680e+08,5.824978113e+12,5.528624824e+11,6.509305037e+10,9.115385625e+05,1.880051384e+11
536000,948.5812988,8.566311322e+10,7.654203520e+08,5.727970046e+12,5.505306460e+11,6.502417613e+10,8.738320000e+05,1.852408463e+11
537000,948.5813599,8.316336538e+10,7.399587200e+08,5.632608420e+12,5.482065428e+11,6.495549850e+10,8.376945625e+05,1.825178911e+11
538000,948.5813599,8.073701786e+10,7.153510400e+08,5.538866049e+12,5.458943345e+11,6.488690278e+10,8.030593750e+05,1.798356337e+11
539000,948.5814209,7.838206362e+10,6.915681920e+08,5.446713123e+12,5.435918582e+11,6.481836851e+10,7.698679375e+05,1.771934679e+11
540000,948.5814209,7.609696256e+10,6.685837440e+08,5.356144833e+12,5.412991140e+11,6.474991616e+10,7.380582500e+05,1.745914757e+11
541000,948.5814209,7.387875738e+10,6.463705600e+08,5.267112051e+12,5.390170522e+11,6.468152934e+10,7.075709375e+05,1.720283464e+11
542000,948.5814819,7.172576051e+10,6.249000960e+08,5.179588403e+12,5.367456072e+11,6.461333914e+10,6.783494375e+05,1.695028183e+11
543000,948.5814819,6.963617792e+10,6.041475200e+08,5.093548507e+12,5.344848118e+11,6.454509978e+10,6.503447500e+05,1.670156780e+11
544000,948.5814819,6.760810086e+10,5.840908160e+08,5.008985235e+12,5.322335191e+11,6.447705293e+10,6.235031875e+05,1.645656474e+11
545000,948.581543,6.563960013e+10,5.647052160e+08,4.925853200e+12,5.299927122e+11,6.440907981e+10,5.977775000e+05,1.621521531e+11
546000,948.581543,6.372902093e+10,5.459694080e+08,4.844148290e+12,5.277622927e+11,6.434117632e+10,5.731187500e+05,1.597747036e+11
547000,948.581543,6.187452416e+10,5.278592000e+08,4.763807502e+12,5.255413432e+11,6.427346944e+10,5.494845000e+05,1.574326927e+11
548000,948.581604,6.007456563e+10,5.103545280e+08,4.684843950e+12,5.233307156e+11,6.420570522e+10,5.268308750e+05,1.551261860e+11
549000,948.581604,5.832752742e+10,4.934369920e+08,4.607216288e+12,5.211293942e+11,6.413814170e+10,5.051189688e+05,1.528534630e+11
550000,948.581604,5.663161549e+10,4.770829760e+08,4.530918826e+12,5.189382963e+11,6.407065600e+10,4.843055312e+05,1.506152120e+11
551000,948.581665,5.498543309e+10,4.612770880e+08,4.455910068e+12,5.167574221e+11,6.400310477e+10,4.643567812e+05,1.484102697e+11
552000,948.581665,5.338781696e+10,4.459991680e+08,4.382169723e+12,5.145866732e+11,6.393587302e+10,4.452348438e+05,1.462382100e+11
553000,948.581665,5.183682150e+10,4.312288960e+08,4.309674979e+12,5.124250665e+11,6.386860032e+10,4.269060000e+05,1.440984596e+11
554000,948.581665,5.033145958e+10,4.169541120e+08,4.238420787e+12,5.102735524e+11,6.380138906e+10,4.093363750e+05,1.419905597e+11
555000,948.5817261,4.887008870e+10,4.031557120e+08,4.168353481e+12,5.081300009e+11,6.373436621e+10,3.924928438e+05,1.399140352e+11
556000,948.5817261,4.745169715e+10,3.898169600e+08,4.099484856e+12,5.059984097e+11,6.366741709e+10,3.763489062e+05,1.378689188e+11
557000,948.5817261,4.607472845e+10,3.769238080e+08,4.031793316e+12,5.038748140e+11,6.360042291e+10,3.608730938e+05,1.358537196e+11
558000,948.5817261,4.473832243e+10,3.644599040e+08,3.965228450e+12,5.017620316e+11,6.353374003e+10,3.460382812e+05,1.338689864e+11
559000,948.5817871,4.344100454e+10,3.524128320e+08,3.899815612e+12,4.996570808e+11,6.346699981e+10,3.318170938e+05,1.319137526e+11
560000,948.5817871,4.218139443e+10,3.407658880e+08,3.835490808e+12,4.975629435e+11,6.340033331e+10,3.181834062e+05,1.299870679e+11
561000,948.5817871,4.095900467e+10,3.295083200e+08,3.772250034e+12,4.954775880e+11,6.333386342e+10,3.051151250e+05,1.280895058e+11
562000,948.5817871,3.977211085e+10,3.186244800e+08,3.710089097e+12,4.934018990e+11,6.326745498e+10,2.925846875e+05,1.262201405e+11
563000,948.5818481,3.862006170e+10,3.081042240e+08,3.648974262e+12,4.913348608e+11,6.320099738e+10,2.805747188e+05,1.243789804e+11
564000,948.5818481,3.750166528e+10,2.979336000e+08,3.588902306e+12,4.892774564e+11,6.313473229e+10,2.690603750e+05,1.225646899e+11
565000,948.5818481,3.641600410e+10,2.881014720e+08,3.529828037e+12,4.872295875e+11,6.306865562e+10,2.580209375e+05,1.207773348e+11
566000,948.5818481,3.536211149e+10,2.785975360e+08,3.471760814e+12,4.851912212e+11,6.300252160e+10,2.474382812e+05,1.190169395e+11
567000,948.5818481,3.433891226e+10,2.694091840e+08,3.414670578e+12,4.831614075e+11,6.293646950e+10,2.372923281e+05,1.172826604e+11
568000,948.5818481,3.334570189e+10,2.605258560e+08,3.358552691e+12,4.811409654e+11,6.287048294e+10,2.275646094e+05,1.155736453e+11
569000,948.5819092,3.238146458e+10,2.519387680e+08,3.303377895e+12,4.791280599e+11,6.280479949e+10,2.182389844e+05,1.138903941e+11
570000,948.5819092,3.144523162e+10,2.436361280e+08,3.249117860e+12,4.771262956e+11,6.273894810e+10,2.092975312e+05,1.122321039e+11
571000,948.5819092,3.053653197e+10,2.356097920e+08,3.195793592e+12,4.751320351e+11,6.267340390e+10,2.007251094e+05,1.105983734e+11
572000,948.5819092,2.965414912e+10,2.278496320e+08,3.143353229e+12,4.731469824e+11,6.260769178e+10,1.925056250e+05,1.089888338e+11
573000,948.5819092,2.879770419e+10,2.203480160e+08,3.091804758e+12,4.711711048e+11,6.254228275e+10,1.846258906e+05,1.074035507e+11
574000,948.5819092,2.796620800e+10,2.130958080e+08,3.041132708e+12,4.692035174e+11,6.247694746e+10,1.770707188e+05,1.058413117e+11
575000,948.5819092,2.715882291e+10,2.060830560e+08,2.991299416e+12,4.672459244e+11,6.241167770e+10,1.698263281e+05,1.043026002e+11
576000,948.5819702,2.637504717e+10,1.993037600e+08,2.942312485e+12,4.652955402e+11,6.234647347e+10,1.628804844e+05,1.027866378e+11
577000,948.5819702,2.561408614e+10,1.927485760e+08,2.894136611e+12,4.633551503e+11,6.228134707e+10,1.562202344e+05,1.012927283e+11
578000,948.5819702,2.487527014e+10,1.864111360e+08,2.846778610e+12,4.614228541e+11,6.221628211e+10,1.498340469e+05,9.982128128e+10
579000,948.5819702,2.415799706e+10,1.802841280e+08,2.800214634e+12,4.594985861e+11,6.215128269e+10,1.437113750e+05,9.837160038e+10
580000,948.5819702,2.346162790e+10,1.743601600e+08,2.754440757e+12,4.575832310e+11,6.208635290e+10,1.378399531e+05,9.694333338e+10
581000,948.5819702,2.278550733e+10,1.686327840e+08,2.709433385e+12,4.556775752e+11,6.202173030e+10,1.322106875e+05,9.553652941e+10
582000,948.5819702,2.212899840e+10,1.630941600e+08,2.665178972e+12,4.537789972e+11,6.195693568e+10,1.268120156e+05,9.415013990e+10
583000,948.5819702,2.149160960e+10,1.577395520e+08,2.621675352e+12,4.518892012e+11,6.189244826e+10,1.216356719e+05,9.278422221e+10
584000,948.5820312,2.087277568e+10,1.525619040e+08,2.578889646e+12,4.500081213e+11,6.182778880e+10,1.166717188e+05,9.143881728e+10
585000,948.5820312,2.027199488e+10,1.475561760e+08,2.536829125e+12,4.481348731e+11,6.176343245e+10,1.119122812e+05,9.011291750e+10
586000,948.5820312,1.968858317e+10,1.427157760e+08,2.495471587e+12,4.462702756e+11,6.169914163e+10,1.073480156e+05,8.880694067e+10
587000,948.5820312,1.912218010e+10,1.380352320e+08,2.454814343e+12,4.444142633e+11,6.163492454e+10,1.029710781e+05,8.752020685e+10
588000,948.5820312,1.857214054e+10,1.335097120e+08,2.414827065e+12,4.425660170e+11,6.157053542e+10,9.877353906e+04,8.625245389e+10
589000,948.5820312,1.803816346e+10,1.291335520e+08,2.375517168e+12,4.407262904e+11,6.150644531e+10,9.474856250e+04,8.500338688e+10
590000,948.5820312,1.751967334e+10,1.249025040e+08,2.336871928e+12,4.388950180e+11,6.144265830e+10,9.088846875e+04,8.377272730e+10
591000,948.5820312,1.701618278e+10,1.208112240e+08,2.298863337e+12,4.370713805e+11,6.137870336e+10,8.718713281e+04,8.256019661e+10
592000,948.5820312,1.652732211e+10,1.168546240e+08,2.261497131e+12,4.352553124e+11,6.131482624e+10,8.363700781e+04,8.136553267e+10
593000,948.5820312,1.605268787e+10,1.130291360e+08,2.224753938e+12,4.334484521e+11,6.125100237e+10,8.023266406e+04,8.018876826e+10
594000,948.5820312,1.559177421e+10,1.093296880e+08,2.188631994e+12,4.316490957e+11,6.118748160e+10,7.696792188e+04,7.902932173e+10
595000,948.5820923,1.514423808e+10,1.057525440e+08,2.153103639e+12,4.298579640e+11,6.112378880e+10,7.383671094e+04,7.788663603e+10
596000,948.5820923,1.470963200e+10,1.022930320e+08,2.118175392e+12,4.280743035e+11,6.106040320e+10,7.083357031e+04,7.676105523e+10
597000,948.5820923,1.428768870e+10,9.894800800e+07,2.083829015e+12,4.262996869e+11,6.099684147e+10,6.795387500e+04,7.565203866e+10
598000,948.5820923,1.387790336e+10,9.571310400e+07,2.050054574e+12,4.245315912e+11,6.093358694e+10,6.519162109e+04,7.455933235e+10
599000,948.5820923,1.347999846e+10,9.258484000e+07,2.016849826e+12,4.227717202e+11,6.087038976e+10,6.254249219e+04,7.348267418e+10
600000,948.5820923,1.309362688e+10,8.955984800e+07,1.984197423e+12,4.210198118e+11,6.080726630e+10,6.000192188e+04,7.242185114e+10
601000,948.5820923,1.271842816e+10,8.663450400e+07,1.952088470e+12,4.192752763e+11,6.074420429e+10,5.756499609e+04,7.137661747e+10
602000,948.5820923,1.235407360e+10,8.380503200e+07,1.920513384e+12,4.175387034e+11,6.068098253e+10,5.522777734e+04,7.034672742e+10
603000,948.5820923,1.200024781e+10,8.106922400e+07,1.889463079e+12,4.158101586e+11,6.061828096e+10,5.298616016e+04,6.933223014e+10
604000,948.5820923,1.165666918e+10,7.842331200e+07,1.858942718e+12,4.140895764e+11,6.055541555e+10,5.083601172e+04,6.833236378e+10
605000,948.5820923,1.132301312e+10,7.586463200e+07,1.828922782e+12,4.123760394e+11,6.049261978e+10,4.877377344e+04,6.734743552e+10
606000,948.5820923,1.099901133e+10,7.339012800e+07,1.799401026e+12,4.106696131e+11,6.042987725e+10,4.679572266e+04,6.637669581e+10
607000,948.5820923,1.068438323e+10,7.099673600e+07,1.770369520e+12,4.089710838e+11,6.036733133e+10,4.489841016e+04,6.542045184e+10
608000,948.5820923,1.037881446e+10,6.868232000e+07,1.741826462e+12,4.072802877e+11,6.030483866e+10,4.307859375e+04,6.447823258e+10
609000,948.5820923,1.008210022e+10,6.644398400e+07,1.713756627e+12,4.055965041e+11,6.024241562e+10,4.133309375e+04,6.354982093e+10
610000,948.5820923,9.793925120e+09,6.427908400e+07,1.686158795e+12,4.039204864e+11,6.018005402e+10,3.965862109e+04,6.263501619e+10
611000,948.5820923,9.514058752e+09,6.218520000e+07,1.659012317e+12,4.022521692e+11,6.011786854e+10,3.805241797e+04,6.173362176e+10
612000,948.5820923,9.242296320e+09,6.016044400e+07,1.632321733e+12,4.005906678e+11,6.005564211e+10,3.651189844e+04,6.084565811e+10
613000,948.5821533,8.978347008e+09,5.820204800e+07,1.606079164e+12,3.989375877e+11,5.999358771e+10,3.503407422e+04,5.997046170e+10
614000,948.5821533,8.722001920e+09,5.630772800e+07,1.580259869e+12,3.972905697e+11,5.993159475e+10,3.361632031e+04,5.910808576e+10
615000,948.5821533,8.473074176e+09,5.447569200e+07,1.554879164e+12,3.956511212e+11,5.986967552e+10,3.225656055e+04,5.825855488e+10
616000,948.5821533,8.231297536e+09,5.270386400e+07,1.529919054e+12,3.940191764e+11,5.980781363e+10,3.095203516e+04,5.742145536e+10
617000,948.5821533,7.996496384e+09,5.099006000e+07,1.505371324e+12,3.923947028e+11,5.974613197e+10,2.970060938e+04,5.659637760e+10
618000,948.5821533,7.768451584e+09,4.933244800e+07,1.481230057e+12,3.907769467e+11,5.968439706e+10,2.850021289e+04,5.578359194e+10
619000,948.5821533,7.546968064e+09,4.772917600e+07,1.457493258e+12,3.891658752e+11,5.962284237e+10,2.734854297e+04,5.498267648e+10
620000,948.5821533,7.331883520e+09,4.617854400e+07,1.434148422e+12,3.875628974e+11,5.956135322e+10,2.624381250e+04,5.419347558e+10
621000,948.5821533,7.122969600e+09,4.467862800e+07,1.411189539e+12,3.859665388e+11,5.949992550e+10,2.518399219e+04,5.341580083e+10
622000,948.5821533,6.920073728e+09,4.322784000e+07,1.388609913e+12,3.843767009e+11,5.943855514e+10,2.416725195e+04,5.264948838e+10
623000,948.5821533,6.723009024e+09,4.182456400e+07,1.366405632e+12,3.827942031e+11,5.937725440e+10,2.319173242e+04,5.189456691e+10
624000,948.5821533,6.531606016e+09,4.046715200e+07,1.344567644e+12,3.812189471e+11,5.931612570e+10,2.225593164e+04,5.115046707e+10
625000,948.5821533,6.345712640e+09,3.915430800e+07,1.323092484e+12,3.796508344e+11,5.925495603e+10,2.135821875e+04,5.041722982e+10
626000,948.5821533,6.165156864e+09,3.788428400e+07,1.301971575e+12,3.780885217e+11,5.919395430e+10,2.049687109e+04,4.969487974e+10
627000,948.5821533,5.989784064e+09,3.665586400e+07,1.281203614e+12,3.765340406e+11,5.913302221e+10,1.967048438e+04,4.898288845e+10
628000,948.5821533,5.819444736e+09,3.546762400e+07,1.260775555e+12,3.749859820e+11,5.907214336e+10,1.887763086e+04,4.828146074e+10
629000,948.5821533,5.654013952e+09,3.431815600e+07,1.240684196e+12,3.734456893e+11,5.901133414e+10,1.811701367e+04,4.759025664e+10
630000,948.5821533,5.493306880e+09,3.320632800e+07,1.220928102e+12,3.719110001e+11,5.895069696e+10,1.738724219e+04,4.690913280e+10
631000,948.5821533,5.337239040e+09,3.213082000e+07,1.201497575e+12,3.703826350e+11,5.889001062e+10,1.668699219e+04,4.623792947e+10
632000,948.5821533,5.185624576e+09,3.109038800e+07,1.182386463e+12,3.688626586e+11,5.882938573e+10,1.601518848e+04,4.557650739e+10
633000,948.5821533,5.038375424e+09,3.008399200e+07,1.163592139e+12,3.673482199e+11,5.876905165e+10,1.537060742e+04,4.492471501e+10
634000,948.5821533,4.895335424e+09,2.911039200e+07,1.145106883e+12,3.658406953e+11,5.870855373e+10,1.475208203e+04,4.428241306e+10
635000,948.5821533,4.756410368e+09,2.816862200e+07,1.126927618e+12,3.643400192e+11,5.864833843e+10,1.415871777e+04,4.364946227e+10
636000,948.5821533,4.621454336e+09,2.725758400e+07,1.109049041e+12,3.628448809e+11,5.858807808e+10,1.358932129e+04,4.302571930e+10
637000,948.5821533,4.490361856e+09,2.637626000e+07,1.091464335e+12,3.613579018e+11,5.852787507e+10,1.304297461e+04,4.241121280e+10
638000,948.5821533,4.363037696e+09,2.552362600e+07,1.074168332e+12,3.598763295e+11,5.846784410e+10,1.251878418e+04,4.180548403e+10
639000,948.5821533,4.239332096e+09,2.469869400e+07,1.057154281e+12,3.584015073e+11,5.840788275e+10,1.201570508e+04,4.120872550e+10
640000,948.5821533,4.119188736e+09,2.390083800e+07,1.040425337e+12,3.569334354e+11,5.834797466e+10,1.153302051e+04,4.062048256e+10
641000,948.5821533,4.002488576e+09,2.312884200e+07,1.023968784e+12,3.554713600e+11,5.828813619e+10,1.106993555e+04,4.004093952e+10
642000,948.5821533,3.889116672e+09,2.238208000e+07,1.007784104e+12,3.540159693e+11,5.822835098e+10,1.062548535e+04,3.946981376e+10
643000,948.5821533,3.778985472e+09,2.165951200e+07,9.918646190e+11,3.525665096e+11,5.816863130e+10,1.019899707e+04,3.890699059e+10
644000,948.5821533,3.672007424e+09,2.096055200e+07,9.762078351e+11,3.511236690e+11,5.810908365e+10,9.789776367e+03,3.835218739e+10
645000,948.5821533,3.568091904e+09,2.028434000e+07,9.608093696e+11,3.496873820e+11,5.804959334e+10,9.397083008e+03,3.780573594e+10
646000,948.5821533,3.467130112e+09,1.963009000e+07,9.456612311e+11,3.482569933e+11,5.799005798e+10,9.020209961e+03,3.726706278e+10
647000,948.5821533,3.369070592e+09,1.899716400e+07,9.307629650e+11,3.468337807e+11,5.793069466e+10,8.658583984e+03,3.673620480e+10
648000,948.5821533,3.273796864e+09,1.838485400e+07,9.161116877e+11,3.454157128e+11,5.787138458e+10,8.311582031e+03,3.621304730e+10
649000,948.5821533,3.181247488e+09,1.779238200e+07,9.016984248e+11,3.440047555e+11,5.781225472e+10,7.978517090e+03,3.569761075e+10
650000,948.5822144,3.091343872e+09,1.721916600e+07,8.875206205e+11,3.425988772e+11,5.775306752e+10,7.658916016e+03,3.518951424e+10
651000,948.5822144,3.004004096e+09,1.666454500e+07,8.735763210e+11,3.412000768e+11,5.769405645e+10,7.352201660e+03,3.468891341e+10
652000,948.5822144,2.919159808e+09,1.612800300e+07,8.598614548e+11,3.398070108e+11,5.763510272e+10,7.057877441e+03,3.419543347e+10
653000,948.5822144,2.836733440e+09,1.560888700e+07,8.463704637e+11,3.384202363e+11,5.757621043e+10,6.775413086e+03,3.370923622e+10
654000,948.5822144,2.756655360e+09,1.510659300e+07,8.331013120e+11,3.370391306e+11,5.751737958e+10,6.504328613e+03,3.323007181e+10
655000,948.5822144,2.678853120e+09,1.462057400e+07,8.200486994e+11,3.356643492e+11,5.745860608e+10,6.244113281e+03,3.275772109e+10
656000,948.5822144,2.603276800e+09,1.415035500e+07,8.072090194e+11,3.342951383e+11,5.739988582e+10,5.994422852e+03,3.229232947e+10
657000,948.5822144,2.529847040e+09,1.369538900e+07,7.945802465e+11,3.329321206e+11,5.734134989e+10,5.754761230e+03,3.183367373e+10
658000,948.5822144,2.458511872e+09,1.325515100e+07,7.821572055e+11,3.315753288e+11,5.728286310e+10,5.524765625e+03,3.138164941e+10
659000,948.5822144,2.389210624e+09,1.282921400e+07,7.699380613e+11,3.302240748e+11,5.722433536e+10,5.304022461e+03,3.093616230e+10
660000,948.5822144,2.321881344e+09,1.241705600e+07,7.579180339e+11,3.288789484e+11,5.716596736e+10,5.092138184e+03,3.049711616e+10
661000,948.5822144,2.256457472e+09,1.201823300e+07,7.460936540e+11,3.275398840e+11,5.710777139e+10,4.888792969e+03,3.006441677e+10
662000,948.5822144,2.192902400e+09,1.163237300e+07,7.344643994e+11,3.262063247e+11,5.704953037e+10,4.693621582e+03,2.963808256e+10
663000,948.5822144,2.131157632e+09,1.125901000e+07,7.230243041e+11,3.248787620e+11,5.699134259e+10,4.506293457e+03,2.921778995e+10
664000,948.5822144,2.071171072e+09,1.089769400e+07,7.117689201e+11,3.235566387e+11,5.693332685e+10,4.326491211e+03,2.880368230e+10
665000,948.5822144,2.012876928e+09,1.054809300e+07,7.006992261e+11,3.222405120e+11,5.687536435e+10,4.153910156e+03,2.839544218e+10
666000,948.5822144,1.956249472e+09,1.020978600e+07,6.898080850e+11,3.209303491e+11,5.681747149e+10,3.988244873e+03,2.799309619e+10
667000,948.5822144,1.901226112e+09,9.882422000e+06,6.790951055e+11,3.196261171e+11,5.675962778e+10,3.829244141e+03,2.759665869e+10
668000,948.5822144,1.847768064e+09,9.565665000e+06,6.685572772e+11,3.183265710e+11,5.670184550e+10,3.676624756e+03,2.720594125e+10
669000,948.5822144,1.795826688e+09,9.259132000e+06,6.581917737e+11,3.170335457e+11,5.664412058e+10,3.530128662e+03,2.682075546e+10
670000,948.5822144,1.745358848e+09,8.962523000e+06,6.479931064e+11,3.157457306e+11,5.658656768e+10,3.389508545e+03,2.644122419e+10
671000,948.5822144,1.696318848e+09,8.675433000e+06,6.379599524e+11,3.144631583e+11,5.652895744e+10,3.254526855e+03,2.606716314e+10
672000,948.5822144,1.648679040e+09,8.397700000e+06,6.280916111e+11,3.131870085e+11,5.647152742e+10,3.124956543e+03,2.569849242e+10
673000,948.5822144,1.602386048e+09,8.128903000e+06,6.183834706e+11,3.119160361e+11,5.641414656e+10,3.000590576e+03,2.533513216e+10
674000,948.5822144,1.557404800e+09,7.868756500e+06,6.088322806e+11,3.106501755e+11,5.635681894e+10,2.881196045e+03,2.497700659e+10
675000,948.5822144,1.513700736e+09,7.617036000e+06,5.994359296e+11,3.093901148e+11,5.629966336e+10,2.766594482e+03,2.462403584e+10
676000,948.5822144,1.471234560e+09,7.373439000e+06,5.901937684e+11,3.081357558e+11,5.624245862e+10,2.656581543e+03,2.427623629e+10
677000,948.5822144,1.429972992e+09,7.137687000e+06,5.811011768e+11,3.068864430e+11,5.618530714e+10,2.550962891e+03,2.393335194e+10
678000,948.5822144,1.389871488e+09,6.909511500e+06,5.721544950e+11,3.056427663e+11,5.612832358e+10,2.449561768e+03,2.359540122e+10
679000,948.5822144,1.350915200e+09,6.688733000e+06,5.633545052e+11,3.044047258e+11,5.607140147e+10,2.352236572e+03,2.326239642e+10
680000,948.5822144,1.313058176e+09,6.475058000e+06,5.546957599e+11,3.031716987e+11,5.601452851e+10,2.258803955e+03,2.293409382e+10
681000,948.5822144,1.276267008e+09,6.268256500e+06,5.461788283e+11,3.019436524e+11,5.595772109e+10,2.169099121e+03,2.261051187e+10
682000,948.5822144,1.240525824e+09,6.068118500e+06,5.377993257e+11,3.007217664e+11,5.590107750e+10,2.082980469e+03,2.229166490e+10
683000,948.5822144,1.205787520e+09,5.874437500e+06,5.295552328e+11,2.995047629e+11,5.584438067e+10,2.000311768e+03,2.197731328e+10
684000,948.5822144,1.172033408e+09,5.686960000e+06,5.214439281e+11,2.982927401e+11,5.578785178e+10,1.920938232e+03,2.166755942e+10
685000,948.5822144,1.139236992e+09,5.505549500e+06,5.134635786e+11,2.970861568e+11,5.573127373e+10,1.844742676e+03,2.136225178e+10
686000,948.5822144,1.107364864e+09,5.329957000e+06,5.056136479e+11,2.958850458e+11,5.567496192e+10,1.771583130e+03,2.106133094e+10
687000,948.5822144,1.076392576e+09,5.160013500e+06,4.978892800e+11,2.946887844e+11,5.561849856e+10,1.701344238e+03,2.076464538e+10
688000,948.5822144,1.046298304e+09,4.995546000e+06,4.902910996e+11,2.934979297e+11,5.556230144e+10,1.633921387e+03,2.047229747e+10
689000,948.5822144,1.017047616e+09,4.836357500e+06,4.828143329e+11,2.923124163e+11,5.550605517e+10,1.569176514e+03,2.018414182e+10
690000,948.5822144,9.886277760e+08,4.682286000e+06,4.754587341e+11,2.911316869e+11,5.544997274e+10,1.507020020e+03,1.990011699e+10
691000,948.5822144,9.610076160e+08,4.533158000e+06,4.682214380e+11,2.899557417e+11,5.539384115e+10,1.447336670e+03,1.962016358e+10
692000,948.5822144,9.341680640e+08,4.388837500e+06,4.611014083e+11,2.887856620e+11,5.533787341e+10,1.390038330e+03,1.934422221e+10
693000,948.5822144,9.080832640e+08,4.249136500e+06,4.540956897e+11,2.876203008e+11,5.528195891e+10,1.335023438e+03,1.907230720e+10
694000,948.5822144,8.827352320e+08,4.113929500e+06,4.472041943e+11,2.864601825e+11,5.522610995e+10,1.282195801e+03,1.880421581e+10
695000,948.5822144,8.581011840e+08,3.983055000e+06,4.404216320e+11,2.853047501e+11,5.517030195e+10,1.231477417e+03,1.853996237e+10
696000,948.5822144,8.341626880e+08,3.856373000e+06,4.337496289e+11,2.841544950e+11,5.511467008e+10,1.182778931e+03,1.827956326e+10
697000,948.5822144,8.108966400e+08,3.733756250e+06,4.271838597e+11,2.830088929e+11,5.505909146e+10,1.136010254e+03,1.802281984e+10
698000,948.5822144,7.882869760e+08,3.615079250e+06,4.207248036e+11,2.818684355e+11,5.500345139e+10,1.091115845e+03,1.776975258e+10
699000,948.5822144,7.663136640e+08,3.500208000e+06,4.143685734e+11,2.807325983e+11,5.494798746e+10,1.048003906e+03,1.752037171e+10
700000,948.5822144,7.449584640e+08,3.389018750e+06,4.081156895e+11,2.796018729e+11,5.489256858e+10,1.006606689e+03,1.727449088e+10
701000,948.5822144,7.242052480e+08,3.281380750e+06,4.019621478e+11,2.784767508e+11,5.483731763e+10,9.668522339e+02,1.703218790e+10
702000,948.5822144,7.040355840e+08,3.177198000e+06,3.959078318e+11,2.773551022e+11,5.478201344e+10,9.286818848e+02,1.679335014e+10
703000,948.5822144,6.844302720e+08,3.076334250e+06,3.899496960e+11,2.762395156e+11,5.472677069e+10,8.920218506e+02,1.655786086e+10
704000,948.5822144,6.653799040e+08,2.978724000e+06,3.840888300e+11,2.751279268e+11,5.467168358e+10,8.568253784e+02,1.632579994e+10
705000,948.5822144,6.468621440e+08,2.884227250e+06,3.783203697e+11,2.740213187e+11,5.461664973e+10,8.230270386e+02,1.609705062e+10
706000,948.5822144,6.288680320e+08,2.792755000e+06,3.726453801e+11,2.729196913e+11,5.456167731e+10,7.905710449e+02,1.587156685e+10
707000,948.5822144,6.113758080e+08,2.704204000e+06,3.670610022e+11,2.718225203e+11,5.450675405e+10,7.594006958e+02,1.564924211e+10
708000,948.5822144,5.943769600e+08,2.618491250e+06,3.615657615e+11,2.707307725e+11,5.445189632e+10,7.294703979e+02,1.543015014e+10
709000,948.5822144,5.778549760e+08,2.535514250e+06,3.561581855e+11,2.696428749e+11,5.439718605e+10,7.007250977e+02,1.521418342e+10
710000,948.5822144,5.617955840e+08,2.455181000e+06,3.508374671e+11,2.685604004e+11,5.434242662e+10,6.731203003e+02,1.500129587e+10
711000,948.5822144,5.461898240e+08,2.377433750e+06,3.456022282e+11,2.674817434e+11,5.428783923e+10,6.466152954e+02,1.479150080e+10
712000,948.5822144,5.310205760e+08,2.302152750e+06,3.404497203e+11,2.664084439e+11,5.423319040e+10,6.211563110e+02,1.458463949e+10
713000,948.5822144,5.162755200e+08,2.229285500e+06,3.353798963e+11,2.653394371e+11,5.417880781e+10,5.967087402e+02,1.438072525e+10
714000,948.5822144,5.019447680e+08,2.158744750e+06,3.303919616e+11,2.642747556e+11,5.412437197e+10,5.732278442e+02,1.417971712e+10
715000,948.5822144,4.880154880e+08,2.090452375e+06,3.254821704e+11,2.632148091e+11,5.406999757e+10,5.506793823e+02,1.398157312e+10
716000,948.5822144,4.744764160e+08,2.024335875e+06,3.206515814e+11,2.621596140e+11,5.401577882e+10,5.290219116e+02,1.378630042e+10
717000,948.5822144,4.613164160e+08,1.960332750e+06,3.158977823e+11,2.611086623e+11,5.396151091e+10,5.082238770e+02,1.359375565e+10
718000,948.5822144,4.485257280e+08,1.898366000e+06,3.112195154e+11,2.600624456e+11,5.390739866e+10,4.882472534e+02,1.340395315e+10
719000,948.5822144,4.360930240e+08,1.838377500e+06,3.066155500e+11,2.590208655e+11,5.385333965e+10,4.690629578e+02,1.321689907e+10
720000,948.5822144,4.240081600e+08,1.780298000e+06,3.020846223e+11,2.579834798e+11,5.379934208e+10,4.506359558e+02,1.303245824e+10
721000,948.5822144,4.122621120e+08,1.724076500e+06,2.976266076e+11,2.569502720e+11,5.374539366e+10,4.329394836e+02,1.285068698e+10
722000,948.5822144,4.008422400e+08,1.669636750e+06,2.932392735e+11,2.559221432e+11,5.369149850e+10,4.159394531e+02,1.267145216e+10
723000,948.5822144,3.897446400e+08,1.616937750e+06,2.889214771e+11,2.548981596e+11,5.363776307e+10,3.996146545e+02,1.249481114e+10
724000,948.5822144,3.789557120e+08,1.565913875e+06,2.846721044e+11,2.538787308e+11,5.358397850e+10,3.839334717e+02,1.232067994e+10
725000,948.5822144,3.684690240e+08,1.516511750e+06,2.804904632e+11,2.528633815e+11,5.353034138e+10,3.688718262e+02,1.214897562e+10
726000,948.5822144,3.582758400e+08,1.468685000e+06,2.763749847e+11,2.518525706e+11,5.347676979e+10,3.544065247e+02,1.197975654e+10
727000,948.5822144,3.483660480e+08,1.422374625e+06,2.723250442e+11,2.508458230e+11,5.342324326e+10,3.405110168e+02,1.181293875e+10
728000,948.5822144,3.387335680e+08,1.377537750e+06,2.683386634e+11,2.498435482e+11,5.336977818e+10,3.271640625e+02,1.164844442e+10
729000,948.5822144,3.293705920e+08,1.334132125e+06,2.644162007e+11,2.488453202e+11,5.331646054e+10,3.143439026e+02,1.148637082e+10
730000,948.5822144,3.202682240e+08,1.292101375e+06,2.605551636e+11,2.478515159e+11,5.326310195e+10,3.020307007e+02,1.132651008e+10
731000,948.5822144,3.114203520e+08,1.251404375e+06,2.567556239e+11,2.468616929e+11,5.320989491e+10,2.902009277e+02,1.116895846e+10
732000,948.5822144,3.028192640e+08,1.212003250e+06,2.530163794e+11,2.458767688e+11,5.315674112e+10,2.788387451e+02,1.101364224e+10
733000,948.5822144,2.944585280e+08,1.173856000e+06,2.493360886e+11,2.448957604e+11,5.310364058e+10,2.679244995e+02,1.086052659e+10
734000,948.5822144,2.863297280e+08,1.136913750e+06,2.457134121e+11,2.439186514e+11,5.305059328e+10,2.574403687e+02,1.070957978e+10
735000,948.5822144,2.784279680e+08,1.101144500e+06,2.421481144e+11,2.429459497e+11,5.299759923e+10,2.473693695e+02,1.056077107e+10
736000,948.5822144,2.707463680e+08,1.066515125e+06,2.386398556e+11,2.419775406e+11,5.294475674e+10,2.376950378e+02,1.041407078e+10
737000,948.5822144,2.632791680e+08,1.032980500e+06,2.351863398e+11,2.410130145e+11,5.289186918e+10,2.284008179e+02,1.026948608e+10
738000,948.5822144,2.560193920e+08,1.000511688e+06,2.317875200e+11,2.400527811e+11,5.283912909e+10,2.194733582e+02,1.012690944e+10
739000,948.5822144,2.489621920e+08,9.690691875e+05,2.284416901e+11,2.390963978e+11,5.278644634e+10,2.108964539e+02,9.986349056e+09
740000,948.5822144,2.421013600e+08,9.386254375e+05,2.251492454e+11,2.381442417e+11,5.273371443e+10,2.026578217e+02,9.847778304e+09
741000,948.5822144,2.354314080e+08,9.091450000e+05,2.219084308e+11,2.371963617e+11,5.268123648e+10,1.947432556e+02,9.711165440e+09
742000,948.5822144,2.289473760e+08,8.805989375e+05,2.187185439e+11,2.362527089e+11,5.262871347e+10,1.871392059e+02,9.576522752e+09
743000,948.5822144,2.226436320e+08,8.529589375e+05,2.155785830e+11,2.353123492e+11,5.257623962e+10,1.798341370e+02,9.443746816e+09
744000,948.5822144,2.165151040e+08,8.261912500e+05,2.124882698e+11,2.343766262e+11,5.252392141e+10,1.728175201e+02,9.312882688e+09
745000,948.5822144,2.105564640e+08,8.002712500e+05,2.094462792e+11,2.334441636e+11,5.247164826e+10,1.660753021e+02,9.183831040e+09
746000,948.5822144,2.047637760e+08,7.751732500e+05,2.064522813e+11,2.325163049e+11,5.241943245e+10,1.595979614e+02,9.056603136e+09
747000,948.5822144,1.991319680e+08,7.508652500e+05,2.035047834e+11,2.315921490e+11,5.236726989e+10,1.533749847e+02,8.931206144e+09
748000,948.5822144,1.936561600e+08,7.273278125e+05,2.006037074e+11,2.306716467e+11,5.231515648e+10,1.473957825e+02,8.807544832e+09
749000,948.5822144,1.883327200e+08,7.045363125e+05,1.977483469e+11,2.297556828e+11,5.226309632e+10,1.416529388e+02,8.685662208e+09
750000,948.5822144,1.831573760e+08,6.824654375e+05,1.949375201e+11,2.288433725e+11,5.221118362e+10,1.361338196e+02,8.565465088e+09
751000,948.5822144,1.781252480e+08,6.610873125e+05,1.921706045e+11,2.279346831e+11,5.215922995e+10,1.308317413e+02,8.446997504e+09
752000,948.5822144,1.732323840e+08,6.403886250e+05,1.894468833e+11,2.270304666e+11,5.210742374e+10,1.257376099e+02,8.330167808e+09
753000,948.5822144,1.684761760e+08,6.203426875e+05,1.867662356e+11,2.261293957e+11,5.205566669e+10,1.208427505e+02,8.215016960e+09
754000,948.5822144,1.638514880e+08,6.009288125e+05,1.841266668e+11,2.252327649e+11,5.200396698e+10,1.161402130e+02,8.101488128e+09
755000,948.5822144,1.593546400e+08,5.821269375e+05,1.815288771e+11,2.243392471e+11,5.195231642e+10,1.116215286e+02,7.989528576e+09
756000,948.5822144,1.549829920e+08,5.639209375e+05,1.789715108e+11,2.234501366e+11,5.190081331e+10,1.072802887e+02,7.879176192e+09
757000,948.5822144,1.507321440e+08,5.462895625e+05,1.764542177e+11,2.225645650e+11,5.184926106e+10,1.031094513e+02,7.770377216e+09
758000,948.5822144,1.465989920e+08,5.292113750e+05,1.739756954e+11,2.216824832e+11,5.179785626e+10,9.910077667e+01,7.663110656e+09
759000,948.5822144,1.425802560e+08,5.126739688e+05,1.715363430e+11,2.208043500e+11,5.174651290e+10,9.524976349e+01,7.557353472e+09
760000,948.5822144,1.386727680e+08,4.966571250e+05,1.691345121e+11,2.199300833e+11,5.169521459e+10,9.154946136e+01,7.453084160e+09
761000,948.5822144,1.348733760e+08,4.811444062e+05,1.667699261e+11,2.190592737e+11,5.164396954e+10,8.799356842e+01,7.350253568e+09
762000,948.5822144,1.311793440e+08,4.661196875e+05,1.644423291e+11,2.181923308e+11,5.159277363e+10,8.457643890e+01,7.248897024e+09
763000,948.5822144,1.275874560e+08,4.515710625e+05,1.621511148e+11,2.173292544e+11,5.154162278e+10,8.129324341e+01,7.148964864e+09
764000,948.5822144,1.240948640e+08,4.374773750e+05,1.598953124e+11,2.164695859e+11,5.149063168e+10,7.813839722e+01,7.050437632e+09
765000,948.5822144,1.206985760e+08,4.238292188e+05,1.576743813e+11,2.156133089e+11,5.143958323e+10,7.510713959e+01,6.953295360e+09
766000,948.5822144,1.173965760e+08,4.106091875e+05,1.554878525e+11,2.147612590e+11,5.138868634e+10,7.219374847e+01,6.857517056e+09
767000,948.5822144,1.141853440e+08,3.978053125e+05,1.533353882e+11,2.139125350e+11,5.133784269e+10,6.939441681e+01,6.763084288e+09
768000,948.5822144,1.110630080e+08,3.854051250e+05,1.512161260e+11,2.130672026e+11,5.128705229e+10,6.670439911e+01,6.669977088e+09
769000,948.5822144,1.080270960e+08,3.733935938e+05,1.491296399e+11,2.122256056e+11,5.123630285e+10,6.411914825e+01,6.578177024e+09
770000,948.5822144,1.050747680e+08,3.617605312e+05,1.470755348e+11,2.113873183e+11,5.118570906e+10,6.163502884e+01,6.487664640e+09
771000,948.5822144,1.022040880e+08,3.504925938e+05,1.450531021e+11,2.105531597e+11,5.113506611e+10,5.924760818e+01,6.398422528e+09
772000,948.5822144,9.941222400e+07,3.395775625e+05,1.430617989e+11,2.097222943e+11,5.108456653e+10,5.695330811e+01,6.310432256e+09
773000,948.5822144,9.669791200e+07,3.290080938e+05,1.411014083e+11,2.088947057e+11,5.103412019e+10,5.474890518e+01,6.223699456e+09
774000,948.5822144,9.405807200e+07,3.187675938e+05,1.391711805e+11,2.080707707e+11,5.098372301e+10,5.262961960e+01,6.138158080e+09
775000,948.5822144,9.149117600e+07,3.088505938e+05,1.372708557e+11,2.072504893e+11,5.093337088e+10,5.059333038e+01,6.053815808e+09
776000,948.5822144,8.899483200e+07,2.992431875e+05,1.353992561e+11,2.064330424e+11,5.088307610e+10,4.863639450e+01,5.970655232e+09
777000,948.5822144,8.656742400e+07,2.899380000e+05,1.335570493e+11,2.056196260e+11,5.083292877e+10,4.675585556e+01,5.888659456e+09
778000,948.5822144,8.420672000e+07,2.809243125e+05,1.317429187e+11,2.048093716e+11,5.078272410e+10,4.494820404e+01,5.807812096e+09
779000,948.5822144,8.191116800e+07,2.721939375e+05,1.299568005e+11,2.040027382e+11,5.073267507e+10,4.321126175e+01,5.728096256e+09
780000,948.5822144,7.967880000e+07,2.637369062e+05,1.281980600e+11,2.031992832e+11,5.068267110e+10,4.154144287e+01,5.649518080e+09
781000,948.5822144,7.750785600e+07,2.555455312e+05,1.264663962e+11,2.023997276e+11,5.063271629e+10,3.993706131e+01,5.572018176e+09
782000,948.5822144,7.539680800e+07,2.476095312e+05,1.247610778e+11,2.016033669e+11,5.058281882e+10,3.839464951e+01,5.495601664e+09
783000,948.5822144,7.334365600e+07,2.399227500e+05,1.230818304e+11,2.008101028e+11,5.053296230e+10,3.691236115e+01,5.420275200e+09
784000,948.5822144,7.134696000e+07,2.324772188e+05,1.214286377e+11,2.000199516e+11,5.048324915e+10,3.548784637e+01,5.345980416e+09
785000,948.5822144,6.940528000e+07,2.252645000e+05,1.198006538e+11,1.992333230e+11,5.043349504e+10,3.411869812e+01,5.272744448e+09
786000,948.5822144,6.751684000e+07,2.182763906e+05,1.181974876e+11,1.984505283e+11,5.038388429e+10,3.280236816e+01,5.200511488e+09
787000,948.5822144,6.568040000e+07,2.115074688e+05,1.166187930e+11,1.976704205e+11,5.033431450e+10,3.153766441e+01,5.129288192e+09
788000,948.5822144,6.389416000e+07,2.049500312e+05,1.150641521e+11,1.968941629e+11,5.028480614e+10,3.032161331e+01,5.059059712e+09
789000,948.5822144,6.215720800e+07,1.985989062e+05,1.135333417e+11,1.961205596e+11,5.023533875e+10,2.915300179e+01,4.989830144e+09
790000,948.5822144,6.046794000e+07,1.924453594e+05,1.120259707e+11,1.953499873e+11,5.018592051e+10,2.802964592e+01,4.921548288e+09
791000,948.5822144,5.882490800e+07,1.864838750e+05,1.105412076e+11,1.945831834e+11,5.013664563e+10,2.694988251e+01,4.854237696e+09
792000,948.5822144,5.722707200e+07,1.807091562e+05,1.090794476e+11,1.938197709e+11,5.008732570e+10,2.591211128e+01,4.787847680e+09
793000,948.5822144,5.567295600e+07,1.751145625e+05,1.076395766e+11,1.930593567e+11,5.003815322e+10,2.491439629e+01,4.722384896e+09
794000,948.5822144,5.416166400e+07,1.696951406e+05,1.062218875e+11,1.923023012e+11,4.998902579e+10,2.395564461e+01,4.657851392e+09
795000,948.5822144,5.269160400e+07,1.644440469e+05,1.048255754e+11,1.915481948e+11,4.993994342e+10,2.303378868e+01,4.594200064e+09
796000,948.5822144,5.126192800e+07,1.593572656e+05,1.034505277e+11,1.907970376e+11,4.989091840e+10,2.214765930e+01,4.531452928e+09
797000,948.5822144,4.987142000e+07,1.544296250e+05,1.020962263e+11,1.900495667e+11,4.984202854e+10,2.129594803e+01,4.469562880e+09
798000,948.5822144,4.851900400e+07,1.496549219e+05,1.007625728e+11,1.893046682e+11,4.979309363e+10,2.047722244e+01,4.408551936e+09
799000,948.5822144,4.720362800e+07,1.450295000e+05,9.944901837e+10,1.885634068e+11,4.974430208e+10,1.969012451e+01,4.348374016e+09
800000,948.5822144,4.592425200e+07,1.405481094e+05,9.815534592e+10,1.878246851e+11,4.969546138e+10,1.893349457e+01,4.289050112e+09
801000,948.5822144,4.467990400e+07,1.362067500e+05,9.688128102e+10,1.870895677e+11,4.964676813e+10,1.820615005e+01,4.230534912e+09
802000,948.5822144,4.346960000e+07,1.320005000e+05,9.562627891e+10,1.863573340e+11,4.959811584e+10,1.750701141e+01,4.172850176e+09
803000,948.5822144,4.229240400e+07,1.279251250e+05,9.439030682e+10,1.856283116e+11,4.954951680e+10,1.683478737e+01,4.115952640e+09
804000,948.5822144,4.114732000e+07,1.239765000e+05,9.317309440e+10,1.849021399e+11,4.950105702e+10,1.618862343e+01,4.059861504e+09
805000,948.5822144,4.003377600e+07,1.201511562e+05,9.197418906e+10,1.841791959e+11,4.945254810e+10,1.556749630e+01,4.004534784e+09
806000,948.5822144,3.895051200e+07,1.164447109e+05,9.079327130e+10,1.834590208e+11,4.940418662e+10,1.497020054e+01,3.949991936e+09
807000,948.5822144,3.789685600e+07,1.128539062e+05,8.963023258e+10,1.827424010e+11,4.935587021e+10,1.439609623e+01,3.896206848e+09
808000,948.5822144,3.687204800e+07,1.093746641e+05,8.848443597e+10,1.820285665e+11,4.930759885e+10,1.384411621e+01,3.843154176e+09
809000,948.5822144,3.587509600e+07,1.060030938e+05,8.735595930e+10,1.813175173e+11,4.925937664e+10,1.331345272e+01,3.790853120e+09
810000,948.5822144,3.490542800e+07,1.027366250e+05,8.624434995e+10,1.806092534e+11,4.921120358e+10,1.280327511e+01,3.739263744e+09
811000,948.5822144,3.396222800e+07,9.957156250e+04,8.514941952e+10,1.799044301e+11,4.916307149e+10,1.231274223e+01,3.688390144e+09
812000,948.5822144,3.304483200e+07,9.650512500e+04,8.407090790e+10,1.792023757e+11,4.911499264e+10,1.184118462e+01,3.638236928e+09
813000,948.5822144,3.215233800e+07,9.353383594e+04,8.300844237e+10,1.785030574e+11,4.906705306e+10,1.138777256e+01,3.588779008e+09
814000,948.5822144,3.128436800e+07,9.065507031e+04,8.196202906e+10,1.778067866e+11,4.901915853e+10,1.095189095e+01,3.539993600e+09
815000,948.5822144,3.043994600e+07,8.786556250e+04,8.093123379e+10,1.771132355e+11,4.897131315e+10,1.053285122e+01,3.491897856e+09
816000,948.5822144,2.961853800e+07,8.516255469e+04,7.991571661e+10,1.764227318e+11,4.892351283e+10,1.012984753e+01,3.444468992e+09
817000,948.5822144,2.881957400e+07,8.254332031e+04,7.891547136e+10,1.757356196e+11,4.887575757e+10,9.742447853e+00,3.397683968e+09
818000,948.5822144,2.804232400e+07,8.000556250e+04,7.792995942e+10,1.750508175e+11,4.882805146e+10,9.369935989e+00,3.351560448e+09
819000,948.5822144,2.728619000e+07,7.754612500e+04,7.695919923e+10,1.743690138e+11,4.878048461e+10,9.011734962e+00,3.306062592e+09
820000,948.5822144,2.655080000e+07,7.516342188e+04,7.600281190e+10,1.736895529e+11,4.873286861e+10,8.667327881e+00,3.261207296e+09
821000,948.5822144,2.583527800e+07,7.285396094e+04,7.506062336e+10,1.730137129e+11,4.868539187e+10,8.336209297e+00,3.216966912e+09
822000,948.5822144,2.513937400e+07,7.061678125e+04,7.413248819e+10,1.723405271e+11,4.863796429e+10,8.017802238e+00,3.173338880e+09
823000,948.5822144,2.446226200e+07,6.844857031e+04,7.321806848e+10,1.716699464e+11,4.859058176e+10,7.711645126e+00,3.130320128e+09
824000,948.5822144,2.380361400e+07,6.634743750e+04,7.231715942e+10,1.710019707e+11,4.854324838e+10,7.417234898e+00,3.087884800e+09
825000,948.5822144,2.316292400e+07,6.431129688e+04,7.142963610e+10,1.703372554e+11,4.849605427e+10,7.134201527e+00,3.046047744e+09
826000,948.5822144,2.253956000e+07,6.233834766e+04,7.055515238e+10,1.696750961e+11,4.844880691e+10,6.861993790e+00,3.004777728e+09
827000,948.5822144,2.193326800e+07,6.042639062e+04,6.969371648e+10,1.690155418e+11,4.840170291e+10,6.600272655e+00,2.964089344e+09
828000,948.5822144,2.134332400e+07,5.857375391e+04,6.884487168e+10,1.683591823e+11,4.835464397e+10,6.348582745e+00,2.923957504e+09
829000,948.5822144,2.076948600e+07,5.677812109e+04,6.800857907e+10,1.677047235e+11,4.830763008e+10,6.106583595e+00,2.884380160e+09
830000,948.5822144,2.021119200e+07,5.503816797e+04,6.718458470e+10,1.670537544e+11,4.826056704e+10,5.873831272e+00,2.845354496e+09
831000,948.5822144,1.966805600e+07,5.335194531e+04,6.637268992e+10,1.664053576e+11,4.821373338e+10,5.650036812e+00,2.806857216e+09
832000,948.5822144,1.913966000e+07,5.171797656e+04,6.557270221e+10,1.657594348e+11,4.816685875e+10,5.434831142e+00,2.768901888e+09
833000,948.5822144,1.862560400e+07,5.013423828e+04,6.478453760e+10,1.651160351e+11,4.812002918e+10,5.227842808e+00,2.731459584e+09
834000,948.5822144,1.812556000e+07,4.859974219e+04,6.400786637e+10,1.644760760e+11,4.807333478e+10,5.028832436e+00,2.694544384e+09
835000,948.5822144,1.763894200e+07,4.711239453e+04,6.324256154e+10,1.638379684e+11,4.802668544e+10,4.837435722e+00,2.658128128e+09
836000,948.5822144,1.716565000e+07,4.567091016e+04,6.248847565e+10,1.632029573e+11,4.798008115e+10,4.653394699e+00,2.622223360e+09
837000,948.5822144,1.670512000e+07,4.427403516e+04,6.174544077e+10,1.625704366e+11,4.793352602e+10,4.476388931e+00,2.586809344e+09
838000,948.5822144,1.625703900e+07,4.292021875e+04,6.101319885e+10,1.619403080e+11,4.788700774e+10,4.306149960e+00,2.551883264e+09
839000,948.5822144,1.582112900e+07,4.160811328e+04,6.029154099e+10,1.613132923e+11,4.784054272e+10,4.142431736e+00,2.517432832e+09
840000,948.5822144,1.539699300e+07,4.033658203e+04,5.958053069e+10,1.606886851e+11,4.779421286e+10,3.984999180e+00,2.483462400e+09
841000,948.5822144,1.498440100e+07,3.910420703e+04,5.887982387e+10,1.600664863e+11,4.774783386e+10,3.833579302e+00,2.449964032e+09
842000,948.5822144,1.458294800e+07,3.790977344e+04,5.818939802e+10,1.594469908e+11,4.770159002e+10,3.687968969e+00,2.416922368e+09
843000,948.5822144,1.419230500e+07,3.675210547e+04,5.750890291e+10,1.588299203e+11,4.765539533e+10,3.547889471e+00,2.384331008e+09
844000,948.5822144,1.381231000e+07,3.563019531e+04,5.683826688e+10,1.582155203e+11,4.760924160e+10,3.413195848e+00,2.352192000e+09
845000,948.5822144,1.344259200e+07,3.454279688e+04,5.617736499e+10,1.576038236e+11,4.756313293e+10,3.283665419e+00,2.320495360e+09
846000,948.5822144,1.308279600e+07,3.348883984e+04,5.552597402e+10,1.569944699e+11,4.751706522e+10,3.159050941e+00,2.289230336e+09
847000,948.5822144,1.273277500e+07,3.246741406e+04,5.488405709e+10,1.563877704e+11,4.747114086e+10,3.039211988e+00,2.258403840e+09
848000,948.5822144,1.239219000e+07,3.147726172e+04,5.425142784e+10,1.557834138e+11,4.742516736e+10,2.923952579e+00,2.227992064e+09
849000,948.5822144,1.206080800e+07,3.051765039e+04,5.362784051e+10,1.551820063e+11,4.737932902e+10,2.813085794e+00,2.198002688e+09
850000,948.5822144,1.173842100e+07,2.958752539e+04,5.301325005e+10,1.545826140e+11,4.733353165e+10,2.706474066e+00,2.168424960e+09
851000,948.5822144,1.142471500e+07,2.868607227e+04,5.240755200e+10,1.539858268e+11,4.728778342e+10,2.603912830e+00,2.139253888e+09
852000,948.5822144,1.111943800e+07,2.781219531e+04,5.181057843e+10,1.533916283e+11,4.724208026e+10,2.505257368e+00,2.110482944e+09
853000,948.5822144,1.082244100e+07,2.696524805e+04,5.122202624e+10,1.527997399e+11,4.719641395e+10,2.410385609e+00,2.082103168e+09
854000,948.5822144,1.053345700e+07,2.614438672e+04,5.064208998e+10,1.522101289e+11,4.715088282e+10,2.319124222e+00,2.054116480e+09
855000,948.5822144,1.025224800e+07,2.534871094e+04,5.007047066e+10,1.516233687e+11,4.710531072e+10,2.231343746e+00,2.026513920e+09
856000,948.5822144,9.978622000e+06,2.457734180e+04,4.950682624e+10,1.510388531e+11,4.705987379e+10,2.146910191e+00,1.999285888e+09
857000,948.5822144,9.712374000e+06,2.382972070e+04,4.895140250e+10,1.504566149e+11,4.701447373e+10,2.065687656e+00,1.972435072e+09
858000,948.5822144,9.453302000e+06,2.310501953e+04,4.840372838e+10,1.498768998e+11,4.696912282e+10,1.987553000e+00,1.945948672e+09
859000,948.5822144,9.201228000e+06,2.240252344e+04,4.786408858e+10,1.492997243e+11,4.692381286e+10,1.912402987e+00,1.919828736e+09
860000,948.5822144,8.955910000e+06,2.172163867e+04,4.733187277e+10,1.487244493e+11,4.687854797e+10,1.840122342e+00,1.894063232e+09
861000,948.5822144,8.717216000e+06,2.106160938e+04,4.680740864e+10,1.481519759e+11,4.683341824e+10,1.770580411e+00,1.868654080e+09
862000,948.5822144,8.484947000e+06,2.042178906e+04,4.629026304e+10,1.475819766e+11,4.678823936e+10,1.703686237e+00,1.843589376e+09
863000,948.5822144,8.258915500e+06,1.980155859e+04,4.578054758e+10,1.470141891e+11,4.674319155e+10,1.639331698e+00,1.818867712e+09
864000,948.5822144,8.038996500e+06,1.920038086e+04,4.527799603e+10,1.464483021e+11,4.669819290e+10,1.577438354e+00,1.794487808e+09
865000,948.5822144,7.824978500e+06,1.861767188e+04,4.478261862e+10,1.458851348e+11,4.665323520e+10,1.517893314e+00,1.770438272e+09
866000,948.5822144,7.616702500e+06,1.805271680e+04,4.429412045e+10,1.453247037e+11,4.660831846e+10,1.460612535e+00,1.746720896e+09
867000,948.5822144,7.414012000e+06,1.750503711e+04,4.381251584e+10,1.447658783e+11,4.656344269e+10,1.405504346e+00,1.723321216e+09
868000,948.5822144,7.216797500e+06,1.697416797e+04,4.333775872e+10,1.442097234e+11,4.651870618e+10,1.352485538e+00,1.700244864e+09
869000,948.5822144,7.024883000e+06,1.645952148e+04,4.286963302e+10,1.436557312e+11,4.647392051e+10,1.301486611e+00,1.677487104e+09
870000,948.5822144,6.838098000e+06,1.596060254e+04,4.240812749e+10,1.431038689e+11,4.642926592e+10,1.252424955e+00,1.655036928e+09
871000,948.5822144,6.656356000e+06,1.547692480e+04,4.195307110e+10,1.425546445e+11,4.638465638e+10,1.205222011e+00,1.632893568e+09
872000,948.5822144,6.479481000e+06,1.500807617e+04,4.150440038e+10,1.420075500e+11,4.633999770e+10,1.159811497e+00,1.611055616e+09
873000,948.5822144,6.307354500e+06,1.455354102e+04,4.106199142e+10,1.414625526e+11,4.629555610e+10,1.116128922e+00,1.589512832e+09
874000,948.5822144,6.139847000e+06,1.411288086e+04,4.062567014e+10,1.409199145e+11,4.625107763e+10,1.074099779e+00,1.568261120e+09
875000,948.5822144,5.976822000e+06,1.368566797e+04,4.019552563e+10,1.403793572e+11,4.620664013e+10,1.033661127e+00,1.547299456e+09
876000,948.5822144,5.818170500e+06,1.327148730e+04,3.977129882e+10,1.398411264e+11,4.616232960e+10,9.947602749e-01,1.526626560e+09
877000,948.5822144,5.663795000e+06,1.286998828e+04,3.935303066e+10,1.393055171e+11,4.611797402e+10,9.573268890e-01,1.506235648e+09
878000,948.5822144,5.513525500e+06,1.248073145e+04,3.894058701e+10,1.387714150e+11,4.607374950e+10,9.213163257e-01,1.486122880e+09
879000,948.5822144,5.367305000e+06,1.210338672e+04,3.853386138e+10,1.382398853e+11,4.602957005e+10,8.866704106e-01,1.466284288e+09
880000,948.5822144,5.225002500e+06,1.173749512e+04,3.813275238e+10,1.377103872e+11,4.598542746e+10,8.533339500e-01,1.446715904e+09
881000,948.5822144,5.086491500e+06,1.138275195e+04,3.773709107e+10,1.371831992e+11,4.594142003e+10,8.212601542e-01,1.427408896e+09
882000,948.5822144,4.951709500e+06,1.103885547e+04,3.734699213e+10,1.366580019e+11,4.589736755e+10,7.904009819e-01,1.408370048e+09
883000,948.5822144,4.820526500e+06,1.070547266e+04,3.696226611e+10,1.361350902e+11,4.585334784e+10,7.607129216e-01,1.389590400e+09
884000,948.5822144,4.692845500e+06,1.038219727e+04,3.658281062e+10,1.356146934e+11,4.580946739e+10,7.321456075e-01,1.371066624e+09
885000,948.5822144,4.568590000e+06,1.006879980e+04,3.620856422e+10,1.350957793e+11,4.576562790e+10,7.046564221e-01,1.352792320e+09
886000,948.5822144,4.447649500e+06,9.764898438e+03,3.583943168e+10,1.345793556e+11,4.572182938e+10,6.782045364e-01,1.334766464e+09
887000,948.5822144,4.329952500e+06,9.470278320e+03,3.547544781e+10,1.340649144e+11,4.567807590e+10,6.527555585e-01,1.316988544e+09
888000,948.5822144,4.215402000e+06,9.184619141e+03,3.511632486e+10,1.335524229e+11,4.563435110e+10,6.282711625e-01,1.299447552e+09
889000,948.5822144,4.103913500e+06,8.907675781e+03,3.476220416e+10,1.330424136e+11,4.559067955e+10,6.047074795e-01,1.282149760e+09
890000,948.5822144,3.995388500e+06,8.639150391e+03,3.441285939e+10,1.325343457e+11,4.554713907e+10,5.820342302e-01,1.265084672e+09
891000,948.5822144,3.889778500e+06,8.378750977e+03,3.406821581e+10,1.320282194e+11,4.550354534e+10,5.602195263e-01,1.248251392e+09
892000,948.5822144,3.786973750e+06,8.126294434e+03,3.372835226e+10,1.315242803e+11,4.546008678e+10,5.392225385e-01,1.231646848e+09
893000,948.5822144,3.686914750e+06,7.881534668e+03,3.339301990e+10,1.310222664e+11,4.541666509e+10,5.190244317e-01,1.215267712e+09
894000,948.5822144,3.589540250e+06,7.644175781e+03,3.306227917e+10,1.305224069e+11,4.537328435e+10,4.995847344e-01,1.199108864e+09
895000,948.5822144,3.494757750e+06,7.414049316e+03,3.273599898e+10,1.300247020e+11,4.532994867e+10,4.808786809e-01,1.183173888e+09
896000,948.5822144,3.402504000e+06,7.190935059e+03,3.241411072e+10,1.295289057e+11,4.528665395e+10,4.628800750e-01,1.167450624e+09
897000,948.5822144,3.312697750e+06,6.974560059e+03,3.209661235e+10,1.290352394e+11,4.524348621e+10,4.455551803e-01,1.151942784e+09
898000,948.5822144,3.225299000e+06,6.764747559e+03,3.178330931e+10,1.285436948e+11,4.520027341e+10,4.288868606e-01,1.136645504e+09
899000,948.5822144,3.140218500e+06,6.561296875e+03,3.147420058e+10,1.280540426e+11,4.515718349e+10,4.128468633e-01,1.121553280e+09
900000,948.5822144,3.057405000e+06,6.364037598e+03,3.116931891e+10,1.275659960e+11,4.511413862e+10,3.974082172e-01,1.106665856e+09
901000,948.5822144,2.976809750e+06,6.172756348e+03,3.086847488e+10,1.270802924e+11,4.507113472e+10,3.825513422e-01,1.091982336e+09
902000,948.5822144,2.898350250e+06,5.987269531e+03,3.057164083e+10,1.265966940e+11,4.502817587e+10,3.682554662e-01,1.077495424e+09
903000,948.5822144,2.821991000e+06,5.807423828e+03,3.027878093e+10,1.261149225e+11,4.498525389e+10,3.544979095e-01,1.063207040e+09
904000,948.5822144,2.747654000e+06,5.633022461e+03,2.998981018e+10,1.256352236e+11,4.494245478e+10,3.412569165e-01,1.049110016e+09
905000,948.5822144,2.675305500e+06,5.463900879e+03,2.970469478e+10,1.251573514e+11,4.489961882e+10,3.285129964e-01,1.035203904e+09
906000,948.5822144,2.604862000e+06,5.299876465e+03,2.942335181e+10,1.246813061e+11,4.485690573e+10,3.162485957e-01,1.021486016e+09
907000,948.5822144,2.536303000e+06,5.140854492e+03,2.914572083e+10,1.242075464e+11,4.481423360e+10,3.044455349e-01,1.007953600e+09
908000,948.5822144,2.469566750e+06,4.986642090e+03,2.887177728e+10,1.237355643e+11,4.477159834e+10,2.930863500e-01,9.946044800e+08
909000,948.5822144,2.404604750e+06,4.837074219e+03,2.860146586e+10,1.232654008e+11,4.472900403e+10,2.821542323e-01,9.814357760e+08
910000,948.5822144,2.341369750e+06,4.692045898e+03,2.833467494e+10,1.227972444e+11,4.468645478e+10,2.716329694e-01,9.684451200e+08
911000,948.5822144,2.279815000e+06,4.551400879e+03,2.807140864e+10,1.223308739e+11,4.464394650e+10,2.615060508e-01,9.556300800e+08
912000,948.5822144,2.219886750e+06,4.415022461e+03,2.781160858e+10,1.218664940e+11,4.460156109e+10,2.517605424e-01,9.429864320e+08
913000,948.5822144,2.161550500e+06,4.282730469e+03,2.755515085e+10,1.214041211e+11,4.455913062e+10,2.423781604e-01,9.305135360e+08
914000,948.5822144,2.104779500e+06,4.154465332e+03,2.730211021e+10,1.209435013e+11,4.451682304e+10,2.333499342e-01,9.182110080e+08
915000,948.5822144,2.049491500e+06,4.030072510e+03,2.705236070e+10,1.204848476e+11,4.447456051e+10,2.246588320e-01,9.060727680e+08
916000,948.5822144,1.995678750e+06,3.909434570e+03,2.680585216e+10,1.200277094e+11,4.443233894e+10,2.162947208e-01,8.940984320e+08
917000,948.5822144,1.943308625e+06,3.792450928e+03,2.656253645e+10,1.195727667e+11,4.439015014e+10,2.082452029e-01,8.822874240e+08
918000,948.5822144,1.892305500e+06,3.678981689e+03,2.632241664e+10,1.191197655e+11,4.434801050e+10,2.004959881e-01,8.706340480e+08
919000,948.5822144,1.842662000e+06,3.568935059e+03,2.608534835e+10,1.186685010e+11,4.430598963e+10,1.930373758e-01,8.591378560e+08
920000,948.5822144,1.794334750e+06,3.462219482e+03,2.585140122e+10,1.182189322e+11,4.426400563e+10,1.858583540e-01,8.477983360e+08
921000,948.5822144,1.747294750e+06,3.358733398e+03,2.562043597e+10,1.177712968e+11,4.422198477e+10,1.789483577e-01,8.366101120e+08
922000,948.5822144,1.701488000e+06,3.258352783e+03,2.539248230e+10,1.173253489e+11,4.418008269e+10,1.722965986e-01,8.255710720e+08
923000,948.5822144,1.656901125e+06,3.160996582e+03,2.516737331e+10,1.168813179e+11,4.413822157e+10,1.658939570e-01,8.146824320e+08
924000,948.5822144,1.613488750e+06,3.066572510e+03,2.494518682e+10,1.164391875e+11,4.409648333e+10,1.597304940e-01,8.039388160e+08
925000,948.5822144,1.571231750e+06,2.975014404e+03,2.472589619e+10,1.159987282e+11,4.405470413e+10,1.537983567e-01,7.933415040e+08
926000,948.5822144,1.530093250e+06,2.886190186e+03,2.450935706e+10,1.155601531e+11,4.401296179e+10,1.480876505e-01,7.828868480e+08
927000,948.5822144,1.490037500e+06,2.800049805e+03,2.429555917e+10,1.151232410e+11,4.397134234e+10,1.425906420e-01,7.725713920e+08
928000,948.5822144,1.451041500e+06,2.716511475e+03,2.408452096e+10,1.146879754e+11,4.392968192e+10,1.372997612e-01,7.623948160e+08
929000,948.5822144,1.413082000e+06,2.635485596e+03,2.387609805e+10,1.142548070e+11,4.388814029e+10,1.322051883e-01,7.523551360e+08
930000,948.5822144,1.376115750e+06,2.556886475e+03,2.367037338e+10,1.138232525e+11,4.384664371e+10,1.273016185e-01,7.424504960e+08
931000,948.5822144,1.340137000e+06,2.480659180e+03,2.346723635e+10,1.133933445e+11,4.380517990e+10,1.225817874e-01,7.326804480e+08
932000,948.5822144,1.305103750e+06,2.406723389e+03,2.326666957e+10,1.129654764e+11,4.376383898e+10,1.180374026e-01,7.230403200e+08
933000,948.5822144,1.270996125e+06,2.335009033e+03,2.306859827e+10,1.125388124e+11,4.372245709e+10,1.136632189e-01,7.135298560e+08
934000,948.5822144,1.237789125e+06,2.265457275e+03,2.287301734e+10,1.121143849e+11,4.368111206e+10,1.094515473e-01,7.041457280e+08
935000,948.5822144,1.205454625e+06,2.197993896e+03,2.267990016e+10,1.116913582e+11,4.363989402e+10,1.053971425e-01,6.948889600e+08
936000,948.5822144,1.173978125e+06,2.132556152e+03,2.248920371e+10,1.112701338e+11,4.359870464e+10,1.014948636e-01,6.857566080e+08
937000,948.5822144,1.143327625e+06,2.069066162e+03,2.230084403e+10,1.108507034e+11,4.355756442e+10,9.773705155e-02,6.767455360e+08
938000,948.5822144,1.113490375e+06,2.007505005e+03,2.211486925e+10,1.104328622e+11,4.351646106e+10,9.411981702e-02,6.678567040e+08
939000,948.5822144,1.084440000e+06,1.947782837e+03,2.193115136e+10,1.100167987e+11,4.347539456e+10,9.063749760e-02,6.590858880e+08
940000,948.5822144,1.056147500e+06,1.889858887e+03,2.174974771e+10,1.096023163e+11,4.343436493e+10,8.728468418e-02,6.504327040e+08
941000,948.5822144,1.028608875e+06,1.833671631e+03,2.157059072e+10,1.091895951e+11,4.339346227e+10,8.405718207e-02,6.418954880e+08
942000,948.5822144,1.001792125e+06,1.779168213e+03,2.139363226e+10,1.087784305e+11,4.335251046e+10,8.094932139e-02,6.334740480e+08
943000,948.5822144,9.756818125e+05,1.726291748e+03,2.121882368e+10,1.083692237e+11,4.331168154e+10,7.795756310e-02,6.251631360e+08
944000,948.5822144,9.502558125e+05,1.675005737e+03,2.104618086e+10,1.079613522e+11,4.327089357e+10,7.507695258e-02,6.169647360e+08
945000,948.5822144,9.255030000e+05,1.625261963e+03,2.087566746e+10,1.075552092e+11,4.323013837e+10,7.230387628e-02,6.088761600e+08
946000,948.5822144,9.014018750e+05,1.577001587e+03,2.070720870e+10,1.071508111e+11,4.318942822e+10,6.963349879e-02,6.008947840e+08
947000,948.5822144,8.779316250e+05,1.530191650e+03,2.054081690e+10,1.067477320e+11,4.314875085e+10,6.706251949e-02,5.930214400e+08
948000,948.5822144,8.550822500e+05,1.484776978e+03,2.037645158e+10,1.063465697e+11,4.310819226e+10,6.458719075e-02,5.852534400e+08
949000,948.5822144,8.328308125e+05,1.440726440e+03,2.021407078e+10,1.059469148e+11,4.306760090e+10,6.220370904e-02,5.775883520e+08
950000,948.5822144,8.111676250e+05,1.398004272e+03,2.005365811e+10,1.055489638e+11,4.302712013e+10,5.990932882e-02,5.700257920e+08
951000,948.5822144,7.900710000e+05,1.356543701e+03,1.989517926e+10,1.051525120e+11,4.298668032e+10,5.769957602e-02,5.625644160e+08
952000,948.5822144,7.695260000e+05,1.316332886e+03,1.973859891e+10,1.047577477e+11,4.294627328e+10,5.557218194e-02,5.552028160e+08
953000,948.5822144,7.495266250e+05,1.277323608e+03,1.958392627e+10,1.043644662e+11,4.290591130e+10,5.352383107e-02,5.479397120e+08
954000,948.5822144,7.300470625e+05,1.239475342e+03,1.943109632e+10,1.039730524e+11,4.286558208e+10,5.155137926e-02,5.407735680e+08
955000,948.5822144,7.110791875e+05,1.202762207e+03,1.928004608e+10,1.035827118e+11,4.282529792e+10,4.965199158e-02,5.337022400e+08
956000,948.5822144,6.926120000e+05,1.167149902e+03,1.913085850e+10,1.031944274e+11,4.278512435e+10,4.782349989e-02,5.267273280e+08
957000,948.5822144,6.746295625e+05,1.132600586e+03,1.898344858e+10,1.028074045e+11,4.274499584e+10,4.606252164e-02,5.198426560e+08
958000,948.5822144,6.571166250e+05,1.099073975e+03,1.883773696e+10,1.024220283e+11,4.270481818e+10,4.436672106e-02,5.130518400e+08
959000,948.5822144,6.400630625e+05,1.066556030e+03,1.869376512e+10,1.020382904e+11,4.266476339e+10,4.273400828e-02,5.063507200e+08
960000,948.5822144,6.234593125e+05,1.035008301e+03,1.855150541e+10,1.016559944e+11,4.262474957e+10,4.116185009e-02,4.997390080e+08
961000,948.5822144,6.072862500e+05,1.004397339e+03,1.841089690e+10,1.012753203e+11,4.258484634e+10,3.964782879e-02,4.932155200e+08
962000,948.5822144,5.915395000e+05,9.747067261e+02,1.827194163e+10,1.008960717e+11,4.254490214e+10,3.818994015e-02,4.867790720e+08
963000,948.5822144,5.762054375e+05,9.459009399e+02,1.813463757e+10,1.005184369e+11,4.250499482e+10,3.678607196e-02,4.804284160e+08
964000,948.5822144,5.612731875e+05,9.179499512e+02,1.799889306e+10,1.001422111e+11,4.246521037e+10,3.543408960e-02,4.741624640e+08
965000,948.5822144,5.467299375e+05,8.908317261e+02,1.786477619e+10,9.976759091e+10,4.242538086e+10,3.413205594e-02,4.679791040e+08
966000,948.5822144,5.325676250e+05,8.645244751e+02,1.773217229e+10,9.939436339e+10,4.238566605e+10,3.287835792e-02,4.618781120e+08
967000,948.5822144,5.187780625e+05,8.390005493e+02,1.760115200e+10,9.902272512e+10,4.234598810e+10,3.167096153e-02,4.558592960e+08
968000,948.5822144,5.053474688e+05,8.142332764e+02,1.747162419e+10,9.865247949e+10,4.230635110e+10,3.050813079e-02,4.499197760e+08
969000,948.5822144,4.922684062e+05,7.902092285e+02,1.734361242e+10,9.828398694e+10,4.226682880e+10,2.938855626e-02,4.440593600e+08
970000,948.5822144,4.795314688e+05,7.668969116e+02,1.721701786e+10,9.791649382e+10,4.222726144e+10,2.831017785e-02,4.382768960e+08
971000,948.5822144,4.671276250e+05,7.442780151e+02,1.709190707e+10,9.755095040e+10,4.218773914e+10,2.727157623e-02,4.325713920e+08
972000,948.5822144,4.550464062e+05,7.223317261e+02,1.696819610e+10,9.718657843e+10,4.214832742e+10,2.627137676e-02,4.269410240e+08
973000,948.5822144,4.432843438e+05,7.010432739e+02,1.684594995e+10,9.682374656e+10,4.210895258e+10,2.530824579e-02,4.213862720e+08
974000,948.5822144,4.318263750e+05,6.803822632e+02,1.672505190e+10,9.646245478e+10,4.206961459e+10,2.438061126e-02,4.159054720e+08
975000,948.5822144,4.206677500e+05,6.603377075e+02,1.660554496e+10,9.610251469e+10,4.203031757e+10,2.348724753e-02,4.104958720e+08
976000,948.5822144,4.098021562e+05,6.408934326e+02,1.648737946e+10,9.574409011e+10,4.199105331e+10,2.262678929e-02,4.051597760e+08
977000,948.5822144,3.992171875e+05,6.220194092e+02,1.637052621e+10,9.538700902e+10,4.195183002e+10,2.179810405e-02,3.998937920e+08
978000,948.5822144,3.889115938e+05,6.037080688e+02,1.625501901e+10,9.503145165e+10,4.191271731e+10,2.100009099e-02,3.946977600e+08
979000,948.5822144,3.788720625e+05,5.859425049e+02,1.614078566e+10,9.467738522e+10,4.187356365e+10,2.023128979e-02,3.895707520e+08
980000,948.5822144,3.690958438e+05,5.687019043e+02,1.602782106e+10,9.432446566e+10,4.183452877e+10,1.949093305e-02,3.845117440e+08
981000,948.5822144,3.595746875e+05,5.519769897e+02,1.591613389e+10,9.397304525e+10,4.179552666e+10,1.877788454e-02,3.795192000e+08
982000,948.5822144,3.503004375e+05,5.357440186e+02,1.580568064e+10,9.362309120e+10,4.175656141e+10,1.809105836e-02,3.745936320e+08
983000,948.5822144,3.412680625e+05,5.199943237e+02,1.569642957e+10,9.327464448e+10,4.171763302e+10,1.742955483e-02,3.697326720e+08
984000,948.5822144,3.324723438e+05,5.047133789e+02,1.558840678e+10,9.292748390e+10,4.167873741e+10,1.679249667e-02,3.649368960e+08
985000,948.5822144,3.239045000e+05,4.898852539e+02,1.548158413e+10,9.258178970e+10,4.163996467e+10,1.617871970e-02,3.602040000e+08
986000,948.5822144,3.155599062e+05,4.754963989e+02,1.537592474e+10,9.223738163e+10,4.160114688e+10,1.558761671e-02,3.555338240e+08
987000,948.5822144,3.074326562e+05,4.615302124e+02,1.527142554e+10,9.189425971e+10,4.156244378e+10,1.501828246e-02,3.509256000e+08
988000,948.5822144,2.995158750e+05,4.479827271e+02,1.516804506e+10,9.155275162e+10,4.152377344e+10,1.446985174e-02,3.463770560e+08
989000,948.5822144,2.918062812e+05,4.348329163e+02,1.506579226e+10,9.121234944e+10,4.148506624e+10,1.394160930e-02,3.418900800e+08
990000,948.5822144,2.842962188e+05,4.220739746e+02,1.496467763e+10,9.087338906e+10,4.144654336e+10,1.343275327e-02,3.374625280e+08
991000,948.5822144,2.769815312e+05,4.096940613e+02,1.486463795e+10,9.053585408e+10,4.140798771e+10,1.294266712e-02,3.330929280e+08
992000,948.5822144,2.698571250e+05,3.976772461e+02,1.476566835e+10,9.019957248e+10,4.136946074e+10,1.247060485e-02,3.287811840e+08
993000,948.5822144,2.629189688e+05,3.860188293e+02,1.466776192e+10,8.986471629e+10,4.133105664e+10,1.201585121e-02,3.245271040e+08
994000,948.5822144,2.561591875e+05,3.747035828e+02,1.457092070e+10,8.953127731e+10,4.129259930e+10,1.157768071e-02,3.203280960e+08
995000,948.5822144,2.495760938e+05,3.637242126e+02,1.447510682e+10,8.919889510e+10,4.125426483e+10,1.115574501e-02,3.161851840e+08
996000,948.5822144,2.431640156e+05,3.530692444e+02,1.438031795e+10,8.886809395e+10,4.121596314e+10,1.074922644e-02,3.120970560e+08
997000,948.5822144,2.369175625e+05,3.427276917e+02,1.428651930e+10,8.853851341e+10,4.117761638e+10,1.035759971e-02,3.080624000e+08
998000,948.5822144,2.308333594e+05,3.326941528e+02,1.419371162e+10,8.821015347e+10,4.113946624e+10,9.980432689e-03,3.040810240e+08
999000,948.5822144,2.249071094e+05,3.229567871e+02,1.410192077e+10,8.788318618e+10,4.110126694e+10,9.617072530e-03,3.001522880e+08
1000000,948.5822144,2.191346719e+05,3.135032349e+02,1.401105280e+10,8.755742310e+10,4.106310861e+10,9.266942739e-03,2.962753920e+08
