altitude,temp,N2,O2,O,He,H,Ar,N
0,280.9226379,2.018663867e+25,5.413196472e+24,0.000000000e+00,1.344316484e+20,0.000000000e+00,2.412531303e+23,0.000000000e+00
1000,275.5878906,1.819930175e+25,4.880277530e+24,0.000000000e+00,1.211971084e+20,0.000000000e+00,2.175022087e+23,0.000000000e+00
2000,271.2304993,1.632028412e+25,4.376404715e+24,0.000000000e+00,1.086839097e+20,0.000000000e+00,1.950458378e+23,0.000000000e+00
3000,266.9726257,1.460537564e+25,3.916539203e+24,0.000000000e+00,9.726358145e+19,0.000000000e+00,1.745507305e+23,0.000000000e+00
4000,262.0472717,1.307934453e+25,3.507322974e+24,0.000000000e+00,8.710107694e+19,0.000000000e+00,1.563129355e+23,0.000000000e+00
5000,255.8077545,1.174519875e+25,3.149561919e+24,0.000000000e+00,7.821641606e+19,0.000000000e+00,1.403683913e+23,0.000000000e+00
6000,248.0338135,1.058010355e+25,2.837132873e+24,0.000000000e+00,7.045753634e+19,0.000000000e+00,1.264441890e+23,0.000000000e+00
7000,239.6318817,9.522043270e+24,2.553406385e+24,0.000000000e+00,6.341145241e+19,0.000000000e+00,1.137991712e+23,0.000000000e+00
8000,231.5735931,8.525872397e+24,2.286275625e+24,0.000000000e+00,5.677750942e+19,0.000000000e+00,1.018938065e+23,0.000000000e+00
9000,224.5980682,7.570234785e+24,2.030014466e+24,0.000000000e+00,5.041350534e+19,0.000000000e+00,9.047285795e+22,0.000000000e+00
10000,219.2744598,6.650070262e+24,1.783265485e+24,0.000000000e+00,4.428572472e+19,0.000000000e+00,7.947585129e+22,0.000000000e+00
11000,215.9058838,5.774860454e+24,1.548571595e+24,0.000000000e+00,3.845732354e+19,0.000000000e+00,6.901610604e+22,0.000000000e+00
12000,214.0575562,4.971371011e+24,1.333109877e+24,0.000000000e+00,3.310653481e+19,0.000000000e+00,5.941349939e+22,0.000000000e+00
13000,213.1912994,4.256377516e+24,1.141379103e+24,0.000000000e+00,2.834507991e+19,0.000000000e+00,5.086851808e+22,0.000000000e+00
14000,212.823822,3.634331112e+24,9.745727624e+23,0.000000000e+00,2.420260168e+19,0.000000000e+00,4.343436312e+22,0.000000000e+00
15000,212.4924164,3.102092970e+24,8.318491506e+23,0.000000000e+00,2.065819401e+19,0.000000000e+00,3.707351504e+22,0.000000000e+00
16000,211.8381042,2.651043849e+24,7.108970202e+23,0.000000000e+00,1.765446018e+19,0.000000000e+00,3.168296975e+22,0.000000000e+00
17000,210.9311371,2.267030339e+24,6.079209537e+23,0.000000000e+00,1.509714677e+19,0.000000000e+00,2.709357429e+22,0.000000000e+00
18000,209.9571228,1.938006718e+24,5.196908614e+23,0.000000000e+00,1.290603450e+19,0.000000000e+00,2.316137112e+22,0.000000000e+00
19000,209.0951843,1.654765033e+24,4.437375096e+23,0.000000000e+00,1.101980471e+19,0.000000000e+00,1.977631252e+22,0.000000000e+00
20000,208.5185852,1.410275490e+24,3.781757995e+23,0.000000000e+00,9.391641296e+18,0.000000000e+00,1.685438609e+22,0.000000000e+00
21000,208.3608551,1.199220671e+24,3.215798917e+23,0.000000000e+00,7.986135033e+18,0.000000000e+00,1.433204153e+22,0.000000000e+00
22000,208.5775146,1.018002235e+24,2.729848267e+23,0.000000000e+00,6.779322065e+18,0.000000000e+00,1.216627623e+22,0.000000000e+00
23000,209.0732422,8.633083432e+23,2.315025128e+23,0.000000000e+00,5.749147840e+18,0.000000000e+00,1.031751031e+22,0.000000000e+00
24000,209.7538147,7.318506480e+23,1.962511632e+23,0.000000000e+00,4.873713383e+18,0.000000000e+00,8.746441962e+21,0.000000000e+00
25000,210.5242004,6.205380943e+23,1.664018813e+23,0.000000000e+00,4.132434738e+18,0.000000000e+00,7.416131550e+21,0.000000000e+00
26000,211.3103485,5.264610687e+23,1.411744276e+23,0.000000000e+00,3.505934387e+18,0.000000000e+00,6.291804525e+21,0.000000000e+00
27000,212.1629486,4.468119189e+23,1.198159172e+23,0.000000000e+00,2.975515959e+18,0.000000000e+00,5.339907382e+21,0.000000000e+00
28000,213.1773682,3.792144737e+23,1.016891629e+23,0.000000000e+00,2.525355008e+18,0.000000000e+00,4.532041548e+21,0.000000000e+00
29000,214.4529114,3.217467771e+23,8.627877271e+22,0.000000000e+00,2.142652394e+18,0.000000000e+00,3.845237257e+21,0.000000000e+00
30000,216.0948944,2.728380274e+23,7.316353399e+22,0.000000000e+00,1.816947775e+18,0.000000000e+00,3.260722661e+21,0.000000000e+00
31000,218.1945801,2.312156876e+23,6.200219548e+22,0.000000000e+00,1.539766391e+18,0.000000000e+00,2.763288542e+21,0.000000000e+00
32000,220.7080078,1.959265257e+23,5.253914638e+22,0.000000000e+00,1.304760487e+18,0.000000000e+00,2.341543325e+21,0.000000000e+00
33000,223.5335999,1.661285128e+23,4.454858970e+22,0.000000000e+00,1.106322484e+18,0.000000000e+00,1.985423436e+21,0.000000000e+00
34000,226.5607452,1.410463092e+23,3.782261228e+22,0.000000000e+00,9.392890754e+17,0.000000000e+00,1.685662719e+21,0.000000000e+00
35000,229.6671295,1.199791997e+23,3.217331041e+22,0.000000000e+00,7.989940030e+17,0.000000000e+00,1.433887012e+21,0.000000000e+00
36000,232.7339325,1.023023640e+23,2.743313445e+22,0.000000000e+00,6.812761650e+17,0.000000000e+00,1.222628783e+21,0.000000000e+00
37000,235.7583008,8.743010895e+22,2.344503034e+22,0.000000000e+00,5.822353187e+17,0.000000000e+00,1.044888523e+21,0.000000000e+00
38000,238.7959595,7.486913724e+22,2.007671162e+22,0.000000000e+00,4.985863294e+17,0.000000000e+00,8.947707407e+20,0.000000000e+00
39000,241.9089813,6.422244308e+22,1.722172332e+22,0.000000000e+00,4.276853529e+17,0.000000000e+00,7.675307516e+20,0.000000000e+00
40000,245.1659088,5.517009073e+22,1.479426848e+22,0.000000000e+00,3.674017761e+17,0.000000000e+00,6.593449295e+20,0.000000000e+00
41000,248.6215057,4.745556868e+22,1.272556138e+22,0.000000000e+00,3.160273701e+17,0.000000000e+00,5.671476601e+20,0.000000000e+00
42000,252.1443481,4.089677388e+22,1.096677175e+22,0.000000000e+00,2.723495112e+17,0.000000000e+00,4.887626493e+20,0.000000000e+00
43000,255.4848633,3.534234485e+22,9.477310880e+21,0.000000000e+00,2.353601190e+17,0.000000000e+00,4.223809278e+20,0.000000000e+00
44000,258.3671875,3.065294472e+22,8.219813540e+21,0.000000000e+00,2.041313603e+17,0.000000000e+00,3.663373248e+20,0.000000000e+00
45000,260.4960938,2.670091220e+22,7.160046742e+21,0.000000000e+00,1.778130548e+17,0.000000000e+00,3.191060700e+20,0.000000000e+00
46000,261.5952759,2.337162842e+22,6.267275107e+21,0.000000000e+00,1.556419010e+17,0.000000000e+00,2.793173655e+20,0.000000000e+00
47000,261.6840515,2.054341064e+22,5.508867803e+21,0.000000000e+00,1.368075589e+17,0.000000000e+00,2.455169706e+20,0.000000000e+00
48000,260.9821777,1.810993562e+22,4.856313106e+21,0.000000000e+00,1.206019859e+17,0.000000000e+00,2.164341844e+20,0.000000000e+00
49000,259.7242126,1.599178125e+22,4.288314336e+21,0.000000000e+00,1.064962653e+17,0.000000000e+00,1.911198379e+20,0.000000000e+00
50000,258.14505,1.412971957e+22,3.788988705e+21,0.000000000e+00,9.409598177e+16,0.000000000e+00,1.688661096e+20,0.000000000e+00
51000,256.4635925,1.248004540e+22,3.346616439e+21,5.885739716e+13,8.311008249e+16,0.000000000e+00,1.491506347e+20,0.000000000e+00
52000,254.7626648,1.101524061e+22,2.953818109e+21,5.493987108e+13,7.335530123e+16,0.000000000e+00,1.316445624e+20,0.000000000e+00
53000,253.0258026,9.715873307e+21,2.605383331e+21,5.111415413e+13,6.470225209e+16,0.000000000e+00,1.161156671e+20,0.000000000e+00
54000,251.2351379,8.564486967e+21,2.296630474e+21,4.772293771e+13,5.703466172e+16,0.000000000e+00,1.023552879e+20,0.000000000e+00
55000,249.3739624,7.545054407e+21,2.023262258e+21,4.501954940e+13,5.024581737e+16,0.000000000e+00,9.017192496e+19,0.000000000e+00
56000,247.427536,6.643036882e+21,1.781379411e+21,4.319482583e+13,4.423888470e+16,0.000000000e+00,7.939179399e+19,0.000000000e+00
57000,245.3958282,5.845130758e+21,1.567415081e+21,4.225631676e+13,3.892528431e+16,0.000000000e+00,6.985591876e+19,0.000000000e+00
58000,243.292038,5.139257945e+21,1.378130056e+21,4.208611610e+13,3.422456716e+16,0.000000000e+00,6.141993779e+19,0.000000000e+00
59000,241.1293335,4.514786006e+21,1.210673274e+21,4.260479631e+13,3.006593501e+16,0.000000000e+00,5.395679151e+19,0.000000000e+00
60000,238.9202118,3.962443155e+21,1.062558467e+21,4.376714281e+13,2.638764341e+16,0.000000000e+00,4.735567114e+19,0.000000000e+00
61000,236.6766968,3.474081256e+21,9.316005452e+20,4.555361432e+13,2.313542546e+16,0.000000000e+00,4.151919514e+19,0.000000000e+00
62000,234.4177704,3.042425024e+21,8.158487461e+20,4.806339356e+13,2.026083820e+16,0.000000000e+00,3.636041412e+19,0.000000000e+00
63000,232.1699066,2.660969010e+21,7.135584877e+20,5.156498729e+13,1.772055617e+16,0.000000000e+00,3.180158603e+19,0.000000000e+00
64000,229.9583588,2.324074706e+21,6.232178273e+20,5.643357599e+13,1.547703062e+16,0.000000000e+00,2.777531738e+19,0.000000000e+00
65000,227.8062592,2.026777036e+21,5.434952475e+20,6.320598024e+13,1.349719457e+16,0.000000000e+00,2.422227415e+19,0.000000000e+00
66000,225.7344971,1.764713981e+21,4.732210789e+20,7.267336323e+13,1.175200226e+16,0.000000000e+00,2.109032407e+19,0.000000000e+00
67000,223.7310333,1.534216375e+21,4.114114610e+20,8.564647972e+13,1.021701745e+16,0.000000000e+00,1.833561863e+19,0.000000000e+00
68000,221.7359924,1.332167444e+21,3.572305538e+20,1.025316152e+14,8.871485268e+15,0.000000000e+00,1.592090528e+19,0.000000000e+00
69000,219.6893921,1.155558644e+21,3.098715797e+20,1.234924061e+14,7.695370214e+15,0.000000000e+00,1.381023108e+19,0.000000000e+00
70000,217.5360413,1.001533918e+21,2.685687333e+20,1.482126441e+14,6.669652566e+15,0.000000000e+00,1.196946170e+19,0.000000000e+00
71000,215.2259064,8.674335392e+20,2.326087217e+20,1.755703274e+14,5.776619344e+15,0.000000000e+00,1.036681135e+19,0.000000000e+00
72000,212.7857513,7.505782878e+20,2.012730977e+20,2.051748324e+14,4.998428715e+15,0.000000000e+00,8.970258413e+18,0.000000000e+00
73000,210.3891449,6.482823296e+20,1.738417076e+20,2.410082646e+14,4.317195631e+15,0.000000000e+00,7.747705936e+18,0.000000000e+00
74000,208.2132568,5.584627497e+20,1.497559114e+20,2.906316121e+14,3.719047884e+15,0.000000000e+00,6.674260431e+18,0.000000000e+00
75000,206.4208069,4.795361811e+20,1.285911746e+20,3.674698857e+14,3.193441060e+15,0.000000000e+00,5.730998751e+18,0.000000000e+00
76000,205.1654968,4.102426713e+20,1.100096040e+20,4.975083085e+14,2.732016617e+15,1.509854544e+13,4.902863086e+18,0.000000000e+00
77000,204.5287933,3.496722118e+20,9.376718725e+19,7.334571352e+14,2.330930828e+15,3.452241235e+13,4.178977890e+18,0.000000000e+00
78000,204.3913422,2.972447178e+20,7.970837418e+19,1.182466505e+15,1.986653900e+15,5.977733385e+13,3.552410194e+18,0.000000000e+00
79000,204.604538,2.522680248e+20,6.764753646e+19,2.088771445e+15,1.693242538e+15,8.484386610e+13,3.014887821e+18,0.000000000e+00
80000,205.0237579,2.139480391e+20,5.737152718e+19,4.050676267e+15,1.444518969e+15,1.044965543e+14,2.556920613e+18,0.000000000e+00
81000,205.5042419,1.814717377e+20,4.866262103e+19,8.640428375e+15,1.234494799e+15,1.163625675e+14,2.168783937e+18,0.000000000e+00
82000,205.9244995,1.540338913e+20,4.130469801e+19,2.003984710e+16,1.057469065e+15,1.206598165e+14,1.840865039e+18,0.000000000e+00
83000,206.2700348,1.308383829e+20,3.508420438e+19,4.714759117e+16,9.079703806e+14,1.189476345e+14,1.563636377e+18,0.000000000e+00
84000,206.555542,1.112014922e+20,2.981768222e+19,1.033694518e+17,7.813573619e+14,1.131346815e+14,1.328932700e+18,0.000000000e+00
85000,206.795929,9.455641669e+19,2.535261608e+19,1.940537349e+17,6.738601690e+14,1.049178889e+14,1.129978408e+18,0.000000000e+00
86000,207.0064087,8.043266207e+19,2.155956485e+19,2.866495361e+17,5.823710573e+14,9.574016457e+13,9.608725574e+17,0.000000000e+00
87000,207.1960144,6.843987533e+19,1.833453671e+19,3.441880276e+17,5.049855110e+14,8.666742365e+13,8.166617805e+17,0.000000000e+00
88000,207.3342743,5.825995016e+19,1.559384015e+19,3.993125584e+17,4.404060136e+14,7.813387728e+13,6.938011830e+17,0.000000000e+00
89000,207.3748627,4.962365137e+19,1.326604649e+19,4.506899537e+17,3.864020344e+14,7.034861152e+13,5.892588615e+17,0.000000000e+00
90000,207.2716827,4.229818593e+19,1.128934559e+19,4.963010632e+17,3.411423401e+14,6.337938116e+13,5.003769528e+17,0.000000000e+00
91000,206.9794006,3.608333939e+19,9.610497986e+18,5.346145767e+17,3.031289603e+14,5.721296155e+13,4.248474103e+17,0.000000000e+00
92000,206.4541168,3.080832461e+19,8.183941023e+18,5.646464311e+17,2.711422920e+14,5.179420600e+13,3.606708064e+17,3.383357440e+10
93000,205.6543274,2.632749147e+19,6.970823456e+18,5.859502248e+17,2.441837051e+14,4.705179874e+13,3.061341363e+17,4.101162189e+10
94000,204.5420837,2.251743079e+19,5.938301223e+18,5.985577749e+17,2.214376421e+14,4.290978093e+13,2.597726100e+17,4.914680627e+10
95000,203.1265259,1.926955041e+19,5.056418131e+18,6.029130092e+17,2.021946955e+14,3.925377810e+13,2.202076977e+17,5.831397786e+10
96000,201.5337524,1.648719115e+19,4.298496728e+18,6.002730818e+17,1.857784581e+14,3.595904745e+13,1.860752147e+17,6.867598131e+10
97000,199.9029388,1.409390068e+19,3.645053120e+18,5.913521255e+17,1.716583840e+14,3.296867228e+13,1.565810386e+17,8.034976563e+10
98000,198.3645325,1.202934550e+19,3.080929163e+18,5.768193305e+17,1.594123753e+14,3.023785742e+13,1.311197337e+17,9.345024000e+10
99000,197.0411072,1.024599482e+19,2.594143204e+18,5.574556938e+17,1.487155747e+14,2.773319313e+13,1.091990711e+17,1.081090294e+11
100000,196.0492249,8.705583974e+18,2.174958107e+18,5.340647178e+17,1.393030028e+14,2.542824902e+13,9.040736077e+16,1.244742369e+11
101000,195.5028076,7.376804380e+18,1.815164642e+18,5.074483244e+17,1.309582756e+14,2.330230732e+13,7.438796598e+16,1.427064095e+11
102000,195.5180664,6.234149566e+18,1.507700509e+18,4.783987806e+17,1.235047290e+14,2.133825736e+13,6.082113925e+16,1.629777101e+11
103000,196.2194366,5.253973432e+18,1.246300966e+18,4.476795595e+17,1.167858399e+14,1.952144425e+13,4.941505473e+16,1.854600643e+11
104000,197.7477112,4.415507855e+18,1.025328540e+18,4.159152184e+17,1.106660567e+14,1.783813584e+13,3.990550751e+16,2.102737797e+11
105000,200.2484131,3.700863505e+18,8.398924683e+17,3.833136678e+17,1.050305228e+14,1.627705259e+13,3.207350795e+16,2.372096655e+11
106000,203.7439728,3.096052120e+18,6.857186043e+17,3.507881897e+17,9.984703411e+13,1.483801520e+13,2.568850219e+16,2.663486259e+11
107000,208.2105865,2.587363616e+18,5.586523061e+17,3.192138235e+17,9.509612080e+13,1.352149343e+13,2.052925004e+16,2.979099116e+11
108000,213.6369019,2.161795166e+18,4.546466837e+17,2.891960566e+17,9.054550229e+13,1.230937522e+13,1.638906263e+16,3.321170493e+11
109000,220.0192108,1.807303684e+18,3.699640848e+17,2.611246314e+17,8.612444583e+13,1.118019623e+13,1.308387054e+16,3.692056740e+11
110000,227.3560791,1.512982288e+18,3.012919902e+17,2.352199313e+17,8.185825985e+13,1.013678762e+13,1.045543431e+16,4.094232166e+11
111000,235.6421967,1.269149917e+18,2.457582692e+17,2.115708621e+17,7.776719444e+13,9.179545731e+12,8.370563232e+15,4.530346394e+11
112000,244.8605042,1.067413035e+18,2.009292903e+17,1.901677516e+17,7.386860565e+13,8.306988417e+12,6.719254070e+15,5.003276124e+11
113000,254.9732513,9.006436469e+17,1.647794783e+17,1.709445775e+17,7.017845280e+13,7.516386755e+12,5.412167747e+15,5.516437094e+11
114000,265.9103088,7.628279045e+17,1.356405562e+17,1.537940515e+17,6.671381928e+13,6.804293026e+12,4.377456975e+15,6.074098647e+11
115000,277.5576172,6.489415896e+17,1.121483736e+17,1.385840691e+17,6.349119291e+13,6.166720020e+12,3.557707705e+15,6.681572803e+11
116000,289.8362732,5.546551690e+17,9.317039913e+16,1.251379180e+17,6.051035978e+13,5.597719691e+12,2.906579926e+15,7.343758377e+11
117000,302.7364197,4.762832515e+17,7.777779469e+16,1.132458837e+17,5.775208061e+13,5.089885422e+12,2.387083499e+15,8.063758500e+11
118000,316.2398071,4.108865332e+17,6.524447883e+16,1.027246312e+17,5.517819983e+13,4.636541977e+12,1.970783862e+15,8.845029540e+11
119000,330.3109436,3.561110973e+17,5.499879998e+16,9.341165604e+16,5.274748741e+13,4.231840662e+12,1.635713733e+15,9.691375206e+11
120000,344.893219,3.100744080e+17,4.659135426e+16,8.516664168e+16,5.046047185e+13,3.870640308e+12,1.364862760e+15,1.060734435e+12
121000,359.9046936,2.712539853e+17,3.966810320e+16,7.786778285e+16,4.831854146e+13,3.547572994e+12,1.144982178e+15,1.159845118e+12
122000,375.2333984,2.384186855e+17,3.395015525e+16,7.140786857e+16,4.632417508e+13,3.257227543e+12,9.657444016e+14,1.267136725e+12
123000,390.7326965,2.105712514e+17,2.921094016e+16,6.569488775e+16,4.447965859e+13,2.996861927e+12,8.191964265e+14,1.383457751e+12
124000,406.2176819,1.868967388e+17,2.526931983e+16,6.064313433e+16,4.278850683e+13,2.764038472e+12,6.990743114e+14,1.509618876e+12
125000,421.4630432,1.667278129e+17,2.198117017e+16,5.616577696e+16,4.125411299e+13,2.556511126e+12,6.001983257e+14,1.646271922e+12
126000,436.268219,1.494951500e+17,1.922691287e+16,5.219979557e+16,3.987464415e+13,2.371888349e+12,5.184196654e+14,1.794579890e+12
127000,450.6114807,1.346738707e+17,1.690393364e+16,4.867042766e+16,3.863148600e+13,2.207034900e+12,4.502649769e+14,1.955100754e+12
128000,464.5074158,1.218391598e+17,1.493111450e+16,4.551266892e+16,3.750598646e+13,2.059186209e+12,3.930400406e+14,2.128266789e+12
129000,477.9701538,1.106570149e+17,1.324496403e+16,4.267394465e+16,3.648281956e+13,1.926023741e+12,3.446688774e+14,2.314497425e+12
130000,491.0131836,1.008587170e+17,1.179539539e+16,4.011130517e+16,3.554949045e+13,1.805638959e+12,3.035252046e+14,2.514222055e+12
131000,503.6498718,9.222814344e+16,1.054262859e+16,3.778830339e+16,3.469498280e+13,1.696424002e+12,2.683303300e+14,2.727827997e+12
132000,515.8929443,8.458838446e+16,9.454563048e+15,3.567473924e+16,3.391039419e+13,1.597001302e+12,2.380649537e+14,2.955712135e+12
133000,527.7547607,7.779573906e+16,8.505162675e+15,3.374549147e+16,3.318782466e+13,1.506223849e+12,2.119121261e+14,3.198226268e+12
134000,539.2472534,7.173135691e+16,7.673310725e+15,3.197870299e+16,3.252069125e+13,1.423103754e+12,1.892110094e+14,3.455690998e+12
135000,550.3821411,6.629642369e+16,6.941523459e+15,3.035629412e+16,3.190326034e+13,1.346787475e+12,1.694240950e+14,3.728407265e+12
136000,561.1704102,6.140881533e+16,6.295431529e+15,2.886209003e+16,3.133030374e+13,1.276542845e+12,1.521092699e+14,4.016607330e+12
137000,571.623291,5.699831342e+16,5.723010636e+15,2.748267324e+16,3.079765649e+13,1.211740979e+12,1.369038693e+14,4.320506675e+12
138000,581.7511597,5.300642049e+16,5.214321152e+15,2.620625835e+16,3.030146194e+13,1.151822856e+12,1.235036888e+14,4.640243974e+12
139000,591.5640869,4.938255472e+16,4.760988427e+15,2.502241289e+16,2.983828914e+13,1.096311505e+12,1.116584878e+14,4.975910978e+12
140000,601.0721436,4.608408855e+16,4.355834499e+15,2.392205945e+16,2.940507836e+13,1.044782252e+12,1.011556150e+14,5.327502180e+12
141000,610.2849121,4.307398220e+16,3.992787893e+15,2.289753795e+16,2.899932139e+13,9.968642294e+11,9.181646868e+13,5.695009718e+12
142000,619.2116089,4.032024674e+16,3.666580026e+15,2.194155769e+16,2.861846600e+13,9.522304778e+11,8.349829143e+13,6.078281023e+12
143000,627.8610229,3.779547169e+16,3.372810706e+15,2.104830113e+16,2.826052619e+13,9.105889034e+11,7.607294729e+13,6.477102186e+12
144000,636.2420654,3.547562885e+16,3.107640230e+15,2.021131294e+16,2.792359985e+13,8.716834570e+11,6.942839800e+13,6.890735534e+12
145000,644.362915,3.333964713e+16,2.867747784e+15,1.942415066e+16,2.760588552e+13,8.352835174e+11,6.346879952e+13,7.318051750e+12
146000,652.2320557,3.136920418e+16,2.650291443e+15,1.868251718e+16,2.730571596e+13,8.011819909e+11,5.811153666e+13,7.758397047e+12
147000,659.8570557,2.954812731e+16,2.452775829e+15,1.798271883e+16,2.702191467e+13,7.691974738e+11,5.328591022e+13,8.211011207e+12
148000,667.2456665,2.786207777e+16,2.273046480e+15,1.732174054e+16,2.675298638e+13,7.391629804e+11,4.892999129e+13,8.675071099e+12
149000,674.4053955,2.629861089e+16,2.109205557e+15,1.669639760e+16,2.649796012e+13,7.109304648e+11,4.499105749e+13,9.149606789e+12
150000,681.3432007,2.484646312e+16,1.959594264e+15,1.610418711e+16,2.625547272e+13,6.843619738e+11,4.142257721e+13,9.633620034e+12
151000,688.0662231,2.349564222e+16,1.822756337e+15,1.554276294e+16,2.602493071e+13,6.593381663e+11,3.818400409e+13,1.012599357e+13
152000,694.5810547,2.223730484e+16,1.697406106e+15,1.500975965e+16,2.580503593e+13,6.357483520e+11,3.524023183e+13,1.062546493e+13
153000,700.8942261,2.106366423e+16,1.582410504e+15,1.450335509e+16,2.559533960e+13,6.134889841e+11,3.255983669e+13,1.113080830e+13
154000,707.0120239,1.996732443e+16,1.476763436e+15,1.402172282e+16,2.539477638e+13,5.924715233e+11,3.011600450e+13,1.164063854e+13
155000,712.9405518,1.894222097e+16,1.379564970e+15,1.356307830e+16,2.520272968e+13,5.726101832e+11,2.788443134e+13,1.215365015e+13
156000,718.685791,1.798229041e+16,1.290017855e+15,1.312599236e+16,2.501862280e+13,5.538275000e+11,2.584373677e+13,1.266825141e+13
157000,724.2533569,1.708247543e+16,1.207430063e+15,1.270910029e+16,2.484183289e+13,5.360544645e+11,2.397524355e+13,1.318310327e+13
158000,729.6489258,1.623798393e+16,1.131148491e+15,1.231105023e+16,2.467177693e+13,5.192245576e+11,2.226228140e+13,1.369661925e+13
159000,734.8776855,1.544465300e+16,1.060619625e+15,1.193073840e+16,2.450791596e+13,5.032787968e+11,2.068995637e+13,1.420731875e+13
160000,739.9450073,1.469863007e+16,9.953327668e+14,1.156700298e+16,2.434983055e+13,4.881604936e+11,1.924485926e+13,1.471366247e+13
161000,744.855835,1.399639970e+16,9.348287572e+14,1.121886582e+16,2.419713691e+13,4.738213478e+11,1.791530264e+13,1.521414465e+13
162000,749.6150513,1.333485877e+16,8.786976283e+14,1.088550012e+16,2.404929189e+13,4.602112246e+11,1.669064347e+13,1.570729833e+13
163000,754.227417,1.271106309e+16,8.265690063e+14,1.056589228e+16,2.390605011e+13,4.472881807e+11,1.556154207e+13,1.619165761e+13
164000,758.6975098,1.212236266e+16,7.781085547e+14,1.025938516e+16,2.376692505e+13,4.350107648e+11,1.451928689e+13,1.666584989e+13
165000,763.0297241,1.156633082e+16,7.330132100e+14,9.965130507e+15,2.363171537e+13,4.233414902e+11,1.355637431e+13,1.712852251e+13
166000,767.2282715,1.104073420e+16,6.910086312e+14,9.682569977e+15,2.349997228e+13,4.122456556e+11,1.266592357e+13,1.757834799e+13
167000,771.2975464,1.054359603e+16,6.518455759e+14,9.410993826e+15,2.337162029e+13,4.016899686e+11,1.184165265e+13,1.801414771e+13
168000,775.241333,1.007302223e+16,6.153026520e+14,9.149815791e+15,2.324625254e+13,3.916439224e+11,1.107798314e+13,1.843483640e+13
169000,779.0637207,9.627216439e+15,5.811710166e+14,8.898487727e+15,2.312363835e+13,3.820779930e+11,1.036987453e+13,1.883932669e+13
170000,782.7683105,9.204679704e+15,5.492673620e+14,8.656531818e+15,2.300366658e+13,3.729680302e+11,9.712685810e+12,1.922672728e+13
171000,786.3588257,8.803907715e+15,5.194199230e+14,8.423431595e+15,2.288597021e+13,3.642876887e+11,9.102333837e+12,1.959613222e+13
172000,789.8388672,8.423577624e+15,4.914739130e+14,8.198770982e+15,2.277044860e+13,3.560124908e+11,8.534978724e+12,1.994686831e+13
173000,793.2119141,8.062366579e+15,4.652859874e+14,7.982063576e+15,2.265693395e+13,3.481216942e+11,8.007184286e+12,2.027822042e+13
174000,796.4811401,7.719173996e+15,4.407303172e+14,7.773008727e+15,2.254535288e+13,3.405953106e+11,7.515880817e+12,2.058964540e+13
175000,799.6498413,7.392912711e+15,4.176845965e+14,7.571201635e+15,2.243537823e+13,3.334126961e+11,7.058177917e+12,2.088077414e+13
176000,802.7211304,7.082572870e+15,3.960402430e+14,7.376291188e+15,2.232695757e+13,3.265576305e+11,6.631520731e+12,2.115119350e+13
177000,805.6980591,6.787217096e+15,3.757001838e+14,7.187949356e+15,2.221995039e+13,3.200108134e+11,6.233495962e+12,2.140068748e+13
178000,808.5835571,6.506018607e+15,3.565695942e+14,7.005892134e+15,2.211415536e+13,3.137563853e+11,5.861948260e+12,2.162912186e+13
179000,811.3803711,6.238136129e+15,3.385680776e+14,6.829826392e+15,2.200969832e+13,3.077815337e+11,5.514923082e+12,2.183653229e+13
180000,814.0913696,5.982852936e+15,3.216149022e+14,6.659499801e+15,2.190638422e+13,3.020710543e+11,5.190584369e+12,2.202275519e+13
181000,816.7191162,5.739452844e+15,3.056396036e+14,6.494625670e+15,2.180393835e+13,2.966103327e+11,4.887270130e+12,2.218800657e+13
182000,819.2662354,5.507289461e+15,2.905769519e+14,6.334981199e+15,2.170242780e+13,2.913872445e+11,4.603471987e+12,2.233259262e+13
183000,821.7352295,5.285735721e+15,2.763656769e+14,6.180332311e+15,2.160184001e+13,2.863909765e+11,4.337765188e+12,2.245656786e+13
184000,824.12854,5.074245088e+15,2.629491554e+14,6.030504525e+15,2.150199879e+13,2.816092078e+11,4.088860246e+12,2.256042721e+13
185000,826.4484253,4.872266735e+15,2.502770221e+14,5.885240141e+15,2.140290836e+13,2.770313871e+11,3.855590621e+12,2.264446009e+13
186000,828.6972656,4.679319624e+15,2.383006065e+14,5.744406552e+15,2.130447853e+13,2.726481756e+11,3.636850065e+12,2.270926419e+13
187000,830.8771362,4.494916814e+15,2.269766903e+14,5.607792769e+15,2.120664010e+13,2.684491366e+11,3.431647674e+12,2.275516875e+13
188000,832.9902954,4.318617265e+15,2.162624414e+14,5.475238268e+15,2.110939306e+13,2.644265533e+11,3.239033700e+12,2.278280082e+13
189000,835.0386963,4.150040335e+15,2.061207989e+14,5.346571785e+15,2.101275420e+13,2.605705626e+11,3.058164302e+12,2.279272455e+13
190000,837.0244751,3.988746597e+15,1.965156246e+14,5.221649440e+15,2.091649283e+13,2.568743485e+11,2.888245445e+12,2.278553970e+13
191000,838.9494019,3.834401310e+15,1.874148406e+14,5.100297823e+15,2.082079349e+13,2.533295882e+11,2.728537096e+12,2.276185027e+13
192000,840.8154907,3.686657925e+15,1.787871908e+14,4.982426204e+15,2.072542760e+13,2.499292856e+11,2.578375508e+12,2.272242591e+13
193000,842.6244507,3.545202640e+15,1.706055298e+14,4.867892848e+15,2.063050631e+13,2.466668872e+11,2.437124194e+12,2.266780769e+13
194000,844.3781738,3.409712796e+15,1.628425945e+14,4.756560853e+15,2.053596670e+13,2.435346924e+11,2.304203555e+12,2.259869185e+13
195000,846.0782471,3.279910831e+15,1.554736889e+14,4.648302444e+15,2.044184232e+13,2.405283103e+11,2.179078685e+12,2.251584386e+13
196000,847.7263794,3.155509520e+15,1.484756605e+14,4.543030648e+15,2.034800525e+13,2.376411546e+11,2.061240762e+12,2.241988238e+13
197000,849.3241577,3.036272638e+15,1.418275376e+14,4.440608563e+15,2.025456035e+13,2.348679496e+11,1.950225269e+12,2.231151834e+13
198000,850.8731689,2.921941950e+15,1.355096240e+14,4.340975523e+15,2.016138809e+13,2.322028134e+11,1.845607662e+12,2.219147946e+13
199000,852.3748779,2.812306736e+15,1.295025082e+14,4.243989524e+15,2.006852200e+13,2.296418468e+11,1.746981224e+12,2.206033825e+13
200000,853.8307495,2.707146072e+15,1.237890021e+14,4.149595538e+15,1.997599775e+13,2.271792169e+11,1.653974761e+12,2.191896504e+13
201000,855.2421875,2.606229105e+15,1.183534862e+14,4.057678406e+15,1.988370419e+13,2.248114668e+11,1.566235820e+12,2.176781071e+13
202000,856.6105957,2.509398530e+15,1.131803406e+14,3.968174240e+15,1.979171471e+13,2.225336648e+11,1.483441701e+12,2.160763653e+13
203000,857.9372559,2.416455438e+15,1.082541306e+14,3.880976472e+15,1.970003142e+13,2.203419279e+11,1.405294608e+12,2.143905907e+13
204000,859.2235107,2.327211655e+15,1.035624409e+14,3.796041346e+15,1.960862076e+13,2.182324716e+11,1.331507888e+12,2.126262986e+13
205000,860.47052,2.241524776e+15,9.909283953e+13,3.713270347e+15,1.951748692e+13,2.162018058e+11,1.261821886e+12,2.107904727e+13
206000,861.6795654,2.159224612e+15,9.483352382e+13,3.632610056e+15,1.942656070e+13,2.142460969e+11,1.195990843e+12,2.088885027e+13
207000,862.8518066,2.080165807e+15,9.077276646e+13,3.553982895e+15,1.933600149e+13,2.123621007e+11,1.133783417e+12,2.069252748e+13
208000,863.9883423,2.004195218e+15,8.690057662e+13,3.477313165e+15,1.924563101e+13,2.105471304e+11,1.074983010e+12,2.049068709e+13
209000,865.090271,1.931205067e+15,8.320719834e+13,3.402543690e+15,1.915560657e+13,2.087974339e+11,1.019393278e+12,2.028388693e+13
210000,866.1586914,1.861047581e+15,7.968342934e+13,3.329643331e+15,1.906582330e+13,2.071112581e+11,9.668241654e+11,2.007255273e+13
211000,867.1945801,1.793604515e+15,7.632031056e+13,3.258506593e+15,1.897629588e+13,2.054843597e+11,9.171030508e+11,1.985718780e+13
212000,868.1989746,1.728762991e+15,7.311025032e+13,3.189118981e+15,1.888703899e+13,2.039156408e+11,8.700598682e+11,1.963820528e+13
213000,869.1728516,1.666408925e+15,7.004471322e+13,3.121418217e+15,1.879809878e+13,2.024017920e+11,8.255464407e+11,1.941604978e+13
214000,870.1171265,1.606446484e+15,6.711724841e+13,3.055332360e+15,1.870944797e+13,2.009407652e+11,7.834127565e+11,1.919118895e+13
215000,871.0327148,1.548765207e+15,6.432046553e+13,2.990850674e+15,1.862103833e+13,1.995302011e+11,7.435270226e+11,1.896393736e+13
216000,871.9204712,1.493278659e+15,6.164861000e+13,2.927892896e+15,1.853298521e+13,1.981678223e+11,7.057586913e+11,1.873477737e+13
217000,872.781311,1.439891544e+15,5.909480735e+13,2.866428424e+15,1.844516277e+13,1.968517775e+11,6.699915018e+11,1.850389352e+13
218000,873.6159668,1.388519709e+15,5.665351690e+13,2.806427194e+15,1.835765701e+13,1.955800351e+11,6.361135841e+11,1.827175137e+13
219000,874.425293,1.339077119e+15,5.431947480e+13,2.747826660e+15,1.827041758e+13,1.943512187e+11,6.040152310e+11,1.803865503e+13
220000,875.210144,1.291491163e+15,5.208745915e+13,2.690578773e+15,1.818349273e+13,1.931629363e+11,5.736011530e+11,1.780476386e+13
221000,875.9711304,1.245683592e+15,4.995275974e+13,2.634667694e+15,1.809686567e+13,1.920136806e+11,5.447764869e+11,1.757051408e+13
222000,876.7090454,1.201579110e+15,4.791048602e+13,2.580056916e+15,1.801059094e+13,1.909019116e+11,5.174557082e+11,1.733607555e+13
223000,877.4245605,1.159115036e+15,4.595643109e+13,2.526702685e+15,1.792458044e+13,1.898258268e+11,4.915535872e+11,1.710175656e+13
224000,878.1184692,1.118218425e+15,4.408654325e+13,2.474561245e+15,1.783892227e+13,1.887846892e+11,4.669928243e+11,1.686768819e+13
225000,878.7913208,1.078840688e+15,4.229668694e+13,2.423601727e+15,1.775357028e+13,1.877760737e+11,4.437040169e+11,1.663415039e+13
226000,879.4437866,1.040906128e+15,4.058324245e+13,2.373811245e+15,1.766853915e+13,1.867990303e+11,4.216147804e+11,1.640129836e+13
227000,880.0764771,1.004370720e+15,3.894278724e+13,2.325133159e+15,1.758385091e+13,1.858529853e+11,4.006611845e+11,1.616939214e+13
228000,880.6900635,9.691686985e+14,3.737174357e+13,2.277555390e+15,1.749945523e+13,1.849355633e+11,3.807806423e+11,1.593847474e+13
229000,881.2850952,9.352563078e+14,3.586732222e+13,2.231050558e+15,1.741540976e+13,1.840459612e+11,3.619192504e+11,1.570882611e+13
230000,881.8620605,9.025770425e+14,3.442615307e+13,2.185574371e+15,1.733169984e+13,1.831836713e+11,3.440202875e+11,1.548050812e+13
231000,882.4216309,8.710870805e+14,3.304557065e+13,2.141117433e+15,1.724834644e+13,1.823468257e+11,3.270318162e+11,1.525369065e+13
232000,882.9642944,8.407378349e+14,3.172278993e+13,2.097637600e+15,1.716530341e+13,1.815350313e+11,3.109073388e+11,1.502848588e+13
233000,883.4905396,8.114892419e+14,3.045516221e+13,2.055119034e+15,1.708255923e+13,1.807464858e+11,2.955987517e+11,1.480499239e+13
234000,884.0009155,7.832964054e+14,2.924039530e+13,2.013529926e+15,1.700026699e+13,1.799811236e+11,2.810661765e+11,1.458333916e+13
235000,884.4958496,7.561196643e+14,2.807597682e+13,1.972854975e+15,1.691825157e+13,1.792378962e+11,2.672666378e+11,1.436361425e+13
236000,884.9758301,7.299205651e+14,2.695972572e+13,1.933064519e+15,1.683660105e+13,1.785154929e+11,2.541620429e+11,1.414587849e+13
237000,885.4412842,7.046626678e+14,2.588977136e+13,1.894144465e+15,1.675530600e+13,1.778131763e+11,2.417174282e+11,1.393021577e+13
238000,885.8927612,6.803051029e+14,2.486372087e+13,1.856066090e+15,1.667435069e+13,1.771303404e+11,2.298963231e+11,1.371672569e+13
239000,886.3305664,6.568198862e+14,2.387980006e+13,1.818809531e+15,1.659373093e+13,1.764660183e+11,2.186676142e+11,1.350540617e+13
240000,886.755249,6.341719197e+14,2.293630186e+13,1.782354654e+15,1.651353059e+13,1.758198989e+11,2.080004014e+11,1.329637569e+13
241000,887.1670532,6.123325479e+14,2.203124656e+13,1.746682937e+15,1.643361442e+13,1.751910973e+11,1.978658980e+11,1.308964893e+13
242000,887.5664673,5.912672097e+14,2.116325212e+13,1.711782033e+15,1.635412922e+13,1.745786634e+11,1.882357596e+11,1.288526365e+13
243000,887.9538574,5.709474510e+14,2.033058841e+13,1.677620802e+15,1.627497326e+13,1.739820892e+11,1.790846403e+11,1.268325129e+13
244000,888.3295288,5.513524009e+14,1.953169093e+13,1.644188509e+15,1.619616963e+13,1.734010634e+11,1.703891272e+11,1.248369259e+13
245000,888.6939697,5.324447133e+14,1.876514203e+13,1.611461395e+15,1.611770888e+13,1.728344392e+11,1.621240873e+11,1.228654038e+13
246000,889.0473633,5.142076782e+14,1.802959533e+13,1.579435703e+15,1.603961514e+13,1.722820198e+11,1.542677955e+11,1.209184603e+13
247000,889.3901978,4.966125729e+14,1.732374639e+13,1.548077073e+15,1.596190936e+13,1.717435761e+11,1.468001157e+11,1.189963157e+13
248000,889.7226562,4.796343659e+14,1.664636420e+13,1.517387786e+15,1.588458632e+13,1.712179773e+11,1.397014528e+11,1.170991900e+13
249000,890.045105,4.632559779e+14,1.599626071e+13,1.487335363e+15,1.580757680e+13,1.707050598e+11,1.329523999e+11,1.152272407e+13
250000,890.3579102,4.474486863e+14,1.537218393e+13,1.457921683e+15,1.573096260e+13,1.702039716e+11,1.265355817e+11,1.133799748e+13
251000,890.6613159,4.321968883e+14,1.477314714e+13,1.429116008e+15,1.565470805e+13,1.697152532e+11,1.204341309e+11,1.115579797e+13
252000,890.9555664,4.174788742e+14,1.419809024e+13,1.400915253e+15,1.557883624e+13,1.692371026e+11,1.146324500e+11,1.097613915e+13
253000,891.2409668,4.032737732e+14,1.364597093e+13,1.373300492e+15,1.550333981e+13,1.687697326e+11,1.091150889e+11,1.079894553e+13
254000,891.5178223,3.895632310e+14,1.311584865e+13,1.346258573e+15,1.542812336e+13,1.683132908e+11,1.038676623e+11,1.062426850e+13
255000,891.786377,3.763324165e+14,1.260687406e+13,1.319776878e+15,1.535335780e+13,1.678667121e+11,9.887729254e+10,1.045205877e+13
256000,892.046814,3.635598884e+14,1.211808245e+13,1.293847489e+15,1.527892148e+13,1.674295706e+11,9.413060198e+10,1.028234150e+13
257000,892.2994995,3.512318894e+14,1.164870209e+13,1.268448395e+15,1.520486056e+13,1.670017352e+11,8.961529446e+10,1.011512194e+13
258000,892.5445557,3.393313739e+14,1.119794128e+13,1.243577582e+15,1.513117503e+13,1.665830912e+11,8.532026163e+10,9.950326686e+12
259000,892.7822876,3.278430410e+14,1.076503983e+13,1.219213843e+15,1.505779987e+13,1.661725573e+11,8.123405926e+10,9.787981955e+12
260000,893.0129395,3.167522275e+14,1.034919346e+13,1.195350602e+15,1.498484205e+13,1.657706906e+11,7.734654566e+10,9.628067824e+12
261000,893.2366333,3.060460148e+14,9.949774086e+12,1.171977121e+15,1.491224180e+13,1.653767864e+11,7.364816896e+10,9.470570660e+12
262000,893.4536133,2.957084648e+14,9.566116905e+12,1.149082664e+15,1.483996345e+13,1.649907139e+11,7.012904141e+10,9.315434889e+12
263000,893.6640625,2.857275648e+14,9.197530907e+12,1.126656358e+15,1.476808776e+13,1.646114898e+11,6.678059827e+10,9.162682532e+12
264000,893.8682861,2.760897588e+14,8.843461394e+12,1.104684044e+15,1.469658012e+13,1.642402284e+11,6.359429530e+10,9.012255916e+12
265000,894.0663452,2.667849806e+14,8.503276077e+12,1.083160285e+15,1.462538181e+13,1.638749962e+11,6.056206336e+10,8.864176013e+12
266000,894.2584839,2.577994560e+14,8.176450142e+12,1.062074881e+15,1.455456728e+13,1.635169894e+11,5.767655424e+10,8.718369948e+12
267000,894.4448853,2.491229342e+14,7.862401106e+12,1.041414813e+15,1.448410821e+13,1.631651758e+11,5.493034189e+10,8.574854496e+12
268000,894.6257324,2.407435873e+14,7.560649245e+12,1.021174646e+15,1.441399833e+13,1.628191621e+11,5.231652045e+10,8.433576182e+12
269000,894.8011475,2.326519528e+14,7.270676038e+12,1.001341627e+15,1.434425963e+13,1.624795218e+11,4.982880256e+10,8.294535528e+12
270000,894.9713135,2.248370584e+14,6.992064152e+12,9.819107928e+14,1.427488794e+13,1.621455667e+11,4.746092954e+10,8.157679059e+12
271000,895.1364136,2.172892071e+14,6.724283007e+12,9.628735516e+14,1.420582453e+13,1.618172477e+11,4.520695398e+10,8.023004676e+12
272000,895.2965698,2.099999261e+14,6.466941485e+12,9.442178243e+14,1.413712078e+13,1.614941716e+11,4.306132992e+10,7.890475680e+12
273000,895.4519653,2.029593507e+14,6.219635884e+12,9.259356250e+14,1.406879662e+13,1.611759780e+11,4.101877350e+10,7.760075293e+12
274000,895.6026611,1.961588404e+14,5.981933142e+12,9.080225915e+14,1.400082268e+13,1.608629780e+11,3.907435725e+10,7.631767339e+12
275000,895.7489014,1.895907616e+14,5.753464685e+12,8.904672482e+14,1.393316751e+13,1.605547131e+11,3.722308403e+10,7.505517740e+12
276000,895.8908081,1.832456018e+14,5.533854597e+12,8.732622804e+14,1.386585522e+13,1.602509046e+11,3.546070221e+10,7.381295038e+12
277000,896.0284424,1.771170190e+14,5.322774151e+12,8.564036613e+14,1.379888058e+13,1.599517819e+11,3.378256896e+10,7.259107099e+12
278000,896.1619873,1.711961381e+14,5.119866831e+12,8.398807209e+14,1.373229285e+13,1.596570010e+11,3.218473984e+10,7.138893627e+12
279000,896.2915649,1.654771040e+14,4.924809150e+12,8.236897680e+14,1.366600817e+13,1.593662013e+11,3.066343424e+10,7.020634178e+12
280000,896.4172363,1.599516453e+14,4.737294926e+12,8.078173809e+14,1.360010307e+13,1.590793667e+11,2.921477939e+10,6.904298865e+12
281000,896.5391846,1.546136888e+14,4.557034750e+12,7.922633582e+14,1.353449577e+13,1.587964150e+11,2.783532032e+10,6.789880873e+12
282000,896.6574707,1.494567753e+14,4.383735022e+12,7.770178350e+14,1.346923345e+13,1.585173791e+11,2.652165939e+10,6.677322007e+12
283000,896.7722778,1.444751669e+14,4.217114198e+12,7.620745701e+14,1.340434022e+13,1.582415217e+11,2.527067136e+10,6.566617547e+12
284000,896.883667,1.396617333e+14,4.056912495e+12,7.474300739e+14,1.333975738e+13,1.579697766e+11,2.407938253e+10,6.457723978e+12
285000,896.9917603,1.350107283e+14,3.902885069e+12,7.330724681e+14,1.327548491e+13,1.577008824e+11,2.294472704e+10,6.350635532e+12
286000,897.0965576,1.305175717e+14,3.754783670e+12,7.190016185e+14,1.321157106e+13,1.574354452e+11,2.186412442e+10,6.245309743e+12
287000,897.1983032,1.261758212e+14,3.612390457e+12,7.052085325e+14,1.314798541e+13,1.571730555e+11,2.083487949e+10,6.141728784e+12
288000,897.2969971,1.219803092e+14,3.475468976e+12,6.916877072e+14,1.308469756e+13,1.569137787e+11,1.985460838e+10,6.039840227e+12
289000,897.3927612,1.179269506e+14,3.343786443e+12,6.784308882e+14,1.302175993e+13,1.566572052e+11,1.892091494e+10,5.939660849e+12
290000,897.4857178,1.140095042e+14,3.217176658e+12,6.654379412e+14,1.295916414e+13,1.564036465e+11,1.803149926e+10,5.841128784e+12
291000,897.5758667,1.102246482e+14,3.095417848e+12,6.527008133e+14,1.289686299e+13,1.561527583e+11,1.718437069e+10,5.744237740e+12
292000,897.6633911,1.065669550e+14,2.978321793e+12,6.402142699e+14,1.283489740e+13,1.559045243e+11,1.637737165e+10,5.648959930e+12
293000,897.748291,1.030321382e+14,2.865718362e+12,6.279732778e+14,1.277324113e+13,1.556589117e+11,1.560861286e+10,5.555257606e+12
294000,897.8306274,9.961637256e+13,2.757416452e+12,6.159726697e+14,1.271189524e+13,1.554156257e+11,1.487629312e+10,5.463125000e+12
295000,897.9105835,9.631520365e+13,2.653265330e+12,6.042076809e+14,1.265090062e+13,1.551749120e+11,1.417864294e+10,5.372524888e+12
296000,897.9880981,9.312510830e+13,2.553094341e+12,5.926735466e+14,1.259021114e+13,1.549364593e+11,1.351402906e+10,5.283431055e+12
297000,898.0633545,9.004192576e+13,2.456748556e+12,5.813655692e+14,1.252981840e+13,1.547002511e+11,1.288084787e+10,5.195828298e+12
298000,898.1364136,8.706236770e+13,2.364080652e+12,5.702768365e+14,1.246974653e+13,1.544662548e+11,1.227752653e+10,5.109690925e+12
299000,898.2072754,8.418256696e+13,2.274948547e+12,5.594073150e+14,1.240999238e+13,1.542344540e+11,1.170278298e+10,5.024983286e+12
300000,898.276001,8.139915972e+13,2.189211075e+12,5.487505957e+14,1.235050771e+13,1.540042424e+11,1.115511910e+10,4.941692273e+12
301000,898.3427124,7.870885763e+13,2.106753942e+12,5.383000684e+14,1.229138271e+13,1.537761935e+11,1.063337267e+10,4.859801633e+12
302000,898.4074707,7.610880020e+13,2.027430216e+12,5.280537200e+14,1.223254396e+13,1.535502909e+11,1.013618893e+10,4.779261034e+12
303000,898.4703369,7.359562357e+13,1.951126913e+12,5.180095370e+14,1.217398938e+13,1.533262070e+11,9.662490624e+09,4.700100362e+12
304000,898.531311,7.116667696e+13,1.877731705e+12,5.081593658e+14,1.211573993e+13,1.531036467e+11,9.211091968e+09,4.622243070e+12
305000,898.5904541,6.881856297e+13,1.807121646e+12,4.985012603e+14,1.205781765e+13,1.528828887e+11,8.780932096e+09,4.545684439e+12
306000,898.6478882,6.654905444e+13,1.739193450e+12,4.890295833e+14,1.200014911e+13,1.526639002e+11,8.371067904e+09,4.470419751e+12
307000,898.7036133,6.435526148e+13,1.673853796e+12,4.797442676e+14,1.194282451e+13,1.524466811e+11,7.980472320e+09,4.396409684e+12
308000,898.7576904,6.223460880e+13,1.610990092e+12,4.706378979e+14,1.188577359e+13,1.522309202e+11,7.608247296e+09,4.323649520e+12
309000,898.8101807,6.018463013e+13,1.550513734e+12,4.617105075e+14,1.182903724e+13,1.520166175e+11,7.253533696e+09,4.252100985e+12
310000,898.861084,5.820316962e+13,1.492330480e+12,4.529531711e+14,1.177254835e+13,1.518034616e+11,6.915462656e+09,4.181751497e+12
311000,898.9105225,5.628746321e+13,1.436357362e+12,4.443678684e+14,1.171637299e+13,1.515922719e+11,6.593309696e+09,4.112588472e+12
312000,898.9584961,5.443574091e+13,1.382501712e+12,4.359492642e+14,1.166050381e+13,1.513822290e+11,6.286258176e+09,4.044575998e+12
313000,899.0050049,5.264561196e+13,1.330687771e+12,4.276924932e+14,1.160489887e+13,1.511735788e+11,5.993631232e+09,3.977709617e+12
314000,899.0501709,5.091482403e+13,1.280834929e+12,4.195959447e+14,1.154959907e+13,1.509665833e+11,5.714731520e+09,3.911962591e+12
315000,899.0940552,4.924175391e+13,1.232867820e+12,4.116563639e+14,1.149455722e+13,1.507603907e+11,5.448890368e+09,3.847314997e+12
316000,899.1365967,4.762427929e+13,1.186714616e+12,4.038691875e+14,1.143981631e+13,1.505555579e+11,5.195533312e+09,3.783755563e+12
317000,899.1778564,4.606052532e+13,1.142306243e+12,3.962329056e+14,1.138535013e+13,1.503520850e+11,4.954049024e+09,3.721265676e+12
318000,899.2179565,4.454868845e+13,1.099575853e+12,3.887444981e+14,1.133116077e+13,1.501496443e+11,4.723856896e+09,3.659819909e+12
319000,899.2568359,4.308702383e+13,1.058461319e+12,3.814010124e+14,1.127726606e+13,1.499485471e+11,4.504444416e+09,3.599399911e+12
320000,899.2946167,4.167368599e+13,1.018899005e+12,3.741995628e+14,1.122361881e+13,1.497481871e+11,4.295302656e+09,3.540002537e+12
321000,899.3312378,4.030738307e+13,9.808279634e+11,3.671345792e+14,1.117028404e+13,1.495491379e+11,4.095938560e+09,3.481596068e+12
322000,899.3668213,3.898636186e+13,9.441931428e+11,3.602088803e+14,1.111719569e+13,1.493511045e+11,3.905899776e+09,3.424163987e+12
323000,899.4013062,3.770910822e+13,9.089415250e+11,3.534142787e+14,1.106437053e+13,1.491540705e+11,3.724753664e+09,3.367709180e+12
324000,899.4348145,3.647416251e+13,8.750154383e+11,3.467508415e+14,1.101183163e+13,1.489580360e+11,3.552059904e+09,3.312182100e+12
325000,899.4673462,3.528009869e+13,8.423709737e+11,3.402160523e+14,1.095957375e+13,1.487630008e+11,3.387434752e+09,3.257599263e+12
326000,899.4989014,3.412542358e+13,8.109545882e+11,3.338060187e+14,1.090753502e+13,1.485689160e+11,3.230492160e+09,3.203919512e+12
327000,899.529541,3.300907391e+13,7.807210619e+11,3.275208077e+14,1.085581715e+13,1.483755520e+11,3.080870912e+09,3.151151235e+12
328000,899.5592651,3.192952717e+13,7.516240609e+11,3.213542791e+14,1.080433312e+13,1.481831383e+11,2.938227200e+09,3.099255112e+12
329000,899.5881348,3.088578091e+13,7.236232806e+11,3.153078084e+14,1.075314583e+13,1.479919698e+11,2.802244352e+09,3.048246084e+12
330000,899.6161499,2.987641327e+13,6.966728458e+11,3.093765639e+14,1.070219133e+13,1.478011945e+11,2.672598016e+09,2.998073295e+12
331000,899.6433105,2.890039034e+13,6.707369738e+11,3.035594718e+14,1.065150631e+13,1.476113531e+11,2.548981248e+09,2.948751950e+12
332000,899.6696777,2.795659434e+13,6.457747046e+11,2.978532103e+14,1.060105198e+13,1.474221670e+11,2.431130880e+09,2.900244300e+12
333000,899.6953125,2.704395364e+13,6.217513697e+11,2.922566049e+14,1.055088496e+13,1.472341934e+11,2.318770944e+09,2.852558733e+12
334000,899.7201538,2.616132947e+13,5.986280407e+11,2.867676425e+14,1.050096540e+13,1.470465802e+11,2.211639296e+09,2.805675852e+12
335000,899.7443237,2.530781797e+13,5.763716874e+11,2.813830514e+14,1.045127024e+13,1.468598845e+11,2.109483392e+09,2.759560528e+12
336000,899.7677612,2.448245234e+13,5.549506560e+11,2.761008855e+14,1.040185714e+13,1.466738278e+11,2.012082176e+09,2.714225607e+12
337000,899.7904663,2.368438744e+13,5.343352914e+11,2.709211280e+14,1.035270619e+13,1.464886723e+11,1.919216512e+09,2.669653000e+12
338000,899.812561,2.291252645e+13,5.144890900e+11,2.658397860e+14,1.030379536e+13,1.463041393e+11,1.830659200e+09,2.625819378e+12
339000,899.8339844,2.216608924e+13,4.953879347e+11,2.608559200e+14,1.025510369e+13,1.461202289e+11,1.746215808e+09,2.582722380e+12
340000,899.8547974,2.144414676e+13,4.770026619e+11,2.559666442e+14,1.020670666e+13,1.459369247e+11,1.665697536e+09,2.540338676e+12
341000,899.875,2.074605099e+13,4.593052221e+11,2.511710864e+14,1.015854452e+13,1.457545052e+11,1.588917120e+09,2.498671673e+12
342000,899.8945923,2.007084564e+13,4.422706463e+11,2.464674177e+14,1.011059733e+13,1.455723971e+11,1.515697408e+09,2.457694372e+12
343000,899.9136353,1.941777783e+13,4.258713436e+11,2.418519975e+14,1.006292173e+13,1.453911736e+11,1.445877376e+09,2.417399693e+12
344000,899.9320679,1.878625826e+13,4.100881777e+11,2.373258828e+14,1.001547786e+13,1.452102779e+11,1.379295360e+09,2.377781084e+12
345000,899.9500122,1.817546064e+13,3.948939837e+11,2.328863725e+14,9.968261530e+12,1.450302505e+11,1.315800448e+09,2.338826486e+12
346000,899.9674072,1.758473277e+13,3.802665779e+11,2.285309164e+14,9.921294762e+12,1.448507965e+11,1.255248256e+09,2.300519907e+12
347000,899.984314,1.701331128e+13,3.661860700e+11,2.242579039e+14,9.874553438e+12,1.446716211e+11,1.197494912e+09,2.262855057e+12
348000,900.0007324,1.646071801e+13,3.526318817e+11,2.200657413e+14,9.828057481e+12,1.444930519e+11,1.142425216e+09,2.225808081e+12
349000,900.0166626,1.592623576e+13,3.395834348e+11,2.159545459e+14,9.781822620e+12,1.443153347e+11,1.089897216e+09,2.189389857e+12
350000,900.0321045,1.540926053e+13,3.270211338e+11,2.119210798e+14,9.735791182e+12,1.441378796e+11,1.039806720e+09,2.153576661e+12
351000,900.0471191,1.490924706e+13,3.149284639e+11,2.079646048e+14,9.689999868e+12,1.439610143e+11,9.920320000e+08,2.118350406e+12
352000,900.0617065,1.442560187e+13,3.032860262e+11,2.040828894e+14,9.644447629e+12,1.437847060e+11,9.464636160e+08,2.083721183e+12
353000,900.0758057,1.395778703e+13,2.920780595e+11,2.002752795e+14,9.599095669e+12,1.436089713e+11,9.030060800e+08,2.049663173e+12
354000,900.0895386,1.350530236e+13,2.812876227e+11,1.965395268e+14,9.553997464e+12,1.434334986e+11,8.615559040e+08,2.016174014e+12
355000,900.1029053,1.306764037e+13,2.708995113e+11,1.928749939e+14,9.509133091e+12,1.432588452e+11,8.220195840e+08,1.983244272e+12
356000,900.1158447,1.264428935e+13,2.608981934e+11,1.892796171e+14,9.464483676e+12,1.430844703e+11,7.843114240e+08,1.950860706e+12
357000,900.128418,1.223477638e+13,2.512685793e+11,1.857527589e+14,9.420048171e+12,1.429103739e+11,7.483419520e+08,1.919014011e+12
358000,900.140625,1.183864219e+13,2.419977421e+11,1.822923725e+14,9.375842304e+12,1.427370967e+11,7.140359680e+08,1.887698813e+12
359000,900.1524658,1.145547050e+13,2.330721649e+11,1.788979042e+14,9.331867124e+12,1.425640817e+11,6.813094400e+08,1.856905937e+12
360000,900.1639404,1.108481147e+13,2.244780196e+11,1.755680455e+14,9.288117387e+12,1.423915909e+11,6.500954880e+08,1.826619785e+12
361000,900.1751099,1.072626978e+13,2.162037064e+11,1.723002294e+14,9.244577366e+12,1.422193787e+11,6.203176960e+08,1.796838261e+12
362000,900.1859741,1.037940923e+13,2.082364621e+11,1.690952445e+14,9.201244963e+12,1.420476744e+11,5.919154560e+08,1.767553106e+12
363000,900.1964722,1.004390371e+13,2.005651948e+11,1.659505573e+14,9.158153732e+12,1.418768056e+11,5.648214400e+08,1.738752655e+12
364000,900.2067261,9.719339024e+12,1.931795333e+11,1.628656647e+14,9.115265925e+12,1.417056092e+11,5.389769600e+08,1.710431535e+12
365000,900.2166138,9.405355524e+12,1.860673372e+11,1.598387713e+14,9.072583639e+12,1.415352320e+11,5.143201920e+08,1.682578997e+12
366000,900.2262573,9.101604028e+12,1.792194150e+11,1.568687700e+14,9.030121554e+12,1.413651005e+11,4.908008640e+08,1.655186915e+12
367000,900.2355957,8.807751090e+12,1.726255596e+11,1.539552077e+14,8.987893301e+12,1.411954770e+11,4.683625600e+08,1.628250309e+12
368000,900.2446899,8.523483185e+12,1.662765793e+11,1.510969269e+14,8.945849598e+12,1.410266399e+11,4.469561920e+08,1.601764983e+12
369000,900.25354,8.248472109e+12,1.601626767e+11,1.482923504e+14,8.904021901e+12,1.408574915e+11,4.265356480e+08,1.575713636e+12
370000,900.262085,7.982426882e+12,1.542753976e+11,1.455409749e+14,8.862409163e+12,1.406889001e+11,4.070536320e+08,1.550089454e+12
371000,900.2703857,7.725039747e+12,1.486062551e+11,1.428412235e+14,8.821010334e+12,1.405210624e+11,3.884667840e+08,1.524897284e+12
372000,900.2785034,7.476010287e+12,1.431473848e+11,1.401926514e+14,8.779806540e+12,1.403534541e+11,3.707350400e+08,1.500120351e+12
373000,900.2863159,7.235107815e+12,1.378903982e+11,1.375937823e+14,8.738798830e+12,1.401858130e+11,3.538175360e+08,1.475752100e+12
374000,900.2939453,7.002021954e+12,1.328277668e+11,1.350441296e+14,8.698017087e+12,1.400192205e+11,3.376766080e+08,1.451788337e+12
375000,900.3013306,6.776525685e+12,1.279532401e+11,1.325422757e+14,8.657428283e+12,1.398523167e+11,3.222769920e+08,1.428219625e+12
376000,900.3084717,6.558342709e+12,1.232583311e+11,1.300873062e+14,8.617047622e+12,1.396861829e+11,3.075827200e+08,1.405039149e+12
377000,900.3154907,6.347269603e+12,1.187373138e+11,1.276788017e+14,8.576872481e+12,1.395202785e+11,2.935640320e+08,1.382243107e+12
378000,900.3222656,6.143051563e+12,1.143838802e+11,1.253158814e+14,8.536887132e+12,1.393546035e+11,2.801880960e+08,1.359827698e+12
379000,900.3287964,5.945449513e+12,1.101909361e+11,1.229976644e+14,8.497106256e+12,1.391894200e+11,2.674258080e+08,1.337780994e+12
380000,900.3352051,5.754281525e+12,1.061529108e+11,1.207223472e+14,8.457512550e+12,1.390242038e+11,2.552482560e+08,1.316092117e+12
381000,900.3413696,5.569304855e+12,1.022638817e+11,1.184900641e+14,8.418137473e+12,1.388597412e+11,2.436290080e+08,1.294767489e+12
382000,900.3474121,5.390315553e+12,9.851884339e+10,1.162999509e+14,8.378930692e+12,1.386957701e+11,2.325413760e+08,1.273793479e+12
383000,900.3532715,5.217150042e+12,9.491188122e+10,1.141507914e+14,8.339940966e+12,1.385317335e+11,2.219613440e+08,1.253166678e+12
384000,900.3589478,5.049596510e+12,9.143821107e+10,1.120417885e+14,8.301148897e+12,1.383681884e+11,2.118667680e+08,1.232876339e+12
385000,900.3644409,4.887462543e+12,8.809236070e+10,1.099730430e+14,8.262524076e+12,1.382045942e+11,2.022332640e+08,1.212924297e+12
386000,900.369812,4.730597671e+12,8.487008666e+10,1.079425081e+14,8.224110543e+12,1.380417700e+11,1.930407680e+08,1.193297445e+12
387000,900.375,4.578803712e+12,8.176678502e+10,1.059502927e+14,8.185878413e+12,1.378791424e+11,1.842692960e+08,1.173997355e+12
388000,900.3800049,4.431923905e+12,7.877772902e+10,1.039952729e+14,8.147840270e+12,1.377169900e+11,1.758984480e+08,1.155013935e+12
389000,900.3849487,4.289804632e+12,7.589851955e+10,1.020771130e+14,8.109995065e+12,1.375547884e+11,1.679101120e+08,1.136342073e+12
390000,900.3897095,4.152283628e+12,7.312567501e+10,1.001951083e+14,8.072328118e+12,1.373930619e+11,1.602870240e+08,1.117980721e+12
391000,900.3943481,4.019202294e+12,7.045482086e+10,9.834821044e+13,8.034867216e+12,1.372315484e+11,1.530124000e+08,1.099918475e+12
392000,900.3988037,3.890438472e+12,6.788229120e+10,9.653573137e+13,7.997566222e+12,1.370702397e+11,1.460696320e+08,1.082152190e+12
393000,900.4031372,3.765822292e+12,6.540458803e+10,9.475740270e+13,7.960469701e+12,1.369096847e+11,1.394440320e+08,1.064681144e+12
394000,900.4074097,3.645246538e+12,6.301803725e+10,9.301254492e+13,7.923561923e+12,1.367490396e+11,1.331207440e+08,1.047496425e+12
395000,900.411499,3.528559690e+12,6.071905075e+10,9.129984942e+13,7.886811431e+12,1.365886239e+11,1.270859200e+08,1.030595019e+12
396000,900.4155273,3.415640375e+12,5.850472038e+10,8.961935813e+13,7.850261217e+12,1.364286751e+11,1.213263040e+08,1.013970239e+12
397000,900.4193726,3.306379280e+12,5.637169152e+10,8.797050900e+13,7.813882970e+12,1.362689311e+11,1.158297280e+08,9.976197284e+11
398000,900.4231567,3.200631964e+12,5.431705190e+10,8.635232894e+13,7.777688224e+12,1.361096376e+11,1.105836480e+08,9.815364731e+11
399000,900.4268188,3.098302480e+12,5.233801216e+10,8.476457467e+13,7.741661774e+12,1.359503114e+11,1.055766080e+08,9.657182454e+11
400000,900.4303589,2.999279944e+12,5.043165594e+10,8.320634859e+13,7.705847661e+12,1.357916897e+11,1.007976320e+08,9.501586883e+11
401000,900.4338379,2.903438262e+12,4.859521024e+10,8.167708028e+13,7.670170911e+12,1.356330189e+11,9.623645600e+07,9.348553114e+11
402000,900.4371948,2.810697744e+12,4.682617651e+10,8.017654322e+13,7.634673992e+12,1.354747822e+11,9.188272800e+07,9.198036582e+11
403000,900.4404297,2.720940163e+12,4.512206438e+10,7.870418377e+13,7.599372632e+12,1.353165210e+11,8.772732800e+07,9.049963233e+11
404000,900.4436035,2.634079535e+12,4.348038349e+10,7.725917143e+13,7.564233802e+12,1.351589478e+11,8.376112800e+07,8.904324547e+11
405000,900.4466553,2.550011265e+12,4.189900390e+10,7.584099449e+13,7.529273754e+12,1.350013256e+11,7.997502400e+07,8.761097585e+11
406000,900.449646,2.468654875e+12,4.037552538e+10,7.444942644e+13,7.494475186e+12,1.348438917e+11,7.636151200e+07,8.620191908e+11
407000,900.4525146,2.389912322e+12,3.890788762e+10,7.308366197e+13,7.459867460e+12,1.346871869e+11,7.291198400e+07,8.481618002e+11
408000,900.4553223,2.313708372e+12,3.749403443e+10,7.174351651e+13,7.425419641e+12,1.345304084e+11,6.961933600e+07,8.345271665e+11
409000,900.4580688,2.239955468e+12,3.613197107e+10,7.042850352e+13,7.391131730e+12,1.343738266e+11,6.647654000e+07,8.211196805e+11
410000,900.4607544,2.168570380e+12,3.481972326e+10,6.913758698e+13,7.357029417e+12,1.342176788e+11,6.347622400e+07,8.079292498e+11
411000,900.4633179,2.099488621e+12,3.355552154e+10,6.787086336e+13,7.323087012e+12,1.340617523e+11,6.061225200e+07,7.949553500e+11
412000,900.4658203,2.032626958e+12,3.233759232e+10,6.662760703e+13,7.289301369e+12,1.339059896e+11,5.787827600e+07,7.821926728e+11
413000,900.4682617,1.967909896e+12,3.116422963e+10,6.540763762e+13,7.255699751e+12,1.337506939e+11,5.526847200e+07,7.696408904e+11
414000,900.4706421,1.905271505e+12,3.003378688e+10,6.421049794e+13,7.222253322e+12,1.335955784e+11,5.277684800e+07,7.572920730e+11
415000,900.4729004,1.844648215e+12,2.894468506e+10,6.303552109e+13,7.188975714e+12,1.334406595e+11,5.039852400e+07,7.451457618e+11
416000,900.4751587,1.785964265e+12,2.789528781e+10,6.188228341e+13,7.155850674e+12,1.332859208e+11,4.812792800e+07,7.331984835e+11
417000,900.4772949,1.729170506e+12,2.688435200e+10,6.075061714e+13,7.122907562e+12,1.331313869e+11,4.596033200e+07,7.214455849e+11
418000,900.4794312,1.674195501e+12,2.591024947e+10,5.963987634e+13,7.090115445e+12,1.329775247e+11,4.389086400e+07,7.098837238e+11
419000,900.4814453,1.620987085e+12,2.497178010e+10,5.854990161e+13,7.057489002e+12,1.328233759e+11,4.191522400e+07,6.985112617e+11
420000,900.4834595,1.569484833e+12,2.406757581e+10,5.748005959e+13,7.024999924e+12,1.326698824e+11,4.002904800e+07,6.873249219e+11
421000,900.4853516,1.519630549e+12,2.319629107e+10,5.642999797e+13,6.992700113e+12,1.325163479e+11,3.822819200e+07,6.763204444e+11
422000,900.4872437,1.471376654e+12,2.235685069e+10,5.539954894e+13,6.960549724e+12,1.323632476e+11,3.650898000e+07,6.654959288e+11
423000,900.4890747,1.424666132e+12,2.154803610e+10,5.438833082e+13,6.928547709e+12,1.322103194e+11,3.486748400e+07,6.548472463e+11
424000,900.4908447,1.379454157e+12,2.076863693e+10,5.339558023e+13,6.896719233e+12,1.320575877e+11,3.330024600e+07,6.443713823e+11
425000,900.4925537,1.335687512e+12,2.001774182e+10,5.242155302e+13,6.865024451e+12,1.319050445e+11,3.180393600e+07,6.340655841e+11
426000,900.4942017,1.293324255e+12,1.929414246e+10,5.146529705e+13,6.833501635e+12,1.317529108e+11,3.037526800e+07,6.239306383e+11
427000,900.4958496,1.252314055e+12,1.859687424e+10,5.052687525e+13,6.802122998e+12,1.316009902e+11,2.901116600e+07,6.139589427e+11
428000,900.4974365,1.212620866e+12,1.792508109e+10,4.960594785e+13,6.770902696e+12,1.314492334e+11,2.770874800e+07,6.041487933e+11
429000,900.4989624,1.174192259e+12,1.727775334e+10,4.870199475e+13,6.739851739e+12,1.312976568e+11,2.646510600e+07,5.945001247e+11
430000,900.5004272,1.136992584e+12,1.665393254e+10,4.781470557e+13,6.708930806e+12,1.311462687e+11,2.527761800e+07,5.850065142e+11
431000,900.5018921,1.100983960e+12,1.605281792e+10,4.694394607e+13,6.678151954e+12,1.309953065e+11,2.414373800e+07,5.756679619e+11
432000,900.5032959,1.066125885e+12,1.547358003e+10,4.608939327e+13,6.647539827e+12,1.308445327e+11,2.306111600e+07,5.664806666e+11
433000,900.5046387,1.032379498e+12,1.491541197e+10,4.525040965e+13,6.617081315e+12,1.306939310e+11,2.202725200e+07,5.574442353e+11
434000,900.5059814,9.997145211e+11,1.437754470e+10,4.442702874e+13,6.586774323e+12,1.305435177e+11,2.104009800e+07,5.485530317e+11
435000,900.5072632,9.680888791e+11,1.385917952e+10,4.361897370e+13,6.556594209e+12,1.303935304e+11,2.009737800e+07,5.398057452e+11
436000,900.5084839,9.374742610e+11,1.335968256e+10,4.282578316e+13,6.526578721e+12,1.302437233e+11,1.919722800e+07,5.312030310e+11
437000,900.5097046,9.078365880e+11,1.287833702e+10,4.204718026e+13,6.496712655e+12,1.300940718e+11,1.833763800e+07,5.227373527e+11
438000,900.5108643,8.791426990e+11,1.241447424e+10,4.128305178e+13,6.466970845e+12,1.299446088e+11,1.751670800e+07,5.144116265e+11
439000,900.5120239,8.513654620e+11,1.196743475e+10,4.053296985e+13,6.437377409e+12,1.297953260e+11,1.673281400e+07,5.062184796e+11
440000,900.5131226,8.244721091e+11,1.153660416e+10,3.979681706e+13,6.407944405e+12,1.296462234e+11,1.598421700e+07,4.981596488e+11
441000,900.5142212,7.984390472e+11,1.112143155e+10,3.907419073e+13,6.378658202e+12,1.294977761e+11,1.526931500e+07,4.902309724e+11
442000,900.5152588,7.732324598e+11,1.072130253e+10,3.836483499e+13,6.349494157e+12,1.293490176e+11,1.458658100e+07,4.824304189e+11
443000,900.5162964,7.488301302e+11,1.033566925e+10,3.766879178e+13,6.320487924e+12,1.292006769e+11,1.393453400e+07,4.747557274e+11
444000,900.5172729,7.252049265e+11,9.964019712e+09,3.698537743e+13,6.291614335e+12,1.290527703e+11,1.331186500e+07,4.672076513e+11
445000,900.5182495,7.023304376e+11,9.605863424e+09,3.631464645e+13,6.262884401e+12,1.289050194e+11,1.271714100e+07,4.597795717e+11
446000,900.519165,6.801839882e+11,9.260669952e+09,3.565621714e+13,6.234298122e+12,1.287574569e+11,1.214922000e+07,4.524730614e+11
447000,900.5200806,6.587422474e+11,8.927966208e+09,3.500999303e+13,6.205854450e+12,1.286100500e+11,1.160672700e+07,4.452835000e+11
448000,900.5209961,6.379824087e+11,8.607297536e+09,3.437548758e+13,6.177540276e+12,1.284625777e+11,1.108869000e+07,4.382115430e+11
449000,900.5218506,6.178850734e+11,8.298257408e+09,3.375286645e+13,6.149367661e+12,1.283157770e+11,1.059385700e+07,4.312527667e+11
450000,900.5227051,5.984243548e+11,8.000389632e+09,3.314152986e+13,6.121310913e+12,1.281689027e+11,1.012126000e+07,4.244069089e+11
451000,900.5234985,5.795820339e+11,7.713317888e+09,3.254163926e+13,6.093406732e+12,1.280226836e+11,9.669893000e+06,4.176721347e+11
452000,900.524292,5.613372703e+11,7.436588544e+09,3.195260955e+13,6.065652498e+12,1.278761452e+11,9.238761000e+06,4.110457897e+11
453000,900.5250244,5.436742369e+11,7.169911808e+09,3.137460430e+13,6.038025667e+12,1.277302620e+11,8.827021000e+06,4.045269565e+11
454000,900.5258179,5.265718968e+11,6.912849920e+09,3.080705518e+13,6.010524140e+12,1.275840594e+11,8.433678000e+06,3.981121946e+11
455000,900.5264893,5.100115067e+11,6.665069056e+09,3.025001250e+13,5.983159452e+12,1.274385203e+11,8.058002000e+06,3.918029783e+11
456000,900.5272217,4.939756995e+11,6.426254848e+09,2.970315122e+13,5.955919544e+12,1.272933908e+11,7.699163500e+06,3.855944581e+11
457000,900.5278931,4.784486810e+11,6.196057088e+09,2.916640420e+13,5.928815428e+12,1.271479419e+11,7.356389000e+06,3.794857820e+11
458000,900.5285645,4.634150502e+11,5.974151168e+09,2.863946527e+13,5.901857063e+12,1.270029025e+11,7.028969000e+06,3.734766879e+11
459000,900.5291748,4.488580301e+11,5.760280576e+09,2.812216244e+13,5.875010372e+12,1.268582892e+11,6.716224500e+06,3.675635384e+11
460000,900.5298462,4.347624489e+11,5.554107904e+09,2.761451669e+13,5.848307335e+12,1.267135939e+11,6.417480500e+06,3.617453179e+11
461000,900.5304565,4.211127419e+11,5.355387392e+09,2.711603728e+13,5.821737468e+12,1.265693000e+11,6.132107500e+06,3.560219935e+11
462000,900.5310059,4.078962934e+11,5.163826176e+09,2.662676614e+13,5.795277701e+12,1.264249405e+11,5.859503000e+06,3.503905178e+11
463000,900.5316162,3.950983250e+11,4.979163648e+09,2.614642016e+13,5.768960016e+12,1.262809661e+11,5.599081000e+06,3.448494162e+11
464000,900.5321655,3.827056312e+11,4.801178624e+09,2.567484202e+13,5.742761869e+12,1.261374177e+11,5.350325500e+06,3.393973125e+11
465000,900.5327148,3.707037614e+11,4.629574144e+09,2.521196256e+13,5.716693746e+12,1.259937956e+11,5.112670000e+06,3.340339118e+11
466000,900.5332031,3.590824264e+11,4.464171520e+09,2.475762235e+13,5.690744111e+12,1.258505830e+11,4.885655500e+06,3.287559700e+11
467000,900.5337524,3.478293381e+11,4.304718336e+09,2.431156345e+13,5.664933937e+12,1.257075180e+11,4.668765000e+06,3.235631923e+11
468000,900.5342407,3.369308324e+11,4.151000832e+09,2.387363067e+13,5.639240155e+12,1.255646331e+11,4.461571500e+06,3.184543007e+11
469000,900.534729,3.263782584e+11,4.002826240e+09,2.344368350e+13,5.613664862e+12,1.254216663e+11,4.263630000e+06,3.134272635e+11
470000,900.5352173,3.161579192e+11,3.859970048e+09,2.302165483e+13,5.588225360e+12,1.252793467e+11,4.074524750e+06,3.084807373e+11
471000,900.5356445,3.062605742e+11,3.722268928e+09,2.260739784e+13,5.562901725e+12,1.251371827e+11,3.893866250e+06,3.036140667e+11
472000,900.5360718,2.966764913e+11,3.589501184e+09,2.220060006e+13,5.537713881e+12,1.249951990e+11,3.721246500e+06,2.988253184e+11
473000,900.536499,2.873950536e+11,3.461515008e+09,2.180137054e+13,5.512640856e+12,1.248531251e+11,3.556346750e+06,2.941137715e+11
474000,900.5369263,2.784060703e+11,3.338117888e+09,2.140932340e+13,5.487670067e+12,1.247114445e+11,3.398787250e+06,2.894776238e+11
475000,900.5373535,2.697013821e+11,3.219168512e+09,2.102449010e+13,5.462834020e+12,1.245701816e+11,3.248257250e+06,2.849156301e+11
476000,900.5377808,2.612703396e+11,3.104481792e+09,2.064665253e+13,5.438119608e+12,1.244288287e+11,3.104430000e+06,2.804282163e+11
477000,900.538147,2.531062252e+11,2.993921024e+09,2.027576245e+13,5.413518442e+12,1.242876477e+11,2.967027750e+06,2.760120074e+11
478000,900.5385132,2.451986514e+11,2.887319808e+09,1.991161435e+13,5.389038387e+12,1.241468600e+11,2.835728500e+06,2.716664136e+11
479000,900.5388794,2.375412777e+11,2.784545792e+09,1.955415578e+13,5.364679967e+12,1.240062362e+11,2.710276000e+06,2.673902387e+11
480000,900.5392456,2.301243720e+11,2.685466112e+09,1.920319173e+13,5.340430074e+12,1.238657679e+11,2.590413000e+06,2.631824015e+11
481000,900.5395508,2.229416100e+11,2.589926912e+09,1.885859843e+13,5.316301816e+12,1.237257175e+11,2.475879250e+06,2.590427382e+11
482000,900.539917,2.159846851e+11,2.497824256e+09,1.852033187e+13,5.292291523e+12,1.235857981e+11,2.366445750e+06,2.549691515e+11
483000,900.5402222,2.092468470e+11,2.409015808e+09,1.818820748e+13,5.268400243e+12,1.234458214e+11,2.261875250e+06,2.509605929e+11
484000,900.5405273,2.027215258e+11,2.323391488e+09,1.786214138e+13,5.244616966e+12,1.233062298e+11,2.161958250e+06,2.470160138e+11
485000,900.5408325,1.964008243e+11,2.240831488e+09,1.754202139e+13,5.220950606e+12,1.231668019e+11,2.066477000e+06,2.431343493e+11
486000,900.5411377,1.902797128e+11,2.161230336e+09,1.722774052e+13,5.197391200e+12,1.230275379e+11,1.975244625e+06,2.393155174e+11
487000,900.5414429,1.843504579e+11,2.084480768e+09,1.691915620e+13,5.173958148e+12,1.228886508e+11,1.888061500e+06,2.355575685e+11
488000,900.541748,1.786079969e+11,2.010475520e+09,1.661619604e+13,5.150620516e+12,1.227499274e+11,1.804754000e+06,2.318595031e+11
489000,900.5419922,1.730457436e+11,1.939116672e+09,1.631875731e+13,5.127408714e+12,1.226111304e+11,1.725139125e+06,2.282204037e+11
490000,900.5422363,1.676583076e+11,1.870311808e+09,1.602670473e+13,5.104301244e+12,1.224727265e+11,1.649061250e+06,2.246401065e+11
491000,900.5425415,1.624401347e+11,1.803972352e+09,1.574003096e+13,5.081315934e+12,1.223344783e+11,1.576356500e+06,2.211168420e+11
492000,900.5427856,1.573859164e+11,1.739999360e+09,1.545848539e+13,5.058436006e+12,1.221963858e+11,1.506883000e+06,2.176496599e+11
493000,900.5430298,1.524903608e+11,1.678314112e+09,1.518209529e+13,5.035657789e+12,1.220586865e+11,1.440490750e+06,2.142376428e+11
494000,900.5432739,1.477485199e+11,1.618831104e+09,1.491070442e+13,5.013002256e+12,1.219211510e+11,1.377034125e+06,2.108807414e+11
495000,900.543457,1.431554949e+11,1.561477248e+09,1.464430754e+13,4.990438998e+12,1.217835336e+11,1.316395625e+06,2.075768586e+11
496000,900.5437012,1.387063214e+11,1.506167040e+09,1.438269807e+13,4.967996326e+12,1.216465306e+11,1.258441625e+06,2.043258798e+11
497000,900.5439453,1.343964365e+11,1.452826752e+09,1.412581940e+13,4.945654317e+12,1.215094456e+11,1.203052875e+06,2.011261993e+11
498000,900.5441284,1.302222111e+11,1.401399936e+09,1.387366104e+13,4.923422409e+12,1.213725327e+11,1.150121750e+06,1.979781448e+11
499000,900.5443115,1.261786071e+11,1.351803648e+09,1.362603214e+13,4.901290639e+12,1.212359967e+11,1.099534250e+06,1.948801270e+11
500000,900.5445557,1.222617088e+11,1.303977472e+09,1.338290126e+13,4.879276835e+12,1.210993787e+11,1.051183625e+06,1.918316708e+11
501000,900.5447388,1.184673137e+11,1.257857792e+09,1.314421074e+13,4.857361072e+12,1.209631539e+11,1.004972688e+06,1.888316129e+11
502000,900.5449219,1.147919974e+11,1.213376256e+09,1.290980221e+13,4.835544924e+12,1.208270766e+11,9.608060625e+05,1.858788393e+11
503000,900.545105,1.112315494e+11,1.170483456e+09,1.267967466e+13,4.813844644e+12,1.206911631e+11,9.185910000e+05,1.829736284e+11
504000,900.5452881,1.077825782e+11,1.129119744e+09,1.245369699e+13,4.792241881e+12,1.205556265e+11,8.782424375e+05,1.801145057e+11
505000,900.5454712,1.044415201e+11,1.089230208e+09,1.223181995e+13,4.770736112e+12,1.204200079e+11,8.396789375e+05,1.773010944e+11
506000,900.5456543,1.012050166e+11,1.050758016e+09,1.201396381e+13,4.749336248e+12,1.202847826e+11,8.028180625e+05,1.745319526e+11
507000,900.5457764,9.806955315e+10,1.013656256e+09,1.180005941e+13,4.728050156e+12,1.201497047e+11,7.675855625e+05,1.718073917e+11
508000,900.5459595,9.503211520e+10,9.778756480e+08,1.158998612e+13,4.706850570e+12,1.200147825e+11,7.339090625e+05,1.691256422e+11
509000,900.5460815,9.208983552e+10,9.433672320e+08,1.138376286e+13,4.685763707e+12,1.198802371e+11,7.017208125e+05,1.664867697e+11
510000,900.5462646,8.923915059e+10,9.100867840e+08,1.118125223e+13,4.664771215e+12,1.197456179e+11,6.709506250e+05,1.638899384e+11
511000,900.5463867,8.647786496e+10,8.779889920e+08,1.098241023e+13,4.643882533e+12,1.196113756e+11,6.415407500e+05,1.613342966e+11
512000,900.5465698,8.380248883e+10,8.470328320e+08,1.078714561e+13,4.623086649e+12,1.194772808e+11,6.134258750e+05,1.588190577e+11
513000,900.5466919,8.121082675e+10,8.171760000e+08,1.059539546e+13,4.602392478e+12,1.193433416e+11,5.865508125e+05,1.563436646e+11
514000,900.546814,7.869991322e+10,7.883805440e+08,1.040713461e+13,4.581800018e+12,1.192093286e+11,5.608608125e+05,1.539080028e+11
515000,900.546936,7.626721690e+10,7.606055680e+08,1.022227920e+13,4.561308221e+12,1.190759219e+11,5.363031875e+05,1.515108925e+11
516000,900.5470581,7.391055872e+10,7.338190080e+08,1.004074638e+13,4.540909224e+12,1.189424333e+11,5.128275625e+05,1.491513836e+11
517000,900.5471802,7.162727629e+10,7.079811840e+08,9.862496306e+12,4.520608793e+12,1.188093215e+11,4.903861562e+05,1.468297380e+11
518000,900.5473022,6.941531341e+10,6.830634880e+08,9.687484944e+12,4.500399063e+12,1.186763571e+11,4.689321562e+05,1.445445140e+11
519000,900.5474243,6.727217152e+10,6.590265600e+08,9.515581224e+12,4.480297861e+12,1.185435402e+11,4.484235625e+05,1.422956626e+11
520000,900.5475464,6.519570022e+10,6.358427520e+08,9.346799825e+12,4.460285264e+12,1.184108790e+11,4.288168438e+05,1.400823316e+11
521000,900.5476685,6.318416691e+10,6.134828160e+08,9.181084140e+12,4.440362320e+12,1.182785864e+11,4.100728438e+05,1.379042263e+11
522000,900.5477905,6.123493376e+10,5.919146880e+08,9.018326145e+12,4.420537942e+12,1.181462200e+11,3.921526875e+05,1.357605192e+11
523000,900.5478516,5.934674330e+10,5.711103360e+08,8.858521661e+12,4.400817897e+12,1.180142305e+11,3.750220938e+05,1.336508908e+11
524000,900.5479736,5.751698227e+10,5.510424960e+08,8.701566888e+12,4.381186195e+12,1.178823885e+11,3.586431875e+05,1.315745382e+11
525000,900.5480957,5.574428262e+10,5.316848960e+08,8.547475989e+12,4.361641787e+12,1.177506857e+11,3.429842188e+05,1.295311995e+11
526000,900.5481567,5.402673562e+10,5.130131200e+08,8.396147756e+12,4.342193062e+12,1.176191468e+11,3.280133750e+05,1.275200635e+11
527000,900.5482788,5.236250214e+10,4.950027520e+08,8.247530826e+12,4.322831106e+12,1.174879601e+11,3.137001250e+05,1.255406387e+11
528000,900.5483398,5.075011994e+10,4.776292480e+08,8.101593225e+12,4.303571911e+12,1.173567078e+11,3.000154688e+05,1.235924173e+11
529000,900.5484619,4.918765978e+10,4.608707520e+08,7.958283561e+12,4.284398174e+12,1.172258161e+11,2.869310938e+05,1.216753500e+11
530000,900.5485229,4.767386010e+10,4.447037120e+08,7.817541561e+12,4.265318285e+12,1.170950799e+11,2.744210000e+05,1.197880197e+11
531000,900.548645,4.620699648e+10,4.291094720e+08,7.679347289e+12,4.246323331e+12,1.169644913e+11,2.624598125e+05,1.179308687e+11
532000,900.5487061,4.478569267e+10,4.140660480e+08,7.543612158e+12,4.227429040e+12,1.168340419e+11,2.510238750e+05,1.161029550e+11
533000,900.5487671,4.340852326e+10,3.995545920e+08,7.410334586e+12,4.208611033e+12,1.167039611e+11,2.400884844e+05,1.143040328e+11
534000,900.5488281,4.207410381e+10,3.855546240e+08,7.279440666e+12,4.189892641e+12,1.165735854e+11,2.296330000e+05,1.125334057e+11
535000,900.5489502,4.078109491e+10,3.720501760e+08,7.150913618e+12,4.171257610e+12,1.164437996e+11,2.196357344e+05,1.107906150e+11
536000,900.5490112,3.952819814e+10,3.590214400e+08,7.024685276e+12,4.152713019e+12,1.163141530e+11,2.100757500e+05,1.090754642e+11
537000,900.5490723,3.831408640e+10,3.464529600e+08,6.900712132e+12,4.134251266e+12,1.161846538e+11,2.009353125e+05,1.073872568e+11
538000,900.5491333,3.713747763e+10,3.343283200e+08,6.778980563e+12,4.115879428e+12,1.160557445e+11,1.921943906e+05,1.057255997e+11
539000,900.5491943,3.599755674e+10,3.226310720e+08,6.659410363e+12,4.097596981e+12,1.159263191e+11,1.838361875e+05,1.040902390e+11
540000,900.5492554,3.489282048e+10,3.113459840e+08,6.541999423e+12,4.079403401e+12,1.157974753e+11,1.758438125e+05,1.024805683e+11
541000,900.5493164,3.382230835e+10,3.004591040e+08,6.426697954e+12,4.061291086e+12,1.156687708e+11,1.682011406e+05,1.008961700e+11
542000,900.5493774,3.278483251e+10,2.899551680e+08,6.313440927e+12,4.043266064e+12,1.155399926e+11,1.608921875e+05,9.933684736e+10
543000,900.5494385,3.177966182e+10,2.798221120e+08,6.202228900e+12,4.025329385e+12,1.154117960e+11,1.539037656e+05,9.780197786e+10
544000,900.5494995,3.080542618e+10,2.700457920e+08,6.093012031e+12,4.007472136e+12,1.152835256e+11,1.472203125e+05,9.629138944e+10
545000,900.5495605,2.986151526e+10,2.606135200e+08,5.985742636e+12,3.989701919e+12,1.151556157e+11,1.408292344e+05,9.480448410e+10
546000,900.5496216,2.894663475e+10,2.515140480e+08,5.880385072e+12,3.972017684e+12,1.150276239e+11,1.347166250e+05,9.334108979e+10
547000,900.5496826,2.806004941e+10,2.427346080e+08,5.776938281e+12,3.954412093e+12,1.149000008e+11,1.288715469e+05,9.190062490e+10
548000,900.5497437,2.720088269e+10,2.342629600e+08,5.675312610e+12,3.936892223e+12,1.147725169e+11,1.232814766e+05,9.048273715e+10
549000,900.5498047,2.636832154e+10,2.260900000e+08,5.575529565e+12,3.919456764e+12,1.146451722e+11,1.179356953e+05,8.908705792e+10
550000,900.5498047,2.556139520e+10,2.182047040e+08,5.477512607e+12,3.902099423e+12,1.145179832e+11,1.128228047e+05,8.771325133e+10
551000,900.5498657,2.477939302e+10,2.105964000e+08,5.381260679e+12,3.884825706e+12,1.143911301e+11,1.079332109e+05,8.636129280e+10
552000,900.5499268,2.402154496e+10,2.032553120e+08,5.286721372e+12,3.867628798e+12,1.142644408e+11,1.032567109e+05,8.503031398e+10
553000,900.5499878,2.328709734e+10,1.961727680e+08,5.193864274e+12,3.850522329e+12,1.141376532e+11,9.878414844e+04,8.372034765e+10
554000,900.5499878,2.257532314e+10,1.893380960e+08,5.102687806e+12,3.833492144e+12,1.140114555e+11,9.450657812e+04,8.243086950e+10
555000,900.5500488,2.188546867e+10,1.827436160e+08,5.013113334e+12,3.816544010e+12,1.138851758e+11,9.041527344e+04,8.116171571e+10
556000,900.5501099,2.121685402e+10,1.763812000e+08,4.925149769e+12,3.799671112e+12,1.137590272e+11,8.650239844e+04,7.991241114e+10
557000,900.5501099,2.056890573e+10,1.702412640e+08,4.838759383e+12,3.782880002e+12,1.136332636e+11,8.275950000e+04,7.868262810e+10
558000,900.5501709,1.994093363e+10,1.643172480e+08,4.753902843e+12,3.766170157e+12,1.135073935e+11,7.917990625e+04,7.747221914e+10
559000,900.5502319,1.933228032e+10,1.586008800e+08,4.670562316e+12,3.749541052e+12,1.133818921e+11,7.575615625e+04,7.628071731e+10
560000,900.5502319,1.874234982e+10,1.530845760e+08,4.588702178e+12,3.732978532e+12,1.132565299e+11,7.248114844e+04,7.510784410e+10
561000,900.550293,1.817062810e+10,1.477623680e+08,4.508311933e+12,3.716503568e+12,1.131312988e+11,6.934876562e+04,7.395340288e+10
562000,900.550293,1.761644749e+10,1.426260000e+08,4.429348592e+12,3.700108034e+12,1.130064200e+11,6.635253125e+04,7.281700864e+10
563000,900.550354,1.707936358e+10,1.376700320e+08,4.351793550e+12,3.683784851e+12,1.128814756e+11,6.348645703e+04,7.169833370e+10
564000,900.550415,1.655884390e+10,1.328875440e+08,4.275614294e+12,3.667540836e+12,1.127568671e+11,6.074523047e+04,7.059739443e+10
565000,900.550415,1.605421875e+10,1.282721600e+08,4.200793540e+12,3.651368649e+12,1.126324224e+11,5.812281641e+04,6.951335526e+10
566000,900.5504761,1.556520960e+10,1.238187360e+08,4.127306900e+12,3.635274318e+12,1.125080924e+11,5.561466797e+04,6.844647424e+10
567000,900.5504761,1.509123891e+10,1.195213040e+08,4.055123452e+12,3.619258106e+12,1.123839181e+11,5.321526172e+04,6.739623936e+10
568000,900.5505371,1.463178547e+10,1.153736640e+08,3.984224853e+12,3.603318964e+12,1.122598584e+11,5.091985938e+04,6.636235981e+10
569000,900.5505371,1.418642739e+10,1.113714640e+08,3.914590377e+12,3.587450339e+12,1.121361756e+11,4.872430469e+04,6.534460621e+10
570000,900.5505981,1.375478272e+10,1.075089040e+08,3.846188071e+12,3.571651445e+12,1.120123945e+11,4.662377344e+04,6.434281472e+10
571000,900.5505981,1.333639987e+10,1.037818960e+08,3.779018431e+12,3.555935912e+12,1.118889656e+11,4.461464844e+04,6.335674778e+10
572000,900.5505981,1.293081702e+10,1.001846720e+08,3.713023300e+12,3.540289847e+12,1.117656842e+11,4.269242969e+04,6.238591795e+10
573000,900.5506592,1.253770957e+10,9.671321600e+07,3.648209473e+12,3.524718494e+12,1.116427387e+11,4.085372266e+04,6.143030477e+10
574000,900.5506592,1.215667200e+10,9.336295200e+07,3.584541563e+12,3.509215822e+12,1.115197358e+11,3.909466406e+04,6.048956826e+10
575000,900.5507202,1.178730189e+10,9.012960000e+07,3.521999132e+12,3.493788385e+12,1.113970688e+11,3.741176562e+04,5.956357734e+10
576000,900.5507202,1.142926541e+10,8.700940800e+07,3.460575889e+12,3.478435135e+12,1.112743199e+11,3.580178906e+04,5.865197978e+10
577000,900.5507202,1.108218880e+10,8.399785600e+07,3.400237503e+12,3.463149781e+12,1.111519232e+11,3.426156250e+04,5.775456666e+10
578000,900.5507812,1.074575360e+10,8.109131200e+07,3.340965362e+12,3.447944118e+12,1.110296576e+11,3.278789844e+04,5.687108813e+10
579000,900.5507812,1.041963213e+10,7.828639200e+07,3.282752389e+12,3.432799273e+12,1.109075395e+11,3.137816797e+04,5.600156467e+10
580000,900.5507812,1.010348544e+10,7.557907200e+07,3.225567389e+12,3.417727304e+12,1.107857572e+11,3.002927539e+04,5.514532864e+10
581000,900.5508423,9.797042176e+09,7.296620800e+07,3.169403285e+12,3.402734240e+12,1.106638848e+11,2.873891406e+04,5.430259712e+10
582000,900.5508423,9.499966464e+09,7.044433600e+07,3.114224434e+12,3.387806974e+12,1.105423729e+11,2.750421484e+04,5.347294413e+10
583000,900.5508423,9.211952128e+09,6.801029600e+07,3.060024800e+12,3.372945244e+12,1.104210002e+11,2.632291211e+04,5.265618125e+10
584000,900.5509033,8.932770816e+09,6.566096800e+07,3.006780545e+12,3.358155342e+12,1.102997422e+11,2.519267969e+04,5.185207910e+10
585000,900.5509033,8.662149120e+09,6.339352800e+07,2.954486943e+12,3.343436481e+12,1.101786399e+11,2.411134570e+04,5.106065408e+10
586000,900.5509033,8.399775744e+09,6.120508400e+07,2.903120147e+12,3.328788660e+12,1.100576522e+11,2.307664844e+04,5.028130406e+10
587000,900.5509644,8.145426432e+09,5.909264000e+07,2.852652888e+12,3.314204803e+12,1.099370086e+11,2.208660156e+04,4.951422976e+10
588000,900.5509644,7.898854912e+09,5.705376000e+07,2.803085698e+12,3.299684909e+12,1.098164961e+11,2.113935352e+04,4.875904205e+10
589000,900.5509644,7.659790848e+09,5.508565200e+07,2.754385819e+12,3.285241037e+12,1.096959263e+11,2.023296484e+04,4.801555251e+10
590000,900.5509644,7.428061696e+09,5.318614000e+07,2.706553233e+12,3.270860603e+12,1.095758889e+11,1.936566016e+04,4.728358502e+10
591000,900.5510254,7.203382784e+09,5.135262000e+07,2.659568055e+12,3.256549376e+12,1.094555648e+11,1.853581445e+04,4.656313139e+10
592000,900.5510254,6.985581568e+09,4.958278000e+07,2.613409539e+12,3.242306830e+12,1.093358060e+11,1.774173438e+04,4.585365094e+10
593000,900.5510254,6.774416896e+09,4.787448800e+07,2.568062762e+12,3.228126151e+12,1.092161618e+11,1.698186523e+04,4.515533210e+10
594000,900.5510254,6.569685504e+09,4.622540000e+07,2.523523277e+12,3.214007861e+12,1.090964439e+11,1.625485352e+04,4.446781440e+10
595000,900.5510864,6.371213824e+09,4.463371600e+07,2.479766426e+12,3.199963759e+12,1.089770701e+11,1.555908105e+04,4.379092582e+10
596000,900.5510864,6.178773504e+09,4.309708800e+07,2.436778865e+12,3.185980998e+12,1.088578191e+11,1.489326270e+04,4.312451072e+10
597000,900.5510864,5.992203264e+09,4.161383200e+07,2.394551141e+12,3.172059054e+12,1.087387075e+11,1.425610059e+04,4.246847898e+10
598000,900.5510864,5.811333120e+09,4.018224000e+07,2.353073836e+12,3.158210249e+12,1.086199316e+11,1.364640527e+04,4.182259302e+10
599000,900.5511475,5.635943424e+09,3.879997200e+07,2.312320454e+12,3.144421474e+12,1.085010657e+11,1.306288379e+04,4.118667674e+10
600000,900.5511475,5.465930752e+09,3.746582000e+07,2.272287336e+12,3.130705314e+12,1.083825521e+11,1.250460059e+04,4.056066867e+10
601000,900.5511475,5.301067264e+09,3.617782800e+07,2.232956412e+12,3.117037126e+12,1.082641531e+11,1.197022266e+04,3.994432717e+10
602000,900.5511475,5.141224960e+09,3.493451200e+07,2.194323995e+12,3.103440241e+12,1.081456968e+11,1.145885645e+04,3.933750067e+10
603000,900.5511475,4.986249728e+09,3.373424800e+07,2.156369122e+12,3.089914659e+12,1.080277811e+11,1.096946094e+04,3.874011136e+10
604000,900.5511475,4.835992576e+09,3.257552800e+07,2.119084185e+12,3.076435739e+12,1.079097672e+11,1.050112793e+04,3.815187251e+10
605000,900.5512085,4.690308096e+09,3.145703000e+07,2.082452169e+12,3.063027597e+12,1.077921055e+11,1.005290332e+04,3.757284966e+10
606000,900.5512085,4.549038592e+09,3.037711000e+07,2.046466635e+12,3.049683681e+12,1.076743537e+11,9.623922852e+03,3.700268237e+10
607000,900.5512085,4.412065280e+09,2.933460000e+07,2.011111061e+12,3.036403991e+12,1.075569459e+11,9.213351562e+03,3.644130918e+10
608000,900.5512085,4.279265792e+09,2.832819400e+07,1.976382860e+12,3.023181971e+12,1.074396611e+11,8.820431641e+03,3.588872602e+10
609000,900.5512085,4.150503168e+09,2.735657400e+07,1.942262337e+12,3.010017624e+12,1.073225155e+11,8.444365234e+03,3.534465843e+10
610000,900.5512085,4.025638144e+09,2.641853200e+07,1.908742704e+12,2.996915667e+12,1.072056975e+11,8.084455078e+03,3.480890573e+10
611000,900.5512695,3.904558848e+09,2.551289800e+07,1.875809665e+12,2.983882654e+12,1.070887895e+11,7.739944336e+03,3.428146790e+10
612000,900.5512695,3.787171840e+09,2.463859200e+07,1.843452874e+12,2.970901021e+12,1.069722173e+11,7.410227539e+03,3.376215040e+10
613000,900.5512695,3.673335296e+09,2.379452000e+07,1.811669038e+12,2.957980729e+12,1.068555796e+11,7.094665039e+03,3.325089382e+10
614000,900.5512695,3.562947840e+09,2.297945000e+07,1.780440891e+12,2.945122828e+12,1.067394662e+11,6.792592285e+03,3.274750157e+10
615000,900.5512695,3.455917056e+09,2.219264000e+07,1.749758438e+12,2.932326269e+12,1.066232791e+11,6.503455566e+03,3.225185075e+10
616000,900.5512695,3.352126720e+09,2.143301600e+07,1.719618952e+12,2.919585284e+12,1.065072148e+11,6.226744629e+03,3.176388608e+10
617000,900.5512695,3.251484928e+09,2.069951200e+07,1.690005893e+12,2.906905117e+12,1.063914947e+11,5.961875977e+03,3.128342323e+10
618000,900.5513306,3.153888512e+09,1.999130000e+07,1.660909735e+12,2.894279999e+12,1.062756762e+11,5.708295898e+03,3.081034547e+10
619000,900.5513306,3.059244800e+09,1.930757600e+07,1.632328218e+12,2.881720680e+12,1.061602017e+11,5.465626465e+03,3.034453811e+10
620000,900.5513306,2.967475712e+09,1.864741400e+07,1.604245359e+12,2.869216150e+12,1.060448420e+11,5.233312988e+03,2.988594176e+10
621000,900.5513306,2.878486528e+09,1.800999800e+07,1.576652787e+12,2.856765882e+12,1.059296133e+11,5.010932129e+03,2.943439258e+10
622000,900.5513306,2.792176384e+09,1.739450000e+07,1.549541443e+12,2.844374860e+12,1.058145075e+11,4.798055176e+03,2.898977587e+10
623000,900.5513306,2.708485376e+09,1.680026400e+07,1.522908721e+12,2.832042820e+12,1.056997458e+11,4.594291992e+03,2.855198106e+10
624000,900.5513306,2.627328256e+09,1.622642100e+07,1.496740450e+12,2.819764519e+12,1.055848858e+11,4.399232422e+03,2.812096102e+10
625000,900.5513306,2.548626944e+09,1.567238700e+07,1.471031134e+12,2.807550181e+12,1.054703534e+11,4.212519043e+03,2.769655194e+10
626000,900.5513306,2.472297472e+09,1.513741400e+07,1.445769640e+12,2.795383292e+12,1.053559521e+11,4.033776123e+03,2.727870464e+10
627000,900.5513916,2.398276352e+09,1.462084200e+07,1.420950857e+12,2.783279579e+12,1.052416655e+11,3.862646973e+03,2.686726144e+10
628000,900.5513916,2.326489600e+09,1.412205900e+07,1.396569796e+12,2.771228557e+12,1.051275100e+11,3.698848389e+03,2.646207693e+10
629000,900.5513916,2.256881664e+09,1.364042300e+07,1.372610477e+12,2.759234683e+12,1.050136740e+11,3.542036621e+03,2.606320230e+10
630000,900.5513916,2.189369088e+09,1.317531400e+07,1.349068441e+12,2.747292975e+12,1.048999690e+11,3.391898438e+03,2.567038771e+10
631000,900.5513916,2.123896064e+09,1.272623400e+07,1.325940676e+12,2.735408415e+12,1.047861903e+11,3.248173828e+03,2.528368845e+10
632000,900.5513916,2.060393088e+09,1.229250700e+07,1.303215516e+12,2.723579953e+12,1.046727311e+11,3.110562988e+03,2.490281370e+10
633000,900.5513916,1.998811392e+09,1.187376600e+07,1.280888112e+12,2.711802872e+12,1.045593866e+11,2.978850342e+03,2.452786381e+10
634000,900.5513916,1.939088896e+09,1.146935500e+07,1.258948766e+12,2.700081889e+12,1.044463698e+11,2.852725586e+03,2.415860326e+10
635000,900.5513916,1.881165184e+09,1.107886700e+07,1.237395258e+12,2.688416481e+12,1.043332874e+11,2.731993408e+03,2.379508736e+10
636000,900.5513916,1.824989184e+09,1.070175400e+07,1.216214079e+12,2.676801929e+12,1.042203116e+11,2.616390869e+03,2.343708262e+10
637000,900.5513916,1.770500864e+09,1.033757600e+07,1.195403149e+12,2.665242165e+12,1.041076634e+11,2.505708252e+03,2.308455424e+10
638000,900.5513916,1.717659136e+09,9.985886000e+06,1.174955760e+12,2.653737714e+12,1.039951299e+11,2.399735596e+03,2.273745715e+10
639000,900.5513916,1.666403968e+09,9.646255000e+06,1.154861196e+12,2.642277827e+12,1.038827192e+11,2.298279785e+03,2.239566234e+10
640000,900.5514526,1.616693504e+09,9.318261000e+06,1.135119819e+12,2.630882427e+12,1.037704315e+11,2.201138184e+03,2.205905101e+10
641000,900.5514526,1.568487040e+09,9.001541000e+06,1.115723003e+12,2.619530805e+12,1.036584714e+11,2.108135010e+03,2.172770304e+10
642000,900.5514526,1.521723776e+09,8.695652000e+06,1.096662613e+12,2.608238428e+12,1.035464212e+11,2.019084717e+03,2.140133376e+10
643000,900.5514526,1.476368896e+09,8.400239000e+06,1.077934800e+12,2.596989829e+12,1.034346988e+11,1.933810547e+03,2.107999027e+10
644000,900.5514526,1.432379392e+09,8.114954000e+06,1.059531732e+12,2.585799688e+12,1.033230991e+11,1.852166138e+03,2.076358861e+10
645000,900.5514526,1.389713792e+09,7.839417000e+06,1.041447610e+12,2.574657782e+12,1.032116142e+11,1.773995850e+03,2.045201408e+10
646000,900.5514526,1.348329344e+09,7.573337500e+06,1.023680714e+12,2.563563586e+12,1.031002522e+11,1.699144043e+03,2.014515405e+10
647000,900.5514526,1.308187392e+09,7.316359000e+06,1.006223393e+12,2.552527061e+12,1.029890048e+11,1.627469238e+03,1.984304742e+10
648000,900.5514526,1.269252608e+09,7.068140000e+06,9.890665211e+11,2.541538247e+12,1.028780851e+11,1.558835571e+03,1.954550989e+10
649000,900.5514526,1.231488384e+09,6.828434000e+06,9.722085345e+11,2.530601337e+12,1.027672719e+11,1.493113525e+03,1.925254349e+10
650000,900.5514526,1.194856704e+09,6.596920000e+06,9.556439936e+11,2.519711613e+12,1.026565898e+11,1.430184082e+03,1.896407859e+10
651000,900.5514526,1.159323648e+09,6.373316000e+06,9.393679762e+11,2.508873531e+12,1.025458258e+11,1.369922852e+03,1.867996979e+10
652000,900.5514526,1.124857984e+09,6.157339000e+06,9.233733622e+11,2.498086830e+12,1.024355697e+11,1.312210571e+03,1.840018637e+10
653000,900.5514526,1.091425408e+09,5.948747500e+06,9.076552870e+11,2.487346528e+12,1.023252398e+11,1.256948730e+03,1.812466483e+10
654000,900.5514526,1.058998400e+09,5.747300000e+06,8.922123666e+11,2.476657082e+12,1.022150246e+11,1.204032715e+03,1.785340518e+10
655000,900.5514526,1.027540736e+09,5.552695500e+06,8.770346634e+11,2.466018230e+12,1.021051290e+11,1.153353149e+03,1.758623744e+10
656000,900.5514526,9.970290560e+08,5.364762000e+06,8.621224899e+11,2.455425253e+12,1.019953480e+11,1.104827637e+03,1.732316570e+10
657000,900.5514526,9.674306560e+08,5.183218500e+06,8.474677932e+11,2.444882084e+12,1.018856899e+11,1.058352051e+03,1.706406502e+10
658000,900.5514526,9.387182080e+08,5.007876500e+06,8.330661092e+11,2.434388984e+12,1.017761546e+11,1.013842957e+03,1.680896614e+10
659000,900.5515137,9.108664960e+08,4.838511500e+06,8.189145702e+11,2.423940973e+12,1.016667095e+11,9.712205811e+02,1.655771238e+10
660000,900.5515137,8.838479360e+08,4.674928000e+06,8.050088435e+11,2.413542244e+12,1.015576003e+11,9.304007568e+02,1.631030682e+10
661000,900.5515137,8.576373760e+08,4.516902000e+06,7.913414505e+11,2.403188343e+12,1.014484091e+11,8.913033447e+02,1.606663066e+10
662000,900.5515137,8.322119040e+08,4.364274500e+06,7.779142344e+11,2.392883462e+12,1.013395210e+11,8.538618164e+02,1.582671462e+10
663000,900.5515137,8.075465600e+08,4.216837500e+06,7.647156685e+11,2.382627340e+12,1.012307640e+11,8.180057373e+02,1.559038054e+10
664000,900.5515137,7.836211200e+08,4.074427500e+06,7.517474419e+11,2.372414996e+12,1.011221135e+11,7.836613159e+02,1.535769395e+10
665000,900.5515137,7.604088320e+08,3.936857250e+06,7.390026307e+11,2.362251149e+12,1.010135859e+11,7.507702026e+02,1.512853606e+10
666000,900.5515137,7.378897920e+08,3.803968000e+06,7.264787950e+11,2.352135012e+12,1.009053614e+11,7.192651978e+02,1.490285670e+10
667000,900.5515137,7.160472320e+08,3.675620500e+06,7.141733798e+11,2.342062653e+12,1.007970632e+11,6.890950317e+02,1.468059955e+10
668000,900.5515137,6.948551680e+08,3.551623750e+06,7.020783895e+11,2.332037480e+12,1.006890680e+11,6.601957397e+02,1.446171034e+10
669000,900.5515137,6.742968320e+08,3.431849750e+06,6.901916186e+11,2.322059493e+12,1.005812040e+11,6.325180054e+02,1.424619622e+10
670000,900.5515137,6.543516160e+08,3.316140000e+06,6.785120471e+11,2.312124760e+12,1.004734464e+11,6.060076294e+02,1.403391795e+10
671000,900.5515137,6.350012800e+08,3.204368500e+06,6.670332242e+11,2.302236426e+12,1.003658035e+11,5.806149292e+02,1.382485811e+10
672000,900.5515137,6.162290560e+08,3.096387500e+06,6.557519022e+11,2.292395016e+12,1.002584637e+11,5.562926636e+02,1.361898906e+10
673000,900.5515137,5.980174720e+08,2.992079750e+06,6.446644549e+11,2.282591093e+12,1.001510584e+11,5.329953613e+02,1.341623603e+10
674000,900.5515137,5.803485440e+08,2.891318750e+06,6.337701258e+11,2.272842482e+12,1.000439398e+11,5.106814575e+02,1.321655296e+10
675000,900.5515137,5.632058880e+08,2.793967000e+06,6.230628413e+11,2.263130833e+12,9.993695232e+10,4.893074341e+02,1.301989171e+10
676000,900.5515137,5.465759360e+08,2.699924000e+06,6.125395149e+11,2.253465321e+12,9.983007949e+10,4.688333130e+02,1.282620621e+10
677000,900.5515137,5.304400320e+08,2.609076500e+06,6.021992361e+11,2.243840967e+12,9.972331315e+10,4.492210388e+02,1.263547290e+10
678000,900.5515137,5.147843520e+08,2.521309750e+06,5.920364201e+11,2.234265895e+12,9.961666150e+10,4.304341125e+02,1.244762317e+10
679000,900.5515137,4.995974720e+08,2.436518250e+06,5.820479944e+11,2.224731980e+12,9.951031296e+10,4.124391785e+02,1.226261402e+10
680000,900.5515137,4.848614080e+08,2.354596500e+06,5.722320727e+11,2.215238697e+12,9.940408730e+10,3.951995544e+02,1.208040038e+10
681000,900.5515137,4.705635840e+08,2.275455500e+06,5.625844467e+11,2.205794435e+12,9.929777971e+10,3.786877747e+02,1.190096179e+10
682000,900.5515137,4.566908480e+08,2.198991000e+06,5.531033403e+11,2.196390281e+12,9.919177523e+10,3.628672180e+02,1.172423475e+10
683000,900.5515137,4.432313280e+08,2.125118250e+06,5.437847511e+11,2.187026366e+12,9.908607386e+10,3.477142639e+02,1.155017523e+10
684000,900.5515137,4.301717760e+08,2.053749000e+06,5.346269074e+11,2.177710817e+12,9.898028237e+10,3.331953430e+02,1.137874432e+10
685000,900.5515137,4.175025920e+08,1.984799125e+06,5.256278784e+11,2.168430526e+12,9.887462195e+10,3.192899780e+02,1.120994099e+10
686000,900.5515137,4.052088320e+08,1.918182375e+06,5.167820731e+11,2.159198077e+12,9.876926464e+10,3.059672241e+02,1.104364339e+10
687000,900.5515137,3.932785920e+08,1.853808750e+06,5.080876631e+11,2.150000755e+12,9.866400563e+10,2.932015381e+02,1.087985357e+10
688000,900.5515137,3.817054080e+08,1.791629375e+06,4.995440264e+11,2.140850881e+12,9.855868109e+10,2.809759521e+02,1.071857562e+10
689000,900.5515137,3.704749440e+08,1.731539125e+06,4.911455854e+11,2.131744260e+12,9.845383987e+10,2.692612000e+02,1.055972966e+10
690000,900.5515137,3.595776000e+08,1.673483250e+06,4.828917642e+11,2.122676044e+12,9.834892493e+10,2.580377808e+02,1.040327578e+10
691000,900.5515137,3.490035200e+08,1.617392625e+06,4.747799936e+11,2.113646494e+12,9.824411648e+10,2.472859802e+02,1.024915968e+10
692000,900.5515137,3.387448640e+08,1.563199750e+06,4.668078364e+11,2.104663343e+12,9.813961933e+10,2.369848785e+02,1.009740390e+10
693000,900.5515137,3.287890240e+08,1.510831375e+06,4.589718577e+11,2.095714402e+12,9.803521229e+10,2.271154785e+02,9.947913216e+09
694000,900.5515137,3.191294720e+08,1.460236875e+06,4.512698565e+11,2.086811468e+12,9.793074790e+10,2.176596069e+02,9.800692736e+09
695000,900.5515137,3.097560000e+08,1.411344750e+06,4.437002399e+11,2.077946413e+12,9.782657024e+10,2.085998077e+02,9.655688192e+09
696000,900.5515137,3.006596160e+08,1.364105125e+06,4.362598756e+11,2.069122777e+12,9.772269568e+10,1.999201660e+02,9.512846336e+09
697000,900.5515137,2.918336960e+08,1.318459500e+06,4.289473549e+11,2.060336759e+12,9.761874739e+10,1.916031189e+02,9.372189696e+09
698000,900.5515137,2.832695680e+08,1.274358125e+06,4.217611899e+11,2.051596091e+12,9.751491379e+10,1.836355896e+02,9.233648640e+09
699000,900.5515137,2.749583040e+08,1.231738875e+06,4.146969050e+11,2.042892124e+12,9.741136691e+10,1.760007172e+02,9.097189376e+09
700000,900.5515747,2.668929760e+08,1.190556375e+06,4.077530975e+11,2.034221318e+12,9.730792653e+10,1.686845551e+02,8.962762752e+09
701000,900.5515747,2.590676480e+08,1.150763875e+06,4.009291909e+11,2.025595077e+12,9.720460083e+10,1.616762238e+02,8.830390272e+09
702000,900.5515747,2.514722400e+08,1.112308000e+06,3.942208732e+11,2.017009205e+12,9.710138163e+10,1.549590759e+02,8.699991040e+09
703000,900.5515747,2.441023360e+08,1.075149250e+06,3.876275873e+11,2.008459903e+12,9.699846554e+10,1.485232697e+02,8.571549184e+09
704000,900.5515747,2.369506720e+08,1.039244062e+06,3.811473933e+11,1.999950447e+12,9.689546752e+10,1.423569183e+02,8.445035520e+09
705000,900.5515747,2.300102880e+08,1.004545312e+06,3.747775849e+11,1.991477166e+12,9.679277261e+10,1.364481506e+02,8.320453120e+09
706000,900.5515747,2.232753120e+08,9.710181875e+05,3.685176248e+11,1.983047533e+12,9.668998758e+10,1.307866364e+02,8.197724672e+09
707000,900.5515747,2.167388160e+08,9.386155000e+05,3.623628009e+11,1.974653288e+12,9.658750566e+10,1.253609848e+02,8.076835840e+09
708000,900.5515747,2.103960640e+08,9.073043750e+05,3.563141292e+11,1.966294565e+12,9.648513024e+10,1.201617813e+02,7.957775872e+09
709000,900.5515747,2.042400960e+08,8.770461250e+05,3.503689551e+11,1.957975032e+12,9.638304973e+10,1.151795349e+02,7.840501248e+09
710000,900.5515747,1.982661440e+08,8.478035000e+05,3.445248809e+11,1.949690757e+12,9.628088730e+10,1.104051208e+02,7.724984832e+09
711000,900.5515747,1.924687520e+08,8.195467500e+05,3.387808443e+11,1.941448950e+12,9.617901978e+10,1.058306427e+02,7.611198976e+09
712000,900.5515747,1.868419520e+08,7.922363125e+05,3.331337787e+11,1.933241876e+12,9.607707853e+10,1.014464722e+02,7.499117056e+09
713000,900.5515747,1.813817280e+08,7.658462500e+05,3.275839199e+11,1.925069668e+12,9.597543219e+10,9.724504089e+01,7.388742656e+09
714000,900.5515747,1.760820800e+08,7.403394375e+05,3.221277353e+11,1.916939141e+12,9.587388416e+10,9.321866608e+01,7.279992320e+09
715000,900.5515747,1.709392320e+08,7.156918125e+05,3.167653763e+11,1.908842955e+12,9.577245901e+10,8.936003876e+01,7.172897792e+09
716000,900.5515747,1.659475520e+08,6.918698750e+05,3.114940703e+11,1.900781109e+12,9.567130419e+10,8.566242981e+01,7.067378688e+09
717000,900.5515747,1.611031680e+08,6.688473125e+05,3.063127951e+11,1.892756881e+12,9.557007565e+10,8.211875916e+01,6.963464704e+09
718000,900.5515747,1.564014080e+08,6.465958125e+05,3.012194273e+11,1.884766339e+12,9.546915021e+10,7.872229004e+01,6.861091840e+09
719000,900.5515747,1.518385760e+08,6.250928750e+05,2.962130102e+11,1.876816953e+12,9.536832307e+10,7.546774292e+01,6.760275456e+09
720000,900.5515747,1.474094240e+08,6.043096875e+05,2.912914796e+11,1.868900991e+12,9.526760243e+10,7.234829712e+01,6.660953600e+09
721000,900.5515747,1.431114080e+08,5.842230625e+05,2.864533673e+11,1.861018452e+12,9.516698010e+10,6.935858917e+01,6.563115520e+09
722000,900.5515747,1.389389440e+08,5.648084375e+05,2.816972580e+11,1.853176152e+12,9.506648064e+10,6.649317932e+01,6.466739200e+09
723000,900.5515747,1.348899680e+08,5.460461875e+05,2.770227482e+11,1.845366882e+12,9.496625152e+10,6.374712372e+01,6.371803136e+09
724000,900.5515747,1.309597040e+08,5.279112500e+05,2.724279212e+11,1.837590512e+12,9.486596506e+10,6.111517334e+01,6.278307840e+09
725000,900.5515747,1.271451840e+08,5.103835625e+05,2.679103624e+11,1.829850579e+12,9.476596531e+10,5.859234238e+01,6.186184704e+09
726000,900.5515747,1.234429440e+08,4.934434062e+05,2.634697992e+11,1.822143021e+12,9.466604749e+10,5.617429352e+01,6.095459840e+09
727000,900.5515747,1.198491920e+08,4.770682188e+05,2.591043579e+11,1.814471508e+12,9.456626074e+10,5.385705948e+01,6.006076928e+09
728000,900.5515747,1.163611840e+08,4.612417812e+05,2.548132421e+11,1.806839185e+12,9.446673613e+10,5.163561249e+01,5.918027776e+09
729000,900.5515747,1.129757440e+08,4.459454375e+05,2.505956321e+11,1.799238844e+12,9.436716237e+10,4.950673676e+01,5.831302656e+09
730000,900.5515747,1.096896560e+08,4.311588750e+05,2.464483763e+11,1.791670616e+12,9.426767053e+10,4.746599579e+01,5.745869824e+09
731000,900.5515747,1.064999600e+08,4.168681562e+05,2.423721485e+11,1.784134238e+12,9.416848179e+10,4.551007462e+01,5.661710336e+09
732000,900.5515747,1.034041920e+08,4.030549062e+05,2.383647780e+11,1.776636264e+12,9.406938317e+10,4.363508224e+01,5.578815488e+09
733000,900.5515747,1.003988080e+08,3.897023438e+05,2.344255396e+11,1.769169879e+12,9.397039923e+10,4.183781433e+01,5.497155584e+09
734000,900.5515747,9.748168800e+07,3.767950625e+05,2.305528010e+11,1.761734689e+12,9.387150541e+10,4.011518478e+01,5.416701440e+09
735000,900.5515747,9.465024000e+07,3.643201250e+05,2.267454300e+11,1.754337772e+12,9.377272627e+10,3.846392441e+01,5.337455104e+09
736000,900.5515747,9.190190400e+07,3.522608750e+05,2.230027297e+11,1.746968379e+12,9.367423386e+10,3.688106155e+01,5.259387904e+09
737000,900.5515747,8.923388800e+07,3.406034062e+05,2.193236006e+11,1.739636474e+12,9.357583974e+10,3.536373901e+01,5.182482432e+09
738000,900.5515747,8.664432000e+07,3.293367500e+05,2.157064927e+11,1.732335370e+12,9.347737190e+10,3.390935135e+01,5.106731008e+09
739000,900.5515747,8.413021600e+07,3.184427812e+05,2.121503734e+11,1.725068345e+12,9.337918259e+10,3.251490784e+01,5.032095744e+09
740000,900.5515747,8.169000000e+07,3.079150000e+05,2.086549540e+11,1.717835006e+12,9.328109158e+10,3.117852020e+01,4.958580224e+09
741000,900.5515747,7.932100800e+07,2.977364688e+05,2.052180595e+11,1.710628667e+12,9.318328730e+10,2.989705658e+01,4.886157824e+09
742000,900.5515747,7.702146400e+07,2.878976875e+05,2.018394294e+11,1.703459160e+12,9.308540109e+10,2.866881180e+01,4.814810624e+09
743000,900.5515747,7.478929600e+07,2.783871562e+05,1.985176804e+11,1.696322945e+12,9.298762138e+10,2.749133873e+01,4.744523776e+09
744000,900.5515747,7.262250400e+07,2.691928750e+05,1.952522455e+11,1.689216614e+12,9.289013658e+10,2.636252975e+01,4.675289600e+09
745000,900.5515747,7.051889600e+07,2.603047969e+05,1.920420923e+11,1.682140037e+12,9.279273370e+10,2.528035927e+01,4.607084032e+09
746000,900.5515747,6.847674400e+07,2.517125156e+05,1.888859315e+11,1.675099505e+12,9.269544550e+10,2.424298286e+01,4.539880960e+09
747000,900.5515747,6.649436400e+07,2.434057344e+05,1.857828680e+11,1.668085187e+12,9.259825562e+10,2.324826050e+01,4.473693184e+09
748000,900.5515747,6.456987200e+07,2.353757812e+05,1.827323064e+11,1.661103505e+12,9.250133606e+10,2.229469490e+01,4.408470016e+09
749000,900.5515747,6.270167200e+07,2.276133438e+05,1.797333673e+11,1.654157214e+12,9.240435917e+10,2.138056946e+01,4.344230912e+09
750000,900.5515747,6.088810000e+07,2.201085781e+05,1.767848000e+11,1.647237005e+12,9.230765261e+10,2.050407791e+01,4.280944128e+09
751000,900.5515747,5.912732800e+07,2.128528750e+05,1.738857746e+11,1.640351924e+12,9.221104435e+10,1.966382027e+01,4.218587136e+09
752000,900.5515747,5.741791200e+07,2.058379219e+05,1.710354168e+11,1.633492533e+12,9.211453440e+10,1.885814095e+01,4.157162752e+09
753000,900.5515747,5.575854800e+07,1.990572031e+05,1.682335357e+11,1.626667876e+12,9.201812275e+10,1.808581543e+01,4.096655616e+09
754000,900.5515747,5.414745600e+07,1.925005781e+05,1.654783672e+11,1.619868647e+12,9.192181760e+10,1.734512138e+01,4.037037312e+09
755000,900.5515747,5.258331600e+07,1.861627812e+05,1.627700426e+11,1.613104415e+12,9.182579098e+10,1.663514137e+01,3.978301696e+09
756000,900.5515747,5.106494400e+07,1.800350000e+05,1.601071252e+11,1.606367969e+12,9.172968243e+10,1.595428467e+01,3.920435712e+09
757000,900.5515747,4.959069600e+07,1.741102500e+05,1.574888504e+11,1.599665865e+12,9.163386061e+10,1.530158615e+01,3.863433728e+09
758000,900.5515747,4.815946800e+07,1.683817656e+05,1.549144374e+11,1.592988795e+12,9.153812890e+10,1.467570114e+01,3.807274752e+09
759000,900.5515747,4.676999600e+07,1.628442500e+05,1.523837770e+11,1.586345542e+12,9.144250368e+10,1.407563210e+01,3.751953408e+09
760000,900.5515747,4.542078400e+07,1.574894375e+05,1.498951757e+11,1.579727192e+12,9.134697677e+10,1.350020313e+01,3.697435648e+09
761000,900.5515747,4.411091600e+07,1.523124531e+05,1.474485409e+11,1.573142135e+12,9.125154816e+10,1.294839764e+01,3.643731456e+09
762000,900.5515747,4.283922800e+07,1.473067656e+05,1.450428516e+11,1.566584734e+12,9.115638989e+10,1.241938305e+01,3.590821120e+09
763000,900.5515747,4.160460400e+07,1.424677656e+05,1.426779758e+11,1.560054596e+12,9.106133811e+10,1.191211796e+01,3.538699008e+09
764000,900.5515747,4.040578800e+07,1.377877188e+05,1.403521121e+11,1.553557619e+12,9.096621261e+10,1.142570210e+01,3.487346688e+09
765000,900.5515747,3.924196800e+07,1.332639688e+05,1.380659210e+11,1.547087643e+12,9.087134925e+10,1.095923042e+01,3.436752896e+09
766000,900.5515747,3.811188800e+07,1.288892109e+05,1.358176932e+11,1.540644667e+12,9.077676442e+10,1.051196480e+01,3.386905856e+09
767000,900.5515747,3.701456000e+07,1.246595156e+05,1.336073078e+11,1.534231577e+12,9.068210586e+10,1.008303070e+01,3.337794816e+09
768000,900.5515747,3.594937600e+07,1.205695234e+05,1.314338345e+11,1.527847846e+12,9.058753741e+10,9.671781540e+00,3.289414656e+09
769000,900.5515747,3.491497600e+07,1.166150625e+05,1.292969147e+11,1.521490854e+12,9.049325568e+10,9.277343750e+00,3.241747968e+09
770000,900.5515747,3.391060400e+07,1.127911719e+05,1.271956698e+11,1.515163091e+12,9.039906406e+10,8.899159431e+00,3.194778112e+09
771000,900.5515747,3.293543400e+07,1.090939062e+05,1.251297196e+11,1.508864557e+12,9.030479053e+10,8.536458015e+00,3.148513024e+09
772000,900.5515747,3.198849200e+07,1.055186484e+05,1.230982318e+11,1.502592238e+12,9.021079552e+10,8.188600540e+00,3.102917632e+09
773000,900.5515747,3.106913000e+07,1.020617188e+05,1.211008727e+11,1.496348754e+12,9.011707904e+10,7.855099201e+00,3.058006016e+09
774000,900.5515747,3.017636800e+07,9.871842188e+04,1.191365965e+11,1.490131354e+12,9.002327245e+10,7.535179615e+00,3.013744384e+09
775000,900.5515747,2.930953400e+07,9.548610156e+04,1.172055012e+11,1.483942658e+12,8.992956416e+10,7.228400230e+00,2.970146048e+09
776000,900.5515747,2.846782200e+07,9.236032812e+04,1.153065825e+11,1.477782405e+12,8.983613440e+10,6.934216022e+00,2.927189504e+09
777000,900.5515747,2.765054000e+07,8.933754688e+04,1.134392968e+11,1.471647580e+12,8.974280294e+10,6.652056217e+00,2.884865536e+09
778000,900.5515747,2.685688000e+07,8.641469531e+04,1.116033129e+11,1.465541198e+12,8.964956160e+10,6.381450176e+00,2.843158784e+09
779000,900.5515747,2.608624600e+07,8.358809375e+04,1.097978967e+11,1.459460243e+12,8.955641856e+10,6.121945858e+00,2.802065664e+09
780000,900.5515747,2.533796800e+07,8.085489062e+04,1.080227369e+11,1.453409829e+12,8.946337382e+10,5.873061657e+00,2.761593088e+09
781000,900.5515747,2.461134000e+07,7.821164844e+04,1.062770908e+11,1.447381959e+12,8.937059123e+10,5.634338856e+00,2.721704704e+09
782000,900.5515747,2.390578000e+07,7.565568750e+04,1.045606984e+11,1.441384366e+12,8.927774310e+10,5.405402184e+00,2.682407936e+09
783000,900.5515747,2.322049000e+07,7.318353125e+04,1.028726290e+11,1.435408925e+12,8.918514893e+10,5.185826302e+00,2.643678464e+09
784000,900.5515747,2.255519000e+07,7.079323438e+04,1.012130099e+11,1.429463761e+12,8.909266125e+10,4.975227356e+00,2.605533440e+09
785000,900.5515747,2.190907800e+07,6.848153906e+04,9.958094694e+10,1.423543370e+12,8.900027187e+10,4.773235798e+00,2.567938304e+09
786000,900.5515747,2.128159400e+07,6.624582812e+04,9.797601024e+10,1.417649848e+12,8.890797261e+10,4.579497337e+00,2.530905088e+09
787000,900.5515747,2.067232000e+07,6.408383984e+04,9.639789389e+10,1.411780968e+12,8.881593549e+10,4.393671989e+00,2.494410496e+09
788000,900.5515747,2.008056400e+07,6.199288672e+04,9.484597837e+10,1.405939089e+12,8.872383283e+10,4.215419769e+00,2.458451968e+09
789000,900.5515747,1.950600800e+07,5.997083984e+04,9.331996851e+10,1.400123949e+12,8.863198413e+10,4.044461250e+00,2.423025408e+09
790000,900.5515747,1.894800200e+07,5.801519531e+04,9.181928269e+10,1.394332926e+12,8.854006989e+10,3.880479813e+00,2.388109312e+09
791000,900.5515747,1.840609600e+07,5.612396484e+04,9.034365568e+10,1.388568510e+12,8.844858982e+10,3.723204374e+00,2.353714432e+09
792000,900.5515747,1.787982800e+07,5.429458984e+04,8.889231539e+10,1.382827819e+12,8.835685581e+10,3.572329998e+00,2.319823872e+09
793000,900.5515747,1.736877000e+07,5.252544922e+04,8.746518963e+10,1.377116226e+12,8.826556416e+10,3.427609205e+00,2.286429696e+09
794000,900.5515747,1.687244800e+07,5.081452734e+04,8.606186061e+10,1.371425604e+12,8.817419878e+10,3.288801193e+00,2.253524992e+09
795000,900.5515747,1.639046600e+07,4.915972266e+04,8.468177306e+10,1.365761196e+12,8.808308736e+10,3.155626297e+00,2.221102336e+09
796000,900.5515747,1.592237400e+07,4.755952344e+04,8.332485299e+10,1.360122610e+12,8.799191859e+10,3.027902365e+00,2.189154816e+09
797000,900.5515747,1.546774000e+07,4.601159766e+04,8.199021235e+10,1.354507354e+12,8.790098739e+10,2.905380964e+00,2.157678592e+09
798000,900.5515747,1.502625700e+07,4.451438672e+04,8.067767219e+10,1.348920279e+12,8.781017088e+10,2.787838459e+00,2.126663296e+09
799000,900.5515747,1.459745900e+07,4.306655469e+04,7.938711680e+10,1.343354044e+12,8.771960832e+10,2.675081968e+00,2.096098048e+09
800000,900.5515747,1.418100700e+07,4.166596094e+04,7.811775718e+10,1.337812976e+12,8.762896384e+10,2.566925526e+00,2.065983488e+09
801000,900.5515747,1.377659100e+07,4.031123828e+04,7.686937421e+10,1.332297466e+12,8.753842586e+10,2.463170052e+00,2.036309760e+09
802000,900.5515747,1.338378700e+07,3.900115234e+04,7.564189568e+10,1.326807122e+12,8.744814182e+10,2.363626242e+00,2.007073280e+09
803000,900.5515747,1.300230600e+07,3.773378516e+04,7.443455488e+10,1.321339453e+12,8.735795610e+10,2.268131256e+00,1.978260864e+09
804000,900.5515747,1.263177200e+07,3.650801953e+04,7.324727424e+10,1.315897082e+12,8.726786048e+10,2.176527739e+00,1.949869056e+09
805000,900.5515747,1.227193500e+07,3.532261719e+04,7.207986560e+10,1.310476861e+12,8.717785498e+10,2.088647842e+00,1.921895936e+09
806000,900.5515747,1.192239700e+07,3.417569922e+04,7.093157427e+10,1.305081545e+12,8.708795597e+10,2.004331350e+00,1.894327680e+09
807000,900.5515747,1.158294600e+07,3.306652734e+04,6.980222054e+10,1.299710738e+12,8.699813069e+10,1.923455358e+00,1.867165696e+09
808000,900.5515747,1.125322400e+07,3.199347852e+04,6.869148826e+10,1.294362214e+12,8.690857574e+10,1.845849633e+00,1.840396544e+09
809000,900.5515747,1.093299200e+07,3.095571875e+04,6.759942707e+10,1.289035710e+12,8.681894707e+10,1.771395683e+00,1.814021504e+09
810000,900.5515747,1.062195400e+07,2.995174023e+04,6.652499635e+10,1.283733455e+12,8.672957235e+10,1.699970603e+00,1.788031360e+09
811000,900.5515747,1.031984400e+07,2.898065234e+04,6.546838528e+10,1.278457938e+12,8.664027955e+10,1.631438017e+00,1.762420224e+09
812000,900.5515747,1.002640200e+07,2.804126172e+04,6.442952269e+10,1.273201689e+12,8.655109325e+10,1.565692067e+00,1.737182592e+09
813000,900.5515747,9.741398000e+06,2.713273633e+04,6.340763597e+10,1.267971916e+12,8.646216090e+10,1.502612948e+00,1.712316288e+09
814000,900.5515747,9.464567000e+06,2.625374609e+04,6.240256794e+10,1.262761148e+12,8.637314662e+10,1.442085981e+00,1.687812352e+09
815000,900.5515747,9.195674000e+06,2.540342773e+04,6.141402470e+10,1.257574367e+12,8.628439450e+10,1.384018302e+00,1.663662080e+09
816000,900.5515747,8.934505000e+06,2.458102148e+04,6.044194739e+10,1.252411179e+12,8.619574067e+10,1.328304172e+00,1.639866880e+09
817000,900.5515747,8.680803000e+06,2.378533203e+04,5.948574362e+10,1.247271453e+12,8.610700493e+10,1.274842381e+00,1.616418176e+09
818000,900.5515747,8.434386000e+06,2.301566211e+04,5.854535091e+10,1.242152960e+12,8.601853133e+10,1.223551035e+00,1.593307776e+09
819000,900.5515747,8.195026000e+06,2.227106641e+04,5.762051558e+10,1.237057667e+12,8.593031168e+10,1.174341321e+00,1.570539776e+09
820000,900.5515747,7.962504500e+06,2.155080859e+04,5.671074995e+10,1.231983346e+12,8.584201011e+10,1.127110720e+00,1.548097024e+09
821000,900.5515747,7.736683500e+06,2.085400195e+04,5.581602560e+10,1.226932224e+12,8.575380685e+10,1.081800222e+00,1.525986944e+09
822000,900.5515747,7.517310500e+06,2.017995898e+04,5.493607168e+10,1.221901812e+12,8.566584934e+10,1.038327098e+00,1.504195072e+09
823000,900.5515747,7.304199500e+06,1.952784961e+04,5.407045018e+10,1.216896696e+12,8.557799014e+10,9.966087341e-01,1.482720256e+09
824000,900.5515747,7.097197500e+06,1.889695703e+04,5.321930829e+10,1.211909800e+12,8.549022106e+10,9.565736651e-01,1.461560448e+09
825000,900.5515747,6.896128000e+06,1.828665430e+04,5.238192051e+10,1.206947807e+12,8.540254208e+10,9.181574583e-01,1.440708096e+09
826000,900.5515747,6.700793000e+06,1.769620117e+04,5.155835341e+10,1.202003771e+12,8.531494502e+10,8.812975287e-01,1.420158720e+09
827000,900.5515747,6.511052500e+06,1.712493945e+04,5.074826189e+10,1.197084770e+12,8.522744627e+10,8.459270000e-01,1.399905024e+09
828000,900.5515747,6.326721500e+06,1.657231055e+04,4.995143731e+10,1.192185823e+12,8.514019328e+10,8.119822145e-01,1.379948032e+09
829000,900.5515747,6.147679500e+06,1.603770020e+04,4.916791629e+10,1.187309158e+12,8.505304678e+10,7.794144154e-01,1.360280704e+09
830000,900.5515747,5.973738500e+06,1.552039258e+04,4.839703117e+10,1.182454645e+12,8.496596582e+10,7.481557727e-01,1.340901376e+09
831000,900.5515747,5.804774000e+06,1.502000293e+04,4.763892941e+10,1.177617826e+12,8.487898317e+10,7.181617618e-01,1.321800832e+09
832000,900.5515747,5.640621000e+06,1.453579980e+04,4.689313152e+10,1.172805255e+12,8.479209062e+10,6.893806458e-01,1.302977152e+09
833000,900.5515747,5.481152000e+06,1.406736719e+04,4.615951488e+10,1.168012345e+12,8.470528819e+10,6.617530584e-01,1.284426496e+09
834000,900.5515747,5.326252000e+06,1.361413379e+04,4.543805030e+10,1.163241325e+12,8.461857587e+10,6.352447271e-01,1.266144896e+09
835000,900.5515747,5.175769500e+06,1.317565527e+04,4.472835712e+10,1.158489702e+12,8.453210112e+10,6.098075509e-01,1.248132736e+09
836000,900.5515747,5.029567000e+06,1.275139551e+04,4.403024640e+10,1.153759707e+12,8.444573286e+10,5.853934884e-01,1.230377088e+09
837000,900.5515747,4.887532000e+06,1.234093848e+04,4.334360781e+10,1.149051208e+12,8.435928269e+10,5.619589090e-01,1.212880896e+09
838000,900.5515747,4.749553000e+06,1.194378418e+04,4.266816282e+10,1.144361845e+12,8.427324211e+10,5.394728184e-01,1.195638016e+09
839000,900.5515747,4.615504500e+06,1.155950000e+04,4.200364877e+10,1.139693978e+12,8.418713600e+10,5.178903937e-01,1.178644864e+09
840000,900.5515747,4.485282500e+06,1.118770801e+04,4.135011917e+10,1.135045116e+12,8.410111181e+10,4.971809983e-01,1.161897472e+09
841000,900.5515747,4.358759000e+06,1.082791504e+04,4.070729933e+10,1.130417226e+12,8.401532518e+10,4.772996008e-01,1.145394688e+09
842000,900.5515747,4.235845000e+06,1.047985254e+04,4.007495194e+10,1.125810438e+12,8.392948941e+10,4.582237899e-01,1.129126400e+09
843000,900.5515747,4.116412750e+06,1.014301855e+04,3.945268314e+10,1.121220297e+12,8.384388301e+10,4.399103820e-01,1.113097600e+09
844000,900.5515747,4.000394500e+06,9.817122070e+03,3.884081267e+10,1.116653093e+12,8.375837491e+10,4.223368764e-01,1.097296256e+09
845000,900.5515747,3.887682500e+06,9.501840820e+03,3.823896358e+10,1.112104632e+12,8.367294874e+10,4.054701030e-01,1.081729664e+09
846000,900.5515747,3.778168000e+06,9.196721680e+03,3.764684083e+10,1.107578716e+12,8.358760448e+10,3.892798722e-01,1.066383872e+09
847000,900.5515747,3.671759250e+06,8.901467773e+03,3.706432550e+10,1.103069184e+12,8.350251418e+10,3.737403452e-01,1.051261824e+09
848000,900.5515747,3.568395500e+06,8.615757812e+03,3.649128243e+10,1.098580034e+12,8.341734195e+10,3.588252962e-01,1.036358016e+09
849000,900.5515747,3.467954750e+06,8.339314453e+03,3.592760499e+10,1.094111330e+12,8.333243187e+10,3.445107043e-01,1.021669632e+09
850000,900.5515747,3.370373000e+06,8.071832520e+03,3.537313536e+10,1.089660846e+12,8.324759552e+10,3.307697177e-01,1.007193088e+09
851000,900.5515747,3.275562000e+06,7.812990723e+03,3.482766464e+10,1.085230547e+12,8.316269363e+10,3.175815940e-01,9.929236480e+08
852000,900.5515747,3.183442500e+06,7.562506348e+03,3.429104704e+10,1.080820236e+12,8.307819315e+10,3.049216568e-01,9.788618880e+08
853000,900.5515747,3.093931250e+06,7.320108398e+03,3.376311718e+10,1.076425785e+12,8.299361894e+10,2.927685976e-01,9.650030720e+08
854000,900.5515747,3.006977250e+06,7.085587891e+03,3.324387008e+10,1.072053354e+12,8.290912666e+10,2.811052799e-01,9.513458560e+08
855000,900.5515747,2.922477750e+06,6.858581055e+03,3.273297242e+10,1.067698684e+12,8.282488013e+10,2.699086964e-01,9.378837120e+08
856000,900.5515747,2.840385750e+06,6.638949219e+03,3.223034406e+10,1.063363674e+12,8.274072371e+10,2.591620088e-01,9.246156160e+08
857000,900.5515747,2.760610500e+06,6.426423340e+03,3.173596442e+10,1.059048325e+12,8.265665741e+10,2.488441765e-01,9.115403520e+08
858000,900.5515747,2.683100750e+06,6.220724121e+03,3.124952653e+10,1.054748443e+12,8.257266483e+10,2.389416397e-01,8.986535040e+08
859000,900.5515747,2.607792500e+06,6.021678223e+03,3.077101504e+10,1.050470121e+12,8.248876237e+10,2.294340730e-01,8.859504640e+08
860000,900.5515747,2.534607750e+06,5.829045898e+03,3.030023232e+10,1.046209102e+12,8.240495002e+10,2.203081846e-01,8.734320000e+08
861000,900.5515747,2.463504500e+06,5.642619141e+03,2.983706074e+10,1.041967350e+12,8.232121139e+10,2.115484923e-01,8.610920960e+08
862000,900.5515747,2.394414750e+06,5.462237793e+03,2.938142067e+10,1.037742768e+12,8.223772672e+10,2.031378895e-01,8.489314560e+08
863000,900.5515747,2.327280000e+06,5.287622559e+03,2.893313792e+10,1.033539289e+12,8.215431578e+10,1.950638741e-01,8.369456000e+08
864000,900.5515747,2.262036500e+06,5.118668457e+03,2.849213478e+10,1.029350883e+12,8.207099494e+10,1.873136610e-01,8.251322240e+08
865000,900.5515747,2.198655250e+06,4.955149902e+03,2.805825088e+10,1.025183252e+12,8.198776422e+10,1.798740923e-01,8.134902400e+08
866000,900.5515747,2.137058250e+06,4.796891602e+03,2.763136154e+10,1.021030629e+12,8.190461542e+10,1.727306843e-01,8.020124800e+08
867000,900.5515747,2.077203000e+06,4.643741211e+03,2.721139738e+10,1.016898781e+12,8.182154854e+10,1.658728570e-01,7.907011840e+08
868000,900.5515747,2.019047000e+06,4.495531738e+03,2.679820390e+10,1.012783579e+12,8.173871923e+10,1.592897177e-01,7.795539200e+08
869000,900.5515747,1.962526750e+06,4.352069336e+03,2.639174912e+10,1.008685023e+12,8.165581619e+10,1.529696286e-01,7.685652480e+08
870000,900.5515747,1.907603500e+06,4.213232910e+03,2.599175514e+10,1.004606849e+12,8.157315891e+10,1.469013989e-01,7.577358080e+08
871000,900.5515747,1.854231125e+06,4.078856934e+03,2.559818880e+10,1.000541389e+12,8.149058355e+10,1.410755068e-01,7.470589440e+08
872000,900.5515747,1.802372875e+06,3.948796875e+03,2.521104269e+10,9.964981453e+11,8.140809830e+10,1.354827434e-01,7.365381120e+08
873000,900.5515747,1.751978250e+06,3.822927734e+03,2.483012032e+10,9.924710892e+11,8.132583424e+10,1.301126778e-01,7.261683200e+08
874000,900.5515747,1.702999250e+06,3.701098877e+03,2.445535667e+10,9.884623176e+11,8.124351283e+10,1.249568984e-01,7.159472000e+08
875000,900.5515747,1.655402000e+06,3.583179932e+03,2.408653722e+10,9.844697989e+11,8.116126515e+10,1.200067922e-01,7.058698880e+08
876000,900.5515747,1.609153750e+06,3.469070557e+03,2.372371085e+10,9.804932710e+11,8.107927142e+10,1.152540967e-01,6.959397760e+08
877000,900.5515747,1.564209250e+06,3.358607910e+03,2.336675328e+10,9.765347000e+11,8.099734323e+10,1.106904745e-01,6.861520000e+08
878000,900.5515747,1.520531750e+06,3.251700195e+03,2.301552512e+10,9.725957898e+11,8.091550515e+10,1.063095778e-01,6.765045120e+08
879000,900.5515747,1.478085250e+06,3.148219482e+03,2.266992064e+10,9.686709699e+11,8.083375718e+10,1.021024510e-01,6.669951360e+08
880000,900.5515747,1.436834375e+06,3.048054688e+03,2.232985741e+10,9.647620751e+11,8.075208294e+10,9.806369990e-02,6.576219520e+08
881000,900.5515747,1.396740125e+06,2.951099609e+03,2.199519808e+10,9.608724480e+11,8.067049062e+10,9.418506920e-02,6.483829760e+08
882000,900.5515747,1.357780375e+06,2.857261230e+03,2.166601792e+10,9.569986150e+11,8.058913587e+10,9.046087414e-02,6.392762240e+08
883000,900.5515747,1.319922500e+06,2.766438477e+03,2.134213555e+10,9.531422147e+11,8.050786304e+10,8.688560128e-02,6.302997120e+08
884000,900.5515747,1.283124875e+06,2.678512695e+03,2.102336346e+10,9.493012152e+11,8.042667213e+10,8.345194161e-02,6.214517120e+08
885000,900.5515747,1.247358000e+06,2.593411133e+03,2.070968435e+10,9.454777139e+11,8.034540749e+10,8.015459031e-02,6.127303040e+08
886000,900.5515747,1.212606625e+06,2.511042236e+03,2.040109261e+10,9.416712520e+11,8.026453606e+10,7.698900253e-02,6.041334400e+08
887000,900.5515747,1.178827875e+06,2.431298828e+03,2.009739802e+10,9.378801910e+11,8.018359091e+10,7.394898683e-02,5.956607360e+08
888000,900.5515747,1.146003250e+06,2.354114502e+03,1.979857882e+10,9.341061038e+11,8.010288333e+10,7.102983445e-02,5.873079040e+08
889000,900.5515747,1.114096750e+06,2.279406982e+03,1.950456499e+10,9.303472210e+11,8.002210202e+10,6.822695583e-02,5.790755200e+08
890000,900.5515747,1.083091125e+06,2.207078369e+03,1.921523955e+10,9.266034770e+11,7.994138624e+10,6.553516537e-02,5.709596800e+08
891000,900.5515747,1.052956250e+06,2.137077393e+03,1.893052902e+10,9.228783452e+11,7.986092442e+10,6.295031309e-02,5.629607680e+08
892000,900.5515747,1.023663812e+06,2.069304688e+03,1.865035533e+10,9.191682212e+11,7.978053632e+10,6.046786159e-02,5.550749440e+08
893000,900.5515747,9.951939375e+05,2.003696655e+03,1.837463898e+10,9.154729083e+11,7.970039398e+10,5.808398128e-02,5.473027840e+08
894000,900.5515747,9.675268750e+05,1.940190674e+03,1.810334477e+10,9.117959455e+11,7.962016154e+10,5.579493567e-02,5.396403840e+08
895000,900.5515747,9.406361875e+05,1.878718994e+03,1.783639962e+10,9.081338593e+11,7.954017485e+10,5.359670147e-02,5.320884160e+08
896000,900.5515747,9.144963125e+05,1.819208984e+03,1.757369805e+10,9.044864532e+11,7.946010624e+10,5.148567632e-02,5.246440320e+08
897000,900.5515747,8.890930000e+05,1.761590698e+03,1.731514496e+10,9.008553656e+11,7.938027520e+10,4.945816472e-02,5.173048640e+08
898000,900.5515747,8.644020625e+05,1.705823364e+03,1.706075494e+10,8.972388270e+11,7.930052608e+10,4.751104116e-02,5.100712320e+08
899000,900.5515747,8.403999375e+05,1.651827637e+03,1.681037709e+10,8.936385413e+11,7.922085888e+10,4.564110562e-02,5.029407040e+08
900000,900.5515747,8.170736875e+05,1.599559448e+03,1.656405901e+10,8.900560814e+11,7.914126541e+10,4.384526238e-02,4.959107520e+08
901000,900.5515747,7.944008750e+05,1.548962891e+03,1.632156326e+10,8.864846971e+11,7.906176205e+10,4.212056473e-02,4.889828480e+08
902000,900.5515747,7.723660625e+05,1.499978271e+03,1.608299302e+10,8.829308764e+11,7.898233242e+10,4.046432674e-02,4.821526080e+08
903000,900.5515747,7.509425000e+05,1.452553711e+03,1.584814861e+10,8.793930465e+11,7.890312397e+10,3.887335956e-02,4.754196480e+08
904000,900.5515747,7.301242500e+05,1.406644897e+03,1.561707699e+10,8.758694380e+11,7.882400563e+10,3.734551370e-02,4.687824320e+08
905000,900.5515747,7.098831875e+05,1.362192017e+03,1.538964006e+10,8.723615580e+11,7.874496922e+10,3.587813675e-02,4.622396480e+08
906000,900.5515747,6.902111875e+05,1.319154053e+03,1.516580173e+10,8.688677683e+11,7.866600653e+10,3.446853906e-02,4.557890880e+08
907000,900.5515747,6.710893750e+05,1.277495361e+03,1.494557824e+10,8.653879378e+11,7.858711757e+10,3.311495855e-02,4.494319360e+08
908000,900.5515747,6.525023125e+05,1.237157104e+03,1.472876288e+10,8.619252777e+11,7.850831053e+10,3.181489557e-02,4.431634880e+08
909000,900.5515747,6.344349375e+05,1.198106201e+03,1.451542093e+10,8.584765112e+11,7.842974106e+10,3.056598827e-02,4.369857920e+08
910000,900.5515747,6.168725000e+05,1.160301147e+03,1.430546714e+10,8.550415729e+11,7.835123712e+10,2.936666645e-02,4.308941760e+08
911000,900.5515747,5.998031250e+05,1.123693237e+03,1.409880653e+10,8.516220355e+11,7.827266765e+10,2.821450867e-02,4.248907520e+08
912000,900.5515747,5.832082500e+05,1.088252808e+03,1.389542656e+10,8.482177024e+11,7.819432755e+10,2.710817941e-02,4.189725760e+08
913000,900.5515747,5.670768750e+05,1.053938232e+03,1.369527910e+10,8.448270008e+11,7.811606938e+10,2.604522929e-02,4.131376000e+08
914000,900.5515747,5.513980000e+05,1.020717285e+03,1.349825741e+10,8.414515036e+11,7.803788493e+10,2.502424270e-02,4.073854400e+08
915000,900.5515747,5.361546250e+05,9.885474243e+02,1.330438618e+10,8.380910141e+11,7.795992986e+10,2.404355817e-02,4.017149440e+08
916000,900.5515747,5.213386875e+05,9.574022827e+02,1.311349837e+10,8.347423867e+11,7.788190925e+10,2.310174331e-02,3.961256000e+08
917000,900.5515747,5.069340000e+05,9.272525635e+02,1.292569933e+10,8.314104054e+11,7.780410163e+10,2.219690755e-02,3.906147520e+08
918000,900.5515747,4.929311875e+05,8.980557251e+02,1.274083328e+10,8.280915968e+11,7.772638413e+10,2.132775448e-02,3.851828160e+08
919000,900.5515747,4.793187812e+05,8.697847900e+02,1.255886950e+10,8.247861576e+11,7.764874035e+10,2.049287036e-02,3.798264320e+08
920000,900.5515747,4.660876250e+05,8.424103394e+02,1.237976384e+10,8.214953329e+11,7.757117030e+10,1.969081908e-02,3.745473280e+08
921000,900.5515747,4.532251562e+05,8.159036255e+02,1.220346701e+10,8.182208922e+11,7.749368218e+10,1.892051846e-02,3.693430400e+08
922000,900.5515747,4.407193438e+05,7.902400513e+02,1.202995866e+10,8.149562819e+11,7.741626778e+10,1.818034798e-02,3.642117760e+08
923000,900.5515747,4.285618438e+05,7.653894653e+02,1.185916570e+10,8.117094318e+11,7.733908275e+10,1.746953838e-02,3.591531200e+08
924000,900.5515747,4.167429375e+05,7.413289185e+02,1.169108826e+10,8.084739195e+11,7.726181581e+10,1.678658277e-02,3.541668160e+08
925000,900.5515747,4.052545625e+05,7.180274048e+02,1.152558502e+10,8.052528906e+11,7.718479462e+10,1.613050885e-02,3.492510400e+08
926000,900.5515747,3.940859062e+05,6.954692383e+02,1.136273139e+10,8.020462141e+11,7.710783078e+10,1.550031453e-02,3.444041600e+08
927000,900.5515747,3.832265312e+05,6.736246338e+02,1.120243648e+10,7.988536934e+11,7.703094886e+10,1.489485335e-02,3.396264960e+08
928000,900.5515747,3.726706562e+05,6.524686890e+02,1.104459853e+10,7.956740178e+11,7.695414886e+10,1.431320701e-02,3.349157120e+08
929000,900.5515747,3.624069375e+05,6.319843750e+02,1.088927398e+10,7.925069906e+11,7.687757005e+10,1.375437807e-02,3.302721920e+08
930000,900.5515747,3.524299062e+05,6.121478271e+02,1.073634291e+10,7.893540536e+11,7.680091750e+10,1.321757119e-02,3.256936640e+08
931000,900.5515747,3.427301562e+05,5.929429321e+02,1.058584922e+10,7.862152069e+11,7.672449434e+10,1.270185970e-02,3.211804160e+08
932000,900.5515747,3.332986250e+05,5.743427124e+02,1.043770074e+10,7.830873047e+11,7.664814490e+10,1.220636163e-02,3.167303680e+08
933000,900.5515747,3.241303750e+05,5.563323975e+02,1.029184499e+10,7.799748035e+11,7.657186918e+10,1.173041761e-02,3.123437440e+08
934000,900.5515747,3.152166875e+05,5.388889160e+02,1.014825766e+10,7.768761958e+11,7.649566720e+10,1.127303019e-02,3.080190400e+08
935000,900.5515747,3.065493750e+05,5.219982910e+02,1.000692301e+10,7.737899090e+11,7.641953894e+10,1.083364338e-02,3.037553600e+08
936000,900.5515747,2.981237500e+05,5.056409912e+02,9.867785216e+09,7.707158774e+11,7.634349261e+10,1.041154191e-02,2.995518400e+08
937000,900.5515747,2.899319062e+05,4.897999573e+02,9.730828288e+09,7.676554772e+11,7.626766746e+10,1.000588480e-02,2.954071040e+08
938000,900.5515747,2.819662188e+05,4.744624634e+02,9.595997568e+09,7.646087086e+11,7.619191603e+10,9.616252966e-03,2.913207680e+08
939000,900.5515747,2.742225625e+05,4.596069641e+02,9.463255552e+09,7.615739986e+11,7.611609088e+10,9.241829626e-03,2.872926720e+08
940000,900.5515747,2.666935625e+05,4.452200317e+02,9.332577792e+09,7.585528545e+11,7.604049510e+10,8.882086724e-03,2.833213120e+08
941000,900.5515747,2.593722969e+05,4.312867126e+02,9.203925120e+09,7.555436380e+11,7.596495667e+10,8.536444977e-03,2.794058880e+08
942000,900.5515747,2.522548906e+05,4.177958374e+02,9.077293696e+09,7.525477908e+11,7.588965581e+10,8.204379119e-03,2.755456640e+08
943000,900.5515747,2.453346719e+05,4.047269592e+02,8.952594048e+09,7.495652475e+11,7.581427302e+10,7.885289378e-03,2.717392640e+08
944000,900.5515747,2.386052188e+05,3.920713501e+02,8.829850112e+09,7.465945661e+11,7.573898035e+10,7.578668650e-03,2.679864800e+08
945000,900.5515747,2.320630000e+05,3.798172607e+02,8.709020672e+09,7.436356813e+11,7.566389248e+10,7.284109481e-03,2.642875680e+08
946000,900.5515747,2.257018750e+05,3.679476318e+02,8.590029440e+09,7.406913454e+11,7.558888653e+10,7.001025602e-03,2.606396640e+08
947000,900.5515747,2.195167969e+05,3.564515686e+02,8.472904448e+09,7.377572332e+11,7.551396250e+10,6.728994660e-03,2.570436160e+08
948000,900.5515747,2.135020312e+05,3.453200378e+02,8.357585792e+09,7.348375388e+11,7.543910400e+10,6.467657629e-03,2.534981120e+08
949000,900.5515747,2.076544219e+05,3.345347900e+02,8.244030976e+09,7.319280026e+11,7.536431104e+10,6.216493435e-03,2.500020320e+08
950000,900.5515747,2.019685312e+05,3.240926208e+02,8.132237952e+09,7.290327532e+11,7.528960000e+10,5.975196604e-03,2.465560160e+08
951000,900.5515747,1.964390781e+05,3.139787903e+02,8.022181632e+09,7.261489725e+11,7.521511014e+10,5.743309855e-03,2.431575360e+08
952000,900.5515747,1.910632031e+05,3.041828918e+02,7.913817856e+09,7.232765297e+11,7.514068582e+10,5.520464852e-03,2.398067840e+08
953000,900.5515747,1.858358438e+05,2.946937256e+02,7.807109248e+09,7.204182426e+11,7.506619597e+10,5.306347273e-03,2.365035520e+08
954000,900.5515747,1.807522031e+05,2.855049438e+02,7.702063872e+09,7.175712932e+11,7.499192730e+10,5.100572947e-03,2.332467360e+08
955000,900.5515747,1.758096562e+05,2.766037292e+02,7.598615808e+09,7.147356160e+11,7.491773235e+10,4.902834538e-03,2.300352000e+08
956000,900.5515747,1.710028906e+05,2.679830933e+02,7.496771712e+09,7.119125217e+11,7.484374221e+10,4.712815862e-03,2.268687520e+08
957000,900.5515747,1.663294531e+05,2.596331177e+02,7.396488064e+09,7.091004375e+11,7.476969472e+10,4.530214239e-03,2.237471520e+08
958000,900.5515747,1.617843750e+05,2.515461884e+02,7.297751168e+09,7.063008707e+11,7.469571277e+10,4.354735371e-03,2.206693600e+08
959000,900.5515747,1.573652812e+05,2.437111664e+02,7.200514176e+09,7.035137556e+11,7.462196019e+10,4.186071921e-03,2.176347200e+08
960000,900.5515747,1.530680625e+05,2.361246643e+02,7.104799232e+09,7.007375852e+11,7.454826496e+10,4.024032503e-03,2.146426720e+08
961000,900.5515747,1.488893281e+05,2.287760773e+02,7.010514048e+09,6.979737354e+11,7.447464346e+10,3.868265077e-03,2.116921280e+08
962000,900.5515747,1.448252031e+05,2.216570435e+02,6.917678976e+09,6.952207647e+11,7.440109568e+10,3.718584310e-03,2.087829440e+08
963000,900.5515747,1.408736406e+05,2.147619934e+02,6.826273536e+09,6.924786729e+11,7.432762982e+10,3.574736649e-03,2.059149280e+08
964000,900.5515747,1.370304219e+05,2.080837860e+02,6.736258048e+09,6.897500160e+11,7.425436877e+10,3.436492523e-03,2.030870720e+08
965000,900.5515747,1.332935781e+05,2.016132660e+02,6.647629184e+09,6.870321070e+11,7.418104218e+10,3.303619800e-03,2.002988160e+08
966000,900.5515747,1.296591328e+05,1.953469238e+02,6.560337536e+09,6.843261911e+11,7.410792858e+10,3.175933147e-03,1.975488320e+08
967000,900.5515747,1.261252266e+05,1.892767944e+02,6.474387072e+09,6.816309576e+11,7.403474125e+10,3.053193446e-03,1.948380960e+08
968000,900.5515747,1.226881094e+05,1.833959961e+02,6.389743616e+09,6.789476516e+11,7.396177510e+10,2.935241908e-03,1.921653120e+08
969000,900.5515747,1.193455625e+05,1.777005920e+02,6.306384896e+09,6.762748314e+11,7.388887450e+10,2.821879461e-03,1.895291680e+08
970000,900.5515747,1.160958594e+05,1.721834106e+02,6.224306688e+09,6.736139387e+11,7.381618688e+10,2.712936606e-03,1.869309920e+08
971000,900.5515747,1.129342109e+05,1.668387756e+02,6.143458944e+09,6.709634007e+11,7.374343373e+10,2.608199604e-03,1.843684160e+08
972000,900.5515747,1.098599219e+05,1.616606445e+02,6.063834240e+09,6.683246592e+11,7.367074611e+10,2.507544355e-03,1.818416640e+08
973000,900.5515747,1.068709453e+05,1.566456451e+02,5.985446144e+09,6.656975176e+11,7.359827968e+10,2.410819754e-03,1.793505760e+08
974000,900.5515747,1.039629062e+05,1.517868042e+02,5.908225024e+09,6.630806651e+11,7.352588698e+10,2.317816950e-03,1.768939520e+08
975000,900.5515747,1.011355312e+05,1.470808868e+02,5.832179840e+09,6.604754125e+11,7.345355981e+10,2.228436293e-03,1.744716160e+08
976000,900.5515747,9.838542969e+04,1.425214233e+02,5.757282816e+09,6.578803835e+11,7.338129818e+10,2.142534824e-03,1.720834560e+08
977000,900.5515747,9.571120312e+04,1.381043701e+02,5.683514880e+09,6.552955126e+11,7.330911027e+10,2.059968421e-03,1.697283200e+08
978000,900.5515747,9.311001562e+04,1.338252258e+02,5.610880256e+09,6.527234212e+11,7.323700429e+10,1.980606467e-03,1.674063680e+08
979000,900.5515747,9.058021875e+04,1.296806335e+02,5.539320064e+09,6.501613568e+11,7.316509491e+10,1.904316479e-03,1.651161760e+08
980000,900.5515747,8.811982812e+04,1.256648865e+02,5.468847872e+09,6.476092539e+11,7.309326746e+10,1.830972033e-03,1.628582400e+08
981000,900.5515747,8.572725000e+04,1.217749023e+02,5.399441792e+09,6.450684232e+11,7.302135808e+10,1.760492800e-03,1.606321120e+08
982000,900.5515747,8.339962500e+04,1.180057678e+02,5.331073280e+09,6.425376850e+11,7.294966170e+10,1.692726510e-03,1.584367040e+08
983000,900.5515747,8.113645312e+04,1.143546066e+02,5.263735552e+09,6.400192020e+11,7.287803904e+10,1.627599820e-03,1.562719040e+08
984000,900.5515747,7.893497656e+04,1.108172684e+02,5.197417344e+09,6.375106806e+11,7.280649011e+10,1.564984559e-03,1.541372640e+08
985000,900.5515747,7.679353906e+04,1.073901596e+02,5.132079616e+09,6.350119240e+11,7.273514598e+10,1.504801447e-03,1.520320960e+08
986000,900.5515747,7.471133594e+04,1.040706177e+02,5.067741568e+09,6.325229978e+11,7.266374451e+10,1.446949085e-03,1.499568000e+08
987000,900.5515747,7.268585938e+04,1.008540878e+02,5.004360960e+09,6.300461957e+11,7.259253146e+10,1.391331665e-03,1.479101120e+08
988000,900.5515747,7.071584375e+04,9.773771667e+01,4.941923840e+09,6.275790275e+11,7.252140032e+10,1.337872352e-03,1.458919360e+08
989000,900.5515747,6.879947656e+04,9.471798706e+01,4.880421248e+09,6.251228692e+11,7.245033472e+10,1.286472077e-03,1.439015520e+08
990000,900.5515747,6.693582031e+04,9.179296112e+01,4.819844224e+09,6.226762138e+11,7.237920358e+10,1.237070072e-03,1.419394240e+08
991000,900.5515747,6.512312891e+04,8.895928955e+01,4.760169984e+09,6.202391921e+11,7.230842470e+10,1.189569593e-03,1.400040480e+08
992000,900.5515747,6.336001172e+04,8.621310425e+01,4.701389824e+09,6.178139668e+11,7.223756390e+10,1.143910689e-03,1.380960960e+08
993000,900.5515747,6.164511328e+04,8.355294037e+01,4.643477120e+09,6.153983754e+11,7.216677683e+10,1.100012683e-03,1.362141440e+08
994000,900.5515747,5.997685156e+04,8.097518921e+01,4.586422656e+09,6.129920901e+11,7.209620275e+10,1.057807240e-03,1.343583840e+08
995000,900.5515747,5.835440234e+04,7.847815704e+01,4.530231424e+09,6.105964872e+11,7.202569421e+10,1.017240691e-03,1.325288880e+08
996000,900.5515747,5.677605859e+04,7.605812836e+01,4.474862976e+09,6.082101903e+11,7.195511194e+10,9.782298002e-04,1.307243120e+08
997000,900.5515747,5.524103906e+04,7.371384430e+01,4.420326272e+09,6.058343137e+11,7.188488192e+10,9.407327161e-04,1.289448000e+08
998000,900.5515747,5.374792969e+04,7.144208527e+01,4.366596480e+09,6.034678743e+11,7.181457818e+10,9.046835476e-04,1.271902480e+08
999000,900.5515747,5.229557812e+04,6.924140930e+01,4.313671040e+09,6.011128381e+11,7.174434816e+10,8.700222825e-04,1.254600320e+08
1000000,900.5515747,5.088246875e+04,6.710851288e+01,4.261506816e+09,5.987658629e+11,7.167417549e+10,8.366955444e-04,1.237536000e+08
