altitude,temp,N2,O2,O,He,H,Ar,N
0,294.6033936,1.924922356e+25,5.161821538e+24,0.000000000e+00,1.281889996e+20,0.000000000e+00,2.300499578e+23,0.000000000e+00
1000,288.8127136,1.746494840e+25,4.683355078e+24,0.000000000e+00,1.163067270e+20,0.000000000e+00,2.087258640e+23,0.000000000e+00
2000,283.6261292,1.578404534e+25,4.232608310e+24,0.000000000e+00,1.051128630e+20,0.000000000e+00,1.886371795e+23,0.000000000e+00
3000,278.5151672,1.423551035e+25,3.817357401e+24,0.000000000e+00,9.480049068e+19,0.000000000e+00,1.701304295e+23,0.000000000e+00
4000,273.0254211,1.283179960e+25,3.440941789e+24,0.000000000e+00,8.545256597e+19,0.000000000e+00,1.533545029e+23,0.000000000e+00
5000,266.776947,1.157343189e+25,3.103501552e+24,0.000000000e+00,7.707254574e+19,0.000000000e+00,1.383155876e+23,0.000000000e+00
6000,259.6186829,1.044747146e+25,2.801566686e+24,0.000000000e+00,6.957428545e+19,0.000000000e+00,1.248590931e+23,0.000000000e+00
7000,252.0084991,9.420051799e+24,2.526056493e+24,0.000000000e+00,6.273224450e+19,0.000000000e+00,1.125802629e+23,0.000000000e+00
8000,244.4604492,8.464913978e+24,2.269929360e+24,0.000000000e+00,5.637156533e+19,0.000000000e+00,1.011652862e+23,0.000000000e+00
9000,237.3820343,7.567376692e+24,2.029247917e+24,0.000000000e+00,5.039447059e+19,0.000000000e+00,9.043869364e+22,0.000000000e+00
10000,231.0899811,6.721045263e+24,1.802297913e+24,0.000000000e+00,4.475837838e+19,0.000000000e+00,8.032408626e+22,0.000000000e+00
11000,225.7865753,5.925964076e+24,1.589091165e+24,0.000000000e+00,3.946358778e+19,0.000000000e+00,7.082196843e+22,0.000000000e+00
12000,221.4473724,5.188650597e+24,1.391375071e+24,0.000000000e+00,3.455349431e+19,0.000000000e+00,6.201023891e+22,0.000000000e+00
13000,218.0116577,4.514018003e+24,1.210467276e+24,0.000000000e+00,3.006081943e+19,0.000000000e+00,5.394761563e+22,0.000000000e+00
14000,215.438385,3.904188243e+24,1.046936962e+24,0.000000000e+00,2.599969626e+19,0.000000000e+00,4.665945837e+22,0.000000000e+00
15000,213.7048035,3.358822937e+24,9.006931921e+23,0.000000000e+00,2.236787082e+19,0.000000000e+00,4.014172739e+22,0.000000000e+00
16000,212.7787933,2.876166472e+24,7.712652873e+23,0.000000000e+00,1.915365089e+19,0.000000000e+00,3.437343818e+22,0.000000000e+00
17000,212.5256042,2.454182213e+24,6.581071224e+23,0.000000000e+00,1.634347289e+19,0.000000000e+00,2.933024877e+22,0.000000000e+00
18000,212.7925873,2.089131669e+24,5.602160883e+23,0.000000000e+00,1.391244168e+19,0.000000000e+00,2.496748346e+22,0.000000000e+00
19000,213.4351349,1.775960862e+24,4.762370337e+23,0.000000000e+00,1.182690012e+19,0.000000000e+00,2.122473771e+22,0.000000000e+00
20000,214.3106079,1.509056363e+24,4.046646034e+23,0.000000000e+00,1.004946591e+19,0.000000000e+00,1.803492817e+22,0.000000000e+00
21000,215.2909393,1.282601827e+24,3.439391469e+23,0.000000000e+00,8.541406547e+18,0.000000000e+00,1.532854064e+22,0.000000000e+00
22000,216.3260803,1.090745529e+24,2.924914659e+23,0.000000000e+00,7.263751495e+18,0.000000000e+00,1.303564097e+22,0.000000000e+00
23000,217.3891144,9.282390809e+23,2.489141676e+23,0.000000000e+00,6.181550029e+18,0.000000000e+00,1.109350529e+22,0.000000000e+00
24000,218.4523163,7.906041764e+23,2.120063400e+23,0.000000000e+00,5.264978994e+18,0.000000000e+00,9.448612817e+21,0.000000000e+00
25000,219.4868164,6.740195289e+23,1.807433241e+23,0.000000000e+00,4.488591019e+18,0.000000000e+00,8.055295357e+21,0.000000000e+00
26000,220.4729004,5.751992400e+23,1.542439278e+23,0.000000000e+00,3.830503348e+18,0.000000000e+00,6.874280960e+21,0.000000000e+00
27000,221.4457703,4.912663383e+23,1.317366932e+23,0.000000000e+00,3.271557266e+18,0.000000000e+00,5.871187460e+21,0.000000000e+00
28000,222.4606781,4.198162258e+23,1.125768222e+23,0.000000000e+00,2.795739761e+18,0.000000000e+00,5.017277949e+21,0.000000000e+00
29000,223.5748291,3.588824148e+23,9.623697908e+22,0.000000000e+00,2.389955099e+18,0.000000000e+00,4.289050393e+21,0.000000000e+00
30000,224.8477325,3.068466357e+23,8.228319714e+22,0.000000000e+00,2.043426005e+18,0.000000000e+00,3.667164083e+21,0.000000000e+00
31000,226.3336639,2.623697523e+23,7.035639080e+22,0.000000000e+00,1.747235027e+18,0.000000000e+00,3.135614915e+21,0.000000000e+00
32000,228.0375214,2.243816553e+23,6.016959973e+22,0.000000000e+00,1.494255544e+18,0.000000000e+00,2.681614073e+21,0.000000000e+00
33000,229.9450684,1.919691947e+23,5.147795869e+22,0.000000000e+00,1.278406843e+18,0.000000000e+00,2.294248773e+21,0.000000000e+00
34000,232.0415649,1.643346751e+23,4.406756022e+22,0.000000000e+00,1.094376496e+18,0.000000000e+00,1.963985035e+21,0.000000000e+00
35000,234.3119812,1.407834521e+23,3.775212419e+22,0.000000000e+00,9.375385842e+17,0.000000000e+00,1.682521318e+21,0.000000000e+00
36000,236.7400513,1.207197266e+23,3.237188763e+22,0.000000000e+00,8.039254501e+17,0.000000000e+00,1.442737007e+21,0.000000000e+00
37000,239.3061523,1.036259990e+23,2.778807890e+22,0.000000000e+00,6.900908810e+17,0.000000000e+00,1.238447817e+21,0.000000000e+00
38000,241.9880981,8.906239360e+22,2.388273969e+22,0.000000000e+00,5.931054342e+17,0.000000000e+00,1.064396217e+21,0.000000000e+00
39000,244.7614899,7.665015777e+22,2.055430710e+22,0.000000000e+00,5.104469675e+17,0.000000000e+00,9.160560192e+20,0.000000000e+00
40000,247.5998077,6.606648698e+22,1.771621743e+22,0.000000000e+00,4.399656265e+17,0.000000000e+00,7.895691867e+20,0.000000000e+00
41000,250.4689178,5.703635990e+22,1.529472198e+22,0.000000000e+00,3.798300714e+17,0.000000000e+00,6.816489363e+20,0.000000000e+00
42000,253.2874146,4.933469113e+22,1.322946127e+22,0.000000000e+00,3.285412899e+17,0.000000000e+00,5.896052819e+20,0.000000000e+00
43000,255.9433746,4.276864553e+22,1.146872833e+22,0.000000000e+00,2.848151041e+17,0.000000000e+00,5.111336120e+20,0.000000000e+00
44000,258.3162842,3.717108552e+22,9.967701088e+21,0.000000000e+00,2.475385160e+17,0.000000000e+00,4.442364394e+20,0.000000000e+00
45000,260.2790833,3.239671823e+22,8.687419474e+21,0.000000000e+00,2.157439039e+17,0.000000000e+00,3.871773803e+20,0.000000000e+00
46000,261.7077026,2.832004859e+22,7.594230338e+21,0.000000000e+00,1.885955874e+17,0.000000000e+00,3.384565599e+20,0.000000000e+00
47000,262.5492249,2.482729991e+22,6.657624041e+21,0.000000000e+00,1.653358484e+17,0.000000000e+00,2.967142782e+20,0.000000000e+00
48000,262.8014832,2.182101655e+22,5.851466760e+21,0.000000000e+00,1.453156830e+17,0.000000000e+00,2.607857919e+20,0.000000000e+00
49000,262.4711304,1.922175052e+22,5.154454779e+21,0.000000000e+00,1.280060456e+17,0.000000000e+00,2.297216329e+20,0.000000000e+00
50000,261.5723877,1.696455877e+22,4.549171833e+21,0.000000000e+00,1.129744160e+17,0.000000000e+00,2.027456517e+20,0.000000000e+00
51000,260.1306152,1.499569085e+22,4.021205560e+21,5.959936954e+13,9.986286871e+16,0.000000000e+00,1.792154519e+20,0.000000000e+00
52000,258.2363892,1.326842866e+22,3.558027227e+21,5.520773612e+13,8.836026769e+16,0.000000000e+00,1.585727104e+20,0.000000000e+00
53000,256.0253296,1.174356725e+22,3.149124588e+21,5.113550733e+13,7.820555625e+16,0.000000000e+00,1.403489034e+20,0.000000000e+00
54000,253.6288605,1.039042133e+22,2.786268440e+21,4.758532679e+13,6.919436268e+16,0.000000000e+00,1.241772775e+20,0.000000000e+00
55000,251.1703796,9.184953517e+21,2.463013288e+21,4.470022865e+13,6.116662642e+16,0.000000000e+00,1.097705702e+20,0.000000000e+00
56000,248.7607727,8.108290902e+21,2.174298212e+21,4.258156406e+13,5.399665526e+16,0.000000000e+00,9.690324070e+19,0.000000000e+00
57000,246.4260101,7.147466499e+21,1.916646011e+21,4.119738083e+13,4.759810747e+16,0.000000000e+00,8.542030190e+19,0.000000000e+00
58000,244.1181183,6.292572389e+21,1.687399842e+21,4.042382954e+13,4.190499088e+16,0.000000000e+00,7.520334958e+19,0.000000000e+00
59000,241.7901001,5.533910632e+21,1.483959158e+21,4.016582112e+13,3.685273496e+16,0.000000000e+00,6.613648643e+19,0.000000000e+00
60000,239.3983765,4.862096291e+21,1.303807151e+21,4.035203144e+13,3.237882644e+16,0.000000000e+00,5.810754466e+19,0.000000000e+00
61000,236.9037476,4.268207734e+21,1.144551424e+21,4.092983037e+13,2.842386164e+16,0.000000000e+00,5.100990243e+19,0.000000000e+00
62000,234.2873688,3.743660256e+21,1.003890145e+21,4.197324318e+13,2.493067025e+16,0.000000000e+00,4.474096652e+19,0.000000000e+00
63000,231.5523529,3.280460249e+21,8.796796710e+20,4.372683974e+13,2.184601829e+16,0.000000000e+00,3.920520695e+19,0.000000000e+00
64000,228.7039185,2.871513700e+21,7.700176534e+20,4.650828825e+13,1.912266543e+16,0.000000000e+00,3.431783378e+19,0.000000000e+00
65000,225.7476044,2.510585937e+21,6.732322011e+20,5.075528109e+13,1.671909006e+16,0.000000000e+00,3.000433971e+19,0.000000000e+00
66000,222.6902161,2.192153999e+21,5.878423337e+20,5.711121193e+13,1.459851223e+16,0.000000000e+00,2.619871666e+19,0.000000000e+00
67000,219.582962,1.911009897e+21,5.124514426e+20,6.618436390e+13,1.272625116e+16,0.000000000e+00,2.283872788e+19,0.000000000e+00
68000,216.5399475,1.662278763e+21,4.457523229e+20,7.815622453e+13,1.106984119e+16,0.000000000e+00,1.986610803e+19,0.000000000e+00
69000,213.6687775,1.442060341e+21,3.866991191e+20,9.297617696e+13,9.603310651e+15,0.000000000e+00,1.723424993e+19,0.000000000e+00
70000,211.0657959,1.247204363e+21,3.344470896e+20,1.101569941e+14,8.305679161e+15,0.000000000e+00,1.490550079e+19,0.000000000e+00
71000,208.8177185,1.075106410e+21,2.882977542e+20,1.285146909e+14,7.159603645e+15,0.000000000e+00,1.284873565e+19,0.000000000e+00
72000,206.9191284,9.238781384e+20,2.477447571e+20,1.473282163e+14,6.152508439e+15,0.000000000e+00,1.104138703e+19,0.000000000e+00
73000,205.1862335,7.922741612e+20,2.124541634e+20,1.689126248e+14,5.276100498e+15,0.000000000e+00,9.468571926e+18,0.000000000e+00
74000,203.4260559,6.786600942e+20,1.819877166e+20,1.976062108e+14,4.519494228e+15,0.000000000e+00,8.110754230e+18,0.000000000e+00
75000,201.4589996,5.811404849e+20,1.558371255e+20,2.406646672e+14,3.870068866e+15,0.000000000e+00,6.945285649e+18,0.000000000e+00
76000,199.1207733,4.977576748e+20,1.334774043e+20,3.113054372e+14,3.314811467e+15,7.675796521e+12,5.948766375e+18,0.000000000e+00
77000,196.3860779,4.263628840e+20,1.143323560e+20,4.350250572e+14,2.842252322e+15,2.649244251e+13,5.095518414e+18,0.000000000e+00
78000,193.582489,3.645446811e+20,9.775535341e+19,6.621684627e+14,2.436847943e+15,6.181835348e+13,4.356720817e+18,0.000000000e+00
79000,191.0655212,3.105612990e+20,8.327931526e+19,1.105122868e+15,2.085394527e+15,1.087078369e+14,3.711558455e+18,0.000000000e+00
80000,189.1550293,2.632448100e+20,7.059077956e+19,2.035658269e+15,1.778903916e+15,1.557241560e+14,3.146073028e+18,0.000000000e+00
81000,188.1513824,2.217916208e+20,5.947461145e+19,4.165808503e+15,1.511047609e+15,1.921606956e+14,2.650650405e+18,0.000000000e+00
82000,188.2597961,1.856995095e+20,4.979593604e+19,9.411675652e+15,1.277804579e+15,2.127252003e+14,2.219310207e+18,0.000000000e+00
83000,189.2807465,1.548255748e+20,4.151620007e+19,2.207740965e+16,1.077877072e+15,2.179727947e+14,1.850312456e+18,0.000000000e+00
84000,190.9176025,1.288399721e+20,3.454741621e+19,4.983236664e+16,9.090349285e+14,2.116026368e+14,1.539753885e+18,0.000000000e+00
85000,192.8695068,1.072323872e+20,2.875142862e+19,1.003214338e+17,7.679981346e+14,1.979502947e+14,1.281494409e+18,0.000000000e+00
86000,194.8161469,8.942305199e+19,2.396920835e+19,1.669870228e+17,6.511365036e+14,1.810098532e+14,1.068307007e+18,0.000000000e+00
87000,196.4505615,7.482183664e+19,2.004329433e+19,2.331310138e+17,5.555035539e+14,1.637334647e+14,8.928045413e+17,0.000000000e+00
88000,197.6981964,6.281968206e+19,1.681083240e+19,3.106757378e+17,4.779804679e+14,1.472921453e+14,7.479647063e+17,0.000000000e+00
89000,198.5853882,5.289790903e+19,1.413440779e+19,3.978384569e+17,4.146090308e+14,1.321967278e+14,6.278398312e+17,0.000000000e+00
90000,199.1443634,4.465222274e+19,1.190695886e+19,4.912146194e+17,3.623812218e+14,1.186234819e+14,5.277695327e+17,0.000000000e+00
91000,199.4116211,3.776689181e+19,1.004463466e+19,5.864206097e+17,3.190113132e+14,1.065605629e+14,4.440764256e+17,0.000000000e+00
92000,199.4268188,3.199310336e+19,8.481080192e+18,6.782802020e+17,2.827405157e+14,9.590145234e+13,3.738371833e+17,5.081124045e+10
93000,199.2317505,2.713827354e+19,7.163875158e+18,7.609328275e+17,2.522091367e+14,8.650188286e+13,3.147274725e+17,6.109374874e+10
94000,198.8693848,2.304427498e+19,6.050915403e+18,8.279034623e+17,2.263585841e+14,7.821211782e+13,2.648696883e+17,7.260744090e+10
95000,198.3917236,1.958104205e+19,5.107201274e+18,8.725124357e+17,2.043399478e+14,7.082159479e+13,2.226493695e+17,8.541336371e+10
96000,197.8744812,1.664202658e+19,4.304032494e+18,8.896748501e+17,1.854636168e+14,6.413393225e+13,1.866036159e+17,9.973741978e+10
97000,197.395813,1.414174373e+19,3.619866607e+18,8.752700796e+17,1.691830735e+14,5.806960201e+13,1.558470974e+17,1.157505761e+11
98000,197.0322876,1.200978299e+19,3.037081464e+18,8.292653448e+17,1.550582851e+14,5.256131484e+13,1.296576066e+17,1.336308204e+11
99000,196.8594666,1.018852884e+19,2.541170933e+18,7.577671961e+17,1.427412751e+14,4.755435186e+13,1.074239439e+17,1.535944458e+11
100000,196.9531403,8.632598392e+18,2.119928100e+18,6.719857728e+17,1.319447759e+14,4.300232406e+13,8.861813753e+16,1.758936596e+11
101000,197.3909912,7.304090928e+18,1.763000787e+18,5.842520979e+17,1.224322287e+14,3.886438312e+13,7.278133039e+16,2.008135434e+11
102000,198.255127,6.170940291e+18,1.461517173e+18,5.037796321e+17,1.140070715e+14,3.510547513e+13,5.950942618e+16,2.286753219e+11
103000,199.6352081,5.205727962e+18,1.207738619e+18,4.349226133e+17,1.065034952e+14,3.169308377e+13,4.844444367e+16,2.598208963e+11
104000,201.6326447,4.384802619e+18,9.949422308e+17,3.780449112e+17,9.977603293e+13,2.859636621e+13,3.927495478e+16,2.945478492e+11
105000,204.3523407,3.688020935e+18,8.174334315e+17,3.311657898e+17,9.370542381e+13,2.578767361e+13,3.174918423e+16,3.327287296e+11
106000,207.8217163,3.099160990e+18,6.702508121e+17,2.923462605e+17,8.822370337e+13,2.325072577e+13,2.561414557e+16,3.745694024e+11
107000,212.0382385,2.603675420e+18,5.489001877e+17,2.598273279e+17,8.327418138e+13,2.097041900e+13,2.064071303e+16,4.204239258e+11
108000,217.0069885,2.188161043e+18,4.492965288e+17,2.321616912e+17,7.862855349e+13,1.890620906e+13,1.662657969e+16,4.706495037e+11
109000,222.7391357,1.840575181e+18,3.678307918e+17,2.082699736e+17,7.420400737e+13,1.701529938e+13,1.339751912e+16,5.255943946e+11
110000,229.250061,1.550310571e+18,3.013737664e+17,1.873827058e+17,7.000375165e+13,1.529326181e+13,1.080627408e+16,5.856154747e+11
111000,236.5571899,1.308148357e+18,2.472552027e+17,1.689467133e+17,6.602670421e+13,1.373285804e+13,8.730041794e+15,6.510480589e+11
112000,244.6772919,1.106218717e+18,2.032311695e+17,1.525710166e+17,6.227079725e+13,1.232488366e+13,7.067797645e+15,7.222258565e+11
113000,253.6233978,9.378344902e+17,1.674365513e+17,1.379670541e+17,5.873229365e+13,1.105905844e+13,5.737149668e+15,7.994794312e+11
114000,263.4009094,7.973609534e+17,1.383292401e+17,1.249150951e+17,5.540735982e+13,9.924642865e+12,4.671569356e+15,8.831655608e+11
115000,274.002533,6.800880740e+17,1.146473745e+17,1.132415544e+17,5.229205730e+13,8.910854423e+12,3.817360759e+15,9.736499364e+11
116000,285.4290771,5.820470273e+17,9.535316164e+16,1.027957043e+17,4.937931450e+13,8.006576112e+12,3.131460119e+15,1.071293858e+12
117000,297.6949158,4.999067742e+17,7.960011496e+16,9.344069861e+16,4.665779841e+13,7.200650035e+12,2.579331335e+15,1.176378016e+12
118000,310.8025513,4.309327605e+17,6.670850003e+16,8.506170704e+16,4.409996922e+13,6.482925978e+12,2.133643921e+15,1.289214755e+12
119000,324.7347717,3.728924623e+17,5.613364631e+16,7.755858815e+16,4.167666814e+13,5.844342669e+12,1.772904518e+15,1.410188706e+12
120000,339.4481812,3.239520315e+17,4.743830463e+16,7.084582914e+16,3.939163229e+13,5.276787278e+12,1.480061702e+15,1.539803972e+12
121000,354.864624,2.826086419e+17,4.027309229e+16,6.484901112e+16,3.724937894e+13,4.771880632e+12,1.241666724e+15,1.678734524e+12
122000,370.8618164,2.476239858e+17,3.435819218e+16,5.950181549e+16,3.525405206e+13,4.321362575e+12,1.047034040e+15,1.827886596e+12
123000,387.2625122,2.179780599e+17,2.946413493e+16,5.474693021e+16,3.341012068e+13,3.920728949e+12,8.878477877e+14,1.988491346e+12
124000,403.8247681,1.928336034e+17,2.540644095e+16,5.052937541e+16,3.172195107e+13,3.565881393e+12,7.574862692e+14,2.161918214e+12
125000,420.2332764,1.714993498e+17,2.203615005e+16,4.678966578e+16,3.019405840e+13,3.253083308e+12,6.504236062e+14,2.349432308e+12
126000,436.1933594,1.533698462e+17,1.922822284e+16,4.348425465e+16,2.882455313e+13,2.978195177e+12,5.621445464e+14,2.553116361e+12
127000,451.6666565,1.378563642e+17,1.687170313e+16,4.054909548e+16,2.759348716e+13,2.735693627e+12,4.887630840e+14,2.773808579e+12
128000,466.6680908,1.244833650e+17,1.487899185e+16,3.792716397e+16,2.648115564e+13,2.520712479e+12,4.272717688e+14,3.012063920e+12
129000,481.2123718,1.128781143e+17,1.318214047e+16,3.557300865e+16,2.547155521e+13,2.329244074e+12,3.753606130e+14,3.268450451e+12
130000,495.313324,1.027456508e+17,1.172823284e+16,3.344922248e+16,2.455107115e+13,2.158017380e+12,3.312404272e+14,3.543497966e+12
131000,508.9847412,9.384924449e+16,1.047522767e+16,3.152510720e+16,2.370872908e+13,2.004285653e+12,2.935125285e+14,3.837775577e+12
132000,522.2398682,8.599799273e+16,9.389631733e+15,2.977510989e+16,2.293502260e+13,1.865767977e+12,2.610659632e+14,4.151779000e+12
133000,535.0914307,7.903642627e+16,8.444439890e+15,2.817772565e+16,2.222206432e+13,1.740534448e+12,2.330159680e+14,4.486012600e+12
134000,547.5517578,7.283665816e+16,7.617766060e+15,2.671516473e+16,2.156299446e+13,1.626968162e+12,2.086516587e+14,4.840898429e+12
135000,559.6329956,6.729276161e+16,6.891717945e+15,2.537167319e+16,2.095204794e+13,1.523673596e+12,1.873925940e+14,5.216864829e+12
136000,571.3466797,6.231633333e+16,6.251511194e+15,2.413446062e+16,2.038419581e+13,1.429469266e+12,1.687661765e+14,5.614235812e+12
137000,582.7041626,5.783406251e+16,5.684928772e+15,2.299196496e+16,1.985507806e+13,1.343339102e+12,1.523844330e+14,6.033293443e+12
138000,593.7164307,5.378322975e+16,5.181917771e+15,2.193449032e+16,1.936080660e+13,1.264400990e+12,1.379239073e+14,6.474263167e+12
139000,604.394043,5.011129470e+16,4.734007443e+15,2.095347684e+16,1.889820842e+13,1.191892877e+12,1.251170278e+14,6.937262424e+12
140000,614.7471924,4.677315163e+16,4.333933387e+15,2.004148563e+16,1.846427412e+13,1.125158355e+12,1.137382166e+14,7.422325293e+12
141000,624.7860107,4.372990960e+16,3.975566147e+15,1.919196043e+16,1.805642839e+13,1.063612842e+12,1.035992501e+14,7.929399345e+12
142000,634.5200195,4.094892687e+16,3.653718210e+15,1.839924905e+16,1.767242308e+13,1.006748500e+12,9.454698575e+13,8.458332013e+12
143000,643.9584961,3.840099765e+16,3.363913412e+15,1.765806333e+16,1.731024598e+13,9.541246648e+11,8.644712202e+13,9.008822878e+12
144000,653.1105957,3.606168358e+16,3.102336482e+15,1.696363154e+16,1.696799392e+13,9.053430743e+11,7.918097688e+13,9.579898339e+12
145000,661.9849854,3.390900947e+16,2.865702843e+15,1.631034124e+16,1.664418316e+13,8.600569774e+11,7.264669585e+13,1.017003167e+13
146000,670.5904541,3.192430079e+16,2.651183185e+15,1.569461366e+16,1.633718842e+13,8.179537019e+11,6.675703320e+13,1.077837772e+13
147000,678.9348145,3.009085441e+16,2.456298776e+15,1.511371182e+16,1.604589086e+13,7.787590451e+11,6.143689831e+13,1.140389000e+13
148000,687.0262451,2.839378613e+16,2.278911526e+15,1.456475701e+16,1.576899235e+13,7.422267228e+11,5.662127948e+13,1.204544969e+13
149000,694.8726807,2.682011655e+16,2.117157555e+15,1.404547721e+16,1.550549044e+13,7.081339126e+11,5.225378847e+13,1.270180164e+13
150000,702.4813843,2.535881621e+16,1.969401016e+15,1.355360789e+16,1.525437222e+13,6.762828923e+11,4.828542324e+13,1.337156593e+13
151000,709.8596802,2.399944832e+16,1.834192627e+15,1.308723994e+16,1.501475373e+13,6.464963215e+11,4.467290695e+13,1.405318857e+13
152000,717.0146484,2.273314164e+16,1.710268594e+15,1.264448787e+16,1.478588944e+13,6.186101637e+11,4.137924585e+13,1.474509773e+13
153000,723.953125,2.155177008e+16,1.596515714e+15,1.222377650e+16,1.456704009e+13,5.924791255e+11,3.837105747e+13,1.544550665e+13
154000,730.6816406,2.044835218e+16,1.491940776e+15,1.182352957e+16,1.435744862e+13,5.679714140e+11,3.561964438e+13,1.615263171e+13
155000,737.206604,1.941613195e+16,1.395666400e+15,1.144243497e+16,1.415660123e+13,5.449659843e+11,3.309916756e+13,1.686454875e+13
156000,743.5343018,1.844953238e+16,1.306915330e+15,1.107920529e+16,1.396391910e+13,5.233535222e+11,3.078709733e+13,1.757932526e+13
157000,749.6708374,1.754328140e+16,1.224984131e+15,1.073273780e+16,1.377889681e+13,5.030332334e+11,2.866329053e+13,1.829487247e+13
158000,755.6219482,1.669255253e+16,1.149262381e+15,1.040194049e+16,1.360101219e+13,4.839150715e+11,2.670981022e+13,1.900924004e+13
159000,761.3931274,1.589321187e+16,1.079189185e+15,1.008584701e+16,1.342986781e+13,4.659138068e+11,2.491095292e+13,1.972027104e+13
160000,766.9902344,1.514124470e+16,1.014264714e+15,9.783522110e+15,1.326502851e+13,4.489528607e+11,2.325226927e+13,2.042593123e+13
161000,772.4182129,1.443329773e+16,9.540441725e+14,9.494217408e+15,1.310617659e+13,4.329616179e+11,2.172120361e+13,2.112416960e+13
162000,777.682373,1.376602087e+16,8.981255773e+14,9.217058873e+15,1.295294189e+13,4.178756239e+11,2.030636840e+13,2.181289529e+13
163000,782.7877808,1.313656442e+16,8.461400985e+14,8.951412998e+15,1.280495111e+13,4.036349133e+11,1.899754422e+13,2.249017891e+13
164000,787.7391357,1.254227087e+16,7.977703110e+14,8.696586683e+15,1.266197778e+13,3.901829284e+11,1.778554975e+13,2.315405545e+13
165000,792.5412598,1.198069960e+16,7.527100643e+14,8.452036614e+15,1.252366955e+13,3.774710088e+11,1.666207606e+13,2.380270037e+13
166000,797.1986084,1.144960972e+16,7.106942783e+14,8.217064322e+15,1.238988279e+13,3.654501990e+11,1.561982717e+13,2.443427866e+13
167000,801.7155762,1.094694070e+16,6.714843139e+14,7.991272522e+15,1.226027565e+13,3.540765901e+11,1.465178705e+13,2.504722376e+13
168000,806.0964355,1.047087472e+16,6.348553564e+14,7.774103944e+15,1.213466778e+13,3.433110897e+11,1.375203335e+13,2.563987682e+13
169000,810.345459,1.001961646e+16,6.006056765e+14,7.565099024e+15,1.201283898e+13,3.331153265e+11,1.291503691e+13,2.621082226e+13
170000,814.4664307,9.591625118e+15,5.685557582e+14,7.363886785e+15,1.189461098e+13,3.234541732e+11,1.213576144e+13,2.675872000e+13
171000,818.4634399,9.185399595e+15,5.385374264e+14,7.170007130e+15,1.177976780e+13,3.142954189e+11,1.140963620e+13,2.728239772e+13
172000,822.3401489,8.799619727e+15,5.103990153e+14,6.983112165e+15,1.166819616e+13,3.056094085e+11,1.073250776e+13,2.778080687e+13
173000,826.1003418,8.432995413e+15,4.839981533e+14,6.802874399e+15,1.155965596e+13,2.973667820e+11,1.010062328e+13,2.825308760e+13
174000,829.7473755,8.084364328e+15,4.592136083e+14,6.628935740e+15,1.145409896e+13,2.895420457e+11,9.510517211e+12,2.869836330e+13
175000,833.284729,7.752706416e+15,4.359269332e+14,6.461012182e+15,1.135128399e+13,2.821110497e+11,8.959059558e+12,2.911599224e+13
176000,836.7158203,7.436952232e+15,4.140280022e+14,6.298807910e+15,1.125113135e+13,2.750496113e+11,8.443359396e+12,2.950557178e+13
177000,840.0438232,7.136223991e+15,3.934220913e+14,6.142047510e+15,1.115354563e+13,2.683379057e+11,7.960777458e+12,2.986657763e+13
178000,843.2718506,6.849647130e+15,3.740202812e+14,5.990495830e+15,1.105835380e+13,2.619555185e+11,7.508962836e+12,3.019888394e+13
179000,846.4029541,6.576456071e+15,3.557365719e+14,5.843905912e+15,1.096545416e+13,2.558838866e+11,7.085597655e+12,3.050244460e+13
180000,849.4400635,6.315813833e+15,3.384984186e+14,5.702047437e+15,1.087476911e+13,2.501046927e+11,6.688732086e+12,3.077706246e+13
181000,852.3861084,6.067105699e+15,3.222312636e+14,5.564701363e+15,1.078616549e+13,2.446018806e+11,6.316464013e+12,3.102305419e+13
182000,855.2436523,5.829665411e+15,3.068760173e+14,5.431725417e+15,1.069960030e+13,2.393614254e+11,5.967094743e+12,3.124045755e+13
183000,858.015564,5.602865368e+15,2.923674500e+14,5.302859218e+15,1.061496763e+13,2.343677788e+11,5.639018906e+12,3.142976956e+13
184000,860.7043457,5.386143466e+15,2.786543576e+14,5.177979286e+15,1.053215320e+13,2.296075715e+11,5.330802049e+12,3.159141804e+13
185000,863.312561,5.178989677e+15,2.656827846e+14,5.056890199e+15,1.045112029e+13,2.250685153e+11,5.041066344e+12,3.172574901e+13
186000,865.8425903,4.980868204e+15,2.534069124e+14,4.939424991e+15,1.037178293e+13,2.207383388e+11,4.768588104e+12,3.183350907e+13
187000,868.296875,4.791351699e+15,2.417840934e+14,4.825481656e+15,1.029405200e+13,2.166059991e+11,4.512217039e+12,3.191515539e+13
188000,870.6776123,4.609981672e+15,2.307711597e+14,4.714872290e+15,1.021790755e+13,2.126610760e+11,4.270895661e+12,3.197160024e+13
189000,872.9871216,4.436346882e+15,2.203324430e+14,4.607472338e+15,1.014326886e+13,2.088938537e+11,4.043642503e+12,3.200345598e+13
190000,875.2275391,4.270041722e+15,2.104329125e+14,4.503180868e+15,1.007003946e+13,2.052951572e+11,3.829525905e+12,3.201158873e+13
191000,877.4008789,4.110751048e+15,2.010393325e+14,4.401850510e+15,9.998170063e+12,2.018556805e+11,3.627726668e+12,3.199680171e+13
192000,879.5092163,3.958096905e+15,1.921222254e+14,4.303390532e+15,9.927663813e+12,1.985680671e+11,3.437445513e+12,3.196006171e+13
193000,881.5545044,3.811769785e+15,1.836526674e+14,4.207666985e+15,9.858434728e+12,1.954236334e+11,3.257956303e+12,3.190215515e+13
194000,883.5386963,3.671447835e+15,1.756057106e+14,4.114582965e+15,9.790437720e+12,1.924156293e+11,3.088587948e+12,3.182407608e+13
195000,885.463501,3.536883825e+15,1.679561390e+14,4.024048544e+15,9.723629797e+12,1.895366164e+11,2.928709730e+12,3.172662562e+13
196000,887.3309326,3.407761270e+15,1.606803637e+14,3.935959033e+15,9.657945948e+12,1.867813028e+11,2.777734971e+12,3.161085864e+13
197000,889.1425171,3.283849048e+15,1.537582354e+14,3.850247323e+15,9.593371492e+12,1.841423483e+11,2.635117101e+12,3.147763496e+13
198000,890.9000244,3.164901002e+15,1.471708125e+14,3.766819194e+15,9.529863438e+12,1.816144282e+11,2.500355686e+12,3.132799687e+13
199000,892.6050415,3.050708828e+15,1.408980966e+14,3.685584451e+15,9.467388232e+12,1.791919063e+11,2.372969431e+12,3.116265321e+13
200000,894.2592163,2.941027711e+15,1.349230170e+14,3.606498802e+15,9.405908124e+12,1.768704246e+11,2.252523438e+12,3.098273645e+13
201000,895.8640747,2.835661426e+15,1.292290899e+14,3.529424004e+15,9.345339228e+12,1.746438390e+11,2.138597360e+12,3.078897848e+13
202000,897.4210815,2.734422604e+15,1.238013502e+14,3.454349586e+15,9.285773820e+12,1.725083156e+11,2.030811349e+12,3.058246563e+13
203000,898.9316406,2.637134079e+15,1.186261579e+14,3.381199045e+15,9.227038884e+12,1.704596111e+11,1.928802468e+12,3.036382285e+13
204000,900.3971558,2.543605529e+15,1.136893446e+14,3.309873597e+15,9.169197335e+12,1.684932690e+11,1.832237924e+12,3.013396241e+13
205000,901.8190308,2.453679114e+15,1.089789399e+14,3.240366262e+15,9.112164237e+12,1.666048492e+11,1.740802621e+12,2.989379866e+13
206000,903.1985474,2.367202095e+15,1.044827970e+14,3.172572082e+15,9.055966855e+12,1.647922217e+11,1.654204400e+12,2.964400269e+13
207000,904.5369873,2.284029785e+15,1.001899352e+14,3.106451329e+15,9.000529691e+12,1.630503076e+11,1.572160012e+12,2.938536722e+13
208000,905.8356323,2.204007699e+15,9.608960881e+13,3.041953269e+15,8.945861132e+12,1.613764362e+11,1.494413345e+12,2.911872064e+13
209000,907.0955811,2.127014102e+15,9.217316907e+13,2.979030119e+15,8.891940209e+12,1.597677076e+11,1.420724011e+12,2.884466691e+13
210000,908.3180542,2.052908602e+15,8.842994568e+13,2.917634367e+15,8.838724977e+12,1.582204682e+11,1.350863159e+12,2.856396521e+13
211000,909.5041504,1.981588657e+15,8.485201982e+13,2.857710714e+15,8.786212291e+12,1.567324242e+11,1.284616094e+12,2.827719855e+13
212000,910.6550293,1.912918438e+15,8.143081832e+13,2.799205744e+15,8.734364926e+12,1.553008067e+11,1.221783847e+12,2.798498978e+13
213000,911.7716675,1.846798893e+15,7.815927798e+13,2.742099590e+15,8.683178689e+12,1.539228959e+11,1.162176496e+12,2.768806661e+13
214000,912.8551025,1.783127614e+15,7.502944639e+13,2.686332124e+15,8.632621597e+12,1.525964636e+11,1.105620500e+12,2.738681492e+13
215000,913.9064331,1.721792931e+15,7.203473012e+13,2.631875428e+15,8.582669533e+12,1.513187410e+11,1.051945271e+12,2.708187434e+13
216000,914.9265137,1.662716058e+15,6.916885447e+13,2.578682527e+15,8.533328265e+12,1.500882371e+11,1.000997454e+12,2.677377126e+13
217000,915.9162598,1.605794588e+15,6.642536022e+13,2.526719328e+15,8.484561093e+12,1.489023959e+11,9.526260531e+11,2.646296494e+13
218000,916.876709,1.550944366e+15,6.379839632e+13,2.475951741e+15,8.436351762e+12,1.477595464e+11,9.066948854e+11,2.614994613e+13
219000,917.8085938,1.498084459e+15,6.128266956e+13,2.426346748e+15,8.388702372e+12,1.466573292e+11,8.630734684e+11,2.583510909e+13
220000,918.7128906,1.447126282e+15,5.887292028e+13,2.377863815e+15,8.341597716e+12,1.455944991e+11,8.216389878e+11,2.551886696e+13
221000,919.590332,1.398013063e+15,5.656415725e+13,2.330473414e+15,8.294991659e+12,1.445694013e+11,7.822739374e+11,2.520167901e+13
222000,920.4417725,1.350662659e+15,5.435187580e+13,2.284146286e+15,8.248917754e+12,1.435795128e+11,7.448677581e+11,2.488379480e+13
223000,921.2679443,1.305002727e+15,5.223157544e+13,2.238871962e+15,8.203333009e+12,1.426243748e+11,7.093217526e+11,2.456560442e+13
224000,922.0697021,1.260973541e+15,5.019900314e+13,2.194588299e+15,8.158221697e+12,1.417019064e+11,6.755342090e+11,2.424746856e+13
225000,922.8477173,1.218504099e+15,4.825011559e+13,2.151286573e+15,8.113589584e+12,1.408108626e+11,6.434161295e+11,2.392961581e+13
226000,923.6026611,1.177544741e+15,4.638162026e+13,2.108941685e+15,8.069408358e+12,1.399498342e+11,6.128793682e+11,2.361239221e+13
227000,924.3352661,1.138029297e+15,4.458948225e+13,2.067537127e+15,8.025681691e+12,1.391176909e+11,5.838431846e+11,2.329599699e+13
228000,925.0462036,1.099908510e+15,4.287024123e+13,2.027024848e+15,7.982400668e+12,1.383133512e+11,5.562299843e+11,2.298071115e+13
229000,925.736084,1.063125873e+15,4.122107445e+13,1.987390755e+15,7.939536978e+12,1.375349637e+11,5.299654164e+11,2.266676540e+13
230000,926.4056396,1.027631726e+15,3.963836642e+13,1.948612838e+15,7.897096389e+12,1.367823155e+11,5.049831916e+11,2.235432750e+13
231000,927.0552979,9.933785567e+14,3.811972638e+13,1.910677002e+15,7.855056355e+12,1.360538747e+11,4.812148900e+11,2.204364911e+13
232000,927.6858521,9.603166367e+14,3.666215122e+13,1.873547815e+15,7.813389091e+12,1.353487073e+11,4.586003825e+11,2.173484977e+13
233000,928.2977295,9.284095931e+14,3.526291463e+13,1.837213197e+15,7.772147548e+12,1.346656174e+11,4.370792776e+11,2.142807628e+13
234000,928.8915405,8.976046112e+14,3.391968877e+13,1.801653284e+15,7.731277201e+12,1.340042363e+11,4.165986550e+11,2.112351529e+13
235000,929.4677734,8.678682038e+14,3.263000740e+13,1.766842708e+15,7.690770711e+12,1.333634417e+11,3.971065774e+11,2.082134085e+13
236000,930.0270386,8.391550053e+14,3.139138329e+13,1.732776638e+15,7.650647998e+12,1.327421030e+11,3.785515991e+11,2.052156346e+13
237000,930.5698242,8.114311927e+14,3.020193740e+13,1.699424204e+15,7.610857685e+12,1.321396470e+11,3.608880742e+11,2.022442218e+13
238000,931.0965576,7.846610642e+14,2.905950965e+13,1.666768360e+15,7.571421266e+12,1.315555328e+11,3.440698327e+11,1.992995897e+13
239000,931.6077271,7.588073072e+14,2.796205533e+13,1.634792865e+15,7.532332450e+12,1.309884826e+11,3.280572580e+11,1.963828078e+13
240000,932.1038818,7.338369713e+14,2.690761359e+13,1.603481480e+15,7.493568168e+12,1.304384471e+11,3.128081121e+11,1.934941487e+13
241000,932.5853882,7.097214011e+14,2.589463255e+13,1.572818903e+15,7.455136809e+12,1.299042140e+11,2.982856622e+11,1.906350385e+13
242000,933.0527344,6.864246260e+14,2.492122058e+13,1.542796142e+15,7.417031557e+12,1.293855048e+11,2.844542894e+11,1.878060643e+13
243000,933.5062866,6.639228226e+14,2.398567268e+13,1.513386488e+15,7.379231441e+12,1.288816230e+11,2.712797676e+11,1.850073521e+13
244000,933.9464722,6.421827048e+14,2.308655232e+13,1.484581484e+15,7.341744849e+12,1.283918561e+11,2.587295252e+11,1.822401390e+13
245000,934.3737183,6.211797778e+14,2.222238099e+13,1.456367576e+15,7.304566014e+12,1.279157453e+11,2.467742024e+11,1.795035025e+13
246000,934.7883911,6.008857218e+14,2.139166343e+13,1.428725837e+15,7.267673965e+12,1.274526351e+11,2.353821450e+11,1.767992250e+13
247000,935.1907959,5.812779882e+14,2.059298406e+13,1.401648484e+15,7.231092818e+12,1.270020833e+11,2.245284004e+11,1.741270653e+13
248000,935.5814209,5.623279214e+14,1.982520623e+13,1.375123169e+15,7.194773815e+12,1.265636803e+11,2.141860495e+11,1.714873382e+13
249000,935.9605713,5.440169323e+14,1.908695001e+13,1.349137006e+15,7.158753133e+12,1.261370163e+11,2.043300413e+11,1.688803895e+13
250000,936.3285522,5.263226401e+14,1.837696549e+13,1.323668253e+15,7.122998788e+12,1.257214689e+11,1.949369958e+11,1.663058733e+13
251000,936.68573,5.092175973e+14,1.769434251e+13,1.298715030e+15,7.087506588e+12,1.253166449e+11,1.859842867e+11,1.637641041e+13
252000,937.0324097,4.926871741e+14,1.703772003e+13,1.274266331e+15,7.052297503e+12,1.249221509e+11,1.774511882e+11,1.612553021e+13
253000,937.3689575,4.767094931e+14,1.640617738e+13,1.250300950e+15,7.017340076e+12,1.245373972e+11,1.693169418e+11,1.587794149e+13
254000,937.6955566,4.612637506e+14,1.579878869e+13,1.226818082e+15,6.982657901e+12,1.241622692e+11,1.615625421e+11,1.563363692e+13
255000,938.0125732,4.463315586e+14,1.521447600e+13,1.203802695e+15,6.948205887e+12,1.237963981e+11,1.541701796e+11,1.539266262e+13
256000,938.3203125,4.318969452e+14,1.465237006e+13,1.181244453e+15,6.914019164e+12,1.234394399e+11,1.471219958e+11,1.515491793e+13
257000,938.6190186,4.179412543e+14,1.411157118e+13,1.159133290e+15,6.880067846e+12,1.230907884e+11,1.404019671e+11,1.492045110e+13
258000,938.9089966,4.044495205e+14,1.359130132e+13,1.137459811e+15,6.846372905e+12,1.227503780e+11,1.339942257e+11,1.468924323e+13
259000,939.1904297,3.914043962e+14,1.309060943e+13,1.116214621e+15,6.812893970e+12,1.224178565e+11,1.278840013e+11,1.446125555e+13
260000,939.463623,3.787906141e+14,1.260892822e+13,1.095388526e+15,6.779663548e+12,1.220926996e+11,1.220572201e+11,1.423649957e+13
261000,939.7287598,3.665921017e+14,1.214533285e+13,1.074972466e+15,6.746653852e+12,1.217750139e+11,1.165000376e+11,1.401495539e+13
262000,939.9862061,3.547974169e+14,1.169923506e+13,1.054957852e+15,6.713873793e+12,1.214644961e+11,1.112003953e+11,1.379660517e+13
263000,940.236084,3.433916615e+14,1.126985158e+13,1.035332200e+15,6.681306595e+12,1.211606139e+11,1.061455380e+11,1.358135244e+13
264000,940.4786377,3.323601722e+14,1.085664448e+13,1.016091216e+15,6.648962220e+12,1.208630395e+11,1.013239562e+11,1.336925697e+13
265000,940.7141113,3.216917083e+14,1.045888500e+13,9.972267133e+14,6.616838046e+12,1.205717074e+11,9.672471347e+10,1.316029674e+13
266000,940.942688,3.113738882e+14,1.007608031e+13,9.787309736e+14,6.584929354e+12,1.202865684e+11,9.233774182e+10,1.295437844e+13
267000,941.1645508,3.013949008e+14,9.707524719e+12,9.605925214e+14,6.553235096e+12,1.200070902e+11,8.815238349e+10,1.275150624e+13
268000,941.3800049,2.917411230e+14,9.352744272e+12,9.428074645e+14,6.521749504e+12,1.197331661e+11,8.415955354e+10,1.255168121e+13
269000,941.5891113,2.824049042e+14,9.011232506e+12,9.253649984e+14,6.490459996e+12,1.194648044e+11,8.035028992e+10,1.235481212e+13
270000,941.7921143,2.733734101e+14,8.682446258e+12,9.082616334e+14,6.459374961e+12,1.192016937e+11,7.671596646e+10,1.216092622e+13
271000,941.9891357,2.646364903e+14,8.365853377e+12,8.914868333e+14,6.428492300e+12,1.189435392e+11,7.324819456e+10,1.196992915e+13
272000,942.180481,2.561842463e+14,8.061067985e+12,8.750371758e+14,6.397796286e+12,1.186900541e+11,6.993931469e+10,1.178184712e+13
273000,942.3662109,2.480082057e+14,7.767567368e+12,8.589027956e+14,6.367309464e+12,1.184412140e+11,6.678185574e+10,1.159663505e+13
274000,942.5465088,2.400981342e+14,7.484967223e+12,8.430804046e+14,6.336991986e+12,1.181969695e+11,6.376900608e+10,1.141424888e+13
275000,942.7215576,2.324452239e+14,7.212854411e+12,8.275604733e+14,6.306878456e+12,1.179568210e+11,6.089381888e+10,1.123464354e+13
276000,942.8914795,2.250408848e+14,6.950818939e+12,8.123368276e+14,6.276954718e+12,1.177207030e+11,5.814979789e+10,1.105779701e+13
277000,943.0564575,2.178768794e+14,6.698426171e+12,7.974036291e+14,6.247205569e+12,1.174890414e+11,5.553110630e+10,1.088366838e+13
278000,943.2166138,2.109452551e+14,6.455391945e+12,7.827577908e+14,6.217653027e+12,1.172609188e+11,5.303172710e+10,1.071221572e+13
279000,943.3721313,2.042382778e+14,6.221336674e+12,7.683906556e+14,6.188270879e+12,1.170367037e+11,5.064634368e+10,1.054345370e+13
280000,943.5230713,1.977485319e+14,5.995900174e+12,7.542996062e+14,6.159069610e+12,1.168159457e+11,4.836941824e+10,1.037730369e+13
281000,943.6696777,1.914687864e+14,5.778769445e+12,7.404732343e+14,6.130034541e+12,1.165988004e+11,4.619621581e+10,1.021372059e+13
282000,943.8119507,1.853921794e+14,5.569633583e+12,7.269118753e+14,6.101175632e+12,1.163848172e+11,4.412169830e+10,1.005268553e+13
283000,943.9501343,1.795112284e+14,5.368182211e+12,7.136074762e+14,6.072491311e+12,1.161741763e+11,4.214149120e+10,9.894176489e+12
284000,944.0842896,1.738209000e+14,5.174147940e+12,7.005549367e+14,6.043989967e+12,1.159666319e+11,4.025124864e+10,9.738152575e+12
285000,944.2144775,1.683129568e+14,4.987224064e+12,6.877492236e+14,6.015636996e+12,1.157619302e+11,3.844668621e+10,9.584557162e+12
286000,944.3409424,1.629833050e+14,4.807163642e+12,6.751854380e+14,5.987452322e+12,1.155604644e+11,3.672387584e+10,9.433367183e+12
287000,944.4637451,1.578248144e+14,4.633693520e+12,6.628614324e+14,5.959433322e+12,1.153613496e+11,3.507913523e+10,9.284580540e+12
288000,944.5829468,1.528325189e+14,4.466585108e+12,6.507672747e+14,5.931591533e+12,1.151652086e+11,3.350895411e+10,9.138139562e+12
289000,944.6986694,1.480003955e+14,4.305592779e+12,6.389035019e+14,5.903879242e+12,1.149717955e+11,3.200972390e+10,8.993975042e+12
290000,944.8110352,1.433242666e+14,4.150489514e+12,6.272605172e+14,5.876350452e+12,1.147806515e+11,3.057831936e+10,8.852115292e+12
291000,944.920166,1.387974466e+14,4.001048560e+12,6.158366431e+14,5.848981045e+12,1.145919734e+11,2.921158246e+10,8.712490582e+12
292000,945.026123,1.344160934e+14,3.857067278e+12,6.046297319e+14,5.821760012e+12,1.144055235e+11,2.790656000e+10,8.575080464e+12
293000,945.1289673,1.301749558e+14,3.718336217e+12,5.936310597e+14,5.794694693e+12,1.142217032e+11,2.666043802e+10,8.439832510e+12
294000,945.2288818,1.260704519e+14,3.584661389e+12,5.828408277e+14,5.767773553e+12,1.140398490e+11,2.547052134e+10,8.306728370e+12
295000,945.3258667,1.220961978e+14,3.455868731e+12,5.722507815e+14,5.741007077e+12,1.138603622e+11,2.433425613e+10,8.175732916e+12
296000,945.4200439,1.182498365e+14,3.331757703e+12,5.618590757e+14,5.714391597e+12,1.136823583e+11,2.324923597e+10,8.046812070e+12
297000,945.5114746,1.145263012e+14,3.212162367e+12,5.516619521e+14,5.687927636e+12,1.135067218e+11,2.221295821e+10,7.919977890e+12
298000,945.6002808,1.109215821e+14,3.096921768e+12,5.416554849e+14,5.661612048e+12,1.133329531e+11,2.122341376e+10,7.795133383e+12
299000,945.6865234,1.074322567e+14,2.985863414e+12,5.318360167e+14,5.635445359e+12,1.131610604e+11,2.027839488e+10,7.672264393e+12
300000,945.7702026,1.040537784e+14,2.878839456e+12,5.221999908e+14,5.609413411e+12,1.129910190e+11,1.937576346e+10,7.551366201e+12
301000,945.8515015,1.007837145e+14,2.775706501e+12,5.127437161e+14,5.583516729e+12,1.128225997e+11,1.851370906e+10,7.432379040e+12
302000,945.930481,9.761741760e+13,2.676305166e+12,5.034618910e+14,5.557774189e+12,1.126557778e+11,1.769042739e+10,7.315297665e+12
303000,946.0071411,9.455225379e+13,2.580519322e+12,4.943531063e+14,5.532175303e+12,1.124907745e+11,1.690408550e+10,7.200091668e+12
304000,946.081604,9.158425523e+13,2.488200593e+12,4.854157514e+14,5.506705916e+12,1.123271229e+11,1.615298150e+10,7.086690271e+12
305000,946.1538696,8.871098083e+13,2.399217910e+12,4.766411021e+14,5.481378087e+12,1.121652654e+11,1.543555174e+10,6.975131222e+12
306000,946.2240601,8.592868927e+13,2.313453044e+12,4.680314067e+14,5.456189194e+12,1.120045220e+11,1.475027251e+10,6.865343218e+12
307000,946.2922363,8.323511563e+13,2.230801138e+12,4.595817325e+14,5.431137141e+12,1.118453187e+11,1.409574195e+10,6.757297947e+12
308000,946.3584595,8.062737423e+13,2.151131644e+12,4.512873150e+14,5.406211441e+12,1.116874179e+11,1.347043840e+10,6.650979156e+12
309000,946.4227295,7.810207606e+13,2.074339181e+12,4.431468454e+14,5.381422055e+12,1.115310326e+11,1.287317197e+10,6.546358534e+12
310000,946.4851685,7.565689750e+13,2.000322429e+12,4.351557269e+14,5.356766364e+12,1.113757204e+11,1.230259712e+10,6.443397284e+12
311000,946.5457764,7.328924644e+13,1.928976400e+12,4.273144292e+14,5.332234404e+12,1.112219075e+11,1.175755981e+10,6.342115328e+12
312000,946.6046753,7.099663988e+13,1.860206854e+12,4.196168120e+14,5.307844002e+12,1.110693560e+11,1.123683942e+10,6.242413052e+12
313000,946.6618652,6.877665349e+13,1.793912603e+12,4.120617007e+14,5.283575759e+12,1.109176320e+11,1.073938534e+10,6.144313000e+12
314000,946.7174072,6.662721529e+13,1.730007138e+12,4.046465117e+14,5.259427054e+12,1.107671613e+11,1.026416538e+10,6.047787385e+12
315000,946.7713013,6.454556125e+13,1.668403429e+12,3.973668831e+14,5.235417809e+12,1.106179113e+11,9.810141184e+09,5.952790069e+12
316000,946.8236694,6.252975777e+13,1.609017459e+12,3.902218416e+14,5.211526529e+12,1.104694804e+11,9.376359424e+09,5.859326820e+12
317000,946.8745728,6.057793421e+13,1.551768355e+12,3.832072937e+14,5.187772088e+12,1.103224750e+11,8.961926144e+09,5.767340491e+12
318000,946.9239502,5.868735169e+13,1.496581538e+12,3.763237764e+14,5.164124078e+12,1.101760430e+11,8.565922816e+09,5.676828459e+12
319000,946.9719238,5.685672254e+13,1.443373122e+12,3.695659208e+14,5.140611858e+12,1.100308152e+11,8.187632128e+09,5.587766608e+12
320000,947.0185547,5.508390348e+13,1.392079798e+12,3.629312776e+14,5.117213934e+12,1.098865541e+11,7.826119168e+09,5.500120334e+12
321000,947.0637817,5.336705322e+13,1.342631838e+12,3.564203500e+14,5.093939216e+12,1.097430712e+11,7.480706560e+09,5.413878104e+12
322000,947.1077271,5.170437659e+13,1.294951776e+12,3.500266957e+14,5.070797144e+12,1.096007516e+11,7.150686208e+09,5.329005314e+12
323000,947.1504517,5.009394421e+13,1.248985612e+12,3.437521267e+14,5.047756259e+12,1.094591857e+11,6.835337728e+09,5.245489381e+12
324000,947.1918945,4.853448520e+13,1.204666761e+12,3.375930861e+14,5.024837534e+12,1.093183652e+11,6.534005760e+09,5.163309335e+12
325000,947.2321777,4.702380596e+13,1.161937158e+12,3.315448093e+14,5.002047259e+12,1.091782738e+11,6.246048256e+09,5.082442629e+12
326000,947.2712402,4.556107599e+13,1.120741884e+12,3.256089741e+14,4.979357647e+12,1.090389197e+11,5.970913792e+09,5.002867245e+12
327000,947.3092651,4.414422752e+13,1.081020580e+12,3.197810505e+14,4.956795437e+12,1.089004913e+11,5.707959808e+09,4.924553298e+12
328000,947.3461304,4.277182608e+13,1.042718392e+12,3.140590254e+14,4.934341231e+12,1.087627756e+11,5.456686592e+09,4.847489778e+12
329000,947.381958,4.144276439e+13,1.005787873e+12,3.084431672e+14,4.912003940e+12,1.086259855e+11,5.216550400e+09,4.771654664e+12
330000,947.4168091,4.015534794e+13,9.701810504e+11,3.029281408e+14,4.889781469e+12,1.084896870e+11,4.987072512e+09,4.697039045e+12
331000,947.4506226,3.890841072e+13,9.358447084e+11,2.975154226e+14,4.867674866e+12,1.083540849e+11,4.767776768e+09,4.623603073e+12
332000,947.4834595,3.770066928e+13,9.027350036e+11,2.922008519e+14,4.845663158e+12,1.082193838e+11,4.558171648e+09,4.551329448e+12
333000,947.5153198,3.653073528e+13,8.708107796e+11,2.869825832e+14,4.823793009e+12,1.080851661e+11,4.357885952e+09,4.480223412e+12
334000,947.5463257,3.539754340e+13,8.400243917e+11,2.818609857e+14,4.801998881e+12,1.079512187e+11,4.166460160e+09,4.410241450e+12
335000,947.576416,3.429992550e+13,8.103378944e+11,2.768310765e+14,4.780335301e+12,1.078181560e+11,3.983476992e+09,4.341372551e+12
336000,947.6056519,3.323675542e+13,7.817101967e+11,2.718932248e+14,4.758772908e+12,1.076859699e+11,3.808613888e+09,4.273599939e+12
337000,947.6340332,3.220693425e+13,7.541046641e+11,2.670457528e+14,4.737321665e+12,1.075540460e+11,3.641478400e+09,4.206912864e+12
338000,947.6616211,3.120928758e+13,7.274815160e+11,2.622869326e+14,4.715979997e+12,1.074229821e+11,3.481733632e+09,4.141277774e+12
339000,947.6884155,3.024280460e+13,7.018081812e+11,2.576131067e+14,4.694747382e+12,1.072923771e+11,3.329037312e+09,4.076693619e+12
340000,947.7144165,2.930671773e+13,6.770505155e+11,2.530257013e+14,4.673614381e+12,1.071622226e+11,3.183101440e+09,4.013135757e+12
341000,947.7396851,2.839984420e+13,6.531717530e+11,2.485211092e+14,4.652588859e+12,1.070325105e+11,3.043605504e+09,3.950585840e+12
342000,947.7642212,2.752137029e+13,6.301464658e+11,2.440978541e+14,4.631660855e+12,1.069032489e+11,2.910275328e+09,3.889029710e+12
343000,947.7880859,2.667039425e+13,6.079367741e+11,2.397562380e+14,4.610831417e+12,1.067748229e+11,2.782819584e+09,3.828449542e+12
344000,947.8112793,2.584584860e+13,5.865203302e+11,2.354919827e+14,4.590124663e+12,1.066466345e+11,2.660988160e+09,3.768837472e+12
345000,947.8338013,2.504719231e+13,5.658652180e+11,2.313055413e+14,4.569513853e+12,1.065190769e+11,2.544531456e+09,3.710170169e+12
346000,947.8556519,2.427360536e+13,5.459430932e+11,2.271953870e+14,4.548998988e+12,1.063919534e+11,2.433200640e+09,3.652439507e+12
347000,947.8768921,2.352392385e+13,5.267267256e+11,2.231593053e+14,4.528596845e+12,1.062652559e+11,2.326778112e+09,3.595610096e+12
348000,947.897522,2.279776190e+13,5.081957990e+11,2.191958701e+14,4.508288025e+12,1.061389681e+11,2.225054208e+09,3.539693732e+12
349000,947.9175415,2.209419467e+13,4.903217725e+11,2.153046116e+14,4.488074101e+12,1.060133192e+11,2.127794816e+09,3.484662366e+12
350000,947.9370117,2.141259720e+13,4.730830520e+11,2.114841711e+14,4.467970277e+12,1.058876621e+11,2.034823040e+09,3.430501581e+12
351000,947.9559326,2.075227954e+13,4.564549960e+11,2.077324512e+14,4.447968166e+12,1.057626276e+11,1.945944448e+09,3.377204036e+12
352000,947.9743042,2.011248879e+13,4.404175503e+11,2.040481938e+14,4.428048368e+12,1.056382075e+11,1.860970240e+09,3.324749283e+12
353000,947.9921875,1.949265455e+13,4.249486295e+11,2.004308788e+14,4.408229233e+12,1.055139840e+11,1.779741696e+09,3.273117139e+12
354000,948.0095215,1.889215185e+13,4.100264100e+11,1.968793485e+14,4.388518363e+12,1.053901619e+11,1.702072320e+09,3.222313370e+12
355000,948.0263672,1.831029703e+13,3.956344095e+11,1.933915730e+14,4.368889283e+12,1.052669460e+11,1.627827584e+09,3.172311761e+12
356000,948.0427246,1.774650707e+13,3.817514271e+11,1.899671327e+14,4.349375021e+12,1.051439350e+11,1.556840192e+09,3.123099468e+12
357000,948.0586548,1.720031327e+13,3.683599647e+11,1.866041320e+14,4.329941238e+12,1.050211123e+11,1.488966016e+09,3.074669674e+12
358000,948.0740967,1.667106551e+13,3.554425242e+11,1.833014635e+14,4.310613623e+12,1.048988795e+11,1.424078976e+09,3.027004031e+12
359000,948.0891113,1.615829506e+13,3.429821645e+11,1.800587078e+14,4.291365962e+12,1.047770481e+11,1.362033152e+09,2.980084187e+12
360000,948.1036987,1.566145354e+13,3.309625016e+11,1.768740698e+14,4.272221848e+12,1.046553969e+11,1.302706176e+09,2.933915648e+12
361000,948.1178589,1.518004077e+13,3.193673155e+11,1.737471636e+14,4.253157687e+12,1.045341389e+11,1.245992320e+09,2.888469053e+12
362000,948.1316528,1.471357125e+13,3.081819587e+11,1.706769154e+14,4.234204152e+12,1.044132577e+11,1.191757184e+09,2.843748860e+12
363000,948.1450195,1.426157942e+13,2.973930619e+11,1.676609932e+14,4.215328997e+12,1.042925568e+11,1.139900544e+09,2.799728067e+12
364000,948.15802,1.382363536e+13,2.869841428e+11,1.646996991e+14,4.196555555e+12,1.041724375e+11,1.090317568e+09,2.756405625e+12
365000,948.1705933,1.339924834e+13,2.769428480e+11,1.617920096e+14,4.177867571e+12,1.040525148e+11,1.042901632e+09,2.713770263e+12
366000,948.1828613,1.298804192e+13,2.672560046e+11,1.589363309e+14,4.159263998e+12,1.039327478e+11,9.975651840e+08,2.671799960e+12
367000,948.1948242,1.258955578e+13,2.579110461e+11,1.561322771e+14,4.140768952e+12,1.038133494e+11,9.542126080e+08,2.630499959e+12
368000,948.2063599,1.220344178e+13,2.488953405e+11,1.533783718e+14,4.122349404e+12,1.036945408e+11,9.127602560e+08,2.589844308e+12
369000,948.2176514,1.182926163e+13,2.401980416e+11,1.506736420e+14,4.104028684e+12,1.035756995e+11,8.731137280e+08,2.549832221e+12
370000,948.2285767,1.146666824e+13,2.318069596e+11,1.480178192e+14,4.085783462e+12,1.034572268e+11,8.352072320e+08,2.510449017e+12
371000,948.2391968,1.111534286e+13,2.237112320e+11,1.454094102e+14,4.067620028e+12,1.033389179e+11,7.989573120e+08,2.471688929e+12
372000,948.2495117,1.077484401e+13,2.159011758e+11,1.428480795e+14,4.049570365e+12,1.032211743e+11,7.642868480e+08,2.433532822e+12
373000,948.2595215,1.044490014e+13,2.083666493e+11,1.403324849e+14,4.031586238e+12,1.031034061e+11,7.311336960e+08,2.395984888e+12
374000,948.2692871,1.012515891e+13,2.010962493e+11,1.378622573e+14,4.013690978e+12,1.029861949e+11,6.994295040e+08,2.359025730e+12
375000,948.2787476,9.815282680e+12,1.940821934e+11,1.354360797e+14,3.995883536e+12,1.028691476e+11,6.691105280e+08,2.322650890e+12
376000,948.2879639,9.515019796e+12,1.873153393e+11,1.330536753e+14,3.978171777e+12,1.027524444e+11,6.401107840e+08,2.286841496e+12
377000,948.296875,9.224016888e+12,1.807854797e+11,1.307132069e+14,3.960531845e+12,1.026359132e+11,6.123776000e+08,2.251598070e+12
378000,948.305542,8.941983498e+12,1.744859955e+11,1.284154127e+14,3.942979207e+12,1.025195377e+11,5.858560640e+08,2.216911176e+12
379000,948.3140259,8.668675310e+12,1.684073021e+11,1.261585311e+14,3.925527233e+12,1.024035144e+11,5.604907520e+08,2.182763119e+12
380000,948.3222046,8.403803963e+12,1.625422889e+11,1.239418323e+14,3.908138959e+12,1.022876549e+11,5.362289600e+08,2.149158093e+12
381000,948.3302002,8.147087393e+12,1.568833864e+11,1.217645696e+14,3.890835620e+12,1.021721395e+11,5.130263680e+08,2.116078797e+12
382000,948.3378906,7.898308018e+12,1.514232709e+11,1.196265167e+14,3.873618002e+12,1.020569846e+11,4.908343360e+08,2.083513565e+12
383000,948.345459,7.657183248e+12,1.461551432e+11,1.175269100e+14,3.856484008e+12,1.019415839e+11,4.696077760e+08,2.051465282e+12
384000,948.3527832,7.423521194e+12,1.410714337e+11,1.154646423e+14,3.839434424e+12,1.018269123e+11,4.493061440e+08,2.019914154e+12
385000,948.3598633,7.197032448e+12,1.361661297e+11,1.134390257e+14,3.822460862e+12,1.017124045e+11,4.298872000e+08,1.988864246e+12
386000,948.3667603,6.977534558e+12,1.314324152e+11,1.114498085e+14,3.805563060e+12,1.015980524e+11,4.113123200e+08,1.958299304e+12
387000,948.3734741,6.764784779e+12,1.268649984e+11,1.094959253e+14,3.788755436e+12,1.014838395e+11,3.935461120e+08,1.928211988e+12
388000,948.3800049,6.558598038e+12,1.224579564e+11,1.075767387e+14,3.772022522e+12,1.013699625e+11,3.765545600e+08,1.898594304e+12
389000,948.3863525,6.358733160e+12,1.182046945e+11,1.056920136e+14,3.755378737e+12,1.012562493e+11,3.602987520e+08,1.869446382e+12
390000,948.3925171,6.165041775e+12,1.141009367e+11,1.038411377e+14,3.738809139e+12,1.011428639e+11,3.447520000e+08,1.840746332e+12
391000,948.3984985,5.977297912e+12,1.101404979e+11,1.020226932e+14,3.722313466e+12,1.010294292e+11,3.298780160e+08,1.812500972e+12
392000,948.4042969,5.795327508e+12,1.063189791e+11,1.002368732e+14,3.705898271e+12,1.009165353e+11,3.156518720e+08,1.784699552e+12
393000,948.4099121,5.618962268e+12,1.026312356e+11,9.848309876e+13,3.689563030e+12,1.008035840e+11,3.020433600e+08,1.757328310e+12
394000,948.4154053,5.448007156e+12,9.907218842e+10,9.676039674e+13,3.673300402e+12,1.006909768e+11,2.890237120e+08,1.730386854e+12
395000,948.4207764,5.282283389e+12,9.563747123e+10,9.506819674e+13,3.657123758e+12,1.005785006e+11,2.765690560e+08,1.703862075e+12
396000,948.4259644,5.121680343e+12,9.232326656e+10,9.340633093e+13,3.641019204e+12,1.004663603e+11,2.646561760e+08,1.677760135e+12
397000,948.4309692,4.965989351e+12,8.912461005e+10,9.177390170e+13,3.624985952e+12,1.003545641e+11,2.532593760e+08,1.652064649e+12
398000,948.4359131,4.815077769e+12,8.603760230e+10,9.017034699e+13,3.609030558e+12,1.002425057e+11,2.423566080e+08,1.626762772e+12
399000,948.4406738,4.668806136e+12,8.305863885e+10,8.859550739e+13,3.593160098e+12,1.001309798e+11,2.319263520e+08,1.601864073e+12
400000,948.4453125,4.527004582e+12,8.018359091e+10,8.704885438e+13,3.577352815e+12,1.000197816e+11,2.219471040e+08,1.577349808e+12
401000,948.4497681,4.389561172e+12,7.740882125e+10,8.552923031e+13,3.561622602e+12,9.990835405e+10,2.124009600e+08,1.553219715e+12
402000,948.4541626,4.256339329e+12,7.473107763e+10,8.403677773e+13,3.545968673e+12,9.979741798e+10,2.032688800e+08,1.529461735e+12
403000,948.458374,4.127185437e+12,7.214652621e+10,8.257102688e+13,3.530390766e+12,9.968662938e+10,1.945302080e+08,1.506079015e+12
404000,948.4625244,4.001988870e+12,6.965228339e+10,8.113085362e+13,3.514888356e+12,9.957598003e+10,1.861704480e+08,1.483056611e+12
405000,948.4665527,3.880634810e+12,6.724481024e+10,7.971671931e+13,3.499454628e+12,9.946565018e+10,1.781726720e+08,1.460397539e+12
406000,948.470459,3.762996904e+12,6.492141978e+10,7.832725655e+13,3.484095349e+12,9.935545958e+10,1.705204320e+08,1.438090396e+12
407000,948.4742432,3.648946962e+12,6.267866726e+10,7.696260794e+13,3.468804227e+12,9.924540006e+10,1.631990560e+08,1.416129544e+12
408000,948.4779053,3.538394022e+12,6.051432448e+10,7.562232045e+13,3.453587292e+12,9.913547162e+10,1.561932480e+08,1.394512232e+12
409000,948.4815063,3.431223788e+12,5.842527846e+10,7.430539580e+13,3.438443758e+12,9.902586266e+10,1.494916000e+08,1.373230203e+12
410000,948.4849854,3.327325372e+12,5.640889549e+10,7.301197656e+13,3.423373623e+12,9.891620454e+10,1.430780800e+08,1.352278213e+12
411000,948.4883423,3.226610434e+12,5.446273434e+10,7.174163487e+13,3.408369811e+12,9.880686592e+10,1.369423360e+08,1.331651281e+12
412000,948.4916382,3.128967823e+12,5.258432102e+10,7.049366607e+13,3.393438614e+12,9.869784678e+10,1.310714720e+08,1.311348883e+12
413000,948.494812,3.034309722e+12,5.077108736e+10,6.926769680e+13,3.378573214e+12,9.858877030e+10,1.254537360e+08,1.291356340e+12
414000,948.4979248,2.942548836e+12,4.902112870e+10,6.806356766e+13,3.363785671e+12,9.847999693e+10,1.200784000e+08,1.271680729e+12
415000,948.5009766,2.853584765e+12,4.733194650e+10,6.688064110e+13,3.349063401e+12,9.837155123e+10,1.149355840e+08,1.252307501e+12
416000,948.5039062,2.767326806e+12,4.570105856e+10,6.571853955e+13,3.334412435e+12,9.826304000e+10,1.100134640e+08,1.233234166e+12
417000,948.5067749,2.683707064e+12,4.412721152e+10,6.457688133e+13,3.319825695e+12,9.815465984e+10,1.053033360e+08,1.214458364e+12
418000,948.5095215,2.602639032e+12,4.260798054e+10,6.345580060e+13,3.305309471e+12,9.804660736e+10,1.007968160e+08,1.195975508e+12
419000,948.512207,2.524054028e+12,4.114151834e+10,6.235418586e+13,3.290863501e+12,9.793885798e+10,9.648480800e+07,1.177778389e+12
420000,948.5148315,2.447851127e+12,3.972584243e+10,6.127218385e+13,3.276480709e+12,9.783104307e+10,9.235816000e+07,1.159862551e+12
421000,948.517395,2.373976326e+12,3.835938816e+10,6.020941287e+13,3.262166860e+12,9.772335923e+10,8.840901600e+07,1.142226158e+12
422000,948.5198364,2.302339973e+12,3.704015258e+10,5.916510111e+13,3.247922479e+12,9.761617510e+10,8.462955200e+07,1.124860035e+12
423000,948.5222778,2.232903795e+12,3.576677171e+10,5.813934084e+13,3.233746256e+12,9.750892544e+10,8.101320800e+07,1.107764183e+12
424000,948.5245972,2.165570011e+12,3.453742694e+10,5.713160352e+13,3.219626394e+12,9.740180685e+10,7.755200000e+07,1.090934735e+12
425000,948.5268555,2.100287111e+12,3.335085466e+10,5.614176749e+13,3.205580456e+12,9.729499955e+10,7.423995200e+07,1.074365006e+12
426000,948.5291138,2.036995457e+12,3.220529152e+10,5.516929164e+13,3.191595860e+12,9.718811853e+10,7.107028800e+07,1.058051064e+12
427000,948.53125,1.975622697e+12,3.109937971e+10,5.421409626e+13,3.177684926e+12,9.708173722e+10,6.803648800e+07,1.041992974e+12
428000,948.5333252,1.916124529e+12,3.003178394e+10,5.327564863e+13,3.163828781e+12,9.697529856e+10,6.513344000e+07,1.026180579e+12
429000,948.5353394,1.858432664e+12,2.900111974e+10,5.235345381e+13,3.150044987e+12,9.686917120e+10,6.235497600e+07,1.010611913e+12
430000,948.5373535,1.802491658e+12,2.800614605e+10,5.144762079e+13,3.136321749e+12,9.676315034e+10,5.969572000e+07,9.952854016e+11
431000,948.5392456,1.748251312e+12,2.704562381e+10,5.055786013e+13,3.122664047e+12,9.665708032e+10,5.715053600e+07,9.801949512e+11
432000,948.5411377,1.695659327e+12,2.611824230e+10,4.968386563e+13,3.109066375e+12,9.655129702e+10,5.471481200e+07,9.653389230e+11
433000,948.5429077,1.644665504e+12,2.522295296e+10,4.882499974e+13,3.095533715e+12,9.644584141e+10,5.238339600e+07,9.507118121e+11
434000,948.5446777,1.595220165e+12,2.435862733e+10,4.798134209e+13,3.082066067e+12,9.634031206e+10,5.015199200e+07,9.363117179e+11
435000,948.5463867,1.547273503e+12,2.352414925e+10,4.715245645e+13,3.068663169e+12,9.623509402e+10,4.801638000e+07,9.221314314e+11
436000,948.5480957,1.500779250e+12,2.271851930e+10,4.633825472e+13,3.055318729e+12,9.612979405e+10,4.597223600e+07,9.081729843e+11
437000,948.5496826,1.455704506e+12,2.194068890e+10,4.553828807e+13,3.042043757e+12,9.602499379e+10,4.401562000e+07,8.944276603e+11
438000,948.5512695,1.411983606e+12,2.118969549e+10,4.475248518e+13,3.028826980e+12,9.592012800e+10,4.214292400e+07,8.808935588e+11
439000,948.5527954,1.369596887e+12,2.046463795e+10,4.398024620e+13,3.015667352e+12,9.581537690e+10,4.035037200e+07,8.675694346e+11
440000,948.5542603,1.328490217e+12,1.976458240e+10,4.322167182e+13,3.002571424e+12,9.571093709e+10,3.863458000e+07,8.544517489e+11
441000,948.5557251,1.288634499e+12,1.908865638e+10,4.247651451e+13,2.989531857e+12,9.560660378e+10,3.699224400e+07,8.415370936e+11
442000,948.5571289,1.249984119e+12,1.843613082e+10,4.174421220e+13,2.976560447e+12,9.550258176e+10,3.542019600e+07,8.288193741e+11
443000,948.5584717,1.212500017e+12,1.780594278e+10,4.102485296e+13,2.963645661e+12,9.539867443e+10,3.391534400e+07,8.162970829e+11
444000,948.5598145,1.176153227e+12,1.719755981e+10,4.031820192e+13,2.950786974e+12,9.529470157e+10,3.247492400e+07,8.039685161e+11
445000,948.5610962,1.140905083e+12,1.661012480e+10,3.962388152e+13,2.937995395e+12,9.519103181e+10,3.109592000e+07,7.918292828e+11
446000,948.5623779,1.106725831e+12,1.604299776e+10,3.894167783e+13,2.925253624e+12,9.508728013e+10,2.977598400e+07,7.798791864e+11
447000,948.5635986,1.073576673e+12,1.549526630e+10,3.827136853e+13,2.912578437e+12,9.498401997e+10,2.851235000e+07,7.681125253e+11
448000,948.5648193,1.041432379e+12,1.496646349e+10,3.761289069e+13,2.899964068e+12,9.488068608e+10,2.730270400e+07,7.565233357e+11
449000,948.565918,1.010260312e+12,1.445581926e+10,3.696603039e+13,2.887404487e+12,9.477766349e+10,2.614483200e+07,7.451146977e+11
450000,948.5670776,9.800268513e+11,1.396273050e+10,3.633030105e+13,2.874898907e+12,9.467455078e+10,2.503630000e+07,7.338809098e+11
451000,948.5681763,9.507108291e+11,1.348666778e+10,3.570578654e+13,2.862458601e+12,9.457193779e+10,2.397514000e+07,7.228207923e+11
452000,948.5692139,9.222771835e+11,1.302690918e+10,3.509214918e+13,2.850072560e+12,9.446907085e+10,2.295921800e+07,7.119286436e+11
453000,948.5702515,8.947023217e+11,1.258299392e+10,3.448932396e+13,2.837739995e+12,9.436667904e+10,2.198659600e+07,7.012060365e+11
454000,948.571228,8.679604224e+11,1.215432192e+10,3.389686418e+13,2.825466413e+12,9.426422170e+10,2.105546000e+07,6.906462208e+11
455000,948.5722046,8.420241572e+11,1.174034432e+10,3.331483898e+13,2.813256270e+12,9.416187904e+10,2.016395400e+07,6.802493932e+11
456000,948.5731812,8.168691466e+11,1.134059622e+10,3.274306177e+13,2.801094099e+12,9.406000333e+10,1.931052200e+07,6.700103107e+11
457000,948.5740967,7.924777615e+11,1.095456358e+10,3.218122626e+13,2.788995105e+12,9.395825050e+10,1.849346000e+07,6.599304151e+11
458000,948.5750122,7.688176271e+11,1.058181325e+10,3.162916055e+13,2.776943034e+12,9.385623552e+10,1.771117400e+07,6.500047258e+11
459000,948.5758667,7.458711142e+11,1.022182605e+10,3.108681002e+13,2.764953879e+12,9.375470387e+10,1.696217200e+07,6.402307523e+11
460000,948.5767212,7.236176445e+11,9.874197504e+09,3.055387901e+13,2.753021608e+12,9.365310669e+10,1.624509400e+07,6.306073149e+11
461000,948.5775757,7.020309381e+11,9.538481152e+09,3.003020600e+13,2.741140980e+12,9.355197645e+10,1.555848000e+07,6.211310060e+11
462000,948.5783691,6.810972324e+11,9.214251008e+09,2.951573647e+13,2.729316712e+12,9.345059226e+10,1.490108600e+07,6.117994004e+11
463000,948.5791016,6.607928689e+11,8.901144576e+09,2.901009080e+13,2.717543825e+12,9.334969139e+10,1.427165900e+07,6.026102702e+11
464000,948.579895,6.410998252e+11,8.598807552e+09,2.851332768e+13,2.705826775e+12,9.324854477e+10,1.366905400e+07,5.935637463e+11
465000,948.5806274,6.219984404e+11,8.306788352e+09,2.802528986e+13,2.694160581e+12,9.314784870e+10,1.309199400e+07,5.846541926e+11
466000,948.5813599,6.034720031e+11,8.024763392e+09,2.754571936e+13,2.682554679e+12,9.304727552e+10,1.253943900e+07,5.758804951e+11
467000,948.5820312,5.855040635e+11,7.752401920e+09,2.707446097e+13,2.670998585e+12,9.294680883e+10,1.201038800e+07,5.672428503e+11
468000,948.5827026,5.680722739e+11,7.489355776e+09,2.661137207e+13,2.659497542e+12,9.284646502e+10,1.150377000e+07,5.587358188e+11
469000,948.583374,5.511678525e+11,7.235304448e+09,2.615651136e+13,2.648046567e+12,9.274621133e+10,1.101870900e+07,5.503584829e+11
470000,948.5839844,5.347705160e+11,6.989964288e+09,2.570943010e+13,2.636649857e+12,9.264608870e+10,1.055424400e+07,5.421098926e+11
471000,948.5846558,5.188649943e+11,6.752994304e+09,2.527018690e+13,2.625306624e+12,9.254623642e+10,1.010945200e+07,5.339869676e+11
472000,948.5852661,5.034363453e+11,6.524121600e+09,2.483845470e+13,2.614012674e+12,9.244649882e+10,9.683517000e+06,5.259877089e+11
473000,948.5858154,4.884731331e+11,6.303101440e+09,2.441438231e+13,2.602772464e+12,9.234687590e+10,9.275705000e+06,5.181113303e+11
474000,948.5864258,4.739572695e+11,6.089592320e+09,2.399755454e+13,2.591585206e+12,9.224735130e+10,8.885100000e+06,5.103548170e+11
475000,948.5869751,4.598771876e+11,5.883394048e+09,2.358803006e+13,2.580446446e+12,9.214811341e+10,8.511092000e+06,5.027173499e+11
476000,948.5875244,4.462196818e+11,5.684220928e+09,2.318567678e+13,2.569360376e+12,9.204880998e+10,8.152935000e+06,4.951960453e+11
477000,948.5880127,4.329702687e+11,5.491854848e+09,2.279019059e+13,2.558321754e+12,9.194962125e+10,7.809910000e+06,4.877882163e+11
478000,948.588562,4.201190195e+11,5.306058752e+09,2.240162600e+13,2.547340542e+12,9.185087488e+10,7.481459500e+06,4.804948460e+11
479000,948.5890503,4.076531548e+11,5.126587392e+09,2.201977542e+13,2.536406516e+12,9.175207117e+10,7.166891500e+06,4.733123625e+11
480000,948.5895386,3.955609108e+11,4.953252352e+09,2.164460317e+13,2.525523870e+12,9.165321011e+10,6.865654500e+06,4.662390620e+11
481000,948.5900269,3.838281318e+11,4.785805312e+09,2.127583031e+13,2.514688410e+12,9.155479142e+10,6.577141500e+06,4.592731750e+11
482000,948.5904541,3.724498043e+11,4.624081408e+09,2.091350091e+13,2.503909048e+12,9.145631539e+10,6.300837500e+06,4.524139807e+11
483000,948.5908813,3.614101340e+11,4.467856896e+09,2.055750799e+13,2.493171106e+12,9.135811789e+10,6.036198500e+06,4.456589230e+11
484000,948.5913696,3.507016499e+11,4.316967424e+09,2.020757891e+13,2.482483757e+12,9.125983846e+10,5.782773000e+06,4.390063964e+11
485000,948.5917358,3.403144233e+11,4.171206400e+09,1.986383743e+13,2.471847526e+12,9.116204237e+10,5.540062500e+06,4.324556800e+11
486000,948.5921631,3.302354780e+11,4.030404352e+09,1.952594798e+13,2.461260841e+12,9.106414797e+10,5.307599000e+06,4.260034970e+11
487000,948.5925903,3.204598989e+11,3.894408192e+09,1.919388122e+13,2.450720031e+12,9.096654848e+10,5.084938000e+06,4.196507976e+11
488000,948.5929565,3.109748408e+11,3.763022080e+09,1.886768536e+13,2.440228504e+12,9.086888346e+10,4.871684000e+06,4.133944361e+11
489000,948.5933228,3.017740780e+11,3.636117248e+09,1.854703955e+13,2.429782327e+12,9.077149696e+10,4.667435500e+06,4.072321188e+11
490000,948.593689,2.928477143e+11,3.513519104e+09,1.823198363e+13,2.419385696e+12,9.067404493e+10,4.471810000e+06,4.011639767e+11
491000,948.5940552,2.841881149e+11,3.395099648e+09,1.792235191e+13,2.409042280e+12,9.057703526e+10,4.284440500e+06,3.951877161e+11
492000,948.5944214,2.757866947e+11,3.280696576e+09,1.761805214e+13,2.398743429e+12,9.047996826e+10,4.104953750e+06,3.893027471e+11
493000,948.5947266,2.676362117e+11,3.170179072e+09,1.731898997e+13,2.388488618e+12,9.038316339e+10,3.933061000e+06,3.835069071e+11
494000,948.5950928,2.597290476e+11,3.063425280e+09,1.702520204e+13,2.378277847e+12,9.028630118e+10,3.768409000e+06,3.777994752e+11
495000,948.5953979,2.520574525e+11,2.960283136e+09,1.673640319e+13,2.368119505e+12,9.018971750e+10,3.610684750e+06,3.721784197e+11
496000,948.5957031,2.446152499e+11,2.860652032e+09,1.645256930e+13,2.358004417e+12,9.009323213e+10,3.459608500e+06,3.666423972e+11
497000,948.5960083,2.373936906e+11,2.764395264e+09,1.617367726e+13,2.347937300e+12,8.999685325e+10,3.314891000e+06,3.611894415e+11
498000,948.5963135,2.303884001e+11,2.671407872e+09,1.589963800e+13,2.337917633e+12,8.990057267e+10,3.176275750e+06,3.558202737e+11
499000,948.5965576,2.235911209e+11,2.581568256e+09,1.563024804e+13,2.327936238e+12,8.980440678e+10,3.043497500e+06,3.505322721e+11
500000,948.5968628,2.169964462e+11,2.494783232e+09,1.536554308e+13,2.318006223e+12,8.970851123e+10,2.916292000e+06,3.453241262e+11
501000,948.5971069,2.105986908e+11,2.410938368e+09,1.510538159e+13,2.308123394e+12,8.961271398e+10,2.794451250e+06,3.401954099e+11
502000,948.5974121,2.043907277e+11,2.329934080e+09,1.484968695e+13,2.298281984e+12,8.951702323e+10,2.677726250e+06,3.351434363e+11
503000,948.5976562,1.983676744e+11,2.251672832e+09,1.459843618e+13,2.288487498e+12,8.942143898e+10,2.565911750e+06,3.301684019e+11
504000,948.5979004,1.925235671e+11,2.176056832e+09,1.435149393e+13,2.278734954e+12,8.932595302e+10,2.458793750e+06,3.252685046e+11
505000,948.5981445,1.868534088e+11,2.103008256e+09,1.410878793e+13,2.269027762e+12,8.923057357e+10,2.356184000e+06,3.204430561e+11
506000,948.5983887,1.813523169e+11,2.032434944e+09,1.387029823e+13,2.259366445e+12,8.913562829e+10,2.257882000e+06,3.156904837e+11
507000,948.5986328,1.760142131e+11,1.964241536e+09,1.363589272e+13,2.249750741e+12,8.904028160e+10,2.163701750e+06,3.110107218e+11
508000,948.5988159,1.708345426e+11,1.898354048e+09,1.340555673e+13,2.240175669e+12,8.894554931e+10,2.073485875e+06,3.064003953e+11
509000,948.5990601,1.658091766e+11,1.834697984e+09,1.317911512e+13,2.230641492e+12,8.885074330e+10,1.987042625e+06,3.018595369e+11
510000,948.5992432,1.609325773e+11,1.773196672e+09,1.295660254e+13,2.221156598e+12,8.875604378e+10,1.904232375e+06,2.973870981e+11
511000,948.5994873,1.562011894e+11,1.713772928e+09,1.273789735e+13,2.211711812e+12,8.866160640e+10,1.824901125e+06,2.929831117e+11
512000,948.5996704,1.516100321e+11,1.656356864e+09,1.252298489e+13,2.202307133e+12,8.856711168e+10,1.748895000e+06,2.886455132e+11
513000,948.5998535,1.471558287e+11,1.600885632e+09,1.231170260e+13,2.192951083e+12,8.847287091e+10,1.676080000e+06,2.843732214e+11
514000,948.6000366,1.428327301e+11,1.547275136e+09,1.210408088e+13,2.183634616e+12,8.837874483e+10,1.606305750e+06,2.801652204e+11
515000,948.6002197,1.386377052e+11,1.495482624e+09,1.190005376e+13,2.174357996e+12,8.828471706e+10,1.539459625e+06,2.760205599e+11
516000,948.6004028,1.345679442e+11,1.445437696e+09,1.169951528e+13,2.165124497e+12,8.819095962e+10,1.475415250e+06,2.719382241e+11
517000,948.6005859,1.306181386e+11,1.397080704e+09,1.150236061e+13,2.155934646e+12,8.809712845e+10,1.414045875e+06,2.679183278e+11
518000,948.600769,1.267855032e+11,1.350354432e+09,1.130866000e+13,2.146787787e+12,8.800323174e+10,1.355260125e+06,2.639588393e+11
519000,948.6008911,1.230667121e+11,1.305200896e+09,1.111822682e+13,2.137679856e+12,8.790994944e+10,1.298918375e+06,2.600579072e+11
520000,948.6010742,1.194576937e+11,1.261576704e+09,1.093108730e+13,2.128614392e+12,8.781642138e+10,1.244944875e+06,2.562165309e+11
521000,948.6012573,1.159558267e+11,1.219419520e+09,1.074714072e+13,2.119591526e+12,8.772315546e+10,1.193225625e+06,2.524328755e+11
522000,948.6013794,1.125574902e+11,1.178680192e+09,1.056637566e+13,2.110606934e+12,8.763015987e+10,1.143668000e+06,2.487060726e+11
523000,948.6015625,1.092595630e+11,1.139319424e+09,1.038869452e+13,2.101660353e+12,8.753709875e+10,1.096185375e+06,2.450361385e+11
524000,948.6016846,1.060593009e+11,1.101279232e+09,1.021404284e+13,2.092760039e+12,8.744429978e+10,1.050686000e+06,2.414203863e+11
525000,948.6018066,1.029535416e+11,1.064517376e+09,1.004240805e+13,2.083897213e+12,8.735161549e+10,1.007085062e+06,2.378597990e+11
526000,948.6019287,9.993950822e+10,1.028996416e+09,9.873662177e+12,2.075075936e+12,8.725901312e+10,9.653061250e+05,2.343517061e+11
527000,948.6021118,9.701482496e+10,9.946720640e+08,9.707827277e+12,2.066291753e+12,8.716650906e+10,9.252729375e+05,2.308971069e+11
528000,948.6022339,9.417625600e+10,9.614963840e+08,9.544818442e+12,2.057548857e+12,8.707410330e+10,8.869116875e+05,2.274942976e+11
529000,948.602356,9.142196634e+10,9.294448640e+08,9.384623060e+12,2.048846987e+12,8.698180403e+10,8.501507500e+05,2.241425244e+11
530000,948.602478,8.874856448e+10,8.984652800e+08,9.227154148e+12,2.040181817e+12,8.688976691e+10,8.149258125e+05,2.208418038e+11
531000,948.6026001,8.615433011e+10,8.685248640e+08,9.072365539e+12,2.031557149e+12,8.679781990e+10,7.811663125e+05,2.175896945e+11
532000,948.6027222,8.363656806e+10,8.395950720e+08,8.920211146e+12,2.022972850e+12,8.670597939e+10,7.488154375e+05,2.143862948e+11
533000,948.6027832,8.119300915e+10,8.116350720e+08,8.770679929e+12,2.014424990e+12,8.661423718e+10,7.178138750e+05,2.112316703e+11
534000,948.6029053,7.882143334e+10,7.846122240e+08,8.623658167e+12,2.005916713e+12,8.652258509e+10,6.881010625e+05,2.081242644e+11
535000,948.6030273,7.652000563e+10,7.584976640e+08,8.479201435e+12,1.997448282e+12,8.643103130e+10,6.596307500e+05,2.050633400e+11
536000,948.6031494,7.428635034e+10,7.332593280e+08,8.337199075e+12,1.989015634e+12,8.633973965e+10,6.323431875e+05,2.020474388e+11
537000,948.6032104,7.211859149e+10,7.088689280e+08,8.197610222e+12,1.980622569e+12,8.624855450e+10,6.061926250e+05,1.990781665e+11
538000,948.6033325,7.001460736e+10,6.852949760e+08,8.060392953e+12,1.972265026e+12,8.615745126e+10,5.811312500e+05,1.961525412e+11
539000,948.6033936,6.797265715e+10,6.625126400e+08,7.925505877e+12,1.963946279e+12,8.606644634e+10,5.571134375e+05,1.932706447e+11
540000,948.6035156,6.599076659e+10,6.404962560e+08,7.792937955e+12,1.955666199e+12,8.597554790e+10,5.340942500e+05,1.904325263e+11
541000,948.6035767,6.406728090e+10,6.192149760e+08,7.662621607e+12,1.947424915e+12,8.588473958e+10,5.120322188e+05,1.876368261e+11
542000,948.6036987,6.220031590e+10,5.986453760e+08,7.534515881e+12,1.939218366e+12,8.579402957e+10,4.908870312e+05,1.848821514e+11
543000,948.6037598,6.038823322e+10,5.787657600e+08,7.408611448e+12,1.931046420e+12,8.570340147e+10,4.706213750e+05,1.821693215e+11
544000,948.6038818,5.862949274e+10,5.595527040e+08,7.284842139e+12,1.922916024e+12,8.561320755e+10,4.511983750e+05,1.794969600e+11
545000,948.6039429,5.692252160e+10,5.409825920e+08,7.163170808e+12,1.914820362e+12,8.552279245e+10,4.325811250e+05,1.768645100e+11
546000,948.6040039,5.526577562e+10,5.230337600e+08,7.043561830e+12,1.906758386e+12,8.543279514e+10,4.147383750e+05,1.742719877e+11
547000,948.6040649,5.365745254e+10,5.056842880e+08,6.926006791e+12,1.898737697e+12,8.534287974e+10,3.976338750e+05,1.717174436e+11
548000,948.604187,5.209662669e+10,4.889159040e+08,6.810442249e+12,1.890750693e+12,8.525273498e+10,3.812435000e+05,1.692016476e+11
549000,948.604248,5.058159411e+10,4.727080960e+08,6.696860891e+12,1.882797507e+12,8.516303258e+10,3.655301562e+05,1.667227156e+11
550000,948.6043091,4.911089664e+10,4.570419520e+08,6.585176761e+12,1.874884690e+12,8.507324006e+10,3.504684688e+05,1.642813850e+11
551000,948.6043701,4.768351027e+10,4.419008640e+08,6.475408182e+12,1.867001627e+12,8.498370970e+10,3.360337812e+05,1.618763776e+11
552000,948.6044312,4.629796864e+10,4.272630400e+08,6.367495964e+12,1.859158802e+12,8.489444147e+10,3.221966875e+05,1.595072020e+11
553000,948.6044922,4.495310438e+10,4.131164160e+08,6.261433289e+12,1.851349008e+12,8.480509952e+10,3.089329375e+05,1.571733012e+11
554000,948.6045532,4.364756173e+10,3.994404160e+08,6.157140439e+12,1.843575521e+12,8.471584768e+10,2.962180312e+05,1.548741345e+11
555000,948.6046143,4.238034125e+10,3.862216000e+08,6.054633696e+12,1.835834671e+12,8.462686618e+10,2.840313125e+05,1.526091940e+11
556000,948.6046753,4.115038208e+10,3.734445120e+08,5.953860105e+12,1.828129866e+12,8.453796659e+10,2.723485312e+05,1.503785124e+11
557000,948.6047363,3.995634074e+10,3.610921600e+08,5.854811334e+12,1.820460712e+12,8.444916531e+10,2.611492969e+05,1.481810084e+11
558000,948.6047974,3.879739392e+10,3.491523840e+08,5.757434925e+12,1.812823802e+12,8.436045414e+10,2.504144062e+05,1.460161741e+11
559000,948.6048584,3.767221043e+10,3.376106880e+08,5.661702542e+12,1.805222281e+12,8.427184128e+10,2.401226094e+05,1.438829609e+11
560000,948.6049194,3.658007347e+10,3.264548160e+08,5.567587003e+12,1.797652873e+12,8.418331034e+10,2.302577656e+05,1.417820078e+11
561000,948.6049805,3.551987302e+10,3.156693760e+08,5.475079893e+12,1.790121738e+12,8.409503334e+10,2.208003125e+05,1.397122499e+11
562000,948.6050415,3.449065882e+10,3.052437760e+08,5.384113580e+12,1.782622454e+12,8.400670720e+10,2.117332812e+05,1.376737690e+11
563000,948.6050415,3.349165466e+10,2.951647680e+08,5.294722170e+12,1.775154627e+12,8.391877427e+10,2.030417344e+05,1.356650332e+11
564000,948.6051025,3.252183040e+10,2.854218240e+08,5.206817032e+12,1.767721140e+12,8.383078400e+10,1.947087969e+05,1.336861082e+11
565000,948.6051636,3.158033203e+10,2.760031040e+08,5.120413950e+12,1.760322257e+12,8.374288384e+10,1.867203438e+05,1.317370593e+11
566000,948.6052246,3.066632397e+10,2.668972480e+08,5.035466760e+12,1.752957714e+12,8.365506560e+10,1.790620312e+05,1.298164122e+11
567000,948.6052246,2.977911398e+10,2.580962400e+08,4.951970249e+12,1.745624105e+12,8.356752589e+10,1.717211250e+05,1.279247647e+11
568000,948.6052856,2.891773133e+10,2.495854240e+08,4.869859955e+12,1.738321166e+12,8.347990426e+10,1.646808281e+05,1.260611420e+11
569000,948.6053467,2.808153702e+10,2.413589920e+08,4.789151031e+12,1.731055059e+12,8.339252838e+10,1.579324844e+05,1.242251592e+11
570000,948.6053467,2.726978150e+10,2.334054240e+08,4.709800568e+12,1.723819753e+12,8.330524262e+10,1.514624219e+05,1.224163820e+11
571000,948.6054077,2.648169267e+10,2.257165760e+08,4.631785418e+12,1.716614463e+12,8.321805517e+10,1.452582344e+05,1.206343926e+11
572000,948.6054688,2.571647590e+10,2.182822240e+08,4.555099919e+12,1.709445743e+12,8.313094963e+10,1.393108594e+05,1.188787978e+11
573000,948.6054688,2.497375437e+10,2.110960000e+08,4.479695789e+12,1.702303891e+12,8.304410624e+10,1.336082656e+05,1.171496550e+11
574000,948.6055298,2.425266790e+10,2.041478880e+08,4.405576172e+12,1.695198216e+12,8.295735296e+10,1.281412891e+05,1.154460959e+11
575000,948.6055908,2.355248947e+10,1.974296000e+08,4.332693649e+12,1.688122163e+12,8.287052595e+10,1.228977812e+05,1.137673093e+11
576000,948.6055908,2.287283610e+10,1.909357120e+08,4.261052416e+12,1.681079009e+12,8.278410854e+10,1.178722109e+05,1.121138033e+11
577000,948.6056519,2.221291725e+10,1.846553920e+08,4.190615014e+12,1.674065215e+12,8.269761741e+10,1.130519297e+05,1.104847340e+11
578000,948.6056519,2.157220659e+10,1.785843840e+08,4.121360212e+12,1.667083928e+12,8.261121638e+10,1.084308359e+05,1.088797573e+11
579000,948.6057129,2.095025357e+10,1.727149440e+08,4.053275427e+12,1.660134883e+12,8.252491366e+10,1.040000234e+05,1.072985129e+11
580000,948.6057129,2.034631270e+10,1.670396960e+08,3.986333398e+12,1.653214675e+12,8.243886490e+10,9.975141406e+04,1.057406321e+11
581000,948.6057739,1.976000512e+10,1.615530880e+08,3.920529670e+12,1.646326448e+12,8.235273421e+10,9.567782031e+04,1.042057626e+11
582000,948.6057739,1.919070618e+10,1.562475840e+08,3.855829669e+12,1.639467057e+12,8.226685747e+10,9.177129688e+04,1.026939617e+11
583000,948.605835,1.863798170e+10,1.511171680e+08,3.792207417e+12,1.632642531e+12,8.218107085e+10,8.802492969e+04,1.012040827e+11
584000,948.605835,1.810131968e+10,1.461574560e+08,3.729665853e+12,1.625846186e+12,8.209536614e+10,8.443280469e+04,9.973660058e+10
585000,948.605896,1.758030848e+10,1.413618720e+08,3.668172709e+12,1.619078414e+12,8.200991539e+10,8.098849219e+04,9.829037670e+10
586000,948.605896,1.707435930e+10,1.367241600e+08,3.607716738e+12,1.612341576e+12,8.192439910e+10,7.768542969e+04,9.686586982e+10
587000,948.605896,1.658313114e+10,1.322408640e+08,3.548273277e+12,1.605636063e+12,8.183912858e+10,7.451807031e+04,9.546238362e+10
588000,948.605957,1.610621747e+10,1.279052960e+08,3.489831603e+12,1.598958338e+12,8.175393178e+10,7.148053906e+04,9.407957402e+10
589000,948.605957,1.564310938e+10,1.237133120e+08,3.432368417e+12,1.592311415e+12,8.166884147e+10,6.856773438e+04,9.271715430e+10
590000,948.6060181,1.519349146e+10,1.196596080e+08,3.375866625e+12,1.585695162e+12,8.158383309e+10,6.577438281e+04,9.137516544e+10
591000,948.6060181,1.475685274e+10,1.157398480e+08,3.320323452e+12,1.579106566e+12,8.149891482e+10,6.309566406e+04,9.005259981e+10
592000,948.6060181,1.433295360e+10,1.119495600e+08,3.265708648e+12,1.572548248e+12,8.141423411e+10,6.052697266e+04,8.874952294e+10
593000,948.6060791,1.392131072e+10,1.082850400e+08,3.212007064e+12,1.566019944e+12,8.132948787e+10,5.806328906e+04,8.746595942e+10
594000,948.6060791,1.352161997e+10,1.047408800e+08,3.159215317e+12,1.559516021e+12,8.124498739e+10,5.570053125e+04,8.620127846e+10
595000,948.6060791,1.313348096e+10,1.013138800e+08,3.107293801e+12,1.553044996e+12,8.116057702e+10,5.343473047e+04,8.495522611e+10
596000,948.6061401,1.275662643e+10,9.799956000e+07,3.056251170e+12,1.546600710e+12,8.107625677e+10,5.126149219e+04,8.372717158e+10
597000,948.6061401,1.239068160e+10,9.479493600e+07,3.006061233e+12,1.540189061e+12,8.099217408e+10,4.917730078e+04,8.251750810e+10
598000,948.6061401,1.203534950e+10,9.169633600e+07,2.956720588e+12,1.533801136e+12,8.090801766e+10,4.717865625e+04,8.132563763e+10
599000,948.6062012,1.169022874e+10,8.869917600e+07,2.908192036e+12,1.527445455e+12,8.082410701e+10,4.526149219e+04,8.015127347e+10
600000,948.6062012,1.135517901e+10,8.580113600e+07,2.860490207e+12,1.521113235e+12,8.074013901e+10,4.342273828e+04,7.899448115e+10
601000,948.6062012,1.102979482e+10,8.299856800e+07,2.813573238e+12,1.514813129e+12,8.065640038e+10,4.165924219e+04,7.785438413e+10
602000,948.6062622,1.071383552e+10,8.028800800e+07,2.767454185e+12,1.508538974e+12,8.057275187e+10,3.996774219e+04,7.673102336e+10
603000,948.6062622,1.040702771e+10,7.766728800e+07,2.722098998e+12,1.502293918e+12,8.048919347e+10,3.834580078e+04,7.562445619e+10
604000,948.6062622,1.010906419e+10,7.513241600e+07,2.677499789e+12,1.496074682e+12,8.040588083e+10,3.678975391e+04,7.453385523e+10
605000,948.6062622,9.819704320e+09,7.268096000e+07,2.633653490e+12,1.489883759e+12,8.032248627e+10,3.529725000e+04,7.345953178e+10
606000,948.6063232,9.538738176e+09,7.031043200e+07,2.590537744e+12,1.483721409e+12,8.023933747e+10,3.386581250e+04,7.240096154e+10
607000,948.6063232,9.265881088e+09,6.801761600e+07,2.548145001e+12,1.477584617e+12,8.015628698e+10,3.249285938e+04,7.135793152e+10
608000,948.6063232,9.000880128e+09,6.580018400e+07,2.506457988e+12,1.471475876e+12,8.007331021e+10,3.117574609e+04,7.033020416e+10
609000,948.6063232,8.743560192e+09,6.365602000e+07,2.465464308e+12,1.465395446e+12,7.999041536e+10,2.991265039e+04,6.931752550e+10
610000,948.6063843,8.493643264e+09,6.158183600e+07,2.425152768e+12,1.459339788e+12,7.990761062e+10,2.870083789e+04,6.831969485e+10
611000,948.6063843,8.250933248e+09,5.957593200e+07,2.385521245e+12,1.453309428e+12,7.982489600e+10,2.753838086e+04,6.733648282e+10
612000,948.6063843,8.015250432e+09,5.763612800e+07,2.346548535e+12,1.447309476e+12,7.974241075e+10,2.642361328e+04,6.636768051e+10
613000,948.6063843,7.786374656e+09,5.576002000e+07,2.308228059e+12,1.441334297e+12,7.966002381e+10,2.535411328e+04,6.541331251e+10
614000,948.6063843,7.564077568e+09,5.394518400e+07,2.270539897e+12,1.435383759e+12,7.957771059e+10,2.432818164e+04,6.447267021e+10
615000,948.6064453,7.348182016e+09,5.218990800e+07,2.233482001e+12,1.429463106e+12,7.949548749e+10,2.334411914e+04,6.354602803e+10
616000,948.6064453,7.138503680e+09,5.049262000e+07,2.197044103e+12,1.423566963e+12,7.941333811e+10,2.240003320e+04,6.263295181e+10
617000,948.6064453,6.934887936e+09,4.885071600e+07,2.161215479e+12,1.417695199e+12,7.933144269e+10,2.149437500e+04,6.173299507e+10
618000,948.6064453,6.737118720e+09,4.726274400e+07,2.125981237e+12,1.411850437e+12,7.924948173e+10,2.062572461e+04,6.084643226e+10
619000,948.6064453,6.545064448e+09,4.572674000e+07,2.091327806e+12,1.406032413e+12,7.916774195e+10,1.979225781e+04,5.997283738e+10
620000,948.6065063,6.358520832e+09,4.424107200e+07,2.057256916e+12,1.400240734e+12,7.908593664e+10,1.899275586e+04,5.911200563e+10
621000,948.6065063,6.177353216e+09,4.280433200e+07,2.023759049e+12,1.394470420e+12,7.900451635e+10,1.822583203e+04,5.826396979e+10
622000,948.6065063,6.001381888e+09,4.141424800e+07,1.990808860e+12,1.388729336e+12,7.892303872e+10,1.748994141e+04,5.742810317e+10
623000,948.6065063,5.830490112e+09,4.006992400e+07,1.958404695e+12,1.383011844e+12,7.884163482e+10,1.678401758e+04,5.660444672e+10
624000,948.6065063,5.664496640e+09,3.876960000e+07,1.926545067e+12,1.377320567e+12,7.876032922e+10,1.610683496e+04,5.579302912e+10
625000,948.6065063,5.503292416e+09,3.751176400e+07,1.895212831e+12,1.371654980e+12,7.867925299e+10,1.545708984e+04,5.499324416e+10
626000,948.6065063,5.346705920e+09,3.629508400e+07,1.864406963e+12,1.366010495e+12,7.859825869e+10,1.483378320e+04,5.420533350e+10
627000,948.6065674,5.194614784e+09,3.511819600e+07,1.834103740e+12,1.360394060e+12,7.851733811e+10,1.423571973e+04,5.342870733e+10
628000,948.6065674,5.046898176e+09,3.397986000e+07,1.804309040e+12,1.354803708e+12,7.843650765e+10,1.366197656e+04,5.266361958e+10
629000,948.6065674,4.903429120e+09,3.287861400e+07,1.775007288e+12,1.349233410e+12,7.835576730e+10,1.311145801e+04,5.190968525e+10
630000,948.6065674,4.764083712e+09,3.181354200e+07,1.746193638e+12,1.343691424e+12,7.827510067e+10,1.258331445e+04,5.116673229e+10
631000,948.6065674,4.628715520e+09,3.078314600e+07,1.717856294e+12,1.338171982e+12,7.819467162e+10,1.207658301e+04,5.043460915e+10
632000,948.6065674,4.497236992e+09,2.978635400e+07,1.689990515e+12,1.332677837e+12,7.811432448e+10,1.159039062e+04,4.971315610e+10
633000,948.6065674,4.369534464e+09,2.882222200e+07,1.662585494e+12,1.327208858e+12,7.803405926e+10,1.112394141e+04,4.900220109e+10
634000,948.6066284,4.245490432e+09,2.788945400e+07,1.635632773e+12,1.321762161e+12,7.795372032e+10,1.067630566e+04,4.830160077e+10
635000,948.6066284,4.125015040e+09,2.698723800e+07,1.609128732e+12,1.316338008e+12,7.787377459e+10,1.024691797e+04,4.761137971e+10
636000,948.6066284,4.007966464e+09,2.611440600e+07,1.583062074e+12,1.310938497e+12,7.779375514e+10,9.834834961e+03,4.693103002e+10
637000,948.6066284,3.894291200e+09,2.526999600e+07,1.557428787e+12,1.305565987e+12,7.771381760e+10,9.439433594e+03,4.626074419e+10
638000,948.6066284,3.783868672e+09,2.445317000e+07,1.532221460e+12,1.300213400e+12,7.763411763e+10,9.060067383e+03,4.560021094e+10
639000,948.6066284,3.676591104e+09,2.366292600e+07,1.507426950e+12,1.294884798e+12,7.755449139e+10,8.696013672e+03,4.494910669e+10
640000,948.6066284,3.572402944e+09,2.289848600e+07,1.483047000e+12,1.289580708e+12,7.747494707e+10,8.346715820e+03,4.430764032e+10
641000,948.6066284,3.471186944e+09,2.215899400e+07,1.459068836e+12,1.284300866e+12,7.739548467e+10,8.011510254e+03,4.367549645e+10
642000,948.6066284,3.372864512e+09,2.144346200e+07,1.435483415e+12,1.279040160e+12,7.731611238e+10,7.689882812e+03,4.305253581e+10
643000,948.6066284,3.277358592e+09,2.075127400e+07,1.412291763e+12,1.273803309e+12,7.723681382e+10,7.381252441e+03,4.243845530e+10
644000,948.6066895,3.184580608e+09,2.008166200e+07,1.389482194e+12,1.268592804e+12,7.715773645e+10,7.085117188e+03,4.183345152e+10
645000,948.6066895,3.094459392e+09,1.943380200e+07,1.367050869e+12,1.263401173e+12,7.707874918e+10,6.800888672e+03,4.123723776e+10
646000,948.6066895,3.006905344e+09,1.880702400e+07,1.344988760e+12,1.258235625e+12,7.699985203e+10,6.528161133e+03,4.064982221e+10
647000,948.6066895,2.921861632e+09,1.820067000e+07,1.323292315e+12,1.253091049e+12,7.692101222e+10,6.266466797e+03,4.007078298e+10
648000,948.6066895,2.839234560e+09,1.761393200e+07,1.301950191e+12,1.247967707e+12,7.684226253e+10,6.015309082e+03,3.950014054e+10
649000,948.6066895,2.758975744e+09,1.704636600e+07,1.280964227e+12,1.242870055e+12,7.676360294e+10,5.774305176e+03,3.893791949e+10
650000,948.6066895,2.681010688e+09,1.649721800e+07,1.260323218e+12,1.237793243e+12,7.668516454e+10,5.543000000e+03,3.838384947e+10
651000,948.6066895,2.605264128e+09,1.596588300e+07,1.240021310e+12,1.232737010e+12,7.660666061e+10,5.321021484e+03,3.783766016e+10
652000,948.6066895,2.531681536e+09,1.545183500e+07,1.220055578e+12,1.227706204e+12,7.652837786e+10,5.107990234e+03,3.729953178e+10
653000,948.6066895,2.460191488e+09,1.495448200e+07,1.200420079e+12,1.222695977e+12,7.645018522e+10,4.903581055e+03,3.676905472e+10
654000,948.6066895,2.390747392e+09,1.447327400e+07,1.181106928e+12,1.217706197e+12,7.637206630e+10,4.707370117e+03,3.624639693e+10
655000,948.6066895,2.323272448e+09,1.400760500e+07,1.162108721e+12,1.212738830e+12,7.629402931e+10,4.519062500e+03,3.573130854e+10
656000,948.6066895,2.257736704e+09,1.355715200e+07,1.143426596e+12,1.207792042e+12,7.621622170e+10,4.338370605e+03,3.522367078e+10
657000,948.6067505,2.194057216e+09,1.312123200e+07,1.125048910e+12,1.202867667e+12,7.613833216e+10,4.164918945e+03,3.472337715e+10
658000,948.6067505,2.132194560e+09,1.269950000e+07,1.106976951e+12,1.197965574e+12,7.606067200e+10,3.998462646e+03,3.423031910e+10
659000,948.6067505,2.072087936e+09,1.229139300e+07,1.089201177e+12,1.193083404e+12,7.598310195e+10,3.838703613e+03,3.374439424e+10
660000,948.6067505,2.013694976e+09,1.189653700e+07,1.071716954e+12,1.188225745e+12,7.590559744e+10,3.685369629e+03,3.326562304e+10
661000,948.6067505,1.956958848e+09,1.151447600e+07,1.054523280e+12,1.183385649e+12,7.582819123e+10,3.538201172e+03,3.279364096e+10
662000,948.6067505,1.901842944e+09,1.114476900e+07,1.037607224e+12,1.178567574e+12,7.575084237e+10,3.396948242e+03,3.232848077e+10
663000,948.6067505,1.848293376e+09,1.078705700e+07,1.020972238e+12,1.173771125e+12,7.567373107e+10,3.261384033e+03,3.187016294e+10
664000,948.6067505,1.796265472e+09,1.044090500e+07,1.004609626e+12,1.168996565e+12,7.559656243e+10,3.131254395e+03,3.141834138e+10
665000,948.6067505,1.745715200e+09,1.010593900e+07,9.885147392e+11,1.164241404e+12,7.551959859e+10,3.006339600e+03,3.097315942e+10
666000,948.6067505,1.696600576e+09,9.781850000e+06,9.726870518e+11,1.159508001e+12,7.544271667e+10,2.886462891e+03,3.053428736e+10
667000,948.6067505,1.648883456e+09,9.468207000e+06,9.571181763e+11,1.154793603e+12,7.536591667e+10,2.771376953e+03,3.010186445e+10
668000,948.6067505,1.602523648e+09,9.164727000e+06,9.418038548e+11,1.150098473e+12,7.528919040e+10,2.660930420e+03,2.967567770e+10
669000,948.6067505,1.557479296e+09,8.871059000e+06,9.267398922e+11,1.145426674e+12,7.521269350e+10,2.554914307e+03,2.925563494e+10
670000,948.6067505,1.513709568e+09,8.586866000e+06,9.119222487e+11,1.140774011e+12,7.513613107e+10,2.453141113e+03,2.884164813e+10
671000,948.6067505,1.471181312e+09,8.311856500e+06,8.973483909e+11,1.136142320e+12,7.505977344e+10,2.355457764e+03,2.843352064e+10
672000,948.6067505,1.429861248e+09,8.045731500e+06,8.830141696e+11,1.131529372e+12,7.498351411e+10,2.261673340e+03,2.803149005e+10
673000,948.6067505,1.389715200e+09,7.788231000e+06,8.689157816e+11,1.126937526e+12,7.490732032e+10,2.171672119e+03,2.763514266e+10
674000,948.6067505,1.350703872e+09,7.539001000e+06,8.550458030e+11,1.122364162e+12,7.483120845e+10,2.085260498e+03,2.724450509e+10
675000,948.6067505,1.312800512e+09,7.297829500e+06,8.414022011e+11,1.117813604e+12,7.475517030e+10,2.002317749e+03,2.685948928e+10
676000,948.6068115,1.275972608e+09,7.064440500e+06,8.279842345e+11,1.113281397e+12,7.467935334e+10,1.922695923e+03,2.648001536e+10
677000,948.6068115,1.240182528e+09,6.838554500e+06,8.147836672e+11,1.108767801e+12,7.460347085e+10,1.846247559e+03,2.610610381e+10
678000,948.6068115,1.205410304e+09,6.619967500e+06,8.018013102e+11,1.104274522e+12,7.452780954e+10,1.772872681e+03,2.573746995e+10
679000,948.6068115,1.171624192e+09,6.408440500e+06,7.890290575e+11,1.099799331e+12,7.445221376e+10,1.702433228e+03,2.537414042e+10
680000,948.6068115,1.138791680e+09,6.203731500e+06,7.764678707e+11,1.095346618e+12,7.437671629e+10,1.634811401e+03,2.501612954e+10
681000,948.6068115,1.106887680e+09,6.005596000e+06,7.641084006e+11,1.090911863e+12,7.430127616e+10,1.569887451e+03,2.466326323e+10
682000,948.6068115,1.075883520e+09,5.813844000e+06,7.519529882e+11,1.086495064e+12,7.422592614e+10,1.507564819e+03,2.431537562e+10
683000,948.6068115,1.045761728e+09,5.628289500e+06,7.399969966e+11,1.082096157e+12,7.415078093e+10,1.447733032e+03,2.397257933e+10
684000,948.6068115,1.016487168e+09,5.448678500e+06,7.282339666e+11,1.077719138e+12,7.407558656e+10,1.390286255e+03,2.363470234e+10
685000,948.6068115,9.880453120e+08,5.274879000e+06,7.166651822e+11,1.073361912e+12,7.400059699e+10,1.335144409e+03,2.330167910e+10
686000,948.6068115,9.604029440e+08,5.106643000e+06,7.052831754e+11,1.069020283e+12,7.392568934e+10,1.282194580e+03,2.297334784e+10
687000,948.6068115,9.335410560e+08,4.943829500e+06,6.940875090e+11,1.064700215e+12,7.385085542e+10,1.231363525e+03,2.264981709e+10
688000,948.6068115,9.074408960e+08,4.786252500e+06,6.830737725e+11,1.060397711e+12,7.377623450e+10,1.182561035e+03,2.233092710e+10
689000,948.6068115,8.820737280e+08,4.633733000e+06,6.722403686e+11,1.056112509e+12,7.370155622e+10,1.135705933e+03,2.201660826e+10
690000,948.6068115,8.574239360e+08,4.486117000e+06,6.615829514e+11,1.051848606e+12,7.362708275e+10,1.090715454e+03,2.170679706e+10
691000,948.6068115,8.334724480e+08,4.343244500e+06,6.510997320e+11,1.047602004e+12,7.355255194e+10,1.047523193e+03,2.140150989e+10
692000,948.6068115,8.101947520e+08,4.204971000e+06,6.407867730e+11,1.043372507e+12,7.347824230e+10,1.006056763e+03,2.110051738e+10
693000,948.6068115,7.875716480e+08,4.071114500e+06,6.306410660e+11,1.039161950e+12,7.340399002e+10,9.662355347e+02,2.080383795e+10
694000,948.6068115,7.655889920e+08,3.941587000e+06,6.206623693e+11,1.034968564e+12,7.332982784e+10,9.280045776e+02,2.051148186e+10
695000,948.6068115,7.442256640e+08,3.816202500e+06,6.108443269e+11,1.030795952e+12,7.325587866e+10,8.912999268e+02,2.022323814e+10
696000,948.6068115,7.234625280e+08,3.694827500e+06,6.011854510e+11,1.026640183e+12,7.318185574e+10,8.560502930e+02,1.993912115e+10
697000,948.6068115,7.032853760e+08,3.577347000e+06,5.916842342e+11,1.022501192e+12,7.310805402e+10,8.222041016e+02,1.965914522e+10
698000,948.6068115,6.836775040e+08,3.463648000e+06,5.823370332e+11,1.018380812e+12,7.303419494e+10,7.897112427e+02,1.938309939e+10
699000,948.6068115,6.646188160e+08,3.353582250e+06,5.731422689e+11,1.014278914e+12,7.296054067e+10,7.585053101e+02,1.911107379e+10
700000,948.6068115,6.460988800e+08,3.247057000e+06,5.640975247e+11,1.010193596e+12,7.288696013e+10,7.285464478e+02,1.884286976e+10
701000,948.6068115,6.280984960e+08,3.143928000e+06,5.551980739e+11,1.006126629e+12,7.281359258e+10,6.997761841e+02,1.857856922e+10
702000,948.6068115,6.106055040e+08,3.044109000e+06,5.464437135e+11,1.002076111e+12,7.274016768e+10,6.721497192e+02,1.831804723e+10
703000,948.6068115,5.936053760e+08,2.947487500e+06,5.378309591e+11,9.980437463e+11,7.266680832e+10,6.456188965e+02,1.806124442e+10
704000,948.6068115,5.770817920e+08,2.853954500e+06,5.293594296e+11,9.940294042e+11,7.259365376e+10,6.201423340e+02,1.780804608e+10
705000,948.6068115,5.610225280e+08,2.763421250e+06,5.210239549e+11,9.900313149e+11,7.252058931e+10,5.956824951e+02,1.755852800e+10
706000,948.6068115,5.454163840e+08,2.675790500e+06,5.128241019e+11,9.860511826e+11,7.244759040e+10,5.721939697e+02,1.731257344e+10
707000,948.6068115,5.302463040e+08,2.590948250e+06,5.047558615e+11,9.820871066e+11,7.237467341e+10,5.496337280e+02,1.707012915e+10
708000,948.6068115,5.155031680e+08,2.508825250e+06,4.968197233e+11,9.781406597e+11,7.230182195e+10,5.279710083e+02,1.683114496e+10
709000,948.6068115,5.011746560e+08,2.429323500e+06,4.890117898e+11,9.742121042e+11,7.222918349e+10,5.071678467e+02,1.659563110e+10
710000,948.6068115,4.872463040e+08,2.352359250e+06,4.813289298e+11,9.702993428e+11,7.215647949e+10,4.871881714e+02,1.636335206e+10
711000,948.6068115,4.737113600e+08,2.277867750e+06,4.737719194e+11,9.664040141e+11,7.208398029e+10,4.680044556e+02,1.613450752e+10
712000,948.6068115,4.605550720e+08,2.205747750e+06,4.663375708e+11,9.625243484e+11,7.201156301e+10,4.495778503e+02,1.590886502e+10
713000,948.6068115,4.477675520e+08,2.135927750e+06,4.590214380e+11,9.586621153e+11,7.193921946e+10,4.318817139e+02,1.568643482e+10
714000,948.6068115,4.353384000e+08,2.068341375e+06,4.518258104e+11,9.548171837e+11,7.186694144e+10,4.148884277e+02,1.546723635e+10
715000,948.6068115,4.232583040e+08,2.002912750e+06,4.447452611e+11,9.509876531e+11,7.179473715e+10,3.985699158e+02,1.525109862e+10
716000,948.6068115,4.115158080e+08,1.939568625e+06,4.377787812e+11,9.471752929e+11,7.172274586e+10,3.828961182e+02,1.503803904e+10
717000,948.6068115,4.001035840e+08,1.878245750e+06,4.309253356e+11,9.433783337e+11,7.165068083e+10,3.678429260e+02,1.482806886e+10
718000,948.6068115,3.890086400e+08,1.818875500e+06,4.241822556e+11,9.395982172e+11,7.157883699e+10,3.533828430e+02,1.462103142e+10
719000,948.6068726,3.782271040e+08,1.761405250e+06,4.175491625e+11,9.358350746e+11,7.150705869e+10,3.395003052e+02,1.441699328e+10
720000,948.6068726,3.677450880e+08,1.705760875e+06,4.110221240e+11,9.320870707e+11,7.143535411e+10,3.261631165e+02,1.421580288e+10
721000,948.6068726,3.575576640e+08,1.651890125e+06,4.045999800e+11,9.283557786e+11,7.136372326e+10,3.133546448e+02,1.401752781e+10
722000,948.6068726,3.476551040e+08,1.599732875e+06,3.982819246e+11,9.246412636e+11,7.129228902e+10,3.010515137e+02,1.382207078e+10
723000,948.6068726,3.380287680e+08,1.549240125e+06,3.920654070e+11,9.209397248e+11,7.122080563e+10,2.892346802e+02,1.362933862e+10
724000,948.6068726,3.286720640e+08,1.500352625e+06,3.859494533e+11,9.172566671e+11,7.114952704e+10,2.778859558e+02,1.343939686e+10
725000,948.6068726,3.195762240e+08,1.453018750e+06,3.799318088e+11,9.135882240e+11,7.107817472e+10,2.669835510e+02,1.325215232e+10
726000,948.6068726,3.107356160e+08,1.407194375e+06,3.740107674e+11,9.099361649e+11,7.100703539e+10,2.565137329e+02,1.306756813e+10
727000,948.6068726,3.021419200e+08,1.362825625e+06,3.681847388e+11,9.062988513e+11,7.093596979e+10,2.464573669e+02,1.288560230e+10
728000,948.6068726,2.937880960e+08,1.319870875e+06,3.624535777e+11,9.026777252e+11,7.086510899e+10,2.367970276e+02,1.270621798e+10
729000,948.6068726,2.856680000e+08,1.278279750e+06,3.568143677e+11,8.990727209e+11,7.079418266e+10,2.275188141e+02,1.252938138e+10
730000,948.6068726,2.777728960e+08,1.238008750e+06,3.512648950e+11,8.954822001e+11,7.072346112e+10,2.186058197e+02,1.235500442e+10
731000,948.6068726,2.700990400e+08,1.199020000e+06,3.458057380e+11,8.919059661e+11,7.065267405e+10,2.100443878e+02,1.218314547e+10
732000,948.6068726,2.626396800e+08,1.161270500e+06,3.404340070e+11,8.883474268e+11,7.058209997e+10,2.018205719e+02,1.201377075e+10
733000,948.6068726,2.553883040e+08,1.124717875e+06,3.351483771e+11,8.848031089e+11,7.051159142e+10,1.939216766e+02,1.184675123e+10
734000,948.6068726,2.483385280e+08,1.089326125e+06,3.299473777e+11,8.812728812e+11,7.044115661e+10,1.863333588e+02,1.168209818e+10
735000,948.6068726,2.414847680e+08,1.055054250e+06,3.248296765e+11,8.777583821e+11,7.037078733e+10,1.790433502e+02,1.151977677e+10
736000,948.6068726,2.348232640e+08,1.021872188e+06,3.197944556e+11,8.742596772e+11,7.030062285e+10,1.720418243e+02,1.135975424e+10
737000,948.6068726,2.283468320e+08,9.897413125e+05,3.148398162e+11,8.707765699e+11,7.023053210e+10,1.653147430e+02,1.120199680e+10
738000,948.6068726,2.220511360e+08,9.586353125e+05,3.099655598e+11,8.673072251e+11,7.016037581e+10,1.588543396e+02,1.104651571e+10
739000,948.6068726,2.159302880e+08,9.285088750e+05,3.051680840e+11,8.638517740e+11,7.009042432e+10,1.526457977e+02,1.089319219e+10
740000,948.6068726,2.099797280e+08,8.993375000e+05,3.004484198e+11,8.604117238e+11,7.002053837e+10,1.466827393e+02,1.074203750e+10
741000,948.6068726,2.041947200e+08,8.710928125e+05,2.958041743e+11,8.569870090e+11,6.995072614e+10,1.409547424e+02,1.059306086e+10
742000,948.6068726,1.985706240e+08,8.437415000e+05,2.912335473e+11,8.535759258e+11,6.988111053e+10,1.354504395e+02,1.044615066e+10
743000,948.6068726,1.931032480e+08,8.172584375e+05,2.867369462e+11,8.501800468e+11,6.981143757e+10,1.301640472e+02,1.030131712e+10
744000,948.6068726,1.877882080e+08,7.916140625e+05,2.823127020e+11,8.467976684e+11,6.974196941e+10,1.250849533e+02,1.015856845e+10
745000,948.6068726,1.826204960e+08,7.667803125e+05,2.779590103e+11,8.434303631e+11,6.967242752e+10,1.202053986e+02,1.001783706e+10
746000,948.6068726,1.775963680e+08,7.427311875e+05,2.736742339e+11,8.400764273e+11,6.960309862e+10,1.155170898e+02,9.879055360e+09
747000,948.6068726,1.727114400e+08,7.194418750e+05,2.694577828e+11,8.367390065e+11,6.953383526e+10,1.110124817e+02,9.742232576e+09
748000,948.6068726,1.679628000e+08,6.968895000e+05,2.653095414e+11,8.334148895e+11,6.946476851e+10,1.066855621e+02,9.607378944e+09
749000,948.6068726,1.633456320e+08,6.750518125e+05,2.612273981e+11,8.301039452e+11,6.939564442e+10,1.025284729e+02,9.474427904e+09
750000,948.6068726,1.588569440e+08,6.539046250e+05,2.572102851e+11,8.268078121e+11,6.932657766e+10,9.853411102e+01,9.343315968e+09
751000,948.6068726,1.544927680e+08,6.334248125e+05,2.532571402e+11,8.235262280e+11,6.925773210e+10,9.469644928e+01,9.214089216e+09
752000,948.6068726,1.502496160e+08,6.135909375e+05,2.493677978e+11,8.202561782e+11,6.918893568e+10,9.100930786e+01,9.086685184e+09
753000,948.6068726,1.461241280e+08,5.943850000e+05,2.455394719e+11,8.170021847e+11,6.912022118e+10,8.746672058e+01,8.961076224e+09
754000,948.6068726,1.421130080e+08,5.757835000e+05,2.417729341e+11,8.137611018e+11,6.905156403e+10,8.406299591e+01,8.837203968e+09
755000,948.6068726,1.382130240e+08,5.577705625e+05,2.380662502e+11,8.105344369e+11,6.898298061e+10,8.079233551e+01,8.715110400e+09
756000,948.6068726,1.344211200e+08,5.403262500e+05,2.344185196e+11,8.073205514e+11,6.891445453e+10,7.765012360e+01,8.594736128e+09
757000,948.6068726,1.307344880e+08,5.234315312e+05,2.308287416e+11,8.041225257e+11,6.884614144e+10,7.463124847e+01,8.476056576e+09
758000,948.6068726,1.271499120e+08,5.070699688e+05,2.272968023e+11,8.009370829e+11,6.877789389e+10,7.173029327e+01,8.359048192e+09
759000,948.6068726,1.236645920e+08,4.912244375e+05,2.238205548e+11,7.977642885e+11,6.870958490e+10,6.894288635e+01,8.243686400e+09
760000,948.6068726,1.202754880e+08,4.758767812e+05,2.203994747e+11,7.946041426e+11,6.864147251e+10,6.626430511e+01,8.129916416e+09
761000,948.6068726,1.169801520e+08,4.610130938e+05,2.170330711e+11,7.914594632e+11,6.857342566e+10,6.369052505e+01,8.017778176e+09
762000,948.6068726,1.137761920e+08,4.466187812e+05,2.137200492e+11,7.883272356e+11,6.850557133e+10,6.121764374e+01,7.907216384e+09
763000,948.6068726,1.106610480e+08,4.326771875e+05,2.104599977e+11,7.852073943e+11,6.843765965e+10,5.884144592e+01,7.798210048e+09
764000,948.6068726,1.076320080e+08,4.191755625e+05,2.072515912e+11,7.821029540e+11,6.836981760e+10,5.655791473e+01,7.690763776e+09
765000,948.6068726,1.046862720e+08,4.060975938e+05,2.040939945e+11,7.790091960e+11,6.830217216e+10,5.436341858e+01,7.584799232e+09
766000,948.6068726,1.018219360e+08,3.934314062e+05,2.009864028e+11,7.759307735e+11,6.823459226e+10,5.225506973e+01,7.480292864e+09
767000,948.6068726,9.903711200e+07,3.811631875e+05,1.979284393e+11,7.728629023e+11,6.816707789e+10,5.022867584e+01,7.377312768e+09
768000,948.6068726,9.632919200e+07,3.692817500e+05,1.949188270e+11,7.698101043e+11,6.809962906e+10,4.828178787e+01,7.275749376e+09
769000,948.6068726,9.369601600e+07,3.577740625e+05,1.919571876e+11,7.667694305e+11,6.803238093e+10,4.641089249e+01,7.175611904e+09
770000,948.6068726,9.113533600e+07,3.466270000e+05,1.890423921e+11,7.637421916e+11,6.796507546e+10,4.461249161e+01,7.076878848e+09
771000,948.6068726,8.864550400e+07,3.358310625e+05,1.861740293e+11,7.607269458e+11,6.789782323e+10,4.288443375e+01,6.979532288e+09
772000,948.6068726,8.622417600e+07,3.253738750e+05,1.833506263e+11,7.577250693e+11,6.783077171e+10,4.122393799e+01,6.883549696e+09
773000,948.6068726,8.386994400e+07,3.152452812e+05,1.805721964e+11,7.547349238e+11,6.776378573e+10,3.962819672e+01,6.788939776e+09
774000,948.6068726,8.158030400e+07,3.054343438e+05,1.778376284e+11,7.517580820e+11,6.769687757e+10,3.809450912e+01,6.695629824e+09
775000,948.6068726,7.935408000e+07,2.959320938e+05,1.751465733e+11,7.487943475e+11,6.763002266e+10,3.662059784e+01,6.603627520e+09
776000,948.6068726,7.718904800e+07,2.867276562e+05,1.724979395e+11,7.458424750e+11,6.756323328e+10,3.520425797e+01,6.512939520e+09
777000,948.6068726,7.508366400e+07,2.778116562e+05,1.698911171e+11,7.429035131e+11,6.749664051e+10,3.384294891e+01,6.423496704e+09
778000,948.6068726,7.303612000e+07,2.691749375e+05,1.673254006e+11,7.399761510e+11,6.742999040e+10,3.253464890e+01,6.335306240e+09
779000,948.6068726,7.104522400e+07,2.608097344e+05,1.648004137e+11,7.370616996e+11,6.736352870e+10,3.127728844e+01,6.248350720e+09
780000,948.6068726,6.910912000e+07,2.527063750e+05,1.623152230e+11,7.341602243e+11,6.729713254e+10,3.006886482e+01,6.162635264e+09
781000,948.6068726,6.722616800e+07,2.448576250e+05,1.598694533e+11,7.312700867e+11,6.723080602e+10,2.890735054e+01,6.078095872e+09
782000,948.6068726,6.539514000e+07,2.372544531e+05,1.574622152e+11,7.283913523e+11,6.716454502e+10,2.779112625e+01,5.994761728e+09
783000,948.6068726,6.361434800e+07,2.298891250e+05,1.550928870e+11,7.255266427e+11,6.709846835e+10,2.671820831e+01,5.912570368e+09
784000,948.6068726,6.188264400e+07,2.227549844e+05,1.527610624e+11,7.226719601e+11,6.703233434e+10,2.568710327e+01,5.831528960e+09
785000,948.6068726,6.019853600e+07,2.158438906e+05,1.504659190e+11,7.198297293e+11,6.696640102e+10,2.469597816e+01,5.751641088e+09
786000,948.6068726,5.856048400e+07,2.091480156e+05,1.482065900e+11,7.170001469e+11,6.690039808e+10,2.374336815e+01,5.672847360e+09
787000,948.6068726,5.696787600e+07,2.026629375e+05,1.459833175e+11,7.141831475e+11,6.683458765e+10,2.282785225e+01,5.595176448e+09
788000,948.6068726,5.541857600e+07,1.963797188e+05,1.437946870e+11,7.113770271e+11,6.676883866e+10,2.194772148e+01,5.518568960e+09
789000,948.6068726,5.391203200e+07,1.902941875e+05,1.416409600e+11,7.085834240e+11,6.670315520e+10,2.110184479e+01,5.443031040e+09
790000,948.6068726,5.244694400e+07,1.843979375e+05,1.395207603e+11,7.058006344e+11,6.663766835e+10,2.028880310e+01,5.368567808e+09
791000,948.6068726,5.102186400e+07,1.786864375e+05,1.374341018e+11,7.030302310e+11,6.657211597e+10,1.950723267e+01,5.295123968e+09
792000,948.6068726,4.963607200e+07,1.731531562e+05,1.353801528e+11,7.002707067e+11,6.650675200e+10,1.875605965e+01,5.222724096e+09
793000,948.6068726,4.828810400e+07,1.677918750e+05,1.333584092e+11,6.975246172e+11,6.644146176e+10,1.803394699e+01,5.151314432e+09
794000,948.6068726,4.697728400e+07,1.625990625e+05,1.313686093e+11,6.947867197e+11,6.637609370e+10,1.733983803e+01,5.080919552e+09
795000,948.6068726,4.570230400e+07,1.575687656e+05,1.294099369e+11,6.920634368e+11,6.631093453e+10,1.667269516e+01,5.011505664e+09
796000,948.6068726,4.446226800e+07,1.526946719e+05,1.274819784e+11,6.893509018e+11,6.624595558e+10,1.603122139e+01,4.943040512e+09
797000,948.6068726,4.325621200e+07,1.479724844e+05,1.255844086e+11,6.866489180e+11,6.618091520e+10,1.541478348e+01,4.875548160e+09
798000,948.6068726,4.208318400e+07,1.433979531e+05,1.237163064e+11,6.839576166e+11,6.611594035e+10,1.482210255e+01,4.808976896e+09
799000,948.6068726,4.094236000e+07,1.389659219e+05,1.218776279e+11,6.812806676e+11,6.605114573e+10,1.425253677e+01,4.743350272e+09
800000,948.6068726,3.983269200e+07,1.346724062e+05,1.200679393e+11,6.786117140e+11,6.598642893e+10,1.370480633e+01,4.678620160e+09
801000,948.6068726,3.875347200e+07,1.305125391e+05,1.182865188e+11,6.759557366e+11,6.592176538e+10,1.317837524e+01,4.614808064e+09
802000,948.6068726,3.770377200e+07,1.264816484e+05,1.165327222e+11,6.733101793e+11,6.585717146e+10,1.267226219e+01,4.551883776e+09
803000,948.6068726,3.668272000e+07,1.225771172e+05,1.148067159e+11,6.706762220e+11,6.579263488e+10,1.218572617e+01,4.489817600e+09
804000,948.6068726,3.568966000e+07,1.187940391e+05,1.131076531e+11,6.680525537e+11,6.572816794e+10,1.171800232e+01,4.428631552e+09
805000,948.6068726,3.472368000e+07,1.151285938e+05,1.114351237e+11,6.654404854e+11,6.566388531e+10,1.126836109e+01,4.368295936e+09
806000,948.6068726,3.378416800e+07,1.115770859e+05,1.097888594e+11,6.628398858e+11,6.559954125e+10,1.083614063e+01,4.308782592e+09
807000,948.6068726,3.287026400e+07,1.081363984e+05,1.081680584e+11,6.602493788e+11,6.553538970e+10,1.042053699e+01,4.250111744e+09
808000,948.6068726,3.198138600e+07,1.048021875e+05,1.065725286e+11,6.576703406e+11,6.547128730e+10,1.002098846e+01,4.192256512e+09
809000,948.6068726,3.111672800e+07,1.015723359e+05,1.050022231e+11,6.551012639e+11,6.540726272e+10,9.636906624e+00,4.135188224e+09
810000,948.6068726,3.027567400e+07,9.844239844e+04,1.034561674e+11,6.525422797e+11,6.534329958e+10,9.267617226e+00,4.078928640e+09
811000,948.6068726,2.945763200e+07,9.540964062e+04,1.019341993e+11,6.499945677e+11,6.527951667e+10,8.912579536e+00,4.023433728e+09
812000,948.6068726,2.866191600e+07,9.247173438e+04,1.004362460e+11,6.474592420e+11,6.521566822e+10,8.571274757e+00,3.968724736e+09
813000,948.6068726,2.788790600e+07,8.962461719e+04,9.896142950e+10,6.449325670e+11,6.515201229e+10,8.243071556e+00,3.914774528e+09
814000,948.6068726,2.713495200e+07,8.686616406e+04,9.750969856e+10,6.424169677e+11,6.508829491e+10,7.927556992e+00,3.861557248e+09
815000,948.6068726,2.640258200e+07,8.419325781e+04,9.608054170e+10,6.399125094e+11,6.502476186e+10,7.624176502e+00,3.809092352e+09
816000,948.6068726,2.569012200e+07,8.160321094e+04,9.467355546e+10,6.374176850e+11,6.496129434e+10,7.332490444e+00,3.757355520e+09
817000,948.6068726,2.499717400e+07,7.909345312e+04,9.328842701e+10,6.349338051e+11,6.489801114e+10,7.052071571e+00,3.706334720e+09
818000,948.6068726,2.432301000e+07,7.666175781e+04,9.192494950e+10,6.324596900e+11,6.483466650e+10,6.782428741e+00,3.656007168e+09
819000,948.6068726,2.366725600e+07,7.430539844e+04,9.058262784e+10,6.299963228e+11,6.477138330e+10,6.523195267e+00,3.606390272e+09
820000,948.6068726,2.302931000e+07,7.202200781e+04,8.926110464e+10,6.275437691e+11,6.470828442e+10,6.273869991e+00,3.557446912e+09
821000,948.6068726,2.240877600e+07,6.980957812e+04,8.796022886e+10,6.251007836e+11,6.464524698e+10,6.034189224e+00,3.509194496e+09
822000,948.6068726,2.180512800e+07,6.766563281e+04,8.667950029e+10,6.226673664e+11,6.458226688e+10,5.803731441e+00,3.461609728e+09
823000,948.6068726,2.121790200e+07,6.558803906e+04,8.541859533e+10,6.202457457e+11,6.451935642e+10,5.582117558e+00,3.414670336e+09
824000,948.6068726,2.064661000e+07,6.357471094e+04,8.417736141e+10,6.178334966e+11,6.445649510e+10,5.369048595e+00,3.368392704e+09
825000,948.6068726,2.009085200e+07,6.162366016e+04,8.295502950e+10,6.154306847e+11,6.439370752e+10,5.164111614e+00,3.322742528e+09
826000,948.6068726,1.955024000e+07,5.973339453e+04,8.175204454e+10,6.130371789e+11,6.433110016e+10,4.967130184e+00,3.277736192e+09
827000,948.6068726,1.902432000e+07,5.790133203e+04,8.056750182e+10,6.106553385e+11,6.426843136e+10,4.777680874e+00,3.233351680e+09
828000,948.6068726,1.851265400e+07,5.612610547e+04,7.940139264e+10,6.082826732e+11,6.420594688e+10,4.595474720e+00,3.189580544e+09
829000,948.6068726,1.801492400e+07,5.440572266e+04,7.825329510e+10,6.059204280e+11,6.414351974e+10,4.420318604e+00,3.146401536e+09
830000,948.6068726,1.753067400e+07,5.273847266e+04,7.712291789e+10,6.035674235e+11,6.408115405e+10,4.251854420e+00,3.103831040e+09
831000,948.6068726,1.705960200e+07,5.112270312e+04,7.600998195e+10,6.012235284e+11,6.401884979e+10,4.089857578e+00,3.061848320e+09
832000,948.6068726,1.660128500e+07,4.955682031e+04,7.491434035e+10,5.988909711e+11,6.395660288e+10,3.934062958e+00,3.020432896e+09
833000,948.6068726,1.615543600e+07,4.803944531e+04,7.383546778e+10,5.965675889e+11,6.389454029e+10,3.784260988e+00,2.979600896e+09
834000,948.6068726,1.572170800e+07,4.656906641e+04,7.277345434e+10,5.942531195e+11,6.383253914e+10,3.640204191e+00,2.939332096e+09
835000,948.6068726,1.529962700e+07,4.514386328e+04,7.172766515e+10,5.919498568e+11,6.377059533e+10,3.501671791e+00,2.899607552e+09
836000,948.6068726,1.488910400e+07,4.376277734e+04,7.069811200e+10,5.896555069e+11,6.370859827e+10,3.368424177e+00,2.860441600e+09
837000,948.6068726,1.448967900e+07,4.242426953e+04,6.968439706e+10,5.873690214e+11,6.364677734e+10,3.240309000e+00,2.821809920e+09
838000,948.6068726,1.410102200e+07,4.112700781e+04,6.868626227e+10,5.850936115e+11,6.358514074e+10,3.117078304e+00,2.783710720e+09
839000,948.6068726,1.372292200e+07,3.986987891e+04,6.770358477e+10,5.828280975e+11,6.352343040e+10,2.998579741e+00,2.746136320e+09
840000,948.6068726,1.335508800e+07,3.865146875e+04,6.673612646e+10,5.805713654e+11,6.346179789e+10,2.884619236e+00,2.709079552e+09
841000,948.6068726,1.299718700e+07,3.747057812e+04,6.578328115e+10,5.783234150e+11,6.340033331e+10,2.775032043e+00,2.672537856e+09
842000,948.6068726,1.264899800e+07,3.632603906e+04,6.484530995e+10,5.760851640e+11,6.333893018e+10,2.669607878e+00,2.636489216e+09
843000,948.6068726,1.231020800e+07,3.521686719e+04,6.392150067e+10,5.738556293e+11,6.327758848e+10,2.568218470e+00,2.600946688e+09
844000,948.6068726,1.198056000e+07,3.414169141e+04,6.301205350e+10,5.716358595e+11,6.321630822e+10,2.470717430e+00,2.565883392e+09
845000,948.6068726,1.165987300e+07,3.309984766e+04,6.211666125e+10,5.694268375e+11,6.315508941e+10,2.376954079e+00,2.531312128e+09
846000,948.6068726,1.134785600e+07,3.208991992e+04,6.123489638e+10,5.672241070e+11,6.309392384e+10,2.286757708e+00,2.497211392e+09
847000,948.6068726,1.104425300e+07,3.111116016e+04,6.036671130e+10,5.650321244e+11,6.303293850e+10,2.200017929e+00,2.463579136e+09
848000,948.6068726,1.074883400e+07,3.016248242e+04,5.951182592e+10,5.628485960e+11,6.297189171e+10,2.116575956e+00,2.430409216e+09
849000,948.6068726,1.046141600e+07,2.924295703e+04,5.866992128e+10,5.606756188e+11,6.291102515e+10,2.036337614e+00,2.397695488e+09
850000,948.6068726,1.018178100e+07,2.835168164e+04,5.784107059e+10,5.585099817e+11,6.285022003e+10,1.959156156e+00,2.365431040e+09
851000,948.6068726,9.909659000e+06,2.748788477e+04,5.702488832e+10,5.563548959e+11,6.278947226e+10,1.884914517e+00,2.333609216e+09
852000,948.6068726,9.644882000e+06,2.665060742e+04,5.622127565e+10,5.542070190e+11,6.272877773e+10,1.813506842e+00,2.302220032e+09
853000,948.6068726,9.387270000e+06,2.583903125e+04,5.542972160e+10,5.520684483e+11,6.266815693e+10,1.744831085e+00,2.271270400e+09
854000,948.6068726,9.136626000e+06,2.505245898e+04,5.465035878e+10,5.499392492e+11,6.260770406e+10,1.678768754e+00,2.240741376e+09
855000,948.6068726,8.892707000e+06,2.428991797e+04,5.388305818e+10,5.478182093e+11,6.254730445e+10,1.615226150e+00,2.210630912e+09
856000,948.6068726,8.655367000e+06,2.355086133e+04,5.312726528e+10,5.457063772e+11,6.248684749e+10,1.554112434e+00,2.180929024e+09
857000,948.6068726,8.424458000e+06,2.283446289e+04,5.238307891e+10,5.436037530e+11,6.242657075e+10,1.495316625e+00,2.151638528e+09
858000,948.6068726,8.199725000e+06,2.214002539e+04,5.165029427e+10,5.415092879e+11,6.236635546e+10,1.438756227e+00,2.122749952e+09
859000,948.6068726,7.981078000e+06,2.146695508e+04,5.092869069e+10,5.394228511e+11,6.230618931e+10,1.384361625e+00,2.094252800e+09
860000,948.6068726,7.768320500e+06,2.081458203e+04,5.021794560e+10,5.373464740e+11,6.224620339e+10,1.332038760e+00,2.066150400e+09
861000,948.6068726,7.561277500e+06,2.018211328e+04,4.951819366e+10,5.352770765e+11,6.218616013e+10,1.281693459e+00,2.038432896e+09
862000,948.6068726,7.359795500e+06,1.956901367e+04,4.882898586e+10,5.332177060e+11,6.212617421e+10,1.233274698e+00,2.011090688e+09
863000,948.6068726,7.163750000e+06,1.897475391e+04,4.815032525e+10,5.311651840e+11,6.206636032e+10,1.186689377e+00,1.984123008e+09
864000,948.6068726,6.972994000e+06,1.839860938e+04,4.748187341e+10,5.291226563e+11,6.200660378e+10,1.141885519e+00,1.957531904e+09
865000,948.6068726,6.787355500e+06,1.784023242e+04,4.682372608e+10,5.270879601e+11,6.194690458e+10,1.098781586e+00,1.931297024e+09
866000,948.6068726,6.606710000e+06,1.729886914e+04,4.617548237e+10,5.250610954e+11,6.188727091e+10,1.057317019e+00,1.905421184e+09
867000,948.6068726,6.430908500e+06,1.677405859e+04,4.553704550e+10,5.230439629e+11,6.182780109e+10,1.017424941e+00,1.879899136e+09
868000,948.6068726,6.259833500e+06,1.626535742e+04,4.490837146e+10,5.210336133e+11,6.176827802e+10,9.790527821e-01,1.854726016e+09
869000,948.6068726,6.093390500e+06,1.577226270e+04,4.428934349e+10,5.190320128e+11,6.170893107e+10,9.421351552e-01,1.829903872e+09
870000,948.6068726,5.931373000e+06,1.529417676e+04,4.367946701e+10,5.170390303e+11,6.164952269e+10,9.066198468e-01,1.805414016e+09
871000,948.6068726,5.773718500e+06,1.483069336e+04,4.307888333e+10,5.150537810e+11,6.159028224e+10,8.724533916e-01,1.781258752e+09
872000,948.6068726,5.620308000e+06,1.438142188e+04,4.248737792e+10,5.130761339e+11,6.153110323e+10,8.395777345e-01,1.757433344e+09
873000,948.6068726,5.471015500e+06,1.394591895e+04,4.190500506e+10,5.111089398e+11,6.147198566e+10,8.079562783e-01,1.733933184e+09
874000,948.6068726,5.325719000e+06,1.352365723e+04,4.133129267e+10,5.091473818e+11,6.141291725e+10,7.775317430e-01,1.710753664e+09
875000,948.6068726,5.184311000e+06,1.311428027e+04,4.076621773e+10,5.071952937e+11,6.135391437e+10,7.482613921e-01,1.687890688e+09
876000,948.6068726,5.046715500e+06,1.271744043e+04,4.020973568e+10,5.052507095e+11,6.129508352e+10,7.200984955e-01,1.665339520e+09
877000,948.6068726,4.912800000e+06,1.233270312e+04,3.966164070e+10,5.033135636e+11,6.123629773e+10,6.930087805e-01,1.643095808e+09
878000,948.6068726,4.782465500e+06,1.195969727e+04,3.912187034e+10,5.013857894e+11,6.117757747e+10,6.669381261e-01,1.621155456e+09
879000,948.6068726,4.655641000e+06,1.159810449e+04,3.859014861e+10,4.994653225e+11,6.111891456e+10,6.418581009e-01,1.599514240e+09
880000,948.6068726,4.532198000e+06,1.124753223e+04,3.806642022e+10,4.975522284e+11,6.106030080e+10,6.177305579e-01,1.578167936e+09
881000,948.6068726,4.412053000e+06,1.090755469e+04,3.755062630e+10,4.956474245e+11,6.100175258e+10,5.945123434e-01,1.557109376e+09
882000,948.6068726,4.295142000e+06,1.057805566e+04,3.704258970e+10,4.937499935e+11,6.094325350e+10,5.721710920e-01,1.536340736e+09
883000,948.6068726,4.181360750e+06,1.025858887e+04,3.654216858e+10,4.918606889e+11,6.088492646e+10,5.506820083e-01,1.515854848e+09
884000,948.6068726,4.070617500e+06,9.948807617e+03,3.604932250e+10,4.899804611e+11,6.082654618e+10,5.299980044e-01,1.495645056e+09
885000,948.6068726,3.962837250e+06,9.648455078e+03,3.556385434e+10,4.881055744e+11,6.076832563e+10,5.101006031e-01,1.475713024e+09
886000,948.6068726,3.857932500e+06,9.357313477e+03,3.508567142e+10,4.862397317e+11,6.071017472e+10,4.909558892e-01,1.456049280e+09
887000,948.6068726,3.755848000e+06,9.074991211e+03,3.461471232e+10,4.843810324e+11,6.065207296e+10,4.725314379e-01,1.436653312e+09
888000,948.6068726,3.656485750e+06,8.801253906e+03,3.415067750e+10,4.825303286e+11,6.059402854e+10,4.548071325e-01,1.417523584e+09
889000,948.6068726,3.559786250e+06,8.535871094e+03,3.369369600e+10,4.806867026e+11,6.053615206e+10,4.377509356e-01,1.398654080e+09
890000,948.6068726,3.465650250e+06,8.278553711e+03,3.324354253e+10,4.788510720e+11,6.047821414e+10,4.213392437e-01,1.380038272e+09
891000,948.6068726,3.374036000e+06,8.029054199e+03,3.280011981e+10,4.770223882e+11,6.042045235e+10,4.055459201e-01,1.361675648e+09
892000,948.6068726,3.284875000e+06,7.787133789e+03,3.236331776e+10,4.752025518e+11,6.036262912e+10,3.903476000e-01,1.343564800e+09
893000,948.6068726,3.198082250e+06,7.552560059e+03,3.193301914e+10,4.733877944e+11,6.030497382e+10,3.757230937e-01,1.325694976e+09
894000,948.6068726,3.113618250e+06,7.325136719e+03,3.150924595e+10,4.715827364e+11,6.024737178e+10,3.616520762e-01,1.308070144e+09
895000,948.6068726,3.031397000e+06,7.104642578e+03,3.109173606e+10,4.697845268e+11,6.018994995e+10,3.481132984e-01,1.290684672e+09
896000,948.6068726,2.951385750e+06,6.890812012e+03,3.068043981e+10,4.679931658e+11,6.013245850e+10,3.350826502e-01,1.273537536e+09
897000,948.6068726,2.873487000e+06,6.683493652e+03,3.027532032e+10,4.662086533e+11,6.007502029e+10,3.225434721e-01,1.256618368e+09
898000,948.6068726,2.797675750e+06,6.482437012e+03,2.987616666e+10,4.644335780e+11,6.001775821e+10,3.104770482e-01,1.239930880e+09
899000,948.6068726,2.723885500e+06,6.287477539e+03,2.948299878e+10,4.626635489e+11,5.996054528e+10,2.988643050e-01,1.223469824e+09
900000,948.6068726,2.652062000e+06,6.098474121e+03,2.909566669e+10,4.609019740e+11,5.990339379e+10,2.876881361e-01,1.207229312e+09
901000,948.6068726,2.582142000e+06,5.915174316e+03,2.871403725e+10,4.591471165e+11,5.984628736e+10,2.769341171e-01,1.191211392e+09
902000,948.6068726,2.514094250e+06,5.737427734e+03,2.833820006e+10,4.573989437e+11,5.978924646e+10,2.665861547e-01,1.175410560e+09
903000,948.6068726,2.447858500e+06,5.565086914e+03,2.796784230e+10,4.556583076e+11,5.973225472e+10,2.566248775e-01,1.159821440e+09
904000,948.6068726,2.383376750e+06,5.397963379e+03,2.760301056e+10,4.539242906e+11,5.967531213e+10,2.470404953e-01,1.144443392e+09
905000,948.6068726,2.320611250e+06,5.235897949e+03,2.724362803e+10,4.521977446e+11,5.961854976e+10,2.378168255e-01,1.129275648e+09
906000,948.6068726,2.259516000e+06,5.078737793e+03,2.688948326e+10,4.504794563e+11,5.956182835e+10,2.289375365e-01,1.114309120e+09
907000,948.6068726,2.200046000e+06,4.926332520e+03,2.654063565e+10,4.487659848e+11,5.950505370e+10,2.203930914e-01,1.099547136e+09
908000,948.6068726,2.142165750e+06,4.778573242e+03,2.619691622e+10,4.470615900e+11,5.944844698e+10,2.121716291e-01,1.084989056e+09
909000,948.6068726,2.085816250e+06,4.635263672e+03,2.585830963e+10,4.453628969e+11,5.939189350e+10,2.042576224e-01,1.070623552e+09
910000,948.6068726,2.030956750e+06,4.496286621e+03,2.552468173e+10,4.436714127e+11,5.933550387e+10,1.966403127e-01,1.056452416e+09
911000,948.6068726,1.977570250e+06,4.361509766e+03,2.519597926e+10,4.419872358e+11,5.927905280e+10,1.893092394e-01,1.042472832e+09
912000,948.6068726,1.925587125e+06,4.230820801e+03,2.487215565e+10,4.403094159e+11,5.922277786e+10,1.822535545e-01,1.028680192e+09
913000,948.6068726,1.874991875e+06,4.104048340e+03,2.455310080e+10,4.386379858e+11,5.916644147e+10,1.754628718e-01,1.015073920e+09
914000,948.6068726,1.825740000e+06,3.981149902e+03,2.423873638e+10,4.369737318e+11,5.911026074e+10,1.689271182e-01,1.001653376e+09
915000,948.6068726,1.777788500e+06,3.861931641e+03,2.392895283e+10,4.353166541e+11,5.905414144e+10,1.626360565e-01,9.884139520e+08
916000,948.6068726,1.731116500e+06,3.746340820e+03,2.362378035e+10,4.336666214e+11,5.899807949e+10,1.565816700e-01,9.753532800e+08
917000,948.6068726,1.685675875e+06,3.634237549e+03,2.332305408e+10,4.320220611e+11,5.894206259e+10,1.507538259e-01,9.624670080e+08
918000,948.6068726,1.641440750e+06,3.525502441e+03,2.302681293e+10,4.303853978e+11,5.888622182e+10,1.451440006e-01,9.497544960e+08
919000,948.6068726,1.598378625e+06,3.420046387e+03,2.273480806e+10,4.287540756e+11,5.883031142e+10,1.397445202e-01,9.372136960e+08
920000,948.6068726,1.556464000e+06,3.317795654e+03,2.244717670e+10,4.271305851e+11,5.877456896e+10,1.345479637e-01,9.248436480e+08
921000,948.6068726,1.515654375e+06,3.218613770e+03,2.216374989e+10,4.255124357e+11,5.871876915e+10,1.295456141e-01,9.126387200e+08
922000,948.6068726,1.475925750e+06,3.122421143e+03,2.188440576e+10,4.239020196e+11,5.866312909e+10,1.247297376e-01,9.005964160e+08
923000,948.6068726,1.437249750e+06,3.029149658e+03,2.160922880e+10,4.222977311e+11,5.860755046e+10,1.200956479e-01,8.887198720e+08
924000,948.6068726,1.399597750e+06,2.938664062e+03,2.133800960e+10,4.207002911e+11,5.855201690e+10,1.156337187e-01,8.770000000e+08
925000,948.6068726,1.362942625e+06,2.850913818e+03,2.107074304e+10,4.191089132e+11,5.849664717e+10,1.113388315e-01,8.654411520e+08
926000,948.6068726,1.327252375e+06,2.765805420e+03,2.080747008e+10,4.175242854e+11,5.844122419e+10,1.072055250e-01,8.540347520e+08
927000,948.6068726,1.292511750e+06,2.683268311e+03,2.054795622e+10,4.159457198e+11,5.838596096e+10,1.032256633e-01,8.427818880e+08
928000,948.6068726,1.258685250e+06,2.603204102e+03,2.029223424e+10,4.143739044e+11,5.833064858e+10,9.939543903e-02,8.316821120e+08
929000,948.6068726,1.225757875e+06,2.525548340e+03,2.004020992e+10,4.128079872e+11,5.827548365e+10,9.570769966e-02,8.207315840e+08
930000,948.6068726,1.193696625e+06,2.450236816e+03,1.979188838e+10,4.112488202e+11,5.822037606e+10,9.215819091e-02,8.099267840e+08
931000,948.6068726,1.162482500e+06,2.377198730e+03,1.954723379e+10,4.096955187e+11,5.816543642e+10,8.874099702e-02,7.992672640e+08
932000,948.6068726,1.132097875e+06,2.306346436e+03,1.930601984e+10,4.081496228e+11,5.811043533e+10,8.545148373e-02,7.887510400e+08
933000,948.6068726,1.102511625e+06,2.237631348e+03,1.906834534e+10,4.066095923e+11,5.805548339e+10,8.228454739e-02,7.783761920e+08
934000,948.6068726,1.073706625e+06,2.170979980e+03,1.883415603e+10,4.050753946e+11,5.800058880e+10,7.923648506e-02,7.681406720e+08
935000,948.6068726,1.045658375e+06,2.106322266e+03,1.860327578e+10,4.035469312e+11,5.794585805e+10,7.630132884e-02,7.580426880e+08
936000,948.6068726,1.018354312e+06,2.043613403e+03,1.837581005e+10,4.020250214e+11,5.789117235e+10,7.347603142e-02,7.480802560e+08
937000,948.6068726,9.917709375e+05,1.982794556e+03,1.815160781e+10,4.005095997e+11,5.783653990e+10,7.075588405e-02,7.382517120e+08
938000,948.6068726,9.658887500e+05,1.923792603e+03,1.793066291e+10,3.989999124e+11,5.778196480e+10,6.813748181e-02,7.285549440e+08
939000,948.6068726,9.406856250e+05,1.866560791e+03,1.771286630e+10,3.974966477e+11,5.772743475e+10,6.561647356e-02,7.189869440e+08
940000,948.6068726,9.161470625e+05,1.811052368e+03,1.749824563e+10,3.959991173e+11,5.767295386e+10,6.318922341e-02,7.095473920e+08
941000,948.6068726,8.922589375e+05,1.757201294e+03,1.728668416e+10,3.945086648e+11,5.761864090e+10,6.085245684e-02,7.002357120e+08
942000,948.6068726,8.689968750e+05,1.704977661e+03,1.707818701e+10,3.930230948e+11,5.756437709e+10,5.860277265e-02,6.910461440e+08
943000,948.6068726,8.463478125e+05,1.654305908e+03,1.687269632e+10,3.915430953e+11,5.751005184e+10,5.643690750e-02,6.819825280e+08
944000,948.6068726,8.242953125e+05,1.605164673e+03,1.667015219e+10,3.900702065e+11,5.745589043e+10,5.435150117e-02,6.730376320e+08
945000,948.6068726,8.028235000e+05,1.557494995e+03,1.647049216e+10,3.886028227e+11,5.740177818e+10,5.234375596e-02,6.642152320e+08
946000,948.6068726,7.819170625e+05,1.511252563e+03,1.627374336e+10,3.871409439e+11,5.734782976e+10,5.041075498e-02,6.555097600e+08
947000,948.6068726,7.615579375e+05,1.466388794e+03,1.607979315e+10,3.856860774e+11,5.729381990e+10,4.854968935e-02,6.469195520e+08
948000,948.6068726,7.417402500e+05,1.422878540e+03,1.588859110e+10,3.842366833e+11,5.723986330e+10,4.675786570e-02,6.384455680e+08
949000,948.6068726,7.224354375e+05,1.380664551e+03,1.570013901e+10,3.827926958e+11,5.718605824e+10,4.503217340e-02,6.300837760e+08
950000,948.6068726,7.036465625e+05,1.339713135e+03,1.551441613e+10,3.813549015e+11,5.713220403e+10,4.337099940e-02,6.218362880e+08
951000,948.6068726,6.853462500e+05,1.299991211e+03,1.533130240e+10,3.799224484e+11,5.707850547e+10,4.177158326e-02,6.136967680e+08
952000,948.6068726,6.675245625e+05,1.261451904e+03,1.515079475e+10,3.784961229e+11,5.702486426e+10,4.023145139e-02,6.056659840e+08
953000,948.6068726,6.501761250e+05,1.224069092e+03,1.497288141e+10,3.770752041e+11,5.697126400e+10,3.874855116e-02,5.977427200e+08
954000,948.6068726,6.332809375e+05,1.187807739e+03,1.479749478e+10,3.756602491e+11,5.691772109e+10,3.732073680e-02,5.899253120e+08
955000,948.6068726,6.168271875e+05,1.152620605e+03,1.462461414e+10,3.742506680e+11,5.686432973e+10,3.594567254e-02,5.822112000e+08
956000,948.6068726,6.008078750e+05,1.118488647e+03,1.445414528e+10,3.728477716e+11,5.681088512e+10,3.462180123e-02,5.746001920e+08
957000,948.6068726,5.852090625e+05,1.085383911e+03,1.428613555e+10,3.714494300e+11,5.675759616e+10,3.334706649e-02,5.670919680e+08
958000,948.6068726,5.700173125e+05,1.053255127e+03,1.412048384e+10,3.700570849e+11,5.670436045e+10,3.211951256e-02,5.596838400e+08
959000,948.6068726,5.552263125e+05,1.022096741e+03,1.395718989e+10,3.686705725e+11,5.665117389e+10,3.093761764e-02,5.523747200e+08
960000,948.6068726,5.408211875e+05,9.918639526e+02,1.379622861e+10,3.672893358e+11,5.659803648e+10,2.979932539e-02,5.451621120e+08
961000,948.6068726,5.267938750e+05,9.625327759e+02,1.363751603e+10,3.659138990e+11,5.654494822e+10,2.870324813e-02,5.380456320e+08
962000,948.6068726,5.131361875e+05,9.340724487e+02,1.348103987e+10,3.645436723e+11,5.649190912e+10,2.764779702e-02,5.310251520e+08
963000,948.6068726,4.998325938e+05,9.064675903e+02,1.332678912e+10,3.631792456e+11,5.643903386e+10,2.663146518e-02,5.240962880e+08
964000,948.6068726,4.868795312e+05,8.796885986e+02,1.317468160e+10,3.618199634e+11,5.638608896e+10,2.565268613e-02,5.172607680e+08
965000,948.6068726,4.742657500e+05,8.537006836e+02,1.302472602e+10,3.604663828e+11,5.633331200e+10,2.471016534e-02,5.105163200e+08
966000,948.6068726,4.619822188e+05,8.284899292e+02,1.287688934e+10,3.591179141e+11,5.628057600e+10,2.380254492e-02,5.038608000e+08
967000,948.6068726,4.500186562e+05,8.040298462e+02,1.273112294e+10,3.577751798e+11,5.622789325e+10,2.292852476e-02,4.972939520e+08
968000,948.6068726,4.383681875e+05,7.802979736e+02,1.258740480e+10,3.564381143e+11,5.617525965e+10,2.208668180e-02,4.908155520e+08
969000,948.6068726,4.270225625e+05,7.572722168e+02,1.244571187e+10,3.551060296e+11,5.612267520e+10,2.127607539e-02,4.844223680e+08
970000,948.6068726,4.159754062e+05,7.349343872e+02,1.230598784e+10,3.537796465e+11,5.607025050e+10,2.049545012e-02,4.781152640e+08
971000,948.6068726,4.052140000e+05,7.132581787e+02,1.216822784e+10,3.524582113e+11,5.601776435e+10,1.974361949e-02,4.718902400e+08
972000,948.6068726,3.947355312e+05,6.922266235e+02,1.203236454e+10,3.511416914e+11,5.596543795e+10,1.901951246e-02,4.657489280e+08
973000,948.6068726,3.845309375e+05,6.718253784e+02,1.189842125e+10,3.498307748e+11,5.591304602e+10,1.832231134e-02,4.596902080e+08
974000,948.6068726,3.745930312e+05,6.520276489e+02,1.176635520e+10,3.485253960e+11,5.586081382e+10,1.765073463e-02,4.537094400e+08
975000,948.6068726,3.649133438e+05,6.328184814e+02,1.163609216e+10,3.472248996e+11,5.580863078e+10,1.700397022e-02,4.478098560e+08
976000,948.6068726,3.554878438e+05,6.141821899e+02,1.150766541e+10,3.459299410e+11,5.575660339e+10,1.638109051e-02,4.419887360e+08
977000,948.6068726,3.463071562e+05,5.960970459e+02,1.138100250e+10,3.446404219e+11,5.570452275e+10,1.578108780e-02,4.362440320e+08
978000,948.6068726,3.373674375e+05,5.785488281e+02,1.125612032e+10,3.433550971e+11,5.565258547e+10,1.520329528e-02,4.305757120e+08
979000,948.6068726,3.286584375e+05,5.615257568e+02,1.113295693e+10,3.420758671e+11,5.560059904e+10,1.464687940e-02,4.249826240e+08
980000,948.6068726,3.201779062e+05,5.450036011e+02,1.101149901e+10,3.408007004e+11,5.554876416e+10,1.411082875e-02,4.194637760e+08
981000,948.6068726,3.119186250e+05,5.289756470e+02,1.089170253e+10,3.395315958e+11,5.549697843e+10,1.359465532e-02,4.140182080e+08
982000,948.6068726,3.038747188e+05,5.134210205e+02,1.077358259e+10,3.382672753e+11,5.544513536e+10,1.309741382e-02,4.086448960e+08
983000,948.6068726,2.960393750e+05,4.983275757e+02,1.065708774e+10,3.370076078e+11,5.539355034e+10,1.261845417e-02,4.033420800e+08
984000,948.6068726,2.884093750e+05,4.836833801e+02,1.054219110e+10,3.357539369e+11,5.534191206e+10,1.215729024e-02,3.981096000e+08
985000,948.6068726,2.809760000e+05,4.694713440e+02,1.042888448e+10,3.345036411e+11,5.529031885e+10,1.171293389e-02,3.929464640e+08
986000,948.6068726,2.737384062e+05,4.556820984e+02,1.031713050e+10,3.332599644e+11,5.523887718e+10,1.128503494e-02,3.878525440e+08
987000,948.6068726,2.666882500e+05,4.423012085e+02,1.020688742e+10,3.320208097e+11,5.518748467e+10,1.087285206e-02,3.828246720e+08
988000,948.6068726,2.598216406e+05,4.293165894e+02,1.009818035e+10,3.307856855e+11,5.513603891e+10,1.047580224e-02,3.778648000e+08
989000,948.6068726,2.531328438e+05,4.167162476e+02,9.990963456e+09,3.295564268e+11,5.508474061e+10,1.009340677e-02,3.729692160e+08
990000,948.6068726,2.466190312e+05,4.044904480e+02,9.885191168e+09,3.283323781e+11,5.503349555e+10,9.725007229e-03,3.681392000e+08
991000,948.6068726,2.402737500e+05,3.926232605e+02,9.780882688e+09,3.271128187e+11,5.498239795e+10,9.370195679e-03,3.633724160e+08
992000,948.6068726,2.340935312e+05,3.811086121e+02,9.677968384e+09,3.258971914e+11,5.493124301e+10,9.028398432e-03,3.586687360e+08
993000,948.6068726,2.280748750e+05,3.699373169e+02,9.576492288e+09,3.246879212e+11,5.488013722e+10,8.699201047e-03,3.540279360e+08
994000,948.6068726,2.222118125e+05,3.590935059e+02,9.476369920e+09,3.234819277e+11,5.482918707e+10,8.382008411e-03,3.494472000e+08
995000,948.6068726,2.165011250e+05,3.485715332e+02,9.377624832e+09,3.222822912e+11,5.477827789e+10,8.076534607e-03,3.449283520e+08
996000,948.6068726,2.109380000e+05,3.383604431e+02,9.280189440e+09,3.210864558e+11,5.472741786e+10,7.782223634e-03,3.404679040e+08
997000,948.6068726,2.055201562e+05,3.284509583e+02,9.184112128e+09,3.198956995e+11,5.467650458e+10,7.498751394e-03,3.360671040e+08
998000,948.6068726,2.002422656e+05,3.188353577e+02,9.089298944e+09,3.187098911e+11,5.462584525e+10,7.225660142e-03,3.317238080e+08
999000,948.6068726,1.951021250e+05,3.095024414e+02,8.995790336e+09,3.175285391e+11,5.457512858e+10,6.962594111e-03,3.274385280e+08
1000000,948.6068726,1.900946562e+05,3.004450073e+02,8.903545088e+09,3.163515126e+11,5.452446106e+10,6.709156558e-03,3.232092160e+08
