altitude,temp,N2,O2,O,He,H,Ar,N
0,282.1902466,2.009597523e+25,5.388884240e+24,0.000000000e+00,1.338278934e+20,0.000000000e+00,2.401696002e+23,0.000000000e+00
1000,276.2682495,1.816233563e+25,4.870364711e+24,0.000000000e+00,1.209509410e+20,0.000000000e+00,2.170604236e+23,0.000000000e+00
2000,271.2382507,1.632943832e+25,4.378859573e+24,0.000000000e+00,1.087448754e+20,0.000000000e+00,1.951552393e+23,0.000000000e+00
3000,266.329071,1.464705375e+25,3.927715624e+24,0.000000000e+00,9.754113336e+19,0.000000000e+00,1.750488286e+23,0.000000000e+00
4000,260.8789673,1.313775038e+25,3.522984836e+24,0.000000000e+00,8.749003138e+19,0.000000000e+00,1.570109574e+23,0.000000000e+00
5000,254.3394775,1.180471486e+25,3.165521523e+24,0.000000000e+00,7.861275922e+19,0.000000000e+00,1.410796719e+23,0.000000000e+00
6000,246.5462189,1.062787600e+25,2.849943561e+24,0.000000000e+00,7.077567783e+19,0.000000000e+00,1.270151284e+23,0.000000000e+00
7000,238.355423,9.550855355e+24,2.561132400e+24,0.000000000e+00,6.360332159e+19,0.000000000e+00,1.141435074e+23,0.000000000e+00
8000,230.6706848,8.533648852e+24,2.288360972e+24,0.000000000e+00,5.682930082e+19,0.000000000e+00,1.019867427e+23,0.000000000e+00
9000,224.1820831,7.558288789e+24,2.026811073e+24,0.000000000e+00,5.033394907e+19,0.000000000e+00,9.033008483e+22,0.000000000e+00
10000,219.4335632,6.621869802e+24,1.775703472e+24,0.000000000e+00,4.409792814e+19,0.000000000e+00,7.913882891e+22,0.000000000e+00
11000,216.7161102,5.734993581e+24,1.537880842e+24,0.000000000e+00,3.819183106e+19,0.000000000e+00,6.853965223e+22,0.000000000e+00
12000,215.5510559,4.925425936e+24,1.320789326e+24,0.000000000e+00,3.280056491e+19,0.000000000e+00,5.886440251e+22,0.000000000e+00
13000,215.3413239,4.209726853e+24,1.128869400e+24,0.000000000e+00,2.803441290e+19,0.000000000e+00,5.031099046e+22,0.000000000e+00
14000,215.5336609,3.591606435e+24,9.631158211e+23,0.000000000e+00,2.391807666e+19,0.000000000e+00,4.292375401e+22,0.000000000e+00
15000,215.5832977,3.066794549e+24,8.223836650e+23,0.000000000e+00,2.042312722e+19,0.000000000e+00,3.665166061e+22,0.000000000e+00
16000,215.0695038,2.625230801e+24,7.039750236e+23,0.000000000e+00,1.748255924e+19,0.000000000e+00,3.137447317e+22,0.000000000e+00
17000,214.1247406,2.250649919e+24,6.035284309e+23,0.000000000e+00,1.498806202e+19,0.000000000e+00,2.689780957e+22,0.000000000e+00
18000,213.0319061,1.929508822e+24,5.174120400e+23,0.000000000e+00,1.284944374e+19,0.000000000e+00,2.305981045e+22,0.000000000e+00
19000,212.0640564,1.652027709e+24,4.430034588e+23,0.000000000e+00,1.100157591e+19,0.000000000e+00,1.974359837e+22,0.000000000e+00
20000,211.4845276,1.411114961e+24,3.784009435e+23,0.000000000e+00,9.397232313e+18,0.000000000e+00,1.686441898e+22,0.000000000e+00
21000,211.4963379,1.201762286e+24,3.222614484e+23,0.000000000e+00,8.003060915e+18,0.000000000e+00,1.436241719e+22,0.000000000e+00
22000,212.0329437,1.021214922e+24,2.738463473e+23,0.000000000e+00,6.800716912e+18,0.000000000e+00,1.220467280e+22,0.000000000e+00
23000,212.95047,8.667666033e+23,2.324298760e+23,0.000000000e+00,5.772178210e+18,0.000000000e+00,1.035883984e+22,0.000000000e+00
24000,214.1055756,7.354917903e+23,1.972275616e+23,0.000000000e+00,4.897961463e+18,0.000000000e+00,8.789957994e+21,0.000000000e+00
25000,215.351181,6.244419586e+23,1.674487341e+23,0.000000000e+00,4.158432141e+18,0.000000000e+00,7.462786590e+21,0.000000000e+00
26000,216.5653076,5.307602049e+23,1.423272680e+23,0.000000000e+00,3.534564296e+18,0.000000000e+00,6.343183841e+21,0.000000000e+00
27000,217.7918701,4.515393294e+23,1.210836175e+23,0.000000000e+00,3.006998001e+18,0.000000000e+00,5.396405039e+21,0.000000000e+00
28000,219.1348724,3.843202947e+23,1.030583292e+23,0.000000000e+00,2.559356855e+18,0.000000000e+00,4.593061664e+21,0.000000000e+00
29000,220.703537,3.271328660e+23,8.772309513e+22,0.000000000e+00,2.178520800e+18,0.000000000e+00,3.909607206e+21,0.000000000e+00
30000,222.6140747,2.783902091e+23,7.465239250e+22,0.000000000e+00,1.853922152e+18,0.000000000e+00,3.327077572e+21,0.000000000e+00
31000,224.9666901,2.368162200e+23,6.350401986e+22,0.000000000e+00,1.577062788e+18,0.000000000e+00,2.830221321e+21,0.000000000e+00
32000,227.7084656,2.014822743e+23,5.402896415e+22,0.000000000e+00,1.341758641e+18,0.000000000e+00,2.407941020e+21,0.000000000e+00
33000,230.7197113,1.715760129e+23,4.600937728e+22,0.000000000e+00,1.142599702e+18,0.000000000e+00,2.050527191e+21,0.000000000e+00
34000,233.8686676,1.463402635e+23,3.924222344e+22,0.000000000e+00,9.745438162e+17,0.000000000e+00,1.748931398e+21,0.000000000e+00
35000,237.0090637,1.250931722e+23,3.354465875e+22,0.000000000e+00,8.330501387e+17,0.000000000e+00,1.495004658e+21,0.000000000e+00
36000,239.9969635,1.072205380e+23,2.875198207e+22,0.000000000e+00,7.140284861e+17,0.000000000e+00,1.281406528e+21,0.000000000e+00
37000,242.8091431,9.214296383e+22,2.470881921e+22,0.000000000e+00,6.136203283e+17,0.000000000e+00,1.101212581e+21,0.000000000e+00
38000,245.4829865,7.936889980e+22,2.128335657e+22,0.000000000e+00,5.285522132e+17,0.000000000e+00,9.485480128e+20,0.000000000e+00
39000,248.0607452,6.850357839e+22,1.836974153e+22,0.000000000e+00,4.561952771e+17,0.000000000e+00,8.186951618e+20,0.000000000e+00
40000,250.5891266,5.922929766e+22,1.588277387e+22,0.000000000e+00,3.944338192e+17,0.000000000e+00,7.078570010e+20,0.000000000e+00
41000,253.1078796,5.128919932e+22,1.375357780e+22,0.000000000e+00,3.415572055e+17,0.000000000e+00,6.129638347e+20,0.000000000e+00
42000,255.5576477,4.449016901e+22,1.193036755e+22,0.000000000e+00,2.962794885e+17,0.000000000e+00,5.317077791e+20,0.000000000e+00
43000,257.8208313,3.867260816e+22,1.037034541e+22,0.000000000e+00,2.575378011e+17,0.000000000e+00,4.621813488e+20,0.000000000e+00
44000,259.7720032,3.369650887e+22,9.035968249e+21,0.000000000e+00,2.243997920e+17,0.000000000e+00,4.027113509e+20,0.000000000e+00
45000,261.2807312,2.943875625e+22,7.894220175e+21,0.000000000e+00,1.960455518e+17,0.000000000e+00,3.518263750e+20,0.000000000e+00
46000,262.2228394,2.579218938e+22,6.916366536e+21,0.000000000e+00,1.717614802e+17,0.000000000e+00,3.082458155e+20,0.000000000e+00
47000,262.5640869,2.265739806e+22,6.075748836e+21,0.000000000e+00,1.508855340e+17,0.000000000e+00,2.707815136e+20,0.000000000e+00
48000,262.3320618,1.994838155e+22,5.349306395e+21,0.000000000e+00,1.328450049e+17,0.000000000e+00,2.384056989e+20,0.000000000e+00
49000,261.5627747,1.759572475e+22,4.718423581e+21,0.000000000e+00,1.171776256e+17,0.000000000e+00,2.102887940e+20,0.000000000e+00
50000,260.2981567,1.554310676e+22,4.167998983e+21,0.000000000e+00,1.035083511e+17,0.000000000e+00,1.857576868e+20,0.000000000e+00
51000,258.587738,1.374419005e+22,3.685606042e+21,5.873582945e+13,9.152857058e+16,0.000000000e+00,1.642585929e+20,0.000000000e+00
52000,256.5288391,1.215945666e+22,3.260648070e+21,5.484721052e+13,8.097514015e+16,0.000000000e+00,1.453192413e+20,0.000000000e+00
53000,254.2506866,1.075584566e+22,2.884259450e+21,5.095062661e+13,7.162787826e+16,0.000000000e+00,1.285445025e+20,0.000000000e+00
54000,251.8763428,9.507510893e+21,2.549509141e+21,4.739619304e+13,6.331467271e+16,0.000000000e+00,1.136254931e+20,0.000000000e+00
55000,249.520752,8.393966049e+21,2.250904020e+21,4.444136879e+13,5.589908955e+16,0.000000000e+00,1.003173738e+20,0.000000000e+00
56000,247.2865753,7.398979027e+21,1.984090934e+21,4.227130720e+13,4.927303735e+16,0.000000000e+00,8.842615558e+19,0.000000000e+00
57000,245.1913147,6.511318978e+21,1.746058242e+21,4.088441864e+13,4.336171924e+16,0.000000000e+00,7.781761880e+19,0.000000000e+00
58000,243.1780701,5.722331670e+21,1.534485605e+21,4.015364086e+13,3.810750965e+16,0.000000000e+00,6.838833022e+19,0.000000000e+00
59000,241.1909485,5.023291380e+21,1.347032700e+21,3.998260553e+13,3.345229553e+16,0.000000000e+00,6.003400778e+19,0.000000000e+00
60000,239.1776886,4.405543316e+21,1.181379047e+21,4.030265190e+13,2.933844056e+16,0.000000000e+00,5.265122260e+19,0.000000000e+00
61000,237.0909424,3.860758350e+21,1.035290930e+21,4.106573421e+13,2.571047954e+16,0.000000000e+00,4.614042492e+19,0.000000000e+00
62000,234.9328003,3.380502648e+21,9.065068399e+20,4.234627619e+13,2.251224718e+16,0.000000000e+00,4.040082908e+19,0.000000000e+00
63000,232.7602386,2.956636518e+21,7.928439370e+20,4.438452758e+13,1.968953454e+16,0.000000000e+00,3.533514592e+19,0.000000000e+00
64000,230.6294708,2.582358115e+21,6.924784045e+20,4.750035858e+13,1.719705227e+16,0.000000000e+00,3.086209732e+19,0.000000000e+00
65000,228.5924225,2.251865960e+21,6.038545304e+20,5.214068487e+13,1.499616071e+16,0.000000000e+00,2.691234149e+19,0.000000000e+00
66000,226.697113,1.960205249e+21,5.256435063e+20,5.896537951e+13,1.305386375e+16,0.000000000e+00,2.342666753e+19,0.000000000e+00
67000,224.9652252,1.703283193e+21,4.567479670e+20,6.861402354e+13,1.134290770e+16,0.000000000e+00,2.035615817e+19,0.000000000e+00
68000,223.3813324,1.477581780e+21,3.962244786e+20,8.131799155e+13,9.839863491e+15,0.000000000e+00,1.765877137e+19,0.000000000e+00
69000,221.9280548,1.279857993e+21,3.432033891e+20,9.708313038e+13,8.523133892e+15,0.000000000e+00,1.529574826e+19,0.000000000e+00
70000,220.5891724,1.107067190e+21,2.968682451e+20,1.154818643e+14,7.372444508e+15,0.000000000e+00,1.323070379e+19,0.000000000e+00
71000,219.3492432,9.564094681e+20,2.564682472e+20,1.353843401e+14,6.369148737e+15,0.000000000e+00,1.143017214e+19,0.000000000e+00
72000,218.1490173,8.254750495e+20,2.213572521e+20,1.561906297e+14,5.497200046e+15,0.000000000e+00,9.865359284e+18,0.000000000e+00
73000,216.8381042,7.122641251e+20,1.909988565e+20,1.806335906e+14,4.743277593e+15,0.000000000e+00,8.512359649e+18,0.000000000e+00
74000,215.2620697,6.147607005e+20,1.648526107e+20,2.138516226e+14,4.093960142e+15,0.000000000e+00,7.347084031e+18,0.000000000e+00
75000,213.2772217,5.310016640e+20,1.423920247e+20,2.646665215e+14,3.536172471e+15,0.000000000e+00,6.346070503e+18,0.000000000e+00
76000,210.7552338,4.591254102e+20,1.231178761e+20,3.496511401e+14,3.057539973e+15,8.692975534e+12,5.487067698e+18,0.000000000e+00
77000,207.7053223,3.972267054e+20,1.065192879e+20,5.013625048e+14,2.647870692e+15,2.614044603e+13,4.747308029e+18,0.000000000e+00
78000,204.4820251,3.432128537e+20,9.203506940e+19,7.834760559e+14,2.293788756e+15,5.542024053e+13,4.101781729e+18,0.000000000e+00
79000,201.4623718,2.955893987e+20,7.926447934e+19,1.336698915e+15,1.983996255e+15,9.125741829e+13,3.532626956e+18,0.000000000e+00
80000,198.9803467,2.533781445e+20,6.794495876e+19,2.494292862e+15,1.710942367e+15,1.250927512e+14,3.028154804e+18,0.000000000e+00
81000,197.3409271,2.159342145e+20,5.790414380e+19,5.099598817e+15,1.469470179e+15,1.500278717e+14,2.580657969e+18,0.000000000e+00
82000,196.7433167,1.828971798e+20,4.904467053e+19,1.131455877e+16,1.256540464e+15,1.632281685e+14,2.185819495e+18,0.000000000e+00
83000,196.980957,1.542468447e+20,4.136132726e+19,2.569890890e+16,1.071670912e+15,1.656744544e+14,1.843409996e+18,0.000000000e+00
84000,197.7552948,1.297970046e+20,3.480430171e+19,5.564209159e+16,9.135123648e+14,1.601792450e+14,1.551197189e+18,0.000000000e+00
85000,198.7716675,1.091830000e+20,2.927476537e+19,1.069546844e+17,7.796897067e+14,1.497804581e+14,1.304820410e+18,0.000000000e+00
86000,199.72789,9.195566707e+19,2.464890225e+19,1.700001657e+17,6.673822846e+14,1.372178130e+14,1.098609410e+18,0.000000000e+00
87000,200.345932,7.763527579e+19,2.079886993e+19,2.275134715e+17,5.743416160e+14,1.245114962e+14,9.264711750e+17,0.000000000e+00
88000,200.5680847,6.570535033e+19,1.758667419e+19,2.917883614e+17,4.980751771e+14,1.124414972e+14,7.825081318e+17,0.000000000e+00
89000,200.4291992,5.572036858e+19,1.489362717e+19,3.608821875e+17,4.350899514e+14,1.013488718e+14,6.616016414e+17,0.000000000e+00
90000,199.968277,4.732508712e+19,1.262606146e+19,4.317885585e+17,3.826941354e+14,9.135088416e+13,5.596838885e+17,0.000000000e+00
91000,199.2268829,4.023846640e+19,1.070933451e+19,5.011447899e+17,3.388138639e+14,8.243668792e+13,4.734991162e+17,0.000000000e+00
92000,198.2479858,3.423553314e+19,9.083911081e+18,5.655004768e+17,3.018353027e+14,7.453294985e+13,4.004352629e+17,6.225034035e+10
93000,197.0747528,2.913800811e+19,7.701947561e+18,6.215049949e+17,2.705004461e+14,6.754096539e+13,3.383728480e+17,7.511889510e+10
94000,195.7500458,2.480393779e+19,6.524626794e+18,6.660530142e+17,2.438144385e+14,6.135663192e+13,2.855882154e+17,8.952703386e+10
95000,194.3301086,2.111021204e+19,5.518789159e+18,6.965293462e+17,2.209652125e+14,5.582515444e+13,2.405503808e+17,1.055282545e+11
96000,192.9085846,1.795333383e+19,4.656578528e+18,7.117768924e+17,2.012675865e+14,5.079442234e+13,2.018152906e+17,1.233685135e+11
97000,191.5805359,1.525040000e+19,3.917343601e+18,7.106887882e+17,1.841805625e+14,4.620668843e+13,1.685451339e+17,1.432153457e+11
98000,190.4355774,1.293383345e+19,3.284136504e+18,6.933347839e+17,1.692686877e+14,4.201407054e+13,1.400593474e+17,1.652367032e+11
99000,189.5596008,1.094642660e+19,2.742927469e+18,6.617477390e+17,1.561874420e+14,3.817867313e+13,1.157734376e+17,1.896365097e+11
100000,189.0368195,9.242743233e+18,2.281803974e+18,6.198215739e+17,1.446510089e+14,3.466884389e+13,9.517668144e+16,2.166542828e+11
101000,188.9525909,7.785036005e+18,1.890418379e+18,5.723341134e+17,1.344247924e+14,3.145711223e+13,7.781019592e+16,2.465594900e+11
102000,189.3972168,6.540866581e+18,1.559708234e+18,5.236386332e+17,1.253095800e+14,2.851973628e+13,6.326235142e+16,2.796490916e+11
103000,190.470459,5.481942325e+18,1.281644217e+18,4.767033680e+17,1.171363411e+14,2.583430378e+13,5.115754444e+16,3.162327286e+11
104000,192.2877808,4.583335386e+18,1.049043357e+18,4.329001991e+17,1.097537704e+14,2.337946154e+13,4.116157500e+16,3.565437583e+11
105000,194.9705811,3.823372465e+18,8.557269476e+17,3.921442580e+17,1.030368442e+14,2.113587800e+13,3.299837117e+16,4.002614804e+11
106000,198.5441132,3.184628227e+18,6.963031904e+17,3.545875178e+17,9.692709388e+13,1.909593211e+13,2.638807935e+16,4.475331215e+11
107000,202.9972534,2.651022315e+18,5.657630883e+17,3.202225911e+17,9.137969064e+13,1.725248517e+13,2.107329569e+16,4.987145748e+11
108000,208.3291473,2.207297768e+18,4.594648467e+17,2.888971612e+17,8.614620588e+13,1.557547031e+13,1.682312276e+16,5.541670420e+11
109000,214.5459595,1.839570914e+18,3.732670178e+17,2.604217342e+17,8.114441447e+13,1.403182488e+13,1.343795087e+16,6.142563451e+11
110000,221.6569214,1.535555674e+18,3.035870145e+17,2.346111798e+17,7.638861061e+13,1.262091030e+13,1.074921437e+16,6.793606595e+11
111000,229.6698761,1.284570430e+18,2.473693973e+17,2.112897135e+17,7.188640275e+13,1.133924319e+13,8.617283333e+15,7.498630431e+11
112000,238.5856018,1.077520845e+18,2.020666664e+17,1.902861552e+17,6.764349096e+13,1.018130176e+13,6.928150005e+15,8.261741445e+11
113000,248.3908691,9.067512278e+17,1.655732055e+17,1.714377256e+17,6.366285739e+13,9.140257686e+12,5.589779677e+15,9.087518638e+11
114000,259.0498352,7.658789118e+17,1.361736991e+17,1.545880363e+17,5.994849082e+13,8.208729506e+12,4.528702637e+15,9.981507011e+11
115000,270.4943542,6.496021212e+17,1.124725663e+17,1.395821164e+17,5.650281136e+13,7.378870206e+12,3.686367209e+15,1.095037092e+12
116000,282.6811829,5.534356044e+17,9.332441666e+16,1.262457189e+17,5.331777015e+13,6.641511039e+12,3.015903755e+15,1.200019603e+12
117000,295.6152344,4.736169014e+17,7.779867682e+16,1.143885340e+17,5.037270604e+13,5.986408989e+12,2.480066588e+15,1.313491386e+12
118000,309.2910156,4.071336595e+17,6.516431326e+16,1.038448102e+17,4.763070916e+13,5.404430434e+12,2.050054597e+15,1.435891663e+12
119000,323.6837158,3.515695645e+17,5.484529785e+16,9.446942917e+16,4.505382106e+13,4.887528604e+12,1.703531266e+15,1.567707103e+12
120000,338.7440186,3.049858338e+17,4.638800044e+16,8.613500219e+16,4.264109382e+13,4.428634522e+12,1.423165062e+15,1.709581664e+12
121000,354.3911743,2.658170550e+17,3.943459012e+16,7.873210206e+16,4.039233870e+13,4.020574355e+12,1.195427509e+15,1.862324716e+12
122000,370.506012,2.327961610e+17,3.370188252e+16,7.216404051e+16,3.830801708e+13,3.656307180e+12,1.009738691e+15,2.026950361e+12
123000,386.9230042,2.048905043e+17,2.896060585e+16,6.634622384e+16,3.638875809e+13,3.331989176e+12,8.579073693e+14,2.204821357e+12
124000,403.4234619,1.812624633e+17,2.502792549e+16,6.119953876e+16,3.463582214e+13,3.044187570e+12,7.335204859e+14,2.397340959e+12
125000,419.7303467,1.612263893e+17,2.175728212e+16,5.664316257e+16,3.305084918e+13,2.789774459e+12,6.312336923e+14,2.605734691e+12
126000,435.5899658,1.441949370e+17,1.902708093e+16,5.261635156e+16,3.162955475e+13,2.565411701e+12,5.467278955e+14,2.832081355e+12
127000,450.9710693,1.296155159e+17,1.673111812e+16,4.904030166e+16,3.035121268e+13,2.366774706e+12,4.763447900e+14,3.077253366e+12
128000,465.8882141,1.170430128e+17,1.478579750e+16,4.584665417e+16,2.919567773e+13,2.190050460e+12,4.172512745e+14,3.341870957e+12
129000,480.3556519,1.061304630e+17,1.312627153e+16,4.297988376e+16,2.814619995e+13,2.032120234e+12,3.672737264e+14,3.626568778e+12
130000,494.3868408,9.660026553e+16,1.170165343e+16,4.039458403e+16,2.718922126e+13,1.890397848e+12,3.247199958e+14,3.931942420e+12
131000,507.9952698,8.823136713e+16,1.047169506e+16,3.805313107e+16,2.631314860e+13,1.762735423e+12,2.882668635e+14,4.258581971e+12
132000,521.1937256,8.084469340e+16,9.404153017e+15,3.592465050e+16,2.550825537e+13,1.647334130e+12,2.568627841e+14,4.607078040e+12
133000,533.994751,7.429411236e+16,8.473102892e+15,3.398272399e+16,2.476642560e+13,1.542666191e+12,2.296689470e+14,4.977958322e+12
134000,546.4102783,6.845987603e+16,7.657405387e+15,3.220549015e+16,2.408064641e+13,1.447445791e+12,2.060089117e+14,5.371715387e+12
135000,558.4520874,6.324276207e+16,6.939816747e+15,3.057396307e+16,2.344484235e+13,1.360569827e+12,1.853304057e+14,5.788779151e+12
136000,570.1315308,5.855967147e+16,6.306014329e+15,2.907212467e+16,2.285383765e+13,1.281095500e+12,1.671838334e+14,6.229544403e+12
137000,581.4596558,5.434145953e+16,5.744220795e+15,2.768599270e+16,2.230314441e+13,1.208215536e+12,1.511985187e+14,6.694308413e+12
138000,592.4472046,5.052938400e+16,5.244609798e+15,2.640361425e+16,2.178883256e+13,1.141220311e+12,1.370676317e+14,7.183304491e+12
139000,603.1043091,4.707366620e+16,4.799055260e+15,2.521463630e+16,2.130743971e+13,1.079504601e+12,1.245320399e+14,7.696641688e+12
140000,613.4411621,4.393243020e+16,4.400469410e+15,2.410987193e+16,2.085594176e+13,1.022536319e+12,1.133778001e+14,8.234394452e+12
141000,623.4675293,4.106873928e+16,4.042907477e+15,2.308122512e+16,2.043165645e+13,9.698461614e+11,1.034240204e+14,8.796469461e+12
142000,633.1928711,3.845186724e+16,3.721254960e+15,2.212171654e+16,2.003215109e+13,9.210293780e+11,9.452438684e+13,9.382705234e+12
143000,642.6259766,3.605479016e+16,3.431209376e+15,2.122507984e+16,1.965541032e+13,8.757248655e+11,8.654956370e+13,9.992791917e+12
144000,651.776001,3.385391148e+16,3.169040277e+15,2.038533213e+16,1.929950265e+13,8.336128082e+11,7.938532337e+13,1.062558237e+13
145000,660.6513672,3.182894822e+16,2.931525633e+15,1.959559072e+16,1.896277973e+13,7.944106803e+11,7.293382951e+13,1.127941669e+13
146000,669.2606201,2.996206767e+16,2.715865124e+15,1.885179258e+16,1.864359320e+13,7.578670203e+11,6.711036976e+13,1.195335850e+13
147000,677.6115723,2.823755240e+16,2.519684172e+15,1.815009156e+16,1.834070783e+13,7.237571707e+11,6.184272239e+13,1.264624180e+13
148000,685.7121582,2.664169717e+16,2.340864551e+15,1.748734589e+16,1.805290098e+13,6.918815744e+11,5.706826646e+13,1.335682505e+13
149000,693.5700073,2.516206590e+16,2.177569223e+15,1.686058776e+16,1.777892065e+13,6.620543713e+11,5.273244244e+13,1.408366857e+13
150000,701.1923828,2.378806936e+16,2.028190931e+15,1.626718971e+16,1.751789443e+13,6.341203067e+11,4.878697811e+13,1.482528339e+13
151000,708.5864258,2.251016626e+16,1.891319719e+15,1.570458335e+16,1.726876641e+13,6.079280579e+11,4.519123904e+13,1.557994983e+13
152000,715.7590332,2.131982682e+16,1.765695684e+15,1.517078656e+16,1.703082040e+13,5.833472737e+11,4.190790432e+13,1.634586434e+13
153000,722.717041,2.020955200e+16,1.650222401e+15,1.466364219e+16,1.680318084e+13,5.602552709e+11,3.890585639e+13,1.712113739e+13
154000,729.4666748,1.917253215e+16,1.543926389e+15,1.418135602e+16,1.658523537e+13,5.385448653e+11,3.615625105e+13,1.790373265e+13
155000,736.0144043,1.820270276e+16,1.445945972e+15,1.372227770e+16,1.637629192e+13,5.181160489e+11,3.363422024e+13,1.869158233e+13
156000,742.366272,1.729452011e+16,1.355495437e+15,1.328484387e+16,1.617580314e+13,4.988776284e+11,3.131783407e+13,1.948244561e+13
157000,748.5283203,1.644310405e+16,1.271889603e+15,1.286766941e+16,1.598311472e+13,4.807479788e+11,2.918731848e+13,2.027407855e+13
158000,754.5061035,1.564402968e+16,1.194518989e+15,1.246943252e+16,1.579782924e+13,4.636515697e+11,2.722548731e+13,2.106428962e+13
159000,760.3052368,1.489327477e+16,1.122831287e+15,1.208900901e+16,1.561946017e+13,4.475165082e+11,2.541655530e+13,2.185076356e+13
160000,765.9312134,1.418712523e+16,1.056330094e+15,1.172526931e+16,1.544758388e+13,4.322791588e+11,2.374678610e+13,2.263113898e+13
161000,771.3891602,1.352235879e+16,9.945723563e+14,1.137716972e+16,1.528180926e+13,4.178813911e+11,2.220366810e+13,2.340322437e+13
162000,776.684082,1.289592922e+16,9.371546833e+14,1.104387597e+16,1.512174309e+13,4.042693345e+11,2.077600671e+13,2.416466251e+13
163000,781.8210449,1.230499970e+16,8.837161634e+14,1.072440019e+16,1.496704352e+13,3.913911501e+11,1.945383836e+13,2.491337513e+13
164000,786.8046875,1.174721552e+16,8.339270905e+14,1.041807561e+16,1.481745472e+13,3.792014213e+11,1.822807399e+13,2.564718540e+13
165000,791.6397705,1.122013820e+16,7.875009100e+14,1.012404215e+16,1.467261806e+13,3.676573532e+11,1.709066997e+13,2.636398566e+13
166000,796.3305054,1.072179208e+16,7.441624083e+14,9.841697442e+15,1.453231545e+13,3.567194276e+11,1.603425377e+13,2.706190107e+13
167000,800.8815308,1.025014561e+16,7.036700606e+14,9.570358588e+15,1.439625642e+13,3.463497318e+11,1.505213861e+13,2.773898546e+13
168000,805.296875,9.803533436e+15,6.658016024e+14,9.309470463e+15,1.426422707e+13,3.365138924e+11,1.413835496e+13,2.839362824e+13
169000,809.5807495,9.380224681e+15,6.303591296e+14,9.058404929e+15,1.413599252e+13,3.271806812e+11,1.328738940e+13,2.902421458e+13
170000,813.7369995,8.978771403e+15,5.971550730e+14,8.816748057e+15,1.401133885e+13,3.183192637e+11,1.249433564e+13,2.962916114e+13
171000,817.7694702,8.597828205e+15,5.660249487e+14,8.583911974e+15,1.389014548e+13,3.099034911e+11,1.175469005e+13,3.020733546e+13
172000,821.6818848,8.236052909e+15,5.368138024e+14,8.359542346e+15,1.377213560e+13,3.019067556e+11,1.106428140e+13,3.075748764e+13
173000,825.4780273,7.892295001e+15,5.093838259e+14,8.143145250e+15,1.365720537e+13,2.943047434e+11,1.041938409e+13,3.127859846e+13
174000,829.1610718,7.565490403e+15,4.836050296e+14,7.934356153e+15,1.354516084e+13,2.870756639e+11,9.816673092e+12,3.176983115e+13
175000,832.7346802,7.254559466e+15,4.593596708e+14,7.732825550e+15,1.343593801e+13,2.801973658e+11,9.252871602e+12,3.223047058e+13
176000,836.2020264,6.958614208e+15,4.365431603e+14,7.538172800e+15,1.332928106e+13,2.736505160e+11,8.725215052e+12,3.266003442e+13
177000,839.5662842,6.676797245e+15,4.150525533e+14,7.350092424e+15,1.322514593e+13,2.674179441e+11,8.231014367e+12,3.305800257e+13
178000,842.8306274,6.408257099e+15,3.948011114e+14,7.168271426e+15,1.312338896e+13,2.614801531e+11,7.767924408e+12,3.342423871e+13
179000,845.9979858,6.152254499e+15,3.756996134e+14,6.992414527e+15,1.302388120e+13,2.558224957e+11,7.333713281e+12,3.375851844e+13
180000,849.0712891,5.908072187e+15,3.576760516e+14,6.822295704e+15,1.292656706e+13,2.504292598e+11,6.926328398e+12,3.406080822e+13
181000,852.0534058,5.675085243e+15,3.406554989e+14,6.657597667e+15,1.283127771e+13,2.452862894e+11,6.543944712e+12,3.433140794e+13
182000,854.9470215,5.452666067e+15,3.245728260e+14,6.498123921e+15,1.273796913e+13,2.403803628e+11,6.184790131e+12,3.457055877e+13
183000,857.7546997,5.240248796e+15,3.093701182e+14,6.343613546e+15,1.264655847e+13,2.356986348e+11,5.847316955e+12,3.477849768e+13
184000,860.479187,5.037301390e+15,2.949864741e+14,6.193890986e+15,1.255691361e+13,2.312290304e+11,5.530031489e+12,3.495588318e+13
185000,863.1229248,4.843305234e+15,2.813737598e+14,6.048743640e+15,1.246900519e+13,2.269607363e+11,5.231592604e+12,3.510305083e+13
186000,865.6882324,4.657815260e+15,2.684815766e+14,5.907972329e+15,1.238271368e+13,2.228836106e+11,4.950754591e+12,3.522081640e+13
187000,868.1775513,4.480372981e+15,2.562673271e+14,5.771406327e+15,1.229803907e+13,2.189868237e+11,4.686355628e+12,3.530984889e+13
188000,870.5930786,4.310584334e+15,2.446865853e+14,5.638843772e+15,1.221487021e+13,2.152627569e+11,4.437335605e+12,3.537080051e+13
189000,872.9371338,4.148028949e+15,2.337026427e+14,5.510156352e+15,1.213314210e+13,2.117004820e+11,4.202677928e+12,3.540477018e+13
190000,875.211792,3.992390877e+15,2.232796798e+14,5.385200184e+15,1.205279601e+13,2.082938388e+11,3.981487374e+12,3.541244156e+13
191000,877.4191284,3.843308535e+15,2.133832866e+14,5.263818502e+15,1.197379944e+13,2.050333901e+11,3.772893626e+12,3.539484646e+13
192000,879.5610962,3.700444770e+15,2.039832474e+14,5.145862594e+15,1.189609787e+13,2.019130409e+11,3.576109990e+12,3.535305861e+13
193000,881.6397705,3.563508059e+15,1.950518629e+14,5.031208979e+15,1.181963990e+13,1.989250580e+11,3.390396695e+12,3.528780782e+13
194000,883.6569824,3.432224330e+15,1.865590180e+14,4.919742767e+15,1.174432907e+13,1.960629371e+11,3.215065874e+12,3.520026431e+13
195000,885.614502,3.306319512e+15,1.784829360e+14,4.811334034e+15,1.167021362e+13,1.933209272e+11,3.049488646e+12,3.509139066e+13
196000,887.5142212,3.185523825e+15,1.707984007e+14,4.705858764e+15,1.159717926e+13,1.906927862e+11,2.893060768e+12,3.496235919e+13
197000,889.3577881,3.069606684e+15,1.634838533e+14,4.603217636e+15,1.152520605e+13,1.881730253e+11,2.745225183e+12,3.481403392e+13
198000,891.1469727,2.958349314e+15,1.565184565e+14,4.503350519e+15,1.145427303e+13,1.857571553e+11,2.605476741e+12,3.464752005e+13
199000,892.8832397,2.851521935e+15,1.498838729e+14,4.406096622e+15,1.138434664e+13,1.834391962e+11,2.473324446e+12,3.446379695e+13
200000,894.5682983,2.748951137e+15,1.435606408e+14,4.311403331e+15,1.131536502e+13,1.812151009e+11,2.348322914e+12,3.426391949e+13
201000,896.2036133,2.650408212e+15,1.375332918e+14,4.219155755e+15,1.124731558e+13,1.790801347e+11,2.230046949e+12,3.404876638e+13
202000,897.7907715,2.555738275e+15,1.317856021e+14,4.129321682e+15,1.118018365e+13,1.770300047e+11,2.118107398e+12,3.381953718e+13
203000,899.3310547,2.464755030e+15,1.263029002e+14,4.041762062e+15,1.111387590e+13,1.750611231e+11,2.012128084e+12,3.357698268e+13
204000,900.8259277,2.377310032e+15,1.210709254e+14,3.956421331e+15,1.104844580e+13,1.731695739e+11,1.911775822e+12,3.332218290e+13
205000,902.2767334,2.293234437e+15,1.160771787e+14,3.873229693e+15,1.098384199e+13,1.713514414e+11,1.816723325e+12,3.305588864e+13
206000,903.6848145,2.212377785e+15,1.113085234e+14,3.792121920e+15,1.092001307e+13,1.696041861e+11,1.726663885e+12,3.277897020e+13
207000,905.0513916,2.134621429e+15,1.067539707e+14,3.713018823e+15,1.085695590e+13,1.679235154e+11,1.641320153e+12,3.249243003e+13
208000,906.3778076,2.059811823e+15,1.024030597e+14,3.635860004e+15,1.079464428e+13,1.663072338e+11,1.560422384e+12,3.219693922e+13
209000,907.6651001,1.987842801e+15,9.824551463e+13,3.560601708e+15,1.073305092e+13,1.647519498e+11,1.483731763e+12,3.189340583e+13
210000,908.9144897,1.918574508e+15,9.427096699e+13,3.487159646e+15,1.067217374e+13,1.632551076e+11,1.410998469e+12,3.158248836e+13
211000,910.1271973,1.851904267e+15,9.047068430e+13,3.415468052e+15,1.061196766e+13,1.618138563e+11,1.342012522e+12,3.126494600e+13
212000,911.3041992,1.787726316e+15,8.683578301e+13,3.345514846e+15,1.055243370e+13,1.604261806e+11,1.276566307e+12,3.094147708e+13
213000,912.4465942,1.725926300e+15,8.335910765e+13,3.277224061e+15,1.049356875e+13,1.590891479e+11,1.214468719e+12,3.061263735e+13
214000,913.5554199,1.666421675e+15,8.003233671e+13,3.210524024e+15,1.043531301e+13,1.578009231e+11,1.155532849e+12,3.027926988e+13
215000,914.6316528,1.609102115e+15,7.684851604e+13,3.145393529e+15,1.037764657e+13,1.565593764e+11,1.099588043e+12,2.994173326e+13
216000,915.6762695,1.553892861e+15,7.380048177e+13,3.081801438e+15,1.032063130e+13,1.553622139e+11,1.046473212e+12,2.960083491e+13
217000,916.6901855,1.500698886e+15,7.088201794e+13,3.019657825e+15,1.026418645e+13,1.542078136e+11,9.960366408e+11,2.925685794e+13
218000,917.6743774,1.449446504e+15,6.808748320e+13,2.958967521e+15,1.020829735e+13,1.530937016e+11,9.481332982e+11,2.891045667e+13
219000,918.6296997,1.400054112e+15,6.541025057e+13,2.899658586e+15,1.015294722e+13,1.520189932e+11,9.026321777e+11,2.856216796e+13
220000,919.5569458,1.352439299e+15,6.284554692e+13,2.841693171e+15,1.009815598e+13,1.509813289e+11,8.593974231e+11,2.821234832e+13
221000,920.4570312,1.306553345e+15,6.038762186e+13,2.785056242e+15,1.004391209e+13,1.499796603e+11,8.183210312e+11,2.786144656e+13
222000,921.3306885,1.262305115e+15,5.803220140e+13,2.729681229e+15,9.990177817e+12,1.490123653e+11,7.792845128e+11,2.750984854e+13
223000,922.178772,1.219645890e+15,5.577408040e+13,2.675555514e+15,9.936941613e+12,1.480772649e+11,7.421767844e+11,2.715791917e+13
224000,923.0019531,1.178506411e+15,5.360940430e+13,2.622625411e+15,9.884186706e+12,1.471737692e+11,7.069041295e+11,2.680607369e+13
225000,923.8010254,1.138828564e+15,5.153327835e+13,2.570871055e+15,9.831940358e+12,1.463003546e+11,6.733671956e+11,2.645465602e+13
226000,924.5767212,1.100561210e+15,4.954223804e+13,2.520270435e+15,9.780167967e+12,1.454555955e+11,6.414771159e+11,2.610384444e+13
227000,925.3297119,1.063647309e+15,4.763260079e+13,2.470785164e+15,9.728820249e+12,1.446386893e+11,6.111488246e+11,2.575401012e+13
228000,926.0606689,1.028035990e+15,4.580031070e+13,2.422367192e+15,9.677962215e+12,1.438479974e+11,5.823030886e+11,2.540536699e+13
229000,926.7701416,9.936708158e+14,4.404241079e+13,2.375009272e+15,9.627542487e+12,1.430827500e+11,5.548648694e+11,2.505826527e+13
230000,927.4589844,9.605128630e+14,4.235536944e+13,2.328674628e+15,9.577549529e+12,1.423419638e+11,5.287589315e+11,2.471288321e+13
231000,928.1276245,9.285140816e+14,4.073603675e+13,2.283329705e+15,9.527974953e+12,1.416240660e+11,5.039202632e+11,2.436936761e+13
232000,928.7766724,8.976281664e+14,3.918170318e+13,2.238976249e+15,9.478843924e+12,1.409289912e+11,4.802845082e+11,2.402803306e+13
233000,929.4067993,8.678206907e+14,3.768962148e+13,2.195563391e+15,9.430108209e+12,1.402552156e+11,4.577895383e+11,2.368889841e+13
234000,930.0185547,8.390456849e+14,3.625688498e+13,2.153076769e+15,9.381777244e+12,1.396021494e+11,4.363786650e+11,2.335230552e+13
235000,930.6123657,8.112655680e+14,3.488103163e+13,2.111486185e+15,9.333842641e+12,1.389688914e+11,4.159979848e+11,2.301827115e+13
236000,931.1889038,7.844439670e+14,3.355981958e+13,2.070785733e+15,9.286275039e+12,1.383543112e+11,3.965971333e+11,2.268697775e+13
237000,931.7485352,7.585463880e+14,3.229072595e+13,2.030938502e+15,9.239103799e+12,1.377579008e+11,3.781239439e+11,2.235852181e+13
238000,932.2918701,7.335392093e+14,3.107160116e+13,1.991923959e+15,9.192301658e+12,1.371795784e+11,3.605348352e+11,2.203311093e+13
239000,932.819397,7.093876687e+14,2.990039210e+13,1.953722372e+15,9.145859178e+12,1.366175089e+11,3.437849477e+11,2.171074301e+13
240000,933.3314819,6.860637817e+14,2.877513164e+13,1.916322200e+15,9.099786846e+12,1.360714629e+11,3.278331576e+11,2.139153341e+13
241000,933.8286743,6.635327859e+14,2.769372263e+13,1.879697403e+15,9.054060544e+12,1.355411784e+11,3.126396846e+11,2.107559117e+13
242000,934.3113403,6.417739447e+14,2.665459640e+13,1.843829997e+15,9.008688660e+12,1.350256476e+11,2.981687788e+11,2.076294355e+13
243000,934.7799683,6.207522944e+14,2.565583405e+13,1.808701862e+15,8.963663856e+12,1.345244037e+11,2.843817411e+11,2.045368284e+13
244000,935.2349243,6.004440784e+14,2.469589837e+13,1.774296624e+15,8.918964109e+12,1.340369797e+11,2.712487199e+11,2.014786775e+13
245000,935.6766357,5.808242651e+14,2.377321860e+13,1.740590794e+15,8.874595713e+12,1.335629169e+11,2.587352269e+11,1.984554861e+13
246000,936.1054688,5.618661788e+14,2.288603103e+13,1.707581823e+15,8.830539792e+12,1.331010355e+11,2.468123935e+11,1.954673590e+13
247000,936.5218506,5.435487808e+14,2.203317594e+13,1.675240585e+15,8.786820989e+12,1.326516388e+11,2.354502205e+11,1.925146948e+13
248000,936.9260864,5.258474422e+14,2.121310562e+13,1.643552317e+15,8.743415710e+12,1.322140959e+11,2.246226412e+11,1.895978920e+13
249000,937.3186035,5.087407217e+14,2.042452194e+13,1.612514601e+15,8.700320285e+12,1.317874401e+11,2.143038833e+11,1.867173698e+13
250000,937.699646,4.922097617e+14,1.966617081e+13,1.582100864e+15,8.657510597e+12,1.313720648e+11,2.044686991e+11,1.838726880e+13
251000,938.0696411,4.762307385e+14,1.893685474e+13,1.552297012e+15,8.615031210e+12,1.309667983e+11,1.950935613e+11,1.810645385e+13
252000,938.428894,4.607880494e+14,1.823542241e+13,1.523089758e+15,8.572827599e+12,1.305715261e+11,1.861571707e+11,1.782928376e+13
253000,938.77771,4.458597161e+14,1.756063649e+13,1.494471586e+15,8.530925978e+12,1.301858714e+11,1.776385720e+11,1.755575013e+13
254000,939.116394,4.314279214e+14,1.691162037e+13,1.466423973e+15,8.489289646e+12,1.298099487e+11,1.695161549e+11,1.728584666e+13
255000,939.4452515,4.174788407e+14,1.628722902e+13,1.438939940e+15,8.447962120e+12,1.294424064e+11,1.617726996e+11,1.701958805e+13
256000,939.7645264,4.039926434e+14,1.568649983e+13,1.411996403e+15,8.406906700e+12,1.290836378e+11,1.543892828e+11,1.675696485e+13
257000,940.074585,3.909534247e+14,1.510851111e+13,1.385592286e+15,8.366133346e+12,1.287332905e+11,1.473487995e+11,1.649789737e+13
258000,940.3756104,3.783473936e+14,1.455237575e+13,1.359710410e+15,8.325623185e+12,1.283907584e+11,1.406350459e+11,1.624249886e+13
259000,940.6679077,3.661583100e+14,1.401727064e+13,1.334335072e+15,8.285370974e+12,1.280557056e+11,1.342322852e+11,1.599065398e+13
260000,940.9517212,3.543731882e+14,1.350230134e+13,1.309465064e+15,8.245404500e+12,1.277285663e+11,1.281265910e+11,1.574234594e+13
261000,941.227356,3.429756536e+14,1.300671182e+13,1.285079716e+15,8.205686538e+12,1.274077266e+11,1.223027425e+11,1.549761564e+13
262000,941.4949951,3.319538280e+14,1.252975444e+13,1.261178492e+15,8.166215516e+12,1.270941368e+11,1.167481651e+11,1.525638549e+13
263000,941.7548218,3.212950949e+14,1.207073296e+13,1.237741661e+15,8.127017124e+12,1.267874365e+11,1.114497597e+11,1.501863451e+13
264000,942.0072021,3.109869721e+14,1.162886408e+13,1.214763854e+15,8.088071963e+12,1.264866181e+11,1.063955087e+11,1.478434069e+13
265000,942.2521973,3.010188563e+14,1.120353858e+13,1.192235811e+15,8.049345430e+12,1.261918290e+11,1.015741809e+11,1.455348305e+13
266000,942.4901733,2.913757487e+14,1.079411684e+13,1.170143170e+15,8.010895720e+12,1.259034706e+11,9.697464320e+10,1.432601022e+13
267000,942.7211914,2.820500997e+14,1.039999277e+13,1.148486201e+15,7.972674077e+12,1.256203059e+11,9.258672947e+10,1.410193057e+13
268000,942.9455566,2.730280176e+14,1.002055926e+13,1.127242084e+15,7.934675255e+12,1.253427282e+11,8.840001126e+10,1.388113507e+13
269000,943.1634521,2.643024056e+14,9.655240622e+12,1.106411426e+15,7.896943297e+12,1.250704425e+11,8.440512512e+10,1.366368243e+13
270000,943.375061,2.558612682e+14,9.303531454e+12,1.085985300e+15,7.859412664e+12,1.248034161e+11,8.059378074e+10,1.344949610e+13
271000,943.5805054,2.476951596e+14,8.964863427e+12,1.065955653e+15,7.822112719e+12,1.245408379e+11,7.695665562e+10,1.323852680e+13
272000,943.7800903,2.397957081e+14,8.638792991e+12,1.046309801e+15,7.785067577e+12,1.242831749e+11,7.348609024e+10,1.303075042e+13
273000,943.9738159,2.321531997e+14,8.324808442e+12,1.027040430e+15,7.748231627e+12,1.240300995e+11,7.017422029e+10,1.282616800e+13
274000,944.1620483,2.247598832e+14,8.022467805e+12,1.008143313e+15,7.711615877e+12,1.237813576e+11,6.701341082e+10,1.262467993e+13
275000,944.3447876,2.176057763e+14,7.731284541e+12,9.896071734e+14,7.675232387e+12,1.235368919e+11,6.399693210e+10,1.242626104e+13
276000,944.5222168,2.106845708e+14,7.450854425e+12,9.714284560e+14,7.639063331e+12,1.232964403e+11,6.111797658e+10,1.223091657e+13
277000,944.6945801,2.039869551e+14,7.180813074e+12,9.535962888e+14,7.603090883e+12,1.230596915e+11,5.837029786e+10,1.203854482e+13
278000,944.8619995,1.975070742e+14,6.920727429e+12,9.361034240e+14,7.567343354e+12,1.228273336e+11,5.574760858e+10,1.184919401e+13
279000,945.0245361,1.912369421e+14,6.670211088e+12,9.189431507e+14,7.531802395e+12,1.225981542e+11,5.324415795e+10,1.166272679e+13
280000,945.1824341,1.851695793e+14,6.428917498e+12,9.021123149e+14,7.496465383e+12,1.223725629e+11,5.085473178e+10,1.147918510e+13
281000,945.3357544,1.792976544e+14,6.196488569e+12,8.856008502e+14,7.461344379e+12,1.221505516e+11,4.857361203e+10,1.129845673e+13
282000,945.4846191,1.736161005e+14,5.972605010e+12,8.694022471e+14,7.426423652e+12,1.219316204e+11,4.639609651e+10,1.112058469e+13
283000,945.6292725,1.681172170e+14,5.756979511e+12,8.535136198e+14,7.391699534e+12,1.217157038e+11,4.431740109e+10,1.094545782e+13
284000,945.7697144,1.627963565e+14,5.549237731e+12,8.379222177e+14,7.357170450e+12,1.215030395e+11,4.233292595e+10,1.077311596e+13
285000,945.9061279,1.576457512e+14,5.349106516e+12,8.226286448e+14,7.322847412e+12,1.212933407e+11,4.043817779e+10,1.060341128e+13
286000,946.0386353,1.526616765e+14,5.156312711e+12,8.076237071e+14,7.288729371e+12,1.210868204e+11,3.862934733e+10,1.043642450e+13
287000,946.1672974,1.478380256e+14,4.970573201e+12,7.929017005e+14,7.254785917e+12,1.208825364e+11,3.690228531e+10,1.027202980e+13
288000,946.2922363,1.431689767e+14,4.791625843e+12,7.784571219e+14,7.221056897e+12,1.206811361e+11,3.525325210e+10,1.011024711e+13
289000,946.4136353,1.386495135e+14,4.619209015e+12,7.642843343e+14,7.187497746e+12,1.204823572e+11,3.367873741e+10,9.950990434e+12
290000,946.5315552,1.342752571e+14,4.453097275e+12,7.503781703e+14,7.154121572e+12,1.202859704e+11,3.217534157e+10,9.794243002e+12
291000,946.6460571,1.300414511e+14,4.293040013e+12,7.367331940e+14,7.120952492e+12,1.200919347e+11,3.073969562e+10,9.639998521e+12
292000,946.7572632,1.259435154e+14,4.138813358e+12,7.233472581e+14,7.087961670e+12,1.199002419e+11,2.936882381e+10,9.488163668e+12
293000,946.8652954,1.219760562e+14,3.990217294e+12,7.102096250e+14,7.055134949e+12,1.197108429e+11,2.805971968e+10,9.338748928e+12
294000,946.9702148,1.181357598e+14,3.847026901e+12,6.973181472e+14,7.022496449e+12,1.195237376e+11,2.680951603e+10,9.191685095e+12
295000,947.0721436,1.144184992e+14,3.709043999e+12,6.846681273e+14,6.990058226e+12,1.193384346e+11,2.561563443e+10,9.046964830e+12
296000,947.1711426,1.108198115e+14,3.576075387e+12,6.722548004e+14,6.957777289e+12,1.191551549e+11,2.447541248e+10,8.904550384e+12
297000,947.2672729,1.073358549e+14,3.447937040e+12,6.600734690e+14,6.925692436e+12,1.189741117e+11,2.338650931e+10,8.764372025e+12
298000,947.3606567,1.039633157e+14,3.324456731e+12,6.481199052e+14,6.893764346e+12,1.187948298e+11,2.234654310e+10,8.626440765e+12
299000,947.451416,1.006981842e+14,3.205444403e+12,6.363867941e+14,6.862014513e+12,1.186172682e+11,2.135320576e+10,8.490688446e+12
300000,947.5394897,9.753698763e+13,3.090760073e+12,6.248751423e+14,6.830443463e+12,1.184414351e+11,2.040443494e+10,8.357096194e+12
301000,947.6251221,9.447672277e+13,2.980226531e+12,6.135779707e+14,6.799034941e+12,1.182675354e+11,1.949823795e+10,8.225641988e+12
302000,947.708252,9.151374898e+13,2.873697239e+12,6.024889709e+14,6.767788950e+12,1.180950938e+11,1.863273062e+10,8.096261865e+12
303000,947.7890015,8.864495410e+13,2.771025134e+12,5.916063310e+14,6.736729604e+12,1.179245445e+11,1.780598989e+10,7.968952156e+12
304000,947.8674927,8.586760343e+13,2.672063676e+12,5.809283734e+14,6.705815486e+12,1.177552159e+11,1.701620326e+10,7.843678781e+12
305000,947.9436646,8.317809826e+13,2.576682058e+12,5.704444276e+14,6.675072811e+12,1.175875256e+11,1.626179482e+10,7.720378302e+12
306000,948.0177002,8.057394718e+13,2.484748419e+12,5.601574466e+14,6.644511015e+12,1.174214656e+11,1.554119680e+10,7.599062254e+12
307000,948.0895996,7.805269233e+13,2.396132475e+12,5.500613905e+14,6.614091825e+12,1.172563476e+11,1.485278925e+10,7.479668769e+12
308000,948.1594849,7.561134735e+13,2.310708396e+12,5.401484076e+14,6.583838310e+12,1.170930565e+11,1.419509453e+10,7.362181595e+12
309000,948.227356,7.324737051e+13,2.228372636e+12,5.304233968e+14,6.553737363e+12,1.169306829e+11,1.356683571e+10,7.246555120e+12
310000,948.2932739,7.095825360e+13,2.149003690e+12,5.208744800e+14,6.523799470e+12,1.167701197e+11,1.296660890e+10,7.132786196e+12
311000,948.3572998,6.874187432e+13,2.072493556e+12,5.115043751e+14,6.494024106e+12,1.166104412e+11,1.239319859e+10,7.020845466e+12
312000,948.4194946,6.659534697e+13,1.998737900e+12,5.023056664e+14,6.464397115e+12,1.164518769e+11,1.184534835e+10,6.910647468e+12
313000,948.4799194,6.451670863e+13,1.927640121e+12,4.932770791e+14,6.434929508e+12,1.162946396e+11,1.132191130e+10,6.802243584e+12
314000,948.5386353,6.250378245e+13,1.859096019e+12,4.844153918e+14,6.405619712e+12,1.161384837e+11,1.082182963e+10,6.695566180e+12
315000,948.5956421,6.055446289e+13,1.793016463e+12,4.757155379e+14,6.376455668e+12,1.159834173e+11,1.034399334e+10,6.590572265e+12
316000,948.651062,5.866670313e+13,1.729318224e+12,4.671781213e+14,6.347458347e+12,1.158294159e+11,9.887441920e+09,6.487273374e+12
317000,948.704895,5.683854023e+13,1.667898409e+12,4.587946193e+14,6.318580564e+12,1.156764631e+11,9.451237376e+09,6.385604493e+12
318000,948.7572021,5.506827970e+13,1.608693318e+12,4.505675149e+14,6.289879466e+12,1.155245670e+11,9.034412032e+09,6.285575062e+12
319000,948.8079834,5.335364403e+13,1.551601107e+12,4.424902651e+14,6.261294760e+12,1.153734902e+11,8.636132352e+09,6.187122164e+12
320000,948.8573608,5.169286323e+13,1.496565940e+12,4.345618296e+14,6.232897225e+12,1.152234537e+11,8.255517696e+09,6.090243703e+12
321000,948.9053345,5.008462447e+13,1.443501310e+12,4.267777121e+14,6.204613984e+12,1.150746542e+11,7.891869696e+09,5.994914513e+12
322000,948.9519043,4.852704451e+13,1.392336568e+12,4.191368055e+14,6.176491176e+12,1.149262152e+11,7.544337408e+09,5.901096321e+12
323000,948.9971313,4.701832400e+13,1.343005000e+12,4.116364253e+14,6.148493148e+12,1.147790131e+11,7.212243456e+09,5.808777593e+12
324000,949.0411377,4.555726756e+13,1.295440282e+12,4.042723773e+14,6.120653455e+12,1.146323517e+11,6.894882304e+09,5.717943124e+12
325000,949.0838623,4.414201292e+13,1.249578451e+12,3.970435878e+14,6.092960039e+12,1.144864768e+11,6.591595008e+09,5.628536816e+12
326000,949.1253662,4.277142762e+13,1.205355676e+12,3.899475402e+14,6.065399267e+12,1.143418061e+11,6.301764608e+09,5.540577542e+12
327000,949.1657104,4.144376683e+13,1.162717037e+12,3.829817180e+14,6.037982151e+12,1.141974630e+11,6.024777728e+09,5.454000292e+12
328000,949.204895,4.015782258e+13,1.121596735e+12,3.761408195e+14,6.010707640e+12,1.140540867e+11,5.760049664e+09,5.368801919e+12
329000,949.2429199,3.891212688e+13,1.081948504e+12,3.694267575e+14,5.983563678e+12,1.139114639e+11,5.507043840e+09,5.284971414e+12
330000,949.2799072,3.770569405e+13,1.043714867e+12,3.628343309e+14,5.956549214e+12,1.137695867e+11,5.265247744e+09,5.202466308e+12
331000,949.3158569,3.653697641e+13,1.006846935e+12,3.563627010e+14,5.929674211e+12,1.136284467e+11,5.034150400e+09,5.121273496e+12
332000,949.350769,3.540479954e+13,9.712933929e+11,3.500081768e+14,5.902949155e+12,1.134876017e+11,4.813274624e+09,5.041381966e+12
333000,949.3847046,3.430825958e+13,9.370089554e+11,3.437699194e+14,5.876339442e+12,1.133476905e+11,4.602156032e+09,4.962751873e+12
334000,949.4176636,3.324609403e+13,9.039457812e+11,3.376458150e+14,5.849867616e+12,1.132085002e+11,4.400369152e+09,4.885380596e+12
335000,949.449707,3.221709285e+13,8.720617964e+11,3.316310988e+14,5.823542067e+12,1.130698097e+11,4.207498752e+09,4.809230385e+12
336000,949.480835,3.122032909e+13,8.413097492e+11,3.257276164e+14,5.797329764e+12,1.129318318e+11,4.023154432e+09,4.734288658e+12
337000,949.5110474,3.025477724e+13,8.116566753e+11,3.199307373e+14,5.771252728e+12,1.127943373e+11,3.846934272e+09,4.660546503e+12
338000,949.5404663,2.931933630e+13,7.830554542e+11,3.142384482e+14,5.745318822e+12,1.126573343e+11,3.678492416e+09,4.587974558e+12
339000,949.5689697,2.841317160e+13,7.554744320e+11,3.086512861e+14,5.719507075e+12,1.125212324e+11,3.517489408e+09,4.516553949e+12
340000,949.5967407,2.753534571e+13,7.288723210e+11,3.031648552e+14,5.693827449e+12,1.123851796e+11,3.363574784e+09,4.446265803e+12
341000,949.6236572,2.668487298e+13,7.032170086e+11,2.977773774e+14,5.668256350e+12,1.122500280e+11,3.216459008e+09,4.377099895e+12
342000,949.6499023,2.586107812e+13,6.784742851e+11,2.924880808e+14,5.642825761e+12,1.121153434e+11,3.075821056e+09,4.309021622e+12
343000,949.675354,2.506292933e+13,6.546088264e+11,2.872940797e+14,5.617514185e+12,1.119809044e+11,2.941368832e+09,4.242021810e+12
344000,949.7000732,2.428970729e+13,6.315917967e+11,2.821946361e+14,5.592331059e+12,1.118471373e+11,2.812844032e+09,4.176091021e+12
345000,949.7241211,2.354053959e+13,6.093902971e+11,2.771869816e+14,5.567275336e+12,1.117140419e+11,2.689972992e+09,4.111210906e+12
346000,949.7474365,2.281466705e+13,5.879775887e+11,2.722705292e+14,5.542336004e+12,1.115813970e+11,2.572505600e+09,4.047350006e+12
347000,949.7701416,2.211153392e+13,5.673240494e+11,2.674434333e+14,5.517533512e+12,1.114489897e+11,2.460211456e+09,3.984514351e+12
348000,949.7921753,2.143024264e+13,5.474027110e+11,2.627031438e+14,5.492845838e+12,1.113172296e+11,2.352852480e+09,3.922656231e+12
349000,949.8135986,2.077011791e+13,5.281862451e+11,2.580479998e+14,5.468271411e+12,1.111857152e+11,2.250214400e+09,3.861791113e+12
350000,949.8344727,2.013064593e+13,5.096515502e+11,2.534774644e+14,5.443821765e+12,1.110548234e+11,2.152079360e+09,3.801879413e+12
351000,949.8546753,1.951102770e+13,4.917731656e+11,2.489889876e+14,5.419494277e+12,1.109241774e+11,2.058264576e+09,3.742921392e+12
352000,949.8743286,1.891070535e+13,4.745276621e+11,2.445819653e+14,5.395289997e+12,1.107941704e+11,1.968563456e+09,3.684900798e+12
353000,949.8934326,1.832900153e+13,4.578924298e+11,2.402549883e+14,5.371195818e+12,1.106641633e+11,1.882797696e+09,3.627788796e+12
354000,949.9120483,1.776541080e+13,4.418447933e+11,2.360046508e+14,5.347222749e+12,1.105350083e+11,1.800796928e+09,3.571584074e+12
355000,949.9300537,1.721932081e+13,4.263655506e+11,2.318323119e+14,5.323359781e+12,1.104060662e+11,1.722391680e+09,3.516266185e+12
356000,949.9476318,1.669018419e+13,4.114343199e+11,2.277347167e+14,5.299626836e+12,1.102773371e+11,1.647422720e+09,3.461819138e+12
357000,949.9646606,1.617747037e+13,3.970291794e+11,2.237105230e+14,5.276001894e+12,1.101494354e+11,1.575744896e+09,3.408243458e+12
358000,949.9812012,1.568069491e+13,3.831329915e+11,2.197592277e+14,5.252494918e+12,1.100217549e+11,1.507203840e+09,3.355498775e+12
359000,949.9973145,1.519932618e+13,3.697290117e+11,2.158786495e+14,5.229094896e+12,1.098940498e+11,1.441669376e+09,3.303597146e+12
360000,950.0129395,1.473285456e+13,3.567968256e+11,2.120683357e+14,5.205812838e+12,1.097669673e+11,1.378998400e+09,3.252512358e+12
361000,950.0281982,1.428086797e+13,3.443217531e+11,2.083261386e+14,5.182645600e+12,1.096404992e+11,1.319072512e+09,3.202236809e+12
362000,950.0429688,1.384288721e+13,3.322855424e+11,2.046516557e+14,5.159594230e+12,1.095138099e+11,1.261770624e+09,3.152746381e+12
363000,950.057312,1.341847293e+13,3.206750863e+11,2.010428568e+14,5.136647193e+12,1.093877350e+11,1.206976768e+09,3.104039502e+12
364000,950.0712891,1.300722562e+13,3.094728212e+11,1.974985006e+14,5.113804489e+12,1.092620616e+11,1.154576256e+09,3.056103850e+12
365000,950.0848389,1.260865874e+13,2.986660004e+11,1.940189561e+14,5.091084993e+12,1.091365683e+11,1.104465792e+09,3.008921862e+12
366000,950.0980225,1.222247239e+13,2.882394522e+11,1.906007840e+14,5.068468781e+12,1.090114929e+11,1.056548864e+09,2.962474402e+12
367000,950.1108398,1.184823352e+13,2.781812163e+11,1.872443534e+14,5.045963719e+12,1.088867942e+11,1.010720768e+09,2.916773265e+12
368000,950.123291,1.148554366e+13,2.684761211e+11,1.839485066e+14,5.023570854e+12,1.087622676e+11,9.668975360e+08,2.871778083e+12
369000,950.135376,1.113408930e+13,2.591126979e+11,1.807107271e+14,5.001279701e+12,1.086381507e+11,9.249834880e+08,2.827499864e+12
370000,950.1471558,1.079347511e+13,2.500787405e+11,1.775320383e+14,4.979097600e+12,1.085142057e+11,8.849018240e+08,2.783910560e+12
371000,950.1585693,1.046340331e+13,2.413621576e+11,1.744093531e+14,4.957025599e+12,1.083906540e+11,8.465686400e+08,2.741009646e+12
372000,950.1696777,1.014350794e+13,2.329525944e+11,1.713435776e+14,4.935043777e+12,1.082672660e+11,8.099055360e+08,2.698786636e+12
373000,950.180481,9.833507979e+12,2.248382546e+11,1.683317758e+14,4.913188831e+12,1.081442796e+11,7.748453120e+08,2.657224491e+12
374000,950.190979,9.533075227e+12,2.170091110e+11,1.653742327e+14,4.891423539e+12,1.080216535e+11,7.413101440e+08,2.616313774e+12
375000,950.2012329,9.241911886e+12,2.094546289e+11,1.624699251e+14,4.869773591e+12,1.078989947e+11,7.092359680e+08,2.576042951e+12
376000,950.2111206,8.959712821e+12,2.021655347e+11,1.596166886e+14,4.848222208e+12,1.077769339e+11,6.785614720e+08,2.536412545e+12
377000,950.2207642,8.686233190e+12,1.951327519e+11,1.568153957e+14,4.826775683e+12,1.076550369e+11,6.492212480e+08,2.497397129e+12
378000,950.2301636,8.421183586e+12,1.883468268e+11,1.540639156e+14,4.805425627e+12,1.075333038e+11,6.211581440e+08,2.458996703e+12
379000,950.2392578,8.164301341e+12,1.817979945e+11,1.513613256e+14,4.784180953e+12,1.074119557e+11,5.943162240e+08,2.421201306e+12
380000,950.2481079,7.915317494e+12,1.754792428e+11,1.487067700e+14,4.763040612e+12,1.072907551e+11,5.686418560e+08,2.383996518e+12
381000,950.2567139,7.674031243e+12,1.693824123e+11,1.461004837e+14,4.742003556e+12,1.071699231e+11,5.440851200e+08,2.347372904e+12
382000,950.2650757,7.440130638e+12,1.634987213e+11,1.435398997e+14,4.721060348e+12,1.070492713e+11,5.205940160e+08,2.311321289e+12
383000,950.2731934,7.213458391e+12,1.578215178e+11,1.410253369e+14,4.700220948e+12,1.069289800e+11,4.981248320e+08,2.275837215e+12
384000,950.2811279,6.993759175e+12,1.523426591e+11,1.385553607e+14,4.679473824e+12,1.068086395e+11,4.766327680e+08,2.240906789e+12
385000,950.2887573,6.780818031e+12,1.470557389e+11,1.361297279e+14,4.658836799e+12,1.066888806e+11,4.560733760e+08,2.206529749e+12
386000,950.2962646,6.574411612e+12,1.419542036e+11,1.337471130e+14,4.638283661e+12,1.065690563e+11,4.364075520e+08,2.172680798e+12
387000,950.3035278,6.374351176e+12,1.370307297e+11,1.314067192e+14,4.617847964e+12,1.064496005e+11,4.175945920e+08,2.139363738e+12
388000,950.3105469,6.180449550e+12,1.322798121e+11,1.291083198e+14,4.597486715e+12,1.063305134e+11,3.995988160e+08,2.106574111e+12
389000,950.3174438,5.992493875e+12,1.276946022e+11,1.268506063e+14,4.577241858e+12,1.062115738e+11,3.823829760e+08,2.074291208e+12
390000,950.3240967,5.810310611e+12,1.232702505e+11,1.246333773e+14,4.557078266e+12,1.060929864e+11,3.659145280e+08,2.042515292e+12
391000,950.3305664,5.633731461e+12,1.190001213e+11,1.224553828e+14,4.537021628e+12,1.059743580e+11,3.501600960e+08,2.011230503e+12
392000,950.336853,5.462550905e+12,1.148792422e+11,1.203164132e+14,4.517054120e+12,1.058560819e+11,3.350885120e+08,1.980444180e+12
393000,950.3430176,5.296633151e+12,1.109021409e+11,1.182152604e+14,4.497175740e+12,1.057379533e+11,3.206705600e+08,1.950132994e+12
394000,950.348938,5.135805710e+12,1.070643937e+11,1.161512869e+14,4.477411131e+12,1.056201933e+11,3.068759680e+08,1.920293536e+12
395000,950.3547363,4.979909198e+12,1.033602417e+11,1.141242410e+14,4.457716777e+12,1.055025644e+11,2.936792960e+08,1.890918072e+12
396000,950.3603516,4.828783182e+12,9.978503168e+10,1.121330322e+14,4.438126756e+12,1.053850911e+11,2.810534400e+08,1.862006604e+12
397000,950.3658447,4.682297115e+12,9.633496269e+10,1.101769977e+14,4.418632155e+12,1.052677652e+11,2.689744960e+08,1.833540911e+12
398000,950.3711548,4.540290564e+12,9.300492288e+10,1.082559362e+14,4.399215673e+12,1.051509883e+11,2.574177120e+08,1.805520994e+12
399000,950.3763428,4.402633507e+12,8.979118490e+10,1.063691933e+14,4.379901690e+12,1.050339574e+11,2.463607520e+08,1.777939644e+12
400000,950.3813477,4.269191201e+12,8.668902195e+10,1.045153682e+14,4.360681816e+12,1.049172705e+11,2.357828480e+08,1.750783492e+12
401000,950.3862305,4.139833885e+12,8.369499341e+10,1.026946452e+14,4.341546877e+12,1.048011325e+11,2.256612800e+08,1.724052144e+12
402000,950.3909912,4.014434943e+12,8.080561766e+10,1.009064373e+14,4.322503950e+12,1.046849290e+11,2.159775520e+08,1.697738785e+12
403000,950.3956299,3.892864352e+12,7.801660211e+10,9.914975445e+13,4.303562473e+12,1.045688730e+11,2.067113600e+08,1.671836860e+12
404000,950.4000854,3.775026692e+12,7.532500582e+10,9.742405142e+13,4.284688105e+12,1.044529725e+11,1.978461760e+08,1.646333657e+12
405000,950.40448,3.660769919e+12,7.272669184e+10,9.572913525e+13,4.265912828e+12,1.043373998e+11,1.893633440e+08,1.621228650e+12
406000,950.4086914,3.550012768e+12,7.021856358e+10,9.406407475e+13,4.247220912e+12,1.042221711e+11,1.812463520e+08,1.596510044e+12
407000,950.4128418,3.442646188e+12,6.779796275e+10,9.242834143e+13,4.228635165e+12,1.041070817e+11,1.734805920e+08,1.572180328e+12
408000,950.4168701,3.338546446e+12,6.546144461e+10,9.082177586e+13,4.210115740e+12,1.039919268e+11,1.660488960e+08,1.548230459e+12
409000,950.4207764,3.237632016e+12,6.320606003e+10,8.924348881e+13,4.191693570e+12,1.038771159e+11,1.589379680e+08,1.524645626e+12
410000,950.4245605,3.139798041e+12,6.102920397e+10,8.769297694e+13,4.173352403e+12,1.037626409e+11,1.521333280e+08,1.501434610e+12
411000,950.4282227,3.044944118e+12,5.892777165e+10,8.617006404e+13,4.155107705e+12,1.036483133e+11,1.456222720e+08,1.478579847e+12
412000,950.4318237,2.952984003e+12,5.689935872e+10,8.467394481e+13,4.136943747e+12,1.035339121e+11,1.393914720e+08,1.456081601e+12
413000,950.4353027,2.863829090e+12,5.494140518e+10,8.320445139e+13,4.118851617e+12,1.034198467e+11,1.334288080e+08,1.433928466e+12
414000,950.4387207,2.777392611e+12,5.305113395e+10,8.176078686e+13,4.100854120e+12,1.033059205e+11,1.277234240e+08,1.412120576e+12
415000,950.4420166,2.693590680e+12,5.122687386e+10,8.034279181e+13,4.082943656e+12,1.031923220e+11,1.222634080e+08,1.390649803e+12
416000,950.4451904,2.612332593e+12,4.946545050e+10,7.894940921e+13,4.065112621e+12,1.030788628e+11,1.170381520e+08,1.369516278e+12
417000,950.4483032,2.533555438e+12,4.776532378e+10,7.758108366e+13,4.047374385e+12,1.029655511e+11,1.120379360e+08,1.348706370e+12
418000,950.451355,2.457181618e+12,4.612407296e+10,7.623648971e+13,4.029714268e+12,1.028523540e+11,1.072525680e+08,1.328220209e+12
419000,950.4542847,2.383124103e+12,4.453965005e+10,7.491579510e+13,4.012131222e+12,1.027392963e+11,1.026729760e+08,1.308050719e+12
420000,950.4571533,2.311325483e+12,4.301014630e+10,7.361825321e+13,3.994633110e+12,1.026265661e+11,9.829044000e+07,1.288192393e+12
421000,950.4599609,2.241707114e+12,4.153364480e+10,7.234375495e+13,3.977219146e+12,1.025139753e+11,9.409606400e+07,1.268645364e+12
422000,950.4626465,2.174202544e+12,4.010806886e+10,7.109133560e+13,3.959881728e+12,1.024015073e+11,9.008152800e+07,1.249397309e+12
423000,950.465271,2.108759081e+12,3.873208320e+10,6.986141038e+13,3.942627410e+12,1.022891704e+11,8.623993600e+07,1.230446133e+12
424000,950.4678345,2.045301096e+12,3.740352102e+10,6.865276288e+13,3.925463532e+12,1.021771612e+11,8.256295200e+07,1.211789607e+12
425000,950.4703369,1.983768166e+12,3.612101837e+10,6.746581253e+13,3.908374626e+12,1.020652913e+11,7.904365600e+07,1.193424978e+12
426000,950.4727173,1.924108648e+12,3.488282624e+10,6.629940163e+13,3.891360694e+12,1.019535524e+11,7.567553600e+07,1.175338746e+12
427000,950.4750977,1.866257531e+12,3.368740250e+10,6.515366021e+13,3.874428289e+12,1.018421166e+11,7.245176800e+07,1.157533270e+12
428000,950.477417,1.810163171e+12,3.253331763e+10,6.402796746e+13,3.857576886e+12,1.017306317e+11,6.936638400e+07,1.140006322e+12
429000,950.4796143,1.755771699e+12,3.141901312e+10,6.292221433e+13,3.840792592e+12,1.016194662e+11,6.641329600e+07,1.122745057e+12
430000,950.4817505,1.703027933e+12,3.034328269e+10,6.183557027e+13,3.824095592e+12,1.015084319e+11,6.358666400e+07,1.105753539e+12
431000,950.4838867,1.651884163e+12,2.930460672e+10,6.076816110e+13,3.807478546e+12,1.013975122e+11,6.088114000e+07,1.089021215e+12
432000,950.4859009,1.602288878e+12,2.830186701e+10,5.971964705e+13,3.790934114e+12,1.012867400e+11,5.829140800e+07,1.072548348e+12
433000,950.487915,1.554197250e+12,2.733369958e+10,5.868945348e+13,3.774476190e+12,1.011762708e+11,5.581258400e+07,1.056328843e+12
434000,950.4898682,1.507560784e+12,2.639885517e+10,5.767725740e+13,3.758082490e+12,1.010659328e+11,5.343999200e+07,1.040360538e+12
435000,950.4917603,1.462346056e+12,2.549632410e+10,5.668296230e+13,3.741767696e+12,1.009557176e+11,5.116884800e+07,1.024639500e+12
436000,950.4935913,1.418493034e+12,2.462479565e+10,5.570581318e+13,3.725530759e+12,1.008456417e+11,4.899478800e+07,1.009156162e+12
437000,950.4953613,1.375968166e+12,2.378346291e+10,5.474614976e+13,3.709371941e+12,1.007358771e+11,4.691363600e+07,9.939143885e+11
438000,950.4970703,1.334730949e+12,2.297105408e+10,5.380322962e+13,3.693283115e+12,1.006260388e+11,4.492174800e+07,9.789085450e+11
439000,950.4987793,1.294744551e+12,2.218660864e+10,5.287675492e+13,3.677271359e+12,1.005167084e+11,4.301476000e+07,9.641309635e+11
440000,950.5003662,1.255963361e+12,2.142915584e+10,5.196644463e+13,3.661336150e+12,1.004073206e+11,4.118936400e+07,9.495821025e+11
441000,950.5020142,1.218355397e+12,2.069780070e+10,5.107220227e+13,3.645470409e+12,1.002980475e+11,3.944194800e+07,9.352580956e+11
442000,950.50354,1.181884744e+12,1.999159910e+10,5.019354123e+13,3.629680165e+12,1.001888973e+11,3.776910400e+07,9.211502920e+11
443000,950.5050659,1.146519159e+12,1.930971341e+10,4.933019728e+13,3.613958603e+12,1.000798700e+11,3.616762800e+07,9.072655729e+11
444000,950.5065308,1.112216044e+12,1.865122816e+10,4.848207814e+13,3.598318830e+12,9.997135053e+10,3.463458400e+07,8.935886029e+11
445000,950.5079346,1.078955737e+12,1.801547571e+10,4.764873077e+13,3.582747214e+12,9.986276557e+10,3.316690600e+07,8.801261978e+11
446000,950.5093384,1.046692168e+12,1.740152422e+10,4.683007126e+13,3.567249523e+12,9.975429530e+10,3.176184400e+07,8.668666266e+11
447000,950.5106812,1.015408820e+12,1.680865894e+10,4.602566339e+13,3.551826018e+12,9.964614451e+10,3.041677200e+07,8.538134282e+11
448000,950.5119629,9.850644070e+11,1.623614771e+10,4.523524708e+13,3.536469623e+12,9.953793638e+10,2.912883000e+07,8.409584763e+11
449000,950.5132446,9.556393984e+11,1.568334643e+10,4.445875103e+13,3.521179550e+12,9.942983475e+10,2.789595600e+07,8.283017052e+11
450000,950.5144653,9.270988636e+11,1.514945434e+10,4.369559640e+13,3.505962353e+12,9.932203622e+10,2.671557400e+07,8.158417388e+11
451000,950.515686,8.994191442e+11,1.463393075e+10,4.294587542e+13,3.490824585e+12,9.921455718e+10,2.558542600e+07,8.035692052e+11
452000,950.5168457,8.725759918e+11,1.413608858e+10,4.220934062e+13,3.475751830e+12,9.910700442e+10,2.450346400e+07,7.914843013e+11
453000,950.5180054,8.465404396e+11,1.365533696e+10,4.148544672e+13,3.460744348e+12,9.899976294e+10,2.346752400e+07,7.795871580e+11
454000,950.519104,8.212864041e+11,1.319103795e+10,4.077444118e+13,3.445808693e+12,9.889245594e+10,2.247564200e+07,7.678718116e+11
455000,950.5202026,7.967964529e+11,1.274269389e+10,4.007561931e+13,3.430943556e+12,9.878544384e+10,2.152596800e+07,7.563354440e+11
456000,950.5212402,7.730426675e+11,1.230970778e+10,3.938924120e+13,3.416143430e+12,9.867856282e+10,2.061669800e+07,7.449766789e+11
457000,950.5222778,7.500027658e+11,1.189152563e+10,3.871462308e+13,3.401413558e+12,9.857197670e+10,1.974610200e+07,7.337911910e+11
458000,950.5232544,7.276564972e+11,1.148765901e+10,3.805170629e+13,3.386753417e+12,9.846534144e+10,1.891248400e+07,7.227752448e+11
459000,950.524231,7.059827589e+11,1.109765632e+10,3.740043623e+13,3.372156715e+12,9.835899290e+10,1.811433600e+07,7.119300198e+11
460000,950.5251465,6.849612349e+11,1.072097894e+10,3.676045640e+13,3.357629481e+12,9.825258701e+10,1.735003800e+07,7.012502077e+11
461000,950.526062,6.645694464e+11,1.035724288e+10,3.613171225e+13,3.343164637e+12,9.814647603e+10,1.661821200e+07,6.907333181e+11
462000,950.5269775,6.447920579e+11,1.000588595e+10,3.551372143e+13,3.328775291e+12,9.804067635e+10,1.591743500e+07,6.803767296e+11
463000,950.527832,6.256092774e+11,9.666597888e+09,3.490671041e+13,3.314447548e+12,9.793479475e+10,1.524647200e+07,6.701793280e+11
464000,950.5286255,6.070030172e+11,9.338867712e+09,3.431008147e+13,3.300188488e+12,9.782923264e+10,1.460390300e+07,6.601372467e+11
465000,950.52948,5.889545994e+11,9.022368768e+09,3.372391015e+13,3.285990244e+12,9.772359680e+10,1.398862900e+07,6.502493716e+11
466000,950.5302734,5.714461327e+11,8.716679168e+09,3.314788182e+13,3.271859634e+12,9.761825587e+10,1.339943100e+07,6.405120983e+11
467000,950.5310669,5.544654930e+11,8.421426688e+09,3.258194827e+13,3.257795871e+12,9.751303782e+10,1.283522200e+07,6.309230019e+11
468000,950.5317993,5.379936420e+11,8.136253952e+09,3.202568582e+13,3.243793187e+12,9.740811469e+10,1.229495800e+07,6.214798541e+11
469000,950.5325317,5.220161290e+11,7.860813312e+09,3.147928112e+13,3.229856563e+12,9.730311782e+10,1.177756900e+07,6.121827205e+11
470000,950.5332642,5.065169306e+11,7.594798080e+09,3.094220784e+13,3.215986000e+12,9.719843226e+10,1.128204000e+07,6.030247854e+11
471000,950.5339355,4.914826445e+11,7.337841664e+09,3.041453296e+13,3.202181235e+12,9.709386138e+10,1.080756500e+07,5.940083425e+11
472000,950.5346069,4.768982958e+11,7.089646080e+09,2.989597557e+13,3.188435714e+12,9.698921677e+10,1.035312500e+07,5.851267072e+11
473000,950.5352783,4.627510723e+11,6.849924608e+09,2.938638039e+13,3.174749176e+12,9.688486707e+10,9.917944000e+06,5.763844669e+11
474000,950.5358887,4.490270147e+11,6.618384384e+09,2.888569504e+13,3.161133679e+12,9.678082048e+10,9.501183000e+06,5.677728399e+11
475000,950.536499,4.357149491e+11,6.394719232e+09,2.839365314e+13,3.147576639e+12,9.667688858e+10,9.102039000e+06,5.592920883e+11
476000,950.5371094,4.228007854e+11,6.178683904e+09,2.791020857e+13,3.134083301e+12,9.657288294e+10,8.719779000e+06,5.509422121e+11
477000,950.5377197,4.102724977e+11,5.970015744e+09,2.743510546e+13,3.120648684e+12,9.646918042e+10,8.353668500e+06,5.427179684e+11
478000,950.538269,3.981200261e+11,5.768438272e+09,2.696819909e+13,3.107276980e+12,9.636558438e+10,8.003036500e+06,5.346196193e+11
479000,950.5388184,3.863297393e+11,5.573709824e+09,2.650934269e+13,3.093962949e+12,9.626210304e+10,7.667225000e+06,5.266430689e+11
480000,950.5393677,3.748921999e+11,5.385637888e+09,2.605849849e+13,3.080711569e+12,9.615872819e+10,7.345574500e+06,5.187895624e+11
481000,950.539917,3.637974139e+11,5.203950592e+09,2.561542528e+13,3.067528872e+12,9.605564826e+10,7.037524000e+06,5.110540861e+11
482000,950.5404053,3.530337157e+11,5.028451328e+09,2.517998678e+13,3.054397030e+12,9.595269120e+10,6.742470500e+06,5.034369024e+11
483000,950.5408936,3.425910784e+11,4.858907136e+09,2.475213894e+13,3.041333084e+12,9.584984883e+10,6.459873500e+06,4.959351276e+11
484000,950.5413818,3.324599009e+11,4.695133696e+09,2.433166364e+13,3.028318945e+12,9.574711296e+10,6.189204000e+06,4.885479096e+11
485000,950.5418701,3.226319585e+11,4.536931840e+09,2.391842249e+13,3.015372177e+12,9.564430336e+10,5.929942500e+06,4.812726272e+11
486000,950.5422974,3.130964050e+11,4.384094720e+09,2.351238821e+13,3.002480984e+12,9.554196890e+10,5.681596000e+06,4.741074780e+11
487000,950.5427856,3.038466867e+11,4.236454144e+09,2.311333431e+13,2.989650084e+12,9.543974093e+10,5.443754500e+06,4.670507254e+11
488000,950.5432129,2.948719575e+11,4.093817344e+09,2.272114754e+13,2.976874496e+12,9.533744742e+10,5.215909000e+06,4.601008620e+11
489000,950.5436401,2.861655654e+11,3.956043008e+09,2.233579016e+13,2.964164706e+12,9.523562906e+10,4.997667000e+06,4.532578550e+11
490000,950.5440063,2.777178767e+11,3.822920704e+09,2.195697065e+13,2.951509705e+12,9.513374515e+10,4.788611500e+06,4.465174774e+11
491000,950.5444336,2.695221084e+11,3.694333440e+09,2.158482951e+13,2.938913686e+12,9.503177933e+10,4.588370500e+06,4.398790410e+11
492000,950.5447998,2.615702159e+11,3.570099200e+09,2.121899978e+13,2.926371668e+12,9.493028864e+10,4.396553500e+06,4.333417267e+11
493000,950.545166,2.538558259e+11,3.450082048e+09,2.085953388e+13,2.913883390e+12,9.482873242e+10,4.212819500e+06,4.269032079e+11
494000,950.5455322,2.463713198e+11,3.334125312e+09,2.050631643e+13,2.901459337e+12,9.472746291e+10,4.036802750e+06,4.205627965e+11
495000,950.5458984,2.391088497e+11,3.222102528e+09,2.015908532e+13,2.889088500e+12,9.462629990e+10,3.868184000e+06,4.143181332e+11
496000,950.5462646,2.320626647e+11,3.113873408e+09,1.981789089e+13,2.876770091e+12,9.452542362e+10,3.706665500e+06,4.081677435e+11
497000,950.5465698,2.252258509e+11,3.009308160e+09,1.948254646e+13,2.864515645e+12,9.442448179e+10,3.551911750e+06,4.021102182e+11
498000,950.546936,2.185925427e+11,2.908288000e+09,1.915302691e+13,2.852312842e+12,9.432364646e+10,3.403690000e+06,3.961448038e+11
499000,950.5472412,2.121570222e+11,2.810680064e+09,1.882908682e+13,2.840173216e+12,9.422292582e+10,3.261678750e+06,3.902694031e+11
500000,950.5475464,2.059121623e+11,2.716374272e+09,1.851077238e+13,2.828074484e+12,9.412248371e+10,3.125634250e+06,3.844826399e+11
501000,950.5478516,1.998529987e+11,2.625272320e+09,1.819790954e+13,2.816037880e+12,9.402214810e+10,2.995304250e+06,3.787831050e+11
502000,950.5481567,1.939740099e+11,2.537240832e+09,1.789047518e+13,2.804063142e+12,9.392192717e+10,2.870441500e+06,3.731702415e+11
503000,950.5484619,1.882693796e+11,2.452184576e+09,1.758830683e+13,2.792134541e+12,9.382198477e+10,2.750815000e+06,3.676418867e+11
504000,950.5487061,1.827339305e+11,2.370010880e+09,1.729131006e+13,2.780261777e+12,9.372198502e+10,2.636214750e+06,3.621975491e+11
505000,950.5490112,1.773632553e+11,2.290608640e+09,1.699939791e+13,2.768439345e+12,9.362226381e+10,2.526432000e+06,3.568351969e+11
506000,950.5492554,1.721520947e+11,2.213887744e+09,1.671261125e+13,2.756677730e+12,9.352246886e+10,2.421230250e+06,3.515535852e+11
507000,950.5494995,1.670946652e+11,2.139757056e+09,1.643066382e+13,2.744966447e+12,9.342296064e+10,2.320440000e+06,3.463507804e+11
508000,950.5497437,1.621876736e+11,2.068128128e+09,1.615353991e+13,2.733309952e+12,9.332373914e+10,2.223871250e+06,3.412276019e+11
509000,950.5499878,1.574262702e+11,1.998924032e+09,1.588121433e+13,2.721697497e+12,9.322443571e+10,2.131361750e+06,3.361814938e+11
510000,950.5502319,1.528058184e+11,1.932050048e+09,1.561354450e+13,2.710150316e+12,9.312524698e+10,2.042714250e+06,3.312112763e+11
511000,950.5504761,1.483224187e+11,1.867431296e+09,1.535044655e+13,2.698646651e+12,9.302617293e+10,1.957781625e+06,3.263157371e+11
512000,950.5507202,1.439716311e+11,1.804997760e+09,1.509190056e+13,2.687202230e+12,9.292736922e+10,1.876405750e+06,3.214944174e+11
513000,950.5509033,1.397498184e+11,1.744661760e+09,1.483777124e+13,2.675801588e+12,9.282868019e+10,1.798439625e+06,3.167455805e+11
514000,950.5511475,1.356528271e+11,1.686361728e+09,1.458797891e+13,2.664458879e+12,9.273008128e+10,1.723722625e+06,3.120680796e+11
515000,950.5513306,1.316772250e+11,1.630028544e+09,1.434250579e+13,2.653164667e+12,9.263159706e+10,1.652135375e+06,3.074613903e+11
516000,950.5515137,1.278193418e+11,1.575586304e+09,1.410116836e+13,2.641923408e+12,9.253339955e+10,1.583542125e+06,3.029233172e+11
517000,950.5517578,1.240754340e+11,1.522982656e+09,1.386399809e+13,2.630734316e+12,9.243512013e+10,1.517814125e+06,2.984538931e+11
518000,950.5519409,1.204421018e+11,1.472149504e+09,1.363092577e+13,2.619593196e+12,9.233712742e+10,1.454828250e+06,2.940515779e+11
519000,950.552124,1.169162813e+11,1.423029248e+09,1.340182664e+13,2.608498999e+12,9.223924122e+10,1.394474875e+06,2.897158144e+11
520000,950.5523071,1.134945485e+11,1.375558272e+09,1.317663151e+13,2.597461950e+12,9.214146150e+10,1.336647875e+06,2.854450954e+11
521000,950.5524902,1.101742244e+11,1.329683712e+09,1.295527322e+13,2.586471301e+12,9.204394394e+10,1.281231375e+06,2.812383724e+11
522000,950.5526123,1.069516554e+11,1.285353856e+09,1.273773612e+13,2.575532294e+12,9.194638541e+10,1.228126375e+06,2.770947604e+11
523000,950.5527954,1.038243185e+11,1.242515968e+09,1.252390064e+13,2.564639687e+12,9.184890880e+10,1.177240625e+06,2.730137354e+11
524000,950.5529785,1.007895921e+11,1.201110400e+09,1.231370599e+13,2.553797673e+12,9.175171072e+10,1.128471625e+06,2.689938555e+11
525000,950.5531006,9.784431411e+10,1.161102464e+09,1.210708928e+13,2.543006515e+12,9.165462733e+10,1.081737500e+06,2.650341704e+11
526000,950.5532837,9.498545357e+10,1.122435584e+09,1.190403264e+13,2.532260970e+12,9.155763405e+10,1.036952688e+06,2.611337462e+11
527000,950.5534058,9.221137203e+10,1.085064832e+09,1.170443124e+13,2.521565495e+12,9.146075546e+10,9.940334375e+05,2.572922225e+11
528000,950.5535889,8.951898112e+10,1.048954112e+09,1.150826625e+13,2.510920352e+12,9.136413901e+10,9.529050000e+05,2.535081574e+11
529000,950.5537109,8.690588058e+10,1.014053056e+09,1.131543591e+13,2.500320035e+12,9.126729318e+10,9.134853125e+05,2.497807155e+11
530000,950.553833,8.436985037e+10,9.803206400e+08,1.112588364e+13,2.489769001e+12,9.117089792e+10,8.757113750e+05,2.461090284e+11
531000,950.5540161,8.190845747e+10,9.477192960e+08,1.093950772e+13,2.479267250e+12,9.107458458e+10,8.395073750e+05,2.424926700e+11
532000,950.5541382,7.951962112e+10,9.162162560e+08,1.075638054e+13,2.468810064e+12,9.097839411e+10,8.048110000e+05,2.389303951e+11
533000,950.5542603,7.720104755e+10,8.857637120e+08,1.057636471e+13,2.458396918e+12,9.088247398e+10,7.715559375e+05,2.354213519e+11
534000,950.5543823,7.495079526e+10,8.563364480e+08,1.039940259e+13,2.448036987e+12,9.078647194e+10,7.396862500e+05,2.319647048e+11
535000,950.5545044,7.276683264e+10,8.278899200e+08,1.022544492e+13,2.437720834e+12,9.069058458e+10,7.091410000e+05,2.285601260e+11
536000,950.5546265,7.064703795e+10,8.004007040e+08,1.005449480e+13,2.427452654e+12,9.059497574e+10,6.798650625e+05,2.252063867e+11
537000,950.5546875,6.858953114e+10,7.738285440e+08,9.886407556e+12,2.417227727e+12,9.049945702e+10,6.518063750e+05,2.219031265e+11
538000,950.5548096,6.659244032e+10,7.481457280e+08,9.721188454e+12,2.407050510e+12,9.040403661e+10,6.249128125e+05,2.186487398e+11
539000,950.5549316,6.465436467e+10,7.233263360e+08,9.558806060e+12,2.396920742e+12,9.030872269e+10,5.991358125e+05,2.154432922e+11
540000,950.5550537,6.277305549e+10,6.993343360e+08,9.399174364e+12,2.386833703e+12,9.021349888e+10,5.744308125e+05,2.122852598e+11
541000,950.5551147,6.094695629e+10,6.761445760e+08,9.242249374e+12,2.376793588e+12,9.011856998e+10,5.507508125e+05,2.091751342e+11
542000,950.5552368,5.917442458e+10,6.537312000e+08,9.087979658e+12,2.366800134e+12,9.002355098e+10,5.280530625e+05,2.061113262e+11
543000,950.5553589,5.745432576e+10,6.320668800e+08,8.936356927e+12,2.356848624e+12,8.992880230e+10,5.062973750e+05,2.030931804e+11
544000,950.5554199,5.578423091e+10,6.111264000e+08,8.787301389e+12,2.346943775e+12,8.983417651e+10,4.854418750e+05,2.001196155e+11
545000,950.555542,5.416350106e+10,5.908864000e+08,8.640783234e+12,2.337084539e+12,8.973962445e+10,4.654542500e+05,1.971910902e+11
546000,950.555603,5.259017011e+10,5.713210240e+08,8.496744813e+12,2.327267246e+12,8.964535910e+10,4.462930312e+05,1.943057859e+11
547000,950.5557251,5.106282496e+10,5.524087680e+08,8.355156740e+12,2.317495304e+12,8.955101184e+10,4.279246562e+05,1.914634404e+11
548000,950.5557861,4.958031053e+10,5.341267200e+08,8.215963965e+12,2.307764257e+12,8.945694310e+10,4.103201875e+05,1.886637588e+11
549000,950.5558472,4.814138982e+10,5.164555840e+08,8.079122999e+12,2.298079085e+12,8.936280064e+10,3.934421875e+05,1.859057091e+11
550000,950.5559692,4.674458829e+10,4.993748160e+08,7.944624951e+12,2.288438215e+12,8.926892032e+10,3.772655938e+05,1.831890289e+11
551000,950.5560303,4.538874675e+10,4.828644800e+08,7.812398494e+12,2.278837977e+12,8.917531853e+10,3.617575938e+05,1.805127516e+11
552000,950.5560913,4.407240294e+10,4.669026880e+08,7.682405929e+12,2.269282566e+12,8.908164301e+10,3.468897188e+05,1.778762547e+11
553000,950.5561523,4.279480320e+10,4.514737280e+08,7.554606885e+12,2.259771720e+12,8.898806579e+10,3.326385938e+05,1.752789156e+11
554000,950.5562744,4.155463270e+10,4.365578880e+08,7.428993998e+12,2.250299933e+12,8.889475072e+10,3.189759688e+05,1.727201772e+11
555000,950.5563354,4.035056026e+10,4.221396800e+08,7.305500185e+12,2.240872972e+12,8.880137011e+10,3.058786562e+05,1.701994332e+11
556000,950.5563965,3.918190182e+10,4.082031360e+08,7.184117057e+12,2.231485071e+12,8.870825984e+10,2.933235000e+05,1.677167657e+11
557000,950.5564575,3.804723200e+10,3.947289920e+08,7.064753962e+12,2.222145143e+12,8.861523968e+10,2.812859375e+05,1.652702904e+11
558000,950.5565186,3.694591590e+10,3.817039680e+08,6.947429751e+12,2.212844274e+12,8.852248986e+10,2.697464375e+05,1.628607775e+11
559000,950.5565796,3.587661414e+10,3.691122240e+08,6.832082532e+12,2.203586658e+12,8.842967450e+10,2.586828594e+05,1.604866867e+11
560000,950.5566406,3.483859354e+10,3.569372160e+08,6.718679353e+12,2.194363253e+12,8.833712128e+10,2.480753594e+05,1.581481001e+11
561000,950.5567017,3.383086490e+10,3.451697280e+08,6.607211274e+12,2.185186902e+12,8.824449434e+10,2.379064844e+05,1.558441984e+11
562000,950.5567627,3.285259878e+10,3.337921280e+08,6.497620102e+12,2.176049086e+12,8.815212954e+10,2.281570469e+05,1.535741297e+11
563000,950.5568237,3.190292275e+10,3.227931840e+08,6.389873880e+12,2.166957801e+12,8.805987123e+10,2.188104844e+05,1.513385984e+11
564000,950.5568848,3.098105446e+10,3.121597120e+08,6.283965244e+12,2.157900202e+12,8.796769485e+10,2.098487969e+05,1.491355894e+11
565000,950.5569458,3.008588186e+10,3.018794240e+08,6.179814555e+12,2.148888871e+12,8.787579699e+10,2.012568281e+05,1.469654958e+11
566000,950.5569458,2.921696666e+10,2.919410240e+08,6.077462680e+12,2.139915026e+12,8.778382541e+10,1.930185312e+05,1.448275313e+11
567000,950.5570068,2.837336269e+10,2.823319040e+08,5.976808459e+12,2.130978537e+12,8.769210778e+10,1.851206094e+05,1.427214991e+11
568000,950.5570679,2.755432653e+10,2.730417280e+08,5.877857161e+12,2.122083467e+12,8.760049664e+10,1.775472031e+05,1.406463508e+11
569000,950.5571289,2.675923968e+10,2.640597280e+08,5.780569417e+12,2.113229554e+12,8.750881178e+10,1.702859219e+05,1.386021683e+11
570000,950.5571899,2.598714368e+10,2.553756800e+08,5.684926950e+12,2.104416928e+12,8.741738906e+10,1.633231562e+05,1.365879521e+11
571000,950.5571899,2.523766374e+10,2.469804960e+08,5.590912388e+12,2.095641002e+12,8.732622848e+10,1.566471875e+05,1.346040463e+11
572000,950.557251,2.450993766e+10,2.388622080e+08,5.498455050e+12,2.086901383e+12,8.723499418e+10,1.502458125e+05,1.326491894e+11
573000,950.557312,2.380351693e+10,2.310142880e+08,5.407581104e+12,2.078206198e+12,8.714402202e+10,1.441082500e+05,1.307234959e+11
574000,950.557312,2.311758643e+10,2.234263680e+08,5.318231832e+12,2.069547188e+12,8.705315635e+10,1.382235156e+05,1.288262287e+11
575000,950.557373,2.245150720e+10,2.160888960e+08,5.230371604e+12,2.060924486e+12,8.696220877e+10,1.325793125e+05,1.269569946e+11
576000,950.5574341,2.180495155e+10,2.089948000e+08,5.144004097e+12,2.052345299e+12,8.687167898e+10,1.271682734e+05,1.251156050e+11
577000,950.5574341,2.117713715e+10,2.021351360e+08,5.059084768e+12,2.043798225e+12,8.678109184e+10,1.219792422e+05,1.233011425e+11
578000,950.5574951,2.056755610e+10,1.955024640e+08,4.975589505e+12,2.035294142e+12,8.669059482e+10,1.170028359e+05,1.215134597e+11
579000,950.5575562,1.997571072e+10,1.890899680e+08,4.893502053e+12,2.026825712e+12,8.660035994e+10,1.122309375e+05,1.197523845e+11
580000,950.5575562,1.940101120e+10,1.828888800e+08,4.812790959e+12,2.018396340e+12,8.651005133e+10,1.076553281e+05,1.180172943e+11
581000,950.5576172,1.884305818e+10,1.768938080e+08,4.733439446e+12,2.010001965e+12,8.642016051e+10,1.032678125e+05,1.163077632e+11
582000,950.5576172,1.830129254e+10,1.710956160e+08,4.655417132e+12,2.001646387e+12,8.633004851e+10,9.905951562e+04,1.146236764e+11
583000,950.5576782,1.777527194e+10,1.654899680e+08,4.578717701e+12,1.993329213e+12,8.624035430e+10,9.502414062e+04,1.129643868e+11
584000,950.5576782,1.726443725e+10,1.600692160e+08,4.503294544e+12,1.985046905e+12,8.615058637e+10,9.115421094e+04,1.113293373e+11
585000,950.5577393,1.676853760e+10,1.548272160e+08,4.429139773e+12,1.976802607e+12,8.606090035e+10,8.744304688e+04,1.097187901e+11
586000,950.5577393,1.628697805e+10,1.497591680e+08,4.356234539e+12,1.968596189e+12,8.597149286e+10,8.388410156e+04,1.081317458e+11
587000,950.5578003,1.581936435e+10,1.448575520e+08,4.284539498e+12,1.960423981e+12,8.588216730e+10,8.047077344e+04,1.065682698e+11
588000,950.5578003,1.536529613e+10,1.401179840e+08,4.214059396e+12,1.952289260e+12,8.579294003e+10,7.719735938e+04,1.050276004e+11
589000,950.5578613,1.492440269e+10,1.355350240e+08,4.144756508e+12,1.944188355e+12,8.570379469e+10,7.405795312e+04,1.035098030e+11
590000,950.5578613,1.449627136e+10,1.311027360e+08,4.076619516e+12,1.936128606e+12,8.561475584e+10,7.104690625e+04,1.020143206e+11
591000,950.5579224,1.408055603e+10,1.268172960e+08,4.009627547e+12,1.928098480e+12,8.552595456e+10,6.815957031e+04,1.005410140e+11
592000,950.5579224,1.367686656e+10,1.226726640e+08,3.943746688e+12,1.920108855e+12,8.543693210e+10,6.538970703e+04,9.908937523e+10
593000,950.5579834,1.328487834e+10,1.186646160e+08,3.878973059e+12,1.912152392e+12,8.534832742e+10,6.273358984e+04,9.765888000e+10
594000,950.5579834,1.290419712e+10,1.147888240e+08,3.815287548e+12,1.904229089e+12,8.525981286e+10,6.018606250e+04,9.624976589e+10
595000,950.5579834,1.253456998e+10,1.110409120e+08,3.752678073e+12,1.896345764e+12,8.517139661e+10,5.774264844e+04,9.486117274e+10
596000,950.5580444,1.217557504e+10,1.074157600e+08,3.691091685e+12,1.888491405e+12,8.508306227e+10,5.539874609e+04,9.349295309e+10
597000,950.5580444,1.182704333e+10,1.039101600e+08,3.630545710e+12,1.880676893e+12,8.499483443e+10,5.315100391e+04,9.214500864e+10
598000,950.5580444,1.148855398e+10,1.005201200e+08,3.571022847e+12,1.872894624e+12,8.490700800e+10,5.099514453e+04,9.081684787e+10
599000,950.5581055,1.115981414e+10,9.724159200e+07,3.512484851e+12,1.865148137e+12,8.481894400e+10,4.892718359e+04,8.950799565e+10
600000,950.5581055,1.084060774e+10,9.407073600e+07,3.454921712e+12,1.857433633e+12,8.473098650e+10,4.694362891e+04,8.821868134e+10
601000,950.5581055,1.053057024e+10,9.100412800e+07,3.398324328e+12,1.849754649e+12,8.464344678e+10,4.504092188e+04,8.694811034e+10
602000,950.5581665,1.022951834e+10,8.803849600e+07,3.342681122e+12,1.842110792e+12,8.455564493e+10,4.321590625e+04,8.569614336e+10
603000,950.5581665,9.937166336e+09,8.517016000e+07,3.287951222e+12,1.834495115e+12,8.446829363e+10,4.146531250e+04,8.446255104e+10
604000,950.5581665,9.653243904e+09,8.239622400e+07,3.234144829e+12,1.826921513e+12,8.438099968e+10,3.978624609e+04,8.324734157e+10
605000,950.5582275,9.377504256e+09,7.971338400e+07,3.181238950e+12,1.819375436e+12,8.429381222e+10,3.817545312e+04,8.204976947e+10
606000,950.5582275,9.109730304e+09,7.711848800e+07,3.129213327e+12,1.811864093e+12,8.420656742e+10,3.663036719e+04,8.086974464e+10
607000,950.5582275,8.849650688e+09,7.460877600e+07,3.078046254e+12,1.804387353e+12,8.411956019e+10,3.514828906e+04,7.970698854e+10
608000,950.5582886,8.597096448e+09,7.218170400e+07,3.027740900e+12,1.796941152e+12,8.403263488e+10,3.372662109e+04,7.856138650e+10
609000,950.5582886,8.351811072e+09,6.983398400e+07,2.978277275e+12,1.789529424e+12,8.394580787e+10,3.236270703e+04,7.743242240e+10
610000,950.5582886,8.113588224e+09,6.756340000e+07,2.929635262e+12,1.782151512e+12,8.385907098e+10,3.105436328e+04,7.632024371e+10
611000,950.5582886,7.882219520e+09,6.536702400e+07,2.881795183e+12,1.774804009e+12,8.377257984e+10,2.979919727e+04,7.522419507e+10
612000,950.5583496,7.657506816e+09,6.324287200e+07,2.834759943e+12,1.767490060e+12,8.368617062e+10,2.859525195e+04,7.414416179e+10
613000,950.5583496,7.439271424e+09,6.118834800e+07,2.788510386e+12,1.760209928e+12,8.359986790e+10,2.744021289e+04,7.308006195e+10
614000,950.5583496,7.227324416e+09,5.920090400e+07,2.743023182e+12,1.752956273e+12,8.351348326e+10,2.633213086e+04,7.203136307e+10
615000,950.5583496,7.021457408e+09,5.727877200e+07,2.698295495e+12,1.745739186e+12,8.342751642e+10,2.526903516e+04,7.099812250e+10
616000,950.5584106,6.821543424e+09,5.541957600e+07,2.654314435e+12,1.738554999e+12,8.334146765e+10,2.424931836e+04,6.997997158e+10
617000,950.5584106,6.627335168e+09,5.362114000e+07,2.611062201e+12,1.731400434e+12,8.325551718e+10,2.327084375e+04,6.897681203e+10
618000,950.5584106,6.438729728e+09,5.188155600e+07,2.568531501e+12,1.724275491e+12,8.316980429e+10,2.233219141e+04,6.798803763e+10
619000,950.5584106,6.255539200e+09,5.019889600e+07,2.526705490e+12,1.717182923e+12,8.308418970e+10,2.143164648e+04,6.701395558e+10
620000,950.5584106,6.077606912e+09,4.857135600e+07,2.485577114e+12,1.710122992e+12,8.299866522e+10,2.056765234e+04,6.605406618e+10
621000,950.5584717,5.904780800e+09,4.699676400e+07,2.445124401e+12,1.703095173e+12,8.291321446e+10,1.973878516e+04,6.510817690e+10
622000,950.5584717,5.736924160e+09,4.547391600e+07,2.405350977e+12,1.696093045e+12,8.282786202e+10,1.894339844e+04,6.417608704e+10
623000,950.5584717,5.573893120e+09,4.400074400e+07,2.366235391e+12,1.689126044e+12,8.274275533e+10,1.818040625e+04,6.325757542e+10
624000,950.5584717,5.415524864e+09,4.257570800e+07,2.327766854e+12,1.682187878e+12,8.265757491e+10,1.744821484e+04,6.235245363e+10
625000,950.5584717,5.261726720e+09,4.119713600e+07,2.289938834e+12,1.675281302e+12,8.257264026e+10,1.674583008e+04,6.146074624e+10
626000,950.5585327,5.112306688e+09,3.986373200e+07,2.252740347e+12,1.668406182e+12,8.248778752e+10,1.607190137e+04,6.058178970e+10
627000,950.5585327,4.967186432e+09,3.857370400e+07,2.216156713e+12,1.661559505e+12,8.240302490e+10,1.542527246e+04,5.971562906e+10
628000,950.5585327,4.826222592e+09,3.732585600e+07,2.180177688e+12,1.654743761e+12,8.231835238e+10,1.480477344e+04,5.886230938e+10
629000,950.5585327,4.689294336e+09,3.611871600e+07,2.144797003e+12,1.647956197e+12,8.223392563e+10,1.420950586e+04,5.802128998e+10
630000,950.5585327,4.556303360e+09,3.495095200e+07,2.110000374e+12,1.641199567e+12,8.214942515e+10,1.363827637e+04,5.719250944e+10
631000,950.5585327,4.427118592e+09,3.382119600e+07,2.075782296e+12,1.634473869e+12,8.206517862e+10,1.309020996e+04,5.637588173e+10
632000,950.5585327,4.301603840e+09,3.272827600e+07,2.042125054e+12,1.627775566e+12,8.198101402e+10,1.256416895e+04,5.557103002e+10
633000,950.5585938,4.179703808e+09,3.167103200e+07,2.009034352e+12,1.621107802e+12,8.189676749e+10,1.205954199e+04,5.477797069e+10
634000,950.5585938,4.061296896e+09,3.064823600e+07,1.976489677e+12,1.614467432e+12,8.181293056e+10,1.157527246e+04,5.399654400e+10
635000,950.5585938,3.946266624e+09,2.965863800e+07,1.944477575e+12,1.607857209e+12,8.172901171e+10,1.111057617e+04,5.322636902e+10
636000,950.5585938,3.834531328e+09,2.870132200e+07,1.912993568e+12,1.601277264e+12,8.164519117e+10,1.066469727e+04,5.246738022e+10
637000,950.5585938,3.725995264e+09,2.777527800e+07,1.882039012e+12,1.594724188e+12,8.156161638e+10,1.023686914e+04,5.171940557e+10
638000,950.5585938,3.620551936e+09,2.687926600e+07,1.851590644e+12,1.588204012e+12,8.147811533e+10,9.826242188e+03,5.098239181e+10
639000,950.5585938,3.518112768e+09,2.601235600e+07,1.821643962e+12,1.581707297e+12,8.139454874e+10,9.432194336e+03,5.025607270e+10
640000,950.5585938,3.418611200e+09,2.517364800e+07,1.792193639e+12,1.575240466e+12,8.131121971e+10,9.054085938e+03,4.954028032e+10
641000,950.5586548,3.321961472e+09,2.436239600e+07,1.763231355e+12,1.568802865e+12,8.122812826e+10,8.691233398e+03,4.883487539e+10
642000,950.5586548,3.228056832e+09,2.357729000e+07,1.734742558e+12,1.562391740e+12,8.114497126e+10,8.343018555e+03,4.813978829e+10
643000,950.5586548,3.136830464e+09,2.281779200e+07,1.706728933e+12,1.556009452e+12,8.106206822e+10,8.008846191e+03,4.745460122e+10
644000,950.5586548,3.048217344e+09,2.208292600e+07,1.679172635e+12,1.549656392e+12,8.097907507e+10,7.688148438e+03,4.677951488e+10
645000,950.5586548,2.962118656e+09,2.137193200e+07,1.652075716e+12,1.543329415e+12,8.089633587e+10,7.380375000e+03,4.611421389e+10
646000,950.5586548,2.878490112e+09,2.068410600e+07,1.625424044e+12,1.537031012e+12,8.081367040e+10,7.085004883e+03,4.545854669e+10
647000,950.5586548,2.797243904e+09,2.001849200e+07,1.599210390e+12,1.530758300e+12,8.073109504e+10,6.801532715e+03,4.481237402e+10
648000,950.5586548,2.718296320e+09,1.937448200e+07,1.573424333e+12,1.524514423e+12,8.064860160e+10,6.529477539e+03,4.417555661e+10
649000,950.5586548,2.641612288e+09,1.875140600e+07,1.548067711e+12,1.518298595e+12,8.056635392e+10,6.268399414e+03,4.354795110e+10
650000,950.5587158,2.567115264e+09,1.814857400e+07,1.523130103e+12,1.512108065e+12,8.048401613e+10,6.017806641e+03,4.292942643e+10
651000,950.5587158,2.494734080e+09,1.756522200e+07,1.498601856e+12,1.505945715e+12,8.040192410e+10,5.777297852e+03,4.232000717e+10
652000,950.5587158,2.424417024e+09,1.700088200e+07,1.474481614e+12,1.499811414e+12,8.031993037e+10,5.546486328e+03,4.171924275e+10
653000,950.5587158,2.356095232e+09,1.645473700e+07,1.450751379e+12,1.493702017e+12,8.023800218e+10,5.324956543e+03,4.112732160e+10
654000,950.5587158,2.289716224e+09,1.592628600e+07,1.427410476e+12,1.487620407e+12,8.015617229e+10,5.112333984e+03,4.054379315e+10
655000,950.5587158,2.225232640e+09,1.541498500e+07,1.404460149e+12,1.481563570e+12,8.007457997e+10,4.908238281e+03,3.996885811e+10
656000,950.5587158,2.162585600e+09,1.492024000e+07,1.381885806e+12,1.475534127e+12,7.999291392e+10,4.712362305e+03,3.940207002e+10
657000,950.5587158,2.101710848e+09,1.444151100e+07,1.359678688e+12,1.469532209e+12,7.991131341e+10,4.524354980e+03,3.884361728e+10
658000,950.5587158,2.042564864e+09,1.397819700e+07,1.337835236e+12,1.463554540e+12,7.982996685e+10,4.343882324e+03,3.829322138e+10
659000,950.5587158,1.985109888e+09,1.352992700e+07,1.316354556e+12,1.457601249e+12,7.974870221e+10,4.170671387e+03,3.775070208e+10
660000,950.5587158,1.929285760e+09,1.309618300e+07,1.295225525e+12,1.451677581e+12,7.966751949e+10,4.004413330e+03,3.721614950e+10
661000,950.5587158,1.875035008e+09,1.267641800e+07,1.274442358e+12,1.445778162e+12,7.958656614e+10,3.844826904e+03,3.668917043e+10
662000,950.5587158,1.822330752e+09,1.227022200e+07,1.254001233e+12,1.439905481e+12,7.950554726e+10,3.691642822e+03,3.616985498e+10
663000,950.5587769,1.771124480e+09,1.187720100e+07,1.233894591e+12,1.434056393e+12,7.942475776e+10,3.544615723e+03,3.565809254e+10
664000,950.5587769,1.721367296e+09,1.149685700e+07,1.214118853e+12,1.428234043e+12,7.934390272e+10,3.403457275e+03,3.515364557e+10
665000,950.5587769,1.673027072e+09,1.112877700e+07,1.194668706e+12,1.422435287e+12,7.926327706e+10,3.267982910e+03,3.465646490e+10
666000,950.5587769,1.626050432e+09,1.077254300e+07,1.175531769e+12,1.416662614e+12,7.918274150e+10,3.137912842e+03,3.416650752e+10
667000,950.5587769,1.580411008e+09,1.042789300e+07,1.156714132e+12,1.410916286e+12,7.910243533e+10,3.013076904e+03,3.368360960e+10
668000,950.5587769,1.536061440e+09,1.009428800e+07,1.138199353e+12,1.405193159e+12,7.902205542e+10,2.893229492e+03,3.320759910e+10
669000,950.5587769,1.492976256e+09,9.771503000e+06,1.119995488e+12,1.399495852e+12,7.894176563e+10,2.778181152e+03,3.273856205e+10
670000,950.5587769,1.451102336e+09,9.459078000e+06,1.102082312e+12,1.393821745e+12,7.886169702e+10,2.667748291e+03,3.227615437e+10
671000,950.5587769,1.410416256e+09,9.156780000e+06,1.084465483e+12,1.388175950e+12,7.878171853e+10,2.561714844e+03,3.182051942e+10
672000,950.5587769,1.370886656e+09,8.864178000e+06,1.067136066e+12,1.382552961e+12,7.870182195e+10,2.459943115e+03,3.137143603e+10
673000,950.5587769,1.332470144e+09,8.581023000e+06,1.050089273e+12,1.376952779e+12,7.862199910e+10,2.362240967e+03,3.092874854e+10
674000,950.5587769,1.295142528e+09,8.307008500e+06,1.033322144e+12,1.371375272e+12,7.854226637e+10,2.268428467e+03,3.049242624e+10
675000,950.5587769,1.258872448e+09,8.041806500e+06,1.016830279e+12,1.365825552e+12,7.846259917e+10,2.178383057e+03,3.006242611e+10
676000,950.5587769,1.223629952e+09,7.785129500e+06,1.000607041e+12,1.360298377e+12,7.838317773e+10,2.091935547e+03,2.963860685e+10
677000,950.5587769,1.189378432e+09,7.536717500e+06,9.846479944e+11,1.354796106e+12,7.830383002e+10,2.008942017e+03,2.922087629e+10
678000,950.5587769,1.156096896e+09,7.296301000e+06,9.689488404e+11,1.349315985e+12,7.822441677e+10,1.929255737e+03,2.880914022e+10
679000,950.5587769,1.123759360e+09,7.063634500e+06,9.535087473e+11,1.343860638e+12,7.814523290e+10,1.852751465e+03,2.840331264e+10
680000,950.5587769,1.092330624e+09,6.838426500e+06,9.383181855e+11,1.338429932e+12,7.806612275e+10,1.779308228e+03,2.800330957e+10
681000,950.5587769,1.061790976e+09,6.620487500e+06,9.233763963e+11,1.333021245e+12,7.798725018e+10,1.708795532e+03,2.760915354e+10
682000,950.5587769,1.032111040e+09,6.409518500e+06,9.086775286e+11,1.327634448e+12,7.790831206e+10,1.641083740e+03,2.722054144e+10
683000,950.5588379,1.003272000e+09,6.205354500e+06,8.942177270e+11,1.322274128e+12,7.782958694e+10,1.576084839e+03,2.683750195e+10
684000,950.5588379,9.752446720e+08,6.007740500e+06,8.799962419e+11,1.316935827e+12,7.775079629e+10,1.513672119e+03,2.646000435e+10
685000,950.5588379,9.480109440e+08,5.816508000e+06,8.660057620e+11,1.311621382e+12,7.767223501e+10,1.453758667e+03,2.608791757e+10
686000,950.5588379,9.215432320e+08,5.631373000e+06,8.522441359e+11,1.306328564e+12,7.759375565e+10,1.396227173e+03,2.572121088e+10
687000,950.5588379,8.958211200e+08,5.452183000e+06,8.387028603e+11,1.301056848e+12,7.751535821e+10,1.340977783e+03,2.535965696e+10
688000,950.5588379,8.708236800e+08,5.278745500e+06,8.253843446e+11,1.295811478e+12,7.743718195e+10,1.287939087e+03,2.500337664e+10
689000,950.5588379,8.465317760e+08,5.110892500e+06,8.122836439e+11,1.290587341e+12,7.735894016e+10,1.237007690e+03,2.465214874e+10
690000,950.5588379,8.229239040e+08,4.948397000e+06,7.993939251e+11,1.285384176e+12,7.728092774e+10,1.188108521e+03,2.430594867e+10
691000,950.5588379,7.999789440e+08,4.791131500e+06,7.867146455e+11,1.280206963e+12,7.720299725e+10,1.141155273e+03,2.396474778e+10
692000,950.5588379,7.776840960e+08,4.638899500e+06,7.742424535e+11,1.275047969e+12,7.712513229e+10,1.096070190e+03,2.362842317e+10
693000,950.5588379,7.560134400e+08,4.491529000e+06,7.619710024e+11,1.269912306e+12,7.704736563e+10,1.052774414e+03,2.329686630e+10
694000,950.5588379,7.349523840e+08,4.348916000e+06,7.499011625e+11,1.264802202e+12,7.696965632e+10,1.011204285e+03,2.297013658e+10
695000,950.5588379,7.144861440e+08,4.210831000e+06,7.380254638e+11,1.259710054e+12,7.689218458e+10,9.712867432e+02,2.264803123e+10
696000,950.5588379,6.945937920e+08,4.077200000e+06,7.263447767e+11,1.254643466e+12,7.681463910e+10,9.329519653e+02,2.233052774e+10
697000,950.5588379,6.752591360e+08,3.947810750e+06,7.148504515e+11,1.249594704e+12,7.673731482e+10,8.961439819e+02,2.201755853e+10
698000,950.5588379,6.564714240e+08,3.822599750e+06,7.035449405e+11,1.244571107e+12,7.665993318e+10,8.607946777e+02,2.170906214e+10
699000,950.5588379,6.382101120e+08,3.701367000e+06,6.924222054e+11,1.239567696e+12,7.658291200e+10,8.268523560e+02,2.140496896e+10
700000,950.5588379,6.204603520e+08,3.584034250e+06,6.814819953e+11,1.234584338e+12,7.650582528e+10,7.942576294e+02,2.110525440e+10
701000,950.5588379,6.032110720e+08,3.470447250e+06,6.707185306e+11,1.229623263e+12,7.642882048e+10,7.629563599e+02,2.080981606e+10
702000,950.5588379,5.864459520e+08,3.360473000e+06,6.601266657e+11,1.224684732e+12,7.635202867e+10,7.328944092e+02,2.051855360e+10
703000,950.5588379,5.701488640e+08,3.254014500e+06,6.497071391e+11,1.219768222e+12,7.627517952e+10,7.040249634e+02,2.023144448e+10
704000,950.5588379,5.543120640e+08,3.150970750e+06,6.394584248e+11,1.214869144e+12,7.619854336e+10,6.763026733e+02,1.994850304e+10
705000,950.5588379,5.389182720e+08,3.051219250e+06,6.293738762e+11,1.209994314e+12,7.612199731e+10,6.496798096e+02,1.966952038e+10
706000,950.5588379,5.239559680e+08,2.954648000e+06,6.194533898e+11,1.205139014e+12,7.604550861e+10,6.241120605e+02,1.939458867e+10
707000,950.5588379,5.094129280e+08,2.861155250e+06,6.096929884e+11,1.200305471e+12,7.596911821e+10,5.995550537e+02,1.912349901e+10
708000,950.5588379,4.952764480e+08,2.770652250e+06,6.000911626e+11,1.195491459e+12,7.589278515e+10,5.759710083e+02,1.885633946e+10
709000,950.5588379,4.815386560e+08,2.683043000e+06,5.906453586e+11,1.190698942e+12,7.581668147e+10,5.533229980e+02,1.859298714e+10
710000,950.5588379,4.681837120e+08,2.598204250e+06,5.813496586e+11,1.185927922e+12,7.574051226e+10,5.315676270e+02,1.833331098e+10
711000,950.5588379,4.552051840e+08,2.516100250e+06,5.722080502e+11,1.181176037e+12,7.566456422e+10,5.106792297e+02,1.807739699e+10
712000,950.5588379,4.425864640e+08,2.436596000e+06,5.632116152e+11,1.176445387e+12,7.558869811e+10,4.906136475e+02,1.782512845e+10
713000,950.5588379,4.303233280e+08,2.359635000e+06,5.543611761e+11,1.171733742e+12,7.551288934e+10,4.713453979e+02,1.757644390e+10
714000,950.5588379,4.184015680e+08,2.285100750e+06,5.456512604e+11,1.167043068e+12,7.543717888e+10,4.528321533e+02,1.733123072e+10
715000,950.5588379,4.068154880e+08,2.212971250e+06,5.370855526e+11,1.162373497e+12,7.536167322e+10,4.350560303e+02,1.708963328e+10
716000,950.5588379,3.955525440e+08,2.143118750e+06,5.286557000e+11,1.157722538e+12,7.528624128e+10,4.179825134e+02,1.685136998e+10
717000,950.5588379,3.846057600e+08,2.075498875e+06,5.203634534e+11,1.153092420e+12,7.521075200e+10,4.015820923e+02,1.661655757e+10
718000,950.5588379,3.739619520e+08,2.010029750e+06,5.122045389e+11,1.148478685e+12,7.513547571e+10,3.858295898e+02,1.638501683e+10
719000,950.5588379,3.636176000e+08,1.946642500e+06,5.041768079e+11,1.143889986e+12,7.506027315e+10,3.707006531e+02,1.615682560e+10
720000,950.5588379,3.535613760e+08,1.885272000e+06,4.962781327e+11,1.139319636e+12,7.498515251e+10,3.561676941e+02,1.593184051e+10
721000,950.5588379,3.437872000e+08,1.825850375e+06,4.885063670e+11,1.134767374e+12,7.491009741e+10,3.422070312e+02,1.571005030e+10
722000,950.5588379,3.342851200e+08,1.768325250e+06,4.808612311e+11,1.130233332e+12,7.483527168e+10,3.287998962e+02,1.549143654e+10
723000,950.5588379,3.250481920e+08,1.712619000e+06,4.733388923e+11,1.125719605e+12,7.476037222e+10,3.159216309e+02,1.527592243e+10
724000,950.5588379,3.160695360e+08,1.658683375e+06,4.659364495e+11,1.121228161e+12,7.468568576e+10,3.035489807e+02,1.506343629e+10
725000,950.5588379,3.073400320e+08,1.606461875e+06,4.586536100e+11,1.116750479e+12,7.461108122e+10,2.916652832e+02,1.485396173e+10
726000,950.5588989,2.988555520e+08,1.555902000e+06,4.514884721e+11,1.112296915e+12,7.453654221e+10,2.802510986e+02,1.464751104e+10
727000,950.5588989,2.906064960e+08,1.506942125e+06,4.444374139e+11,1.107859079e+12,7.446208512e+10,2.692846375e+02,1.444393062e+10
728000,950.5588989,2.825878080e+08,1.459542500e+06,4.375010437e+11,1.103443001e+12,7.438770176e+10,2.587502747e+02,1.424326042e+10
729000,950.5588989,2.747924480e+08,1.413644500e+06,4.306759199e+11,1.099042587e+12,7.431353958e+10,2.486327515e+02,1.404543386e+10
730000,950.5588989,2.672137120e+08,1.369195000e+06,4.239600599e+11,1.094663930e+12,7.423930368e+10,2.389135742e+02,1.385037926e+10
731000,950.5588989,2.598459520e+08,1.326163500e+06,4.173518756e+11,1.090302575e+12,7.416528077e+10,2.295751953e+02,1.365813862e+10
732000,950.5588989,2.526837120e+08,1.284494250e+06,4.108509722e+11,1.085960815e+12,7.409133158e+10,2.206035309e+02,1.346856550e+10
733000,950.5588989,2.457221920e+08,1.244143500e+06,4.044525834e+11,1.081636225e+12,7.401746432e+10,2.119864960e+02,1.328172544e+10
734000,950.5588989,2.389524800e+08,1.205074375e+06,3.981581501e+11,1.077328937e+12,7.394367078e+10,2.037083740e+02,1.309752730e+10
735000,950.5588989,2.323719360e+08,1.167238750e+06,3.919643796e+11,1.073042817e+12,7.387008205e+10,1.957565460e+02,1.291590861e+10
736000,950.5588989,2.259751680e+08,1.130604000e+06,3.858696330e+11,1.068773868e+12,7.379642778e+10,1.881165161e+02,1.273688166e+10
737000,950.5588989,2.197540960e+08,1.095127250e+06,3.798723712e+11,1.064521826e+12,7.372298650e+10,1.807746735e+02,1.256035942e+10
738000,950.5588989,2.137079680e+08,1.060776000e+06,3.739722982e+11,1.060290626e+12,7.364961894e+10,1.737240143e+02,1.238635520e+10
739000,950.5588989,2.078285600e+08,1.027504250e+06,3.681651876e+11,1.056074433e+12,7.357633331e+10,1.669489899e+02,1.221478298e+10
740000,950.5588989,2.021132320e+08,9.952930625e+05,3.624528246e+11,1.051878949e+12,7.350311322e+10,1.604399872e+02,1.204565914e+10
741000,950.5588989,1.965561920e+08,9.640971250e+05,3.568302945e+11,1.047698211e+12,7.342996685e+10,1.541865387e+02,1.187889664e+10
742000,950.5588989,1.911534080e+08,9.338844375e+05,3.512982195e+11,1.043537920e+12,7.335689421e+10,1.481785431e+02,1.171451085e+10
743000,950.5588989,1.859016160e+08,9.046323750e+05,3.458557317e+11,1.039394275e+12,7.328403456e+10,1.424068146e+02,1.155244339e+10
744000,950.5588989,1.807951360e+08,8.763048750e+05,3.404999951e+11,1.035268850e+12,7.321124045e+10,1.368609467e+02,1.139268506e+10
745000,950.5588989,1.758292800e+08,8.488660000e+05,3.352283909e+11,1.031160005e+12,7.313838899e+10,1.315320587e+02,1.123515699e+10
746000,950.5588989,1.710024000e+08,8.222989375e+05,3.300421135e+11,1.027069313e+12,7.306574234e+10,1.264130630e+02,1.107984794e+10
747000,950.5588989,1.663086880e+08,7.965693750e+05,3.249396383e+11,1.022996840e+12,7.299317760e+10,1.214946899e+02,1.092672922e+10
748000,950.5588989,1.617450240e+08,7.716478125e+05,3.199166577e+11,1.018940555e+12,7.292081766e+10,1.167685623e+02,1.077576704e+10
749000,950.5588989,1.573075040e+08,7.475173750e+05,3.149748582e+11,1.014902292e+12,7.284839219e+10,1.122271347e+02,1.062693069e+10
750000,950.5588989,1.529937600e+08,7.241470000e+05,3.101123231e+11,1.010880020e+12,7.277617152e+10,1.078639832e+02,1.048020992e+10
751000,950.5588989,1.487988800e+08,7.015126875e+05,3.053265782e+11,1.006873739e+12,7.270388531e+10,1.036708603e+02,1.033553510e+10
752000,950.5588989,1.447201280e+08,6.795897500e+05,3.006169518e+11,1.002886988e+12,7.263181210e+10,9.964225769e+01,1.019289702e+10
753000,950.5588989,1.407553280e+08,6.583631875e+05,2.959839186e+11,9.989162271e+11,7.255981261e+10,9.577203369e+01,1.005230285e+10
754000,950.5588989,1.368988800e+08,6.377996250e+05,2.914228925e+11,9.949610639e+11,7.248787866e+10,9.205283356e+01,9.913629696e+09
755000,950.5588989,1.331493760e+08,6.178865625e+05,2.869354604e+11,9.910253650e+11,7.241615770e+10,8.847874451e+01,9.776944128e+09
756000,950.5588989,1.295042800e+08,5.986021250e+05,2.825203615e+11,9.871051981e+11,7.234437120e+10,8.504440308e+01,9.642161152e+09
757000,950.5588989,1.259594720e+08,5.799229375e+05,2.781743022e+11,9.832006287e+11,7.227278950e+10,8.174459839e+01,9.509308416e+09
758000,950.5588989,1.225128400e+08,5.618318750e+05,2.738977930e+11,9.793132954e+11,7.220128154e+10,7.857283783e+01,9.378287616e+09
759000,950.5588989,1.191614320e+08,5.443093750e+05,2.696891735e+11,9.754414285e+11,7.212970803e+10,7.552616119e+01,9.249123328e+09
760000,950.5588989,1.159023680e+08,5.273383750e+05,2.655473183e+11,9.715866010e+11,7.205833933e+10,7.259761810e+01,9.121773568e+09
761000,950.5588989,1.127333120e+08,5.109004062e+05,2.614716349e+11,9.677488783e+11,7.198704435e+10,6.978342438e+01,8.996195328e+09
762000,950.5588989,1.096519360e+08,4.949824375e+05,2.574610765e+11,9.639263601e+11,7.191595418e+10,6.707936096e+01,8.872412160e+09
763000,950.5588989,1.066558080e+08,4.795613125e+05,2.535135892e+11,9.601206845e+11,7.184479846e+10,6.448056030e+01,8.750332928e+09
764000,950.5588989,1.037417360e+08,4.646250312e+05,2.496291471e+11,9.563319828e+11,7.177384755e+10,6.198361969e+01,8.629999616e+09
765000,950.5588989,1.009088400e+08,4.501600000e+05,2.458066509e+11,9.525581578e+11,7.170297037e+10,5.958382797e+01,8.511319552e+09
766000,950.5588989,9.815366400e+07,4.361477812e+05,2.420442455e+11,9.487992750e+11,7.163203584e+10,5.727695465e+01,8.394336768e+09
767000,950.5588989,9.547444000e+07,4.225765625e+05,2.383423099e+11,9.450569728e+11,7.156128973e+10,5.506106949e+01,8.278962688e+09
768000,950.5588989,9.286889600e+07,4.094299688e+05,2.346984852e+11,9.413312512e+11,7.149075661e+10,5.293070984e+01,8.165235200e+09
769000,950.5588989,9.033564800e+07,3.966969062e+05,2.311127357e+11,9.376202097e+11,7.142016614e+10,5.088355255e+01,8.053085184e+09
770000,950.5588989,8.787184000e+07,3.843620312e+05,2.275832463e+11,9.339256832e+11,7.134976410e+10,4.891612625e+01,7.942506496e+09
771000,950.5588989,8.547588000e+07,3.724149688e+05,2.241104082e+11,9.302473441e+11,7.127930470e+10,4.702531433e+01,7.833476096e+09
772000,950.5588989,8.314605600e+07,3.608413125e+05,2.206920274e+11,9.265817846e+11,7.120905011e+10,4.520811081e+01,7.725986816e+09
773000,950.5588989,8.088049600e+07,3.496320625e+05,2.173280343e+11,9.229341819e+11,7.113886925e+10,4.346161652e+01,7.619986944e+09
774000,950.5588989,7.867667200e+07,3.387722188e+05,2.140171720e+11,9.193026355e+11,7.106876211e+10,4.178307724e+01,7.515469824e+09
775000,950.5588989,7.653420000e+07,3.282535000e+05,2.107589903e+11,9.156853760e+11,7.099870413e+10,4.016967773e+01,7.412428800e+09
776000,950.5588989,7.445008800e+07,3.180656250e+05,2.075521879e+11,9.120824689e+11,7.092873626e+10,3.861916351e+01,7.310814208e+09
777000,950.5588989,7.242368800e+07,3.081950938e+05,2.043963505e+11,9.084937175e+11,7.085895680e+10,3.712891769e+01,7.210634240e+09
778000,950.5588989,7.045270400e+07,2.986331562e+05,2.012895427e+11,9.049224643e+11,7.078925926e+10,3.569604874e+01,7.111840256e+09
779000,950.5588989,6.853628800e+07,2.893712500e+05,1.982328141e+11,9.013652357e+11,7.071947981e+10,3.431951523e+01,7.014439936e+09
780000,950.5588989,6.667199200e+07,2.803997500e+05,1.952238879e+11,8.978237358e+11,7.064991334e+10,3.299594498e+01,6.918387200e+09
781000,950.5588989,6.485952400e+07,2.717074375e+05,1.922627174e+11,8.942978990e+11,7.058042061e+10,3.172438431e+01,6.823688192e+09
782000,950.5588989,6.309632800e+07,2.632876250e+05,1.893481503e+11,8.907858248e+11,7.051098522e+10,3.050171089e+01,6.730312192e+09
783000,950.5588989,6.138164800e+07,2.551306406e+05,1.864791542e+11,8.872876442e+11,7.044175462e+10,2.932649612e+01,6.638225920e+09
784000,950.5588989,5.971402400e+07,2.472292344e+05,1.836563072e+11,8.838048645e+11,7.037246669e+10,2.819699097e+01,6.547449344e+09
785000,950.5588989,5.809226400e+07,2.395734531e+05,1.808771825e+11,8.803374203e+11,7.030337536e+10,2.711129951e+01,6.457902080e+09
786000,950.5588989,5.651475600e+07,2.321573594e+05,1.781421066e+11,8.768835420e+11,7.023434138e+10,2.606751060e+01,6.369628160e+09
787000,950.5588989,5.498092800e+07,2.249734531e+05,1.754499958e+11,8.734431642e+11,7.016538931e+10,2.506448174e+01,6.282585088e+09
788000,950.5588989,5.348862800e+07,2.180126562e+05,1.728002304e+11,8.700180562e+11,7.009650278e+10,2.409995651e+01,6.196754944e+09
789000,950.5588989,5.203772000e+07,2.112704531e+05,1.701926620e+11,8.666096599e+11,7.002768179e+10,2.317298698e+01,6.112119808e+09
790000,950.5588989,5.062617200e+07,2.047367656e+05,1.676254556e+11,8.632129946e+11,6.995905741e+10,2.228193092e+01,6.028652544e+09
791000,950.5588989,4.925338800e+07,1.984081406e+05,1.650991329e+11,8.598328443e+11,6.989037568e+10,2.142546272e+01,5.946359808e+09
792000,950.5588989,4.791828000e+07,1.922766250e+05,1.626124703e+11,8.564643594e+11,6.982189875e+10,2.060207176e+01,5.865212416e+09
793000,950.5588989,4.661972000e+07,1.863360156e+05,1.601647903e+11,8.531106202e+11,6.975333990e+10,1.981047440e+01,5.785194496e+09
794000,950.5588989,4.535669600e+07,1.805817031e+05,1.577560919e+11,8.497717576e+11,6.968498586e+10,1.904951286e+01,5.706289664e+09
795000,950.5588989,4.412814000e+07,1.750050938e+05,1.553845304e+11,8.464475095e+11,6.961683661e+10,1.831812859e+01,5.628483072e+09
796000,950.5588989,4.293327600e+07,1.696026406e+05,1.530504433e+11,8.431346647e+11,6.954862182e+10,1.761476326e+01,5.551748096e+09
797000,950.5588989,4.177108000e+07,1.643682031e+05,1.507531776e+11,8.398379418e+11,6.948047258e+10,1.693872261e+01,5.476090368e+09
798000,950.5588989,4.064073200e+07,1.592971562e+05,1.484916004e+11,8.365541294e+11,6.941251174e+10,1.628875542e+01,5.401483776e+09
799000,950.5588989,3.954112400e+07,1.543837344e+05,1.462656845e+11,8.332832276e+11,6.934450995e+10,1.566402435e+01,5.327913984e+09
800000,950.5588989,3.847163200e+07,1.496230000e+05,1.440748631e+11,8.300282511e+11,6.927668838e+10,1.506336975e+01,5.255366656e+09
801000,950.5588989,3.743135600e+07,1.450107188e+05,1.419180314e+11,8.267859886e+11,6.920893235e+10,1.448591423e+01,5.183827456e+09
802000,950.5588989,3.641955200e+07,1.405417188e+05,1.397951749e+11,8.235563090e+11,6.914125005e+10,1.393070221e+01,5.113290240e+09
803000,950.5588989,3.543524000e+07,1.362114688e+05,1.377057475e+11,8.203408507e+11,6.907363328e+10,1.339697456e+01,5.043713536e+09
804000,950.5588989,3.447778800e+07,1.320161406e+05,1.356487050e+11,8.171396137e+11,6.900620493e+10,1.288369560e+01,4.975112192e+09
805000,950.5588989,3.354659400e+07,1.279510234e+05,1.336240476e+11,8.139506975e+11,6.893871104e+10,1.239031792e+01,4.907462144e+09
806000,950.5588989,3.264073600e+07,1.240120156e+05,1.316309832e+11,8.107758715e+11,6.887142195e+10,1.191606140e+01,4.840750592e+09
807000,950.5588989,3.175970200e+07,1.201956484e+05,1.296694799e+11,8.076134973e+11,6.880419840e+10,1.145991421e+01,4.774973440e+09
808000,950.5588989,3.090239200e+07,1.164971719e+05,1.277378867e+11,8.044648202e+11,6.873704038e+10,1.102143860e+01,4.710089728e+09
809000,950.5588989,3.006868000e+07,1.129137891e+05,1.258368461e+11,8.013285294e+11,6.866995610e+10,1.059986115e+01,4.646114304e+09
810000,950.5588989,2.925768400e+07,1.094414766e+05,1.239654323e+11,7.982060012e+11,6.860292096e+10,1.019448662e+01,4.583034368e+09
811000,950.5588989,2.846867000e+07,1.060771406e+05,1.221234324e+11,7.950955971e+11,6.853609472e+10,9.804763794e+00,4.520811008e+09
812000,950.5588989,2.770130400e+07,1.028170156e+05,1.203100718e+11,7.920003973e+11,6.846919475e+10,9.429941177e+00,4.459466240e+09
813000,950.5588989,2.695462400e+07,9.965785938e+04,1.185249690e+11,7.889156833e+11,6.840249549e+10,9.069619179e+00,4.398953472e+09
814000,950.5588989,2.622842000e+07,9.659649219e+04,1.167678623e+11,7.858459771e+11,6.833585357e+10,8.723133087e+00,4.339287040e+09
815000,950.5588989,2.552202600e+07,9.363025000e+04,1.150378701e+11,7.827881984e+11,6.826928128e+10,8.390043259e+00,4.280462336e+09
816000,950.5588989,2.483474800e+07,9.075578125e+04,1.133349596e+11,7.797422817e+11,6.820278272e+10,8.069733620e+00,4.222435328e+09
817000,950.5588989,2.416616200e+07,8.797023438e+04,1.116587505e+11,7.767097999e+11,6.813633741e+10,7.761712074e+00,4.165210880e+09
818000,950.5588989,2.351571200e+07,8.527115625e+04,1.100083645e+11,7.736905564e+11,6.806995763e+10,7.465532780e+00,4.108769536e+09
819000,950.5588989,2.288294400e+07,8.265551562e+04,1.083838234e+11,7.706830438e+11,6.800377446e+10,7.180710793e+00,4.053116416e+09
820000,950.5588989,2.226741200e+07,8.012041406e+04,1.067844828e+11,7.676886385e+11,6.793765683e+10,6.906887054e+00,3.998232576e+09
821000,950.5588989,2.166865000e+07,7.766426562e+04,1.052099784e+11,7.647059640e+11,6.787147776e+10,6.643529892e+00,3.944107008e+09
822000,950.5588989,2.108614400e+07,7.528396875e+04,1.036600719e+11,7.617347584e+11,6.780548301e+10,6.390312195e+00,3.890735616e+09
823000,950.5588989,2.051937600e+07,7.297719531e+04,1.021342029e+11,7.587781673e+11,6.773968896e+10,6.146768570e+00,3.838087424e+09
824000,950.5588989,1.996803400e+07,7.074163281e+04,1.006321613e+11,7.558329139e+11,6.767382938e+10,5.912620544e+00,3.786172160e+09
825000,950.5588989,1.943161800e+07,6.857508594e+04,9.915305421e+10,7.529005056e+11,6.760803123e+10,5.687434673e+00,3.734974464e+09
826000,950.5588989,1.890982800e+07,6.647564844e+04,9.769718118e+10,7.499795661e+11,6.754242560e+10,5.470888138e+00,3.684482560e+09
827000,950.5588989,1.840211800e+07,6.444097266e+04,9.626384845e+10,7.470713405e+11,6.747675034e+10,5.262626648e+00,3.634687488e+09
828000,950.5588989,1.790821200e+07,6.246929297e+04,9.485288397e+10,7.441744527e+11,6.741127578e+10,5.062370300e+00,3.585585408e+09
829000,950.5588989,1.742772800e+07,6.055840625e+04,9.346372710e+10,7.412901478e+11,6.734585856e+10,4.869789600e+00,3.537153792e+09
830000,950.5588989,1.696020000e+07,5.870619141e+04,9.209588173e+10,7.384169841e+11,6.728051507e+10,4.684571266e+00,3.489382912e+09
831000,950.5588989,1.650534100e+07,5.691127734e+04,9.074951117e+10,7.355550269e+11,6.721535590e+10,4.506448746e+00,3.442276864e+09
832000,950.5588989,1.606286400e+07,5.517187500e+04,8.942377933e+10,7.327068979e+11,6.715012710e+10,4.335165501e+00,3.395819776e+09
833000,950.5588989,1.563233800e+07,5.348583984e+04,8.811852237e+10,7.298699100e+11,6.708496794e+10,4.170392036e+00,3.349996032e+09
834000,950.5588989,1.521343900e+07,5.185192578e+04,8.683372032e+10,7.270451118e+11,6.702000128e+10,4.011942863e+00,3.304815872e+09
835000,950.5588989,1.480590600e+07,5.026849219e+04,8.556857805e+10,7.242313892e+11,6.695509606e+10,3.859557629e+00,3.260244992e+09
836000,950.5588989,1.440940000e+07,4.873379297e+04,8.432311040e+10,7.214298563e+11,6.689025638e+10,3.713031530e+00,3.216293632e+09
837000,950.5588989,1.402364500e+07,4.724612500e+04,8.309669120e+10,7.186392678e+11,6.682547405e+10,3.572054625e+00,3.172952832e+09
838000,950.5588989,1.364827200e+07,4.580421875e+04,8.188932506e+10,7.158608036e+11,6.676075315e+10,3.436495781e+00,3.130196224e+09
839000,950.5588989,1.328307200e+07,4.440700000e+04,8.070067917e+10,7.130943324e+11,6.669609779e+10,3.306144238e+00,3.088039168e+09
840000,950.5588989,1.292774100e+07,4.305256250e+04,7.953021286e+10,7.103387402e+11,6.663163904e+10,3.180725336e+00,3.046449920e+09
841000,950.5588989,1.258198900e+07,4.174007031e+04,7.837788160e+10,7.075949445e+11,6.656722944e+10,3.060134411e+00,3.005438208e+09
842000,950.5588989,1.224557800e+07,4.046759766e+04,7.724328960e+10,7.048618967e+11,6.650276250e+10,2.944126129e+00,2.964989696e+09
843000,950.5588989,1.191827300e+07,3.923436328e+04,7.612614707e+10,7.021393347e+11,6.643847578e+10,2.832526922e+00,2.925091328e+09
844000,950.5588989,1.159980800e+07,3.803899609e+04,7.502615296e+10,6.994299453e+11,6.637439386e+10,2.725219965e+00,2.885746176e+09
845000,950.5588989,1.128991500e+07,3.688061719e+04,7.394320896e+10,6.967310418e+11,6.631023821e+10,2.621978521e+00,2.846940928e+09
846000,950.5588989,1.098838600e+07,3.575764844e+04,7.287689779e+10,6.940425585e+11,6.624614400e+10,2.522696257e+00,2.808663552e+09
847000,950.5588989,1.069501100e+07,3.466926953e+04,7.182706688e+10,6.913656750e+11,6.618224230e+10,2.427201271e+00,2.770916096e+09
848000,950.5588989,1.040951000e+07,3.361401953e+04,7.079322880e+10,6.887005225e+11,6.611827098e+10,2.335330009e+00,2.733681408e+09
849000,950.5588989,1.013170600e+07,3.259138477e+04,6.977524480e+10,6.860456591e+11,6.605448806e+10,2.246961594e+00,2.696962304e+09
850000,950.5588989,9.861468000e+06,3.160022656e+04,6.877310464e+10,6.834010194e+11,6.599076659e+10,2.161978483e+00,2.660746496e+09
851000,950.5588989,9.598436000e+06,3.063932422e+04,6.778631475e+10,6.807691592e+11,6.592710656e+10,2.080217600e+00,2.625027328e+09
852000,950.5588989,9.342493000e+06,2.970798047e+04,6.681453363e+10,6.781474570e+11,6.586351206e+10,2.001571417e+00,2.589792512e+09
853000,950.5588989,9.093460000e+06,2.880516992e+04,6.585772032e+10,6.755344056e+11,6.579997901e+10,1.925920844e+00,2.555040256e+09
854000,950.5588989,8.851133000e+06,2.793000391e+04,6.491556915e+10,6.729341993e+11,6.573663027e+10,1.853157401e+00,2.520763904e+09
855000,950.5588989,8.615347000e+06,2.708163672e+04,6.398793318e+10,6.703465103e+11,6.567333888e+10,1.783156991e+00,2.486961920e+09
856000,950.5588989,8.385873500e+06,2.625933789e+04,6.307436851e+10,6.677661614e+11,6.560999424e+10,1.715813756e+00,2.453617664e+09
857000,950.5588989,8.162589500e+06,2.546210742e+04,6.217476403e+10,6.651983299e+11,6.554682573e+10,1.651032925e+00,2.420734208e+09
858000,950.5588989,7.945312000e+06,2.468945312e+04,6.128921190e+10,6.626403287e+11,6.548371866e+10,1.588709831e+00,2.388296448e+09
859000,950.5588989,7.733861000e+06,2.394033984e+04,6.041687398e+10,6.600934687e+11,6.542080410e+10,1.528768301e+00,2.356301824e+09
860000,950.5588989,7.528096000e+06,2.321422070e+04,5.955804058e+10,6.575563735e+11,6.535781171e+10,1.471099854e+00,2.324744704e+09
861000,950.5588989,7.327847500e+06,2.251020898e+04,5.871221862e+10,6.550302228e+11,6.529489715e+10,1.415617347e+00,2.293619456e+09
862000,950.5588989,7.133007000e+06,2.182780078e+04,5.787948749e+10,6.525139026e+11,6.523215053e+10,1.362243176e+00,2.262923776e+09
863000,950.5588989,6.943386500e+06,2.116623828e+04,5.705924403e+10,6.500096410e+11,6.516948173e+10,1.310901284e+00,2.232638464e+09
864000,950.5588989,6.758872000e+06,2.052496484e+04,5.625167974e+10,6.475137679e+11,6.510686208e+10,1.261494398e+00,2.202775552e+09
865000,950.5588989,6.579310500e+06,1.990319336e+04,5.545642035e+10,6.450300191e+11,6.504429978e+10,1.213972926e+00,2.173316352e+09
866000,950.5588989,6.404544000e+06,1.930055078e+04,5.467326413e+10,6.425544622e+11,6.498180301e+10,1.168263674e+00,2.144258944e+09
867000,950.5588989,6.234479500e+06,1.871622852e+04,5.390200320e+10,6.400896532e+11,6.491936768e+10,1.124271393e+00,2.115598464e+09
868000,950.5588989,6.068953500e+06,1.814973633e+04,5.314247731e+10,6.376355267e+11,6.485699379e+10,1.081948042e+00,2.087324800e+09
869000,950.5588989,5.907901000e+06,1.760052344e+04,5.239457229e+10,6.351920169e+11,6.479479603e+10,1.041233778e+00,2.059440896e+09
870000,950.5588989,5.751144500e+06,1.706818945e+04,5.165811558e+10,6.327566336e+11,6.473265971e+10,1.002059221e+00,2.031937152e+09
871000,950.5588989,5.598601000e+06,1.655201953e+04,5.093275290e+10,6.303331123e+11,6.467058483e+10,9.643697739e-01,2.004808576e+09
872000,950.5588989,5.450124500e+06,1.605164453e+04,5.021840128e+10,6.279187661e+11,6.460857549e+10,9.281154871e-01,1.978049536e+09
873000,950.5588989,5.305655500e+06,1.556645508e+04,4.951486874e+10,6.255137260e+11,6.454661939e+10,8.932275176e-01,1.951655168e+09
874000,950.5588989,5.165046000e+06,1.509610254e+04,4.882208870e+10,6.231201546e+11,6.448472064e+10,8.596608639e-01,1.925616512e+09
875000,950.5588989,5.028173000e+06,1.464007520e+04,4.813987584e+10,6.207347098e+11,6.442301030e+10,8.273556232e-01,1.899932928e+09
876000,950.5588989,4.894983000e+06,1.419793262e+04,4.746783130e+10,6.183606682e+11,6.436122624e+10,7.962856293e-01,1.874602368e+09
877000,950.5588989,4.765357500e+06,1.376924707e+04,4.680612147e+10,6.159944909e+11,6.429963878e+10,7.663823366e-01,1.849613056e+09
878000,950.5588989,4.639199500e+06,1.335365723e+04,4.615442842e+10,6.136397824e+11,6.423810048e+10,7.376161814e-01,1.824967168e+09
879000,950.5588989,4.516424500e+06,1.295076074e+04,4.551257549e+10,6.112940524e+11,6.417649664e+10,7.099351883e-01,1.800653312e+09
880000,950.5588989,4.396916000e+06,1.256001855e+04,4.488041779e+10,6.089573663e+11,6.411520000e+10,6.832981706e-01,1.776673664e+09
881000,950.5588989,4.280594000e+06,1.218125293e+04,4.425788518e+10,6.066295276e+11,6.405383782e+10,6.576656103e-01,1.753013120e+09
882000,950.5588989,4.167405000e+06,1.181395410e+04,4.364467968e+10,6.043128955e+11,6.399253709e+10,6.330066919e-01,1.729681024e+09
883000,950.5588989,4.057216250e+06,1.145790430e+04,4.304078182e+10,6.020051108e+11,6.393142477e+10,6.092770100e-01,1.706662528e+09
884000,950.5588989,3.949986750e+06,1.111262891e+04,4.244600576e+10,5.997085327e+11,6.387035341e+10,5.864436030e-01,1.683956992e+09
885000,950.5588989,3.845606250e+06,1.077783887e+04,4.186017638e+10,5.974183117e+11,6.380923290e+10,5.644701719e-01,1.661559680e+09
886000,950.5588989,3.744012000e+06,1.045321582e+04,4.128318208e+10,5.951391007e+11,6.374828442e+10,5.433241725e-01,1.639463552e+09
887000,950.5588989,3.645150500e+06,1.013844824e+04,4.071494810e+10,5.928697856e+11,6.368740147e+10,5.229803920e-01,1.617673472e+09
888000,950.5588989,3.548899500e+06,9.833269531e+03,4.015525069e+10,5.906091213e+11,6.362669056e+10,5.033963919e-01,1.596173184e+09
889000,950.5588989,3.455236250e+06,9.537423828e+03,3.960404173e+10,5.883570422e+11,6.356592230e+10,4.845605493e-01,1.574967552e+09
890000,950.5588989,3.364064000e+06,9.250443359e+03,3.906097664e+10,5.861146624e+11,6.350533018e+10,4.664295018e-01,1.554049536e+09
891000,950.5588989,3.275304000e+06,8.972235352e+03,3.852621261e+10,5.838819820e+11,6.344466842e+10,4.489802718e-01,1.533415296e+09
892000,950.5588989,3.188934250e+06,8.702459961e+03,3.799946752e+10,5.816577556e+11,6.338419507e+10,4.321904480e-01,1.513057792e+09
893000,950.5588989,3.104854000e+06,8.440829102e+03,3.748055757e+10,5.794420490e+11,6.332377498e+10,4.160300493e-01,1.492979072e+09
894000,950.5588989,3.023013750e+06,8.187189453e+03,3.696956058e+10,5.772358451e+11,6.326341632e+10,4.004831016e-01,1.473169792e+09
895000,950.5588989,2.943347750e+06,7.941230469e+03,3.646621491e+10,5.750402580e+11,6.320310682e+10,3.855171204e-01,1.453631616e+09
896000,950.5588989,2.865819250e+06,7.702721191e+03,3.597041203e+10,5.728518799e+11,6.314298163e+10,3.711146712e-01,1.434358016e+09
897000,950.5588989,2.790327750e+06,7.471402832e+03,3.548203418e+10,5.706718904e+11,6.308279091e+10,3.572557271e-01,1.415339904e+09
898000,950.5588989,2.716866000e+06,7.247113770e+03,3.500089805e+10,5.685035008e+11,6.302278042e+10,3.439182937e-01,1.396584576e+09
899000,950.5588989,2.645348750e+06,7.029612305e+03,3.452701850e+10,5.663410749e+11,6.296271258e+10,3.310812712e-01,1.378077952e+09
900000,950.5588989,2.575733500e+06,6.818689941e+03,3.406022246e+10,5.641890693e+11,6.290281267e+10,3.187258840e-01,1.359826816e+09
901000,950.5588989,2.507959750e+06,6.614172363e+03,3.360050278e+10,5.620452557e+11,6.284297011e+10,3.068350554e-01,1.341817344e+09
902000,950.5588989,2.442006750e+06,6.415861816e+03,3.314764851e+10,5.599095685e+11,6.278318490e+10,2.953923345e-01,1.324056704e+09
903000,950.5588989,2.377788000e+06,6.223497559e+03,3.270143437e+10,5.577841705e+11,6.272357581e+10,2.843785584e-01,1.306530944e+09
904000,950.5588989,2.315284500e+06,6.036969727e+03,3.226192742e+10,5.556667679e+11,6.266391347e+10,2.737785280e-01,1.289244672e+09
905000,950.5588989,2.254441500e+06,5.856099609e+03,3.182902835e+10,5.535574262e+11,6.260441498e+10,2.635756433e-01,1.272191872e+09
906000,950.5588989,2.195205250e+06,5.680692383e+03,3.140258304e+10,5.514561454e+11,6.254485504e+10,2.537549138e-01,1.255367040e+09
907000,950.5588989,2.137550250e+06,5.510559082e+03,3.098241075e+10,5.493648916e+11,6.248547533e+10,2.443047762e-01,1.238771840e+09
908000,950.5588989,2.081417375e+06,5.345603516e+03,3.056860416e+10,5.472816005e+11,6.242615296e+10,2.352083325e-01,1.222398208e+09
909000,950.5588989,2.026774000e+06,5.185604980e+03,3.016085043e+10,5.452061737e+11,6.236688384e+10,2.264523357e-01,1.206248064e+09
910000,950.5588989,1.973588000e+06,5.030434082e+03,2.975924122e+10,5.431406756e+11,6.230767616e+10,2.180247903e-01,1.190313600e+09
911000,950.5588989,1.921804750e+06,4.879962402e+03,2.936359731e+10,5.410820260e+11,6.224864051e+10,2.099124789e-01,1.174594048e+09
912000,950.5588989,1.871394625e+06,4.734027344e+03,2.897382093e+10,5.390321582e+11,6.218965402e+10,2.021051049e-01,1.159086464e+09
913000,950.5588989,1.822327625e+06,4.592491699e+03,2.858983322e+10,5.369910723e+11,6.213061427e+10,1.945903301e-01,1.143788032e+09
914000,950.5588989,1.774553875e+06,4.455222168e+03,2.821153280e+10,5.349588009e+11,6.207174246e+10,1.873571277e-01,1.128697984e+09
915000,950.5588989,1.728039000e+06,4.322104004e+03,2.783883162e+10,5.329321329e+11,6.201292800e+10,1.803934574e-01,1.113806976e+09
916000,950.5588989,1.682762875e+06,4.192980469e+03,2.747168358e+10,5.309161800e+11,6.195417498e+10,1.736906320e-01,1.099118720e+09
917000,950.5588989,1.638679125e+06,4.067775635e+03,2.710996634e+10,5.289078948e+11,6.189547520e+10,1.672393978e-01,1.084628224e+09
918000,950.5588989,1.595774625e+06,3.946309814e+03,2.675360461e+10,5.269081948e+11,6.183694746e+10,1.610296071e-01,1.070333056e+09
919000,950.5588989,1.553993500e+06,3.828529541e+03,2.640250317e+10,5.249159987e+11,6.177835418e+10,1.550504118e-01,1.056228160e+09
920000,950.5588989,1.513317750e+06,3.714264404e+03,2.605658368e+10,5.229313720e+11,6.171993702e+10,1.492955238e-01,1.042313152e+09
921000,950.5588989,1.473729375e+06,3.603478271e+03,2.571584614e+10,5.209562481e+11,6.166145434e+10,1.437569261e-01,1.028587392e+09
922000,950.5588989,1.435171000e+06,3.495996582e+03,2.538005504e+10,5.189865964e+11,6.160314778e+10,1.384233087e-01,1.015044224e+09
923000,950.5588989,1.397642875e+06,3.391759766e+03,2.504924058e+10,5.170273976e+11,6.154489856e+10,1.332906336e-01,1.001685120e+09
924000,950.5588989,1.361101250e+06,3.290656006e+03,2.472330701e+10,5.150745887e+11,6.148681728e+10,1.283492446e-01,9.885038080e+08
925000,950.5588989,1.325519875e+06,3.192590088e+03,2.440216115e+10,5.131301028e+11,6.142867456e+10,1.235919818e-01,9.754996480e+08
926000,950.5588989,1.290888500e+06,3.097482178e+03,2.408578253e+10,5.111939400e+11,6.137070797e+10,1.190119609e-01,9.626702080e+08
927000,950.5588989,1.257166750e+06,3.005218994e+03,2.377400320e+10,5.092650844e+11,6.131267584e+10,1.146029681e-01,9.500131200e+08
928000,950.5588989,1.224335250e+06,2.915737549e+03,2.346685338e+10,5.073454367e+11,6.125470106e+10,1.103590056e-01,9.375259520e+08
929000,950.5588989,1.192365750e+06,2.828953125e+03,2.316422656e+10,5.054320804e+11,6.119689421e+10,1.062730178e-01,9.252048000e+08
930000,950.5588989,1.161244250e+06,2.744750977e+03,2.286598118e+10,5.035268833e+11,6.113913651e+10,1.023394689e-01,9.130507520e+08
931000,950.5588989,1.130943625e+06,2.663086182e+03,2.257214541e+10,5.016298455e+11,6.108156314e+10,9.855227917e-02,9.010581120e+08
932000,950.5588989,1.101437750e+06,2.583890137e+03,2.228266214e+10,4.997389681e+11,6.102392013e+10,9.490632266e-02,8.892263680e+08
933000,950.5588989,1.072710125e+06,2.507049561e+03,2.199736090e+10,4.978571346e+11,6.096633446e+10,9.139665216e-02,8.775550080e+08
934000,950.5588989,1.044743562e+06,2.432521729e+03,2.171625190e+10,4.959823790e+11,6.090891674e+10,8.801742643e-02,8.660384640e+08
935000,950.5588989,1.017506250e+06,2.360227539e+03,2.143925709e+10,4.941166019e+11,6.085154816e+10,8.476379514e-02,8.546779520e+08
936000,950.5588989,9.909901250e+05,2.290108154e+03,2.116633600e+10,4.922559365e+11,6.079412634e+10,8.163136244e-02,8.434664320e+08
937000,950.5588989,9.651762500e+05,2.222072021e+03,2.089733811e+10,4.904041185e+11,6.073686835e+10,7.861530781e-02,8.324068480e+08
938000,950.5588989,9.400347500e+05,2.156089844e+03,2.063232154e+10,4.885593129e+11,6.067978240e+10,7.571154088e-02,8.214968960e+08
939000,950.5588989,9.155586250e+05,2.092091064e+03,2.037118618e+10,4.867233219e+11,6.062263910e+10,7.291614264e-02,8.107299840e+08
940000,950.5588989,8.917266875e+05,2.029991943e+03,2.011380506e+10,4.848932618e+11,6.056554496e+10,7.022449374e-02,8.001087360e+08
941000,950.5588989,8.685182500e+05,1.969758545e+03,1.986019456e+10,4.830710333e+11,6.050850816e+10,6.763297319e-02,7.896281600e+08
942000,950.5588989,8.459236250e+05,1.911334106e+03,1.961029862e+10,4.812556534e+11,6.045163520e+10,6.513759494e-02,7.792892800e+08
943000,950.5588989,8.239167500e+05,1.854656982e+03,1.936399130e+10,4.794479739e+11,6.039481958e+10,6.273475289e-02,7.690872320e+08
944000,950.5588989,8.024916250e+05,1.799660400e+03,1.912128000e+10,4.776480276e+11,6.033805312e+10,6.042170525e-02,7.590217600e+08
945000,950.5588989,7.816355000e+05,1.746321289e+03,1.888209818e+10,4.758548316e+11,6.028134400e+10,5.819439143e-02,7.490921600e+08
946000,950.5588989,7.613185625e+05,1.694575928e+03,1.864638771e+10,4.740692705e+11,6.022468813e+10,5.604960024e-02,7.392940160e+08
947000,950.5588989,7.415381250e+05,1.644382812e+03,1.841412173e+10,4.722903941e+11,6.016808141e+10,5.398406833e-02,7.296253440e+08
948000,950.5588989,7.222772500e+05,1.595676270e+03,1.818516045e+10,4.705190871e+11,6.011164672e+10,5.199584737e-02,7.200872320e+08
949000,950.5588989,7.035218750e+05,1.548442017e+03,1.795958682e+10,4.687544648e+11,6.005514650e+10,5.008084700e-02,7.106765440e+08
950000,950.5588989,6.852588750e+05,1.502605957e+03,1.773721574e+10,4.669973135e+11,5.999881830e+10,4.823729768e-02,7.013901440e+08
951000,950.5588989,6.674724375e+05,1.458137817e+03,1.751805901e+10,4.652467814e+11,5.994253926e+10,4.646196589e-02,6.922290560e+08
952000,950.5588989,6.501528125e+05,1.415001831e+03,1.730208538e+10,4.635036877e+11,5.988631757e+10,4.475248605e-02,6.831902720e+08
953000,950.5588989,6.332871875e+05,1.373157837e+03,1.708923059e+10,4.617679667e+11,5.983014093e+10,4.310574010e-02,6.742694400e+08
954000,950.5588989,6.168662500e+05,1.332556152e+03,1.687946086e+10,4.600387666e+11,5.977402573e+10,4.152085260e-02,6.654702720e+08
955000,950.5588989,6.008711250e+05,1.293164917e+03,1.667268326e+10,4.583160545e+11,5.971795558e+10,3.999409080e-02,6.567858560e+08
956000,950.5588989,5.852973750e+05,1.254952515e+03,1.646889958e+10,4.566015345e+11,5.966205338e+10,3.852419928e-02,6.482197120e+08
957000,950.5588989,5.701338125e+05,1.217878418e+03,1.626804634e+10,4.548925522e+11,5.960620851e+10,3.710861504e-02,6.397665920e+08
958000,950.5588989,5.553631250e+05,1.181908569e+03,1.607005030e+10,4.531908444e+11,5.955030221e+10,3.574546054e-02,6.314248960e+08
959000,950.5588989,5.409812500e+05,1.147001221e+03,1.587489075e+10,4.514954936e+11,5.949455155e+10,3.443263471e-02,6.231941760e+08
960000,950.5588989,5.269738750e+05,1.113145996e+03,1.568257510e+10,4.498081710e+11,5.943886643e+10,3.316828609e-02,6.150744320e+08
961000,950.5588989,5.133350938e+05,1.080298340e+03,1.549301274e+10,4.481271726e+11,5.938333696e+10,3.195084259e-02,6.070616320e+08
962000,950.5588989,5.000492188e+05,1.048419922e+03,1.530611226e+10,4.464516465e+11,5.932775834e+10,3.077820502e-02,5.991554560e+08
963000,950.5588989,4.871128438e+05,1.017501709e+03,1.512195379e+10,4.447849021e+11,5.927222067e+10,2.964906208e-02,5.913556480e+08
964000,950.5588989,4.745147188e+05,9.874990234e+02,1.494039194e+10,4.431226798e+11,5.921685094e+10,2.856166847e-02,5.836584960e+08
965000,950.5588989,4.622459375e+05,9.583846436e+02,1.476141107e+10,4.414691738e+11,5.916152627e+10,2.751436271e-02,5.760625920e+08
966000,950.5588989,4.502995312e+05,9.301427612e+02,1.458502067e+10,4.398218936e+11,5.910614835e+10,2.650566585e-02,5.685699200e+08
967000,950.5588989,4.386602188e+05,9.027366943e+02,1.441111706e+10,4.381807084e+11,5.905093018e+10,2.553443238e-02,5.611747200e+08
968000,950.5588989,4.273282500e+05,8.761414185e+02,1.423967283e+10,4.365456507e+11,5.899588813e+10,2.459879033e-02,5.538778240e+08
969000,950.5588989,4.162906250e+05,8.503426514e+02,1.407070157e+10,4.349167534e+11,5.894077235e+10,2.369779162e-02,5.466778240e+08
970000,950.5588989,4.055411875e+05,8.253098145e+02,1.390410138e+10,4.332955566e+11,5.888571392e+10,2.283005603e-02,5.395745280e+08
971000,950.5588989,3.950738438e+05,8.010200806e+02,1.373991424e+10,4.316803564e+11,5.883081523e+10,2.199426293e-02,5.325645440e+08
972000,950.5588989,3.848781562e+05,7.774480591e+02,1.357800576e+10,4.300720701e+11,5.877585510e+10,2.118938975e-02,5.256476800e+08
973000,950.5588989,3.749484375e+05,7.545813599e+02,1.341844045e+10,4.284697149e+11,5.872106701e+10,2.041404881e-02,5.188226240e+08
974000,950.5588989,3.652762812e+05,7.323898926e+02,1.326111078e+10,4.268741755e+11,5.866631987e+10,1.966737770e-02,5.120872000e+08
975000,950.5588989,3.558563438e+05,7.108565063e+02,1.310600141e+10,4.252845670e+11,5.861162598e+10,1.894802041e-02,5.054419840e+08
976000,950.5588989,3.466833125e+05,6.899616089e+02,1.295308058e+10,4.237016760e+11,5.855698944e+10,1.825545914e-02,4.988849600e+08
977000,950.5588989,3.377492812e+05,6.696884766e+02,1.280233165e+10,4.221247160e+11,5.850250854e+10,1.758821309e-02,4.924139840e+08
978000,950.5588989,3.290480312e+05,6.500134888e+02,1.265370035e+10,4.205544079e+11,5.844797030e+10,1.694548316e-02,4.860287680e+08
979000,950.5588989,3.205721562e+05,6.309262085e+02,1.250718669e+10,4.189907190e+11,5.839359590e+10,1.632655226e-02,4.797290560e+08
980000,950.5588989,3.123158125e+05,6.123992920e+02,1.236270490e+10,4.174328627e+11,5.833915187e+10,1.573022828e-02,4.735110720e+08
981000,950.5588989,3.042767500e+05,5.944256592e+02,1.222028442e+10,4.158808392e+11,5.828487987e+10,1.515597198e-02,4.673763200e+08
982000,950.5588989,2.964445938e+05,5.769794922e+02,1.207982720e+10,4.143344845e+11,5.823065293e+10,1.460262761e-02,4.613227840e+08
983000,950.5588989,2.888162188e+05,5.600538940e+02,1.194138266e+10,4.127955354e+11,5.817647514e+10,1.406991202e-02,4.553485120e+08
984000,950.5588989,2.813874375e+05,5.436268921e+02,1.180484531e+10,4.112622879e+11,5.812246118e+10,1.355658006e-02,4.494542720e+08
985000,950.5588989,2.741507500e+05,5.276876831e+02,1.167024640e+10,4.097354957e+11,5.806838579e+10,1.306212600e-02,4.436370880e+08
986000,950.5588989,2.671032188e+05,5.122218018e+02,1.153754138e+10,4.082143724e+11,5.801447834e+10,1.258589793e-02,4.378977600e+08
987000,950.5588989,2.602368594e+05,4.972091064e+02,1.140666317e+10,4.066997043e+11,5.796060774e+10,1.212717127e-02,4.322326400e+08
988000,950.5588989,2.535499219e+05,4.826419678e+02,1.127761766e+10,4.051906396e+11,5.790668800e+10,1.168520842e-02,4.266432640e+08
989000,950.5588989,2.470366719e+05,4.685069580e+02,1.115038771e+10,4.036879319e+11,5.785292390e+10,1.125952601e-02,4.211277760e+08
990000,950.5588989,2.406916875e+05,4.547859192e+02,1.102490522e+10,4.021907948e+11,5.779921306e+10,1.084939111e-02,4.156843520e+08
991000,950.5588989,2.345123438e+05,4.414735107e+02,1.090119475e+10,4.007000146e+11,5.774555136e+10,1.045431569e-02,4.103136640e+08
992000,950.5588989,2.284925000e+05,4.285539856e+02,1.077919923e+10,3.992147067e+11,5.769204531e+10,1.007377915e-02,4.050131200e+08
993000,950.5588989,2.226297500e+05,4.160141602e+02,1.065888666e+10,3.977356902e+11,5.763848192e+10,9.707096033e-03,3.997826240e+08
994000,950.5588989,2.169182500e+05,4.038443604e+02,1.054023987e+10,3.962621460e+11,5.758507418e+10,9.353936650e-03,3.946211840e+08
995000,950.5588989,2.113548750e+05,3.920364990e+02,1.042326016e+10,3.947955814e+11,5.753172378e+10,9.013731033e-03,3.895285440e+08
996000,950.5588989,2.059357656e+05,3.805753784e+02,1.030788941e+10,3.933329490e+11,5.747830374e+10,8.685929701e-03,3.845016640e+08
997000,950.5588989,2.006556250e+05,3.694521484e+02,1.019411098e+10,3.918779515e+11,5.742505165e+10,8.370210417e-03,3.795418240e+08
998000,950.5588989,1.955138281e+05,3.586567383e+02,1.008189978e+10,3.904276070e+11,5.737184051e+10,8.065966889e-03,3.746466880e+08
999000,950.5588989,1.905045156e+05,3.481807556e+02,9.971251712e+09,3.889833902e+11,5.731879322e+10,7.772929966e-03,3.698160640e+08
1000000,950.5588989,1.856249531e+05,3.380120239e+02,9.862118144e+09,3.875452027e+11,5.726568448e+10,7.490539923e-03,3.650491520e+08
