altitude,temp,N2,O2,O,He,H,Ar,N
0,296.2698059,1.914092618e+25,5.132780598e+24,0.000000000e+00,1.274677992e+20,0.000000000e+00,2.287556954e+23,0.000000000e+00
1000,289.2142334,1.744743552e+25,4.678658652e+24,0.000000000e+00,1.161900996e+20,0.000000000e+00,2.085165547e+23,0.000000000e+00
2000,283.2949524,1.580869134e+25,4.239217433e+24,0.000000000e+00,1.052769893e+20,0.000000000e+00,1.889317149e+23,0.000000000e+00
3000,277.7578125,1.427640563e+25,3.828323702e+24,0.000000000e+00,9.507283531e+19,0.000000000e+00,1.706191781e+23,0.000000000e+00
4000,271.9640808,1.287843527e+25,3.453447528e+24,0.000000000e+00,8.576312962e+19,0.000000000e+00,1.539118503e+23,0.000000000e+00
5000,265.3807678,1.162449248e+25,3.117193648e+24,0.000000000e+00,7.741258510e+19,0.000000000e+00,1.389258253e+23,0.000000000e+00
6000,257.7845764,1.050457912e+25,2.816880366e+24,0.000000000e+00,6.995458454e+19,0.000000000e+00,1.255415776e+23,0.000000000e+00
7000,249.7656555,9.478843878e+24,2.541822118e+24,0.000000000e+00,6.312376739e+19,0.000000000e+00,1.132828875e+23,0.000000000e+00
8000,241.9806519,8.517095205e+24,2.283922080e+24,0.000000000e+00,5.671906378e+19,0.000000000e+00,1.017889086e+23,0.000000000e+00
9000,234.9398193,7.603952551e+24,2.039056108e+24,0.000000000e+00,5.063804760e+19,0.000000000e+00,9.087582203e+22,0.000000000e+00
10000,229.0379486,6.734287719e+24,1.805849055e+24,0.000000000e+00,4.484656801e+19,0.000000000e+00,8.048235176e+22,0.000000000e+00
11000,224.4971008,5.912145735e+24,1.585385532e+24,0.000000000e+00,3.937156306e+19,0.000000000e+00,7.065682143e+22,0.000000000e+00
12000,221.1152496,5.151828014e+24,1.381500875e+24,0.000000000e+00,3.430827683e+19,0.000000000e+00,6.157016967e+22,0.000000000e+00
13000,218.6342773,4.463028031e+24,1.196793987e+24,0.000000000e+00,2.972125725e+19,0.000000000e+00,5.333822906e+22,0.000000000e+00
14000,216.8384857,3.848970797e+24,1.032129991e+24,0.000000000e+00,2.563197999e+19,0.000000000e+00,4.599955042e+22,0.000000000e+00
15000,215.5391083,3.308465055e+24,8.871893828e+23,0.000000000e+00,2.203251537e+19,0.000000000e+00,3.953989786e+22,0.000000000e+00
16000,214.5934296,2.837122209e+24,7.607953188e+23,0.000000000e+00,1.889363838e+19,0.000000000e+00,3.390681572e+22,0.000000000e+00
17000,213.9973145,2.427728430e+24,6.510133405e+23,0.000000000e+00,1.616730584e+19,0.000000000e+00,2.901409833e+22,0.000000000e+00
18000,213.7860718,2.073166444e+24,5.559349305e+23,0.000000000e+00,1.380612221e+19,0.000000000e+00,2.477668170e+22,0.000000000e+00
19000,213.9983215,1.766966489e+24,4.738251219e+23,0.000000000e+00,1.176700313e+19,0.000000000e+00,2.111724580e+22,0.000000000e+00
20000,214.6778717,1.503287865e+24,4.031177431e+23,0.000000000e+00,1.001105117e+19,0.000000000e+00,1.796598707e+22,0.000000000e+00
21000,215.8504181,1.276977732e+24,3.424310175e+23,0.000000000e+00,8.503953332e+18,0.000000000e+00,1.526132667e+22,0.000000000e+00
22000,217.4276581,1.083897535e+24,2.906551322e+23,0.000000000e+00,7.218147601e+18,0.000000000e+00,1.295379931e+22,0.000000000e+00
23000,219.2835846,9.200743791e+23,2.467247516e+23,0.000000000e+00,6.127177530e+18,0.000000000e+00,1.099592805e+22,0.000000000e+00
24000,221.2859955,7.816586584e+23,2.096075427e+23,0.000000000e+00,5.205406904e+18,0.000000000e+00,9.341704117e+21,0.000000000e+00
25000,223.2938232,6.650650037e+23,1.783420949e+23,0.000000000e+00,4.428958731e+18,0.000000000e+00,7.948278007e+21,0.000000000e+00
26000,225.1831055,5.669840978e+23,1.520409830e+23,0.000000000e+00,3.775795223e+18,0.000000000e+00,6.776100800e+21,0.000000000e+00
27000,226.9723053,4.842314635e+23,1.298502434e+23,0.000000000e+00,3.224709000e+18,0.000000000e+00,5.787113136e+21,0.000000000e+00
28000,228.7328644,4.141361418e+23,1.110536687e+23,0.000000000e+00,2.757913812e+18,0.000000000e+00,4.949394629e+21,0.000000000e+00
29000,230.5408936,3.545592834e+23,9.507768949e+22,0.000000000e+00,2.361165212e+18,0.000000000e+00,4.237383972e+21,0.000000000e+00
30000,232.4772644,3.037766219e+23,8.145993912e+22,0.000000000e+00,2.022981273e+18,0.000000000e+00,3.630473538e+21,0.000000000e+00
31000,234.613205,2.604094255e+23,6.983071264e+22,0.000000000e+00,1.734180251e+18,0.000000000e+00,3.112186908e+21,0.000000000e+00
32000,236.9294891,2.233969162e+23,5.990553116e+22,0.000000000e+00,1.487697781e+18,0.000000000e+00,2.669845323e+21,0.000000000e+00
33000,239.368576,1.918491288e+23,5.144576246e+22,0.000000000e+00,1.277607223e+18,0.000000000e+00,2.292813814e+21,0.000000000e+00
34000,241.8679504,1.649803832e+23,4.424071012e+22,0.000000000e+00,1.098676549e+18,0.000000000e+00,1.971701953e+21,0.000000000e+00
35000,244.3600311,1.421059251e+23,3.810675338e+22,0.000000000e+00,9.463455349e+17,0.000000000e+00,1.698326278e+21,0.000000000e+00
36000,246.7812653,1.226263976e+23,3.288317454e+22,0.000000000e+00,8.166228166e+17,0.000000000e+00,1.465523955e+21,0.000000000e+00
37000,249.1348877,1.060004948e+23,2.842481583e+22,0.000000000e+00,7.059036449e+17,0.000000000e+00,1.266825702e+21,0.000000000e+00
38000,251.457016,9.176902995e+22,2.460854431e+22,0.000000000e+00,6.111301406e+17,0.000000000e+00,1.096743603e+21,0.000000000e+00
39000,253.78685,7.955471832e+22,2.133318439e+22,0.000000000e+00,5.297896448e+17,0.000000000e+00,9.507687096e+20,0.000000000e+00
40000,256.1665955,6.904612704e+22,1.851522919e+22,0.000000000e+00,4.598083410e+17,0.000000000e+00,8.251792193e+20,0.000000000e+00
41000,258.631897,5.998808665e+22,1.608624876e+22,0.000000000e+00,3.994868997e+17,0.000000000e+00,7.169254210e+20,0.000000000e+00
42000,261.1336975,5.218360520e+22,1.399341925e+22,0.000000000e+00,3.475134661e+17,0.000000000e+00,6.236530580e+20,0.000000000e+00
43000,263.5727539,4.546676107e+22,1.219224737e+22,0.000000000e+00,3.027830310e+17,0.000000000e+00,5.433791390e+20,0.000000000e+00
44000,265.8422546,3.969041267e+22,1.064327706e+22,0.000000000e+00,2.643158093e+17,0.000000000e+00,4.743452547e+20,0.000000000e+00
45000,267.828949,3.472373942e+22,9.311426980e+21,0.000000000e+00,2.312405582e+17,0.000000000e+00,4.149879172e+20,0.000000000e+00
46000,269.4161682,3.045213146e+22,8.165964562e+21,0.000000000e+00,2.027940621e+17,0.000000000e+00,3.639373636e+20,0.000000000e+00
47000,270.5006409,2.677435014e+22,7.179739857e+21,0.000000000e+00,1.783020970e+17,0.000000000e+00,3.199837090e+20,0.000000000e+00
48000,270.990448,2.360242665e+22,6.329164699e+21,0.000000000e+00,1.571788809e+17,0.000000000e+00,2.820756443e+20,0.000000000e+00
49000,270.800293,2.086079507e+22,5.593976266e+21,0.000000000e+00,1.389211553e+17,0.000000000e+00,2.493100571e+20,0.000000000e+00
50000,269.8547058,1.848523634e+22,4.956952795e+21,0.000000000e+00,1.231012703e+17,0.000000000e+00,2.209194530e+20,0.000000000e+00
51000,268.1036072,1.641998688e+22,4.403140927e+21,4.772971923e+15,1.093478745e+17,0.000000000e+00,1.962373873e+20,0.000000000e+00
52000,265.6783447,1.460925385e+22,3.917579422e+21,5.257524765e+15,9.728941021e+16,0.000000000e+00,1.745970809e+20,0.000000000e+00
53000,262.8371887,1.300390411e+22,3.487093000e+21,5.662123569e+15,8.659868685e+16,0.000000000e+00,1.554113418e+20,0.000000000e+00
54000,259.8269653,1.156776473e+22,3.101981752e+21,5.989800583e+15,7.703480830e+16,0.000000000e+00,1.382478598e+20,0.000000000e+00
55000,256.874939,1.027426787e+22,2.755120982e+21,6.253214148e+15,6.842084336e+16,0.000000000e+00,1.227891045e+20,0.000000000e+00
56000,254.1795959,9.104684735e+21,2.441488334e+21,6.471678196e+15,6.063207479e+16,0.000000000e+00,1.088112683e+20,0.000000000e+00
57000,251.7430725,8.050472001e+21,2.158793585e+21,6.651790334e+15,5.361161574e+16,0.000000000e+00,9.621223722e+19,0.000000000e+00
58000,249.3989868,7.107742499e+21,1.905993731e+21,6.784486033e+15,4.733356755e+16,0.000000000e+00,8.494555037e+19,0.000000000e+00
59000,246.9870453,6.269905209e+21,1.681321531e+21,6.860532724e+15,4.175404426e+16,0.000000000e+00,7.493245630e+19,0.000000000e+00
60000,244.3595123,5.528867726e+21,1.482606812e+21,6.871716819e+15,3.681914831e+16,0.000000000e+00,6.607621560e+19,0.000000000e+00
61000,241.3846283,4.875524899e+21,1.307408060e+21,6.812053281e+15,3.246825195e+16,0.000000000e+00,5.826802938e+19,0.000000000e+00
62000,238.0125122,4.299534491e+21,1.152951974e+21,6.691926267e+15,2.863248108e+16,0.000000000e+00,5.138429494e+19,0.000000000e+00
63000,234.2818451,3.790347666e+21,1.016409730e+21,6.539826443e+15,2.524158293e+16,0.000000000e+00,4.529893788e+19,0.000000000e+00
64000,230.2375031,3.339067280e+21,8.953956152e+20,6.383556742e+15,2.223631056e+16,0.000000000e+00,3.990562664e+19,0.000000000e+00
65000,225.9242554,2.938286883e+21,7.879233322e+20,6.248540150e+15,1.956733628e+16,0.000000000e+00,3.511584613e+19,0.000000000e+00
66000,221.3873444,2.581767299e+21,6.923199341e+20,6.157840641e+15,1.719311701e+16,0.000000000e+00,3.085503406e+19,0.000000000e+00
67000,216.7395935,2.263587563e+21,6.069977614e+20,6.113346927e+15,1.507421959e+16,0.000000000e+00,2.705242807e+19,0.000000000e+00
68000,212.1844482,1.978248921e+21,5.304820611e+20,6.085658347e+15,1.317402513e+16,0.000000000e+00,2.364231035e+19,0.000000000e+00
69000,207.9022217,1.721816772e+21,4.617179003e+20,6.043599343e+15,1.146633110e+16,0.000000000e+00,2.057765478e+19,0.000000000e+00
70000,204.0445709,1.491501562e+21,3.999571535e+20,5.956919924e+15,9.932560696e+15,0.000000000e+00,1.782512748e+19,0.000000000e+00
71000,200.7404175,1.285254150e+21,3.446503816e+20,5.798210145e+15,8.559069346e+15,0.000000000e+00,1.536023901e+19,0.000000000e+00
72000,198.0005341,1.101975449e+21,2.955028803e+20,5.573298277e+15,7.338536815e+15,0.000000000e+00,1.316985132e+19,0.000000000e+00
73000,195.6221313,9.412759660e+20,2.524100993e+20,5.347677739e+15,6.268367866e+15,0.000000000e+00,1.124931017e+19,0.000000000e+00
74000,193.3978577,8.019364935e+20,2.150451934e+20,5.184649907e+15,5.340446088e+15,0.000000000e+00,9.584047035e+18,0.000000000e+00
75000,191.1396332,6.821124552e+20,1.829134878e+20,5.140948078e+15,4.542485188e+15,0.000000000e+00,8.152013954e+18,0.000000000e+00
76000,188.6770325,5.796887777e+20,1.554478280e+20,5.276974524e+15,3.860430422e+15,2.764019073e+13,6.927935905e+18,0.000000000e+00
77000,185.9209137,4.923257003e+20,1.320207713e+20,5.654202039e+15,3.282178306e+15,7.125112508e+13,5.883848460e+18,0.000000000e+00
78000,182.9750214,4.175253086e+20,1.119620728e+20,6.307140684e+15,2.791578955e+15,1.345445230e+14,4.989880085e+18,0.000000000e+00
79000,179.965744,3.533019372e+20,9.473221541e+19,7.289861413e+15,2.373317860e+15,2.030437568e+14,4.221987212e+18,0.000000000e+00
80000,177.0049286,2.980970592e+20,7.991162550e+19,8.689282017e+15,2.015551111e+15,2.606682761e+14,3.561482539e+18,0.000000000e+00
81000,174.1904602,2.506561408e+20,6.716915215e+19,1.063123376e+16,1.709015671e+15,2.977274014e+14,2.993590556e+18,0.000000000e+00
82000,171.6133881,2.099479982e+20,5.623107413e+19,1.333231615e+16,1.446225279e+15,3.124220951e+14,2.506111905e+18,0.000000000e+00
83000,169.3776245,1.750942888e+20,4.686425541e+19,1.735694102e+16,1.220935319e+15,3.081946058e+14,2.088682728e+18,0.000000000e+00
84000,167.5839081,1.453721234e+20,3.887212969e+19,2.384670640e+16,1.027985256e+15,2.905453772e+14,1.732523012e+18,0.000000000e+00
85000,166.3282776,1.201635675e+20,3.208451236e+19,3.514929724e+16,8.630933410e+14,2.648722941e+14,1.430098628e+18,0.000000000e+00
86000,165.7085114,9.889121929e+19,2.634679669e+19,5.650108076e+16,7.225750973e+14,2.359848977e+14,1.174316352e+18,0.000000000e+00
87000,165.8093414,8.105037650e+19,2.152878952e+19,9.427485856e+16,6.042491510e+14,2.074768845e+14,9.589119220e+17,0.000000000e+00
88000,166.5882568,6.622775029e+19,1.752419005e+19,1.470069208e+17,5.066158202e+14,1.809475762e+14,7.795107944e+17,0.000000000e+00
89000,167.9604034,5.402127566e+19,1.422792565e+19,2.153573912e+17,4.263508003e+14,1.571636076e+14,6.316708733e+17,0.000000000e+00
90000,169.848877,4.402668418e+19,1.153492371e+19,2.983208349e+17,3.604697936e+14,1.363301137e+14,5.108543022e+17,0.000000000e+00
91000,172.1789246,3.588507326e+19,9.347263908e+18,3.928378781e+17,3.064094093e+14,1.183396366e+14,4.127648770e+17,0.000000000e+00
92000,174.8731232,2.927902708e+19,7.577382789e+18,4.936807552e+17,2.620146812e+14,1.029348891e+14,3.335155149e+17,9.434356941e+10
93000,177.8470001,2.393310918e+19,6.149578980e+18,5.933170215e+17,2.255053117e+14,8.980588711e+13,2.697117313e+17,1.091398615e+11
94000,181.0051117,1.961381409e+19,4.999741055e+18,6.817918359e+17,1.954288805e+14,7.864231081e+13,2.184649031e+17,1.250234614e+11
95000,184.2694855,1.612345181e+19,4.072900582e+18,7.471025518e+17,1.705754147e+14,6.907921380e+13,1.772536267e+17,1.421394412e+11
96000,187.6395721,1.329500543e+19,3.323164768e+18,7.776434801e+17,1.499133672e+14,6.077909303e+13,1.438617592e+17,1.609158492e+11
97000,191.1299744,1.099567703e+19,2.715398996e+18,7.641706143e+17,1.326272815e+14,5.355598984e+13,1.167851172e+17,1.816645960e+11
98000,194.7571259,9.120704039e+18,2.221761431e+18,7.060546216e+17,1.180781133e+14,4.725538187e+13,9.482719995e+16,2.047231754e+11
99000,198.5392914,7.587188234e+18,1.820112582e+18,6.147942631e+17,1.057634187e+14,4.174936801e+13,7.701753394e+16,2.305019740e+11
100000,202.4973602,6.329289207e+18,1.492805838e+18,5.102471656e+17,9.528477221e+13,3.693125776e+13,6.257167343e+16,2.594930360e+11
101000,206.6544342,5.294473943e+18,1.225711236e+18,4.113736512e+17,8.632199755e+13,3.271078340e+13,5.085254593e+16,2.922609705e+11
102000,211.0369263,4.440806793e+18,1.007488483e+18,3.291511409e+17,7.861982095e+13,2.901166103e+13,4.134517196e+16,3.294637261e+11
103000,215.6746826,3.734651772e+18,8.290078530e+17,2.660462860e+17,7.196981907e+13,2.576833787e+13,3.363102415e+16,3.718396641e+11
104000,220.6017151,3.148946876e+18,6.828962267e+17,2.195132359e+17,6.620257557e+13,2.292388672e+13,2.737478366e+16,4.201478226e+11
105000,225.855484,2.661845083e+18,5.632952001e+17,1.853670089e+17,6.117823978e+13,2.042832198e+13,2.231896935e+16,4.746627973e+11
106000,231.4681396,2.255824988e+18,4.653293669e+17,1.600276640e+17,5.678413172e+13,1.823874849e+13,1.823138026e+16,5.360223846e+11
107000,237.4715729,1.916610121e+18,3.850138908e+17,1.407762032e+17,5.292380756e+13,1.631746366e+13,1.492217560e+16,6.050044314e+11
108000,243.901474,1.632551429e+18,3.191030821e+17,1.256934635e+17,4.941864868e+13,1.461572233e+13,1.223913208e+16,6.823934689e+11
109000,250.7983093,1.394128792e+18,2.649539212e+17,1.134827684e+17,4.618759176e+13,1.308839484e+13,1.006046375e+16,7.689707848e+11
110000,258.208252,1.193535952e+18,2.204183916e+17,1.032854938e+17,4.320375131e+13,1.172017408e+13,8.288403729e+15,8.654995456e+11
111000,266.1838989,1.024366330e+18,1.837386494e+17,9.453466973e+16,4.044264518e+13,1.049619648e+13,6.844547393e+15,9.726910136e+11
112000,274.7854309,8.813393150e+17,1.534842469e+17,8.685452088e+16,3.788200162e+13,9.402252788e+12,5.665807577e+15,1.091179839e+12
113000,284.0820923,7.601207007e+17,1.284909904e+17,7.999666929e+16,3.550166280e+13,8.424854651e+12,4.701703920e+15,1.221507547e+12
114000,294.1543579,6.571161837e+17,1.078057923e+17,7.379246018e+16,3.328324298e+13,7.551559664e+12,3.911441749e+15,1.364092125e+12
115000,305.093689,5.693508978e+17,9.065492269e+16,6.812592514e+16,3.121011176e+13,6.770801508e+12,3.262302808e+15,1.519167865e+12
116000,316.9654541,4.944492108e+17,7.641541389e+16,6.292426448e+16,2.927140798e+13,6.073058066e+12,2.728189802e+15,1.687042523e+12
117000,329.7898254,4.304701753e+17,6.458324284e+16,5.814209327e+16,2.746074373e+13,5.450266837e+12,2.288257912e+15,1.868142346e+12
118000,343.5719604,3.757730453e+17,5.474204254e+16,5.374651207e+16,2.576335294e+13,4.895121342e+12,1.925433705e+15,2.062964359e+12
119000,358.2972717,3.289710615e+17,4.654744251e+16,4.971057425e+16,2.416324693e+13,4.400904929e+12,1.625754912e+15,2.272086983e+12
120000,373.9238892,2.888889149e+17,3.971557977e+16,4.601323448e+16,2.266187275e+13,3.961545032e+12,1.377836514e+15,2.496282231e+12
121000,390.3733826,2.545415804e+17,3.401375728e+16,4.263593419e+16,2.126056207e+13,3.570800787e+12,1.172411181e+15,2.736576266e+12
122000,407.5201416,2.250904743e+17,2.925145459e+16,3.956186718e+16,1.996036348e+13,3.222527803e+12,1.001907624e+15,2.994392007e+12
123000,425.1787415,1.998349155e+17,2.526910078e+16,3.677640050e+16,1.876222699e+13,2.913150435e+12,8.603016794e+14,3.271697891e+12
124000,443.0925293,1.781825766e+17,2.193522261e+16,3.426389403e+16,1.766691806e+13,2.639423603e+12,7.426925899e+14,3.570733154e+12
125000,460.9225464,1.596347603e+17,1.914195413e+16,3.200271400e+16,1.667532482e+13,2.398351000e+12,6.448443094e+14,3.893711864e+12
126000,478.3479614,1.437375488e+17,1.679698681e+16,2.997790536e+16,1.578458363e+13,2.186684793e+12,5.632167112e+14,4.244158546e+12
127000,495.3226318,1.300284513e+17,1.481525132e+16,2.815807188e+16,1.498217552e+13,2.000178512e+12,4.946212516e+14,4.623563227e+12
128000,511.8583984,1.181267791e+17,1.312881630e+16,2.651424401e+16,1.425593179e+13,1.835078648e+12,4.365509114e+14,5.032970289e+12
129000,527.9669189,1.077294879e+17,1.168455517e+16,2.502251597e+16,1.359567598e+13,1.688306450e+12,3.870494336e+14,5.473413628e+12
130000,543.6590576,9.859606811e+16,1.044050500e+16,2.366339934e+16,1.299310025e+13,1.557309817e+12,3.445933463e+14,5.945906168e+12
131000,558.9459229,9.053090980e+16,9.363080245e+15,2.242078155e+16,1.244110468e+13,1.439958172e+12,3.079709655e+14,6.451429376e+12
132000,573.8380737,8.337491876e+16,8.425379363e+15,2.128075979e+16,1.193377320e+13,1.334467101e+12,2.762130042e+14,6.990936932e+12
133000,588.3457642,7.699747644e+16,7.605540436e+15,2.023177846e+16,1.146595941e+13,1.239338844e+12,2.485400770e+14,7.565348962e+12
134000,602.4790039,7.129099392e+16,6.885706064e+15,1.926396985e+16,1.103336309e+13,1.153291780e+12,2.243174009e+14,8.175420965e+12
135000,616.2476196,6.616507930e+16,6.251108540e+15,1.836874190e+16,1.063226075e+13,1.075246924e+12,2.030241946e+14,8.821954052e+12
136000,629.6610107,6.154415834e+16,5.689622097e+15,1.753890053e+16,1.025935986e+13,1.004273795e+12,1.842356588e+14,9.505598341e+12
137000,642.7286377,5.736487170e+16,5.191108464e+15,1.676777029e+16,9.911911055e+12,9.395680707e+11,1.675938853e+14,1.022684037e+13
138000,655.4594116,5.357332611e+16,4.747109778e+15,1.605000717e+16,9.587434455e+12,8.804428677e+11,1.528052895e+14,1.098617822e+13
139000,667.8620605,5.012305862e+16,4.350580412e+15,1.538059786e+16,9.283746922e+12,8.263017431e+11,1.396205033e+14,1.178384256e+13
140000,679.9453125,4.697458560e+16,3.995387958e+15,1.475505950e+16,8.999010304e+12,7.766223749e+11,1.278303399e+14,1.261998440e+13
141000,691.7174072,4.409425597e+16,3.676377383e+15,1.416974887e+16,8.731536392e+12,7.309503365e+11,1.172581856e+14,1.349454922e+13
142000,703.1864624,4.145278237e+16,3.389088632e+15,1.362110008e+16,8.479817859e+12,6.888855962e+11,1.077599661e+14,1.440741117e+13
143000,714.3602295,3.902474287e+16,3.129761191e+15,1.310614317e+16,8.242570199e+12,6.500806820e+11,9.920885398e+13,1.535808163e+13
144000,725.246521,3.678829327e+16,2.895144039e+15,1.262172669e+16,8.018612716e+12,6.142227907e+11,9.149185471e+13,1.634508525e+13
145000,735.8527222,3.472380771e+16,2.682397129e+15,1.216448233e+16,7.806867997e+12,5.810434867e+11,8.451067897e+13,1.736603756e+13
146000,746.1864014,3.281435760e+16,2.489080382e+15,1.173222286e+16,7.606433743e+12,5.502946509e+11,7.818114708e+13,1.841962156e+13
147000,756.2542725,3.104510809e+16,2.313076381e+15,1.132315514e+16,7.416430723e+12,5.217636844e+11,7.243072274e+13,1.950424131e+13
148000,766.0632935,2.940297889e+16,2.152529161e+15,1.093556763e+16,7.236129128e+12,4.952557814e+11,6.719597969e+13,2.061801567e+13
149000,775.6204834,2.787609439e+16,2.005817641e+15,1.056789803e+16,7.064805442e+12,4.705989427e+11,6.242120499e+13,2.175892718e+13
150000,784.9321899,2.645430130e+16,1.871515625e+15,1.021885677e+16,6.901822652e+12,4.476378153e+11,5.805826061e+13,2.292466267e+13
151000,794.0047607,2.512819579e+16,1.748377570e+15,9.887145712e+15,6.746648084e+12,4.262322176e+11,5.406495605e+13,2.411288383e+13
152000,802.8445435,2.388963030e+16,1.635281954e+15,9.571574064e+15,6.598729662e+12,4.062571725e+11,5.040362645e+13,2.532080563e+13
153000,811.4575195,2.273109723e+16,1.531265497e+15,9.271132511e+15,6.457626460e+12,3.876003185e+11,4.704154367e+13,2.654561160e+13
154000,819.8493652,2.164618420e+16,1.435453366e+15,8.984824086e+15,6.322861900e+12,3.701569618e+11,4.394950695e+13,2.778429024e+13
155000,828.026123,2.062874725e+16,1.347072066e+15,8.711727516e+15,6.194088378e+12,3.538346312e+11,4.110185556e+13,2.903371887e+13
156000,835.9932861,1.967355941e+16,1.265436549e+15,8.451035350e+15,6.070907437e+12,3.385480315e+11,3.847543272e+13,3.029056514e+13
157000,843.7562866,1.877572012e+16,1.189938138e+15,8.201966438e+15,5.952985104e+12,3.242200596e+11,3.604971992e+13,3.155143374e+13
158000,851.3203125,1.793078194e+16,1.120017815e+15,7.963867410e+15,5.840036168e+12,3.107804611e+11,3.380690603e+13,3.281292309e+13
159000,858.6905518,1.713483753e+16,1.055191122e+15,7.736009194e+15,5.731751821e+12,2.981643551e+11,3.173058714e+13,3.407162953e+13
160000,865.8722534,1.638430702e+16,9.950134629e+14,7.517863510e+15,5.627877261e+12,2.863130214e+11,2.980581265e+13,3.532392078e+13
161000,872.8699951,1.567581459e+16,9.390887608e+14,7.308804903e+15,5.528157159e+12,2.751727862e+11,2.801962425e+13,3.656629879e+13
162000,879.6885986,1.500644071e+16,8.870555676e+14,7.108357169e+15,5.432383898e+12,2.646933504e+11,2.636040163e+13,3.779548152e+13
163000,886.3328857,1.437339689e+16,8.385906868e+14,6.916026923e+15,5.340333605e+12,2.548294943e+11,2.481735074e+13,3.900780734e+13
164000,892.8071289,1.377423500e+16,7.934019937e+14,6.731305211e+15,5.251808625e+12,2.455388488e+11,2.338090648e+13,4.020003406e+13
165000,899.1159668,1.320670017e+16,7.512297770e+14,6.553891924e+15,5.166633845e+12,2.367837798e+11,2.204239921e+13,4.136916274e+13
166000,905.2634277,1.266856868e+16,7.118221769e+14,6.383263610e+15,5.084636250e+12,2.285274726e+11,2.079389332e+13,4.251186312e+13
167000,911.2539062,1.215798726e+16,6.749740419e+14,6.219170627e+15,5.005653836e+12,2.207368806e+11,1.962832141e+13,4.362538792e+13
168000,917.0913086,1.167315203e+16,6.404828373e+14,6.061216762e+15,4.929544520e+12,2.133823652e+11,1.853933329e+13,4.470682629e+13
169000,922.7796631,1.121243840e+16,6.081623359e+14,5.909077209e+15,4.856138957e+12,2.064350413e+11,1.752078012e+13,4.575393428e+13
170000,928.3227539,1.077434530e+16,5.778561743e+14,5.762469574e+15,4.785340154e+12,1.998697431e+11,1.656753540e+13,4.676397721e+13
171000,933.7244263,1.035747899e+16,5.494081564e+14,5.621130254e+15,4.717013893e+12,1.936609608e+11,1.567467608e+13,4.773510119e+13
172000,938.9882812,9.960550998e+15,5.226859772e+14,5.484768263e+15,4.651033821e+12,1.877870182e+11,1.483761779e+13,4.866513777e+13
173000,944.1179199,9.582360874e+15,4.975605192e+14,5.353154359e+15,4.587306090e+12,1.822267638e+11,1.405230462e+13,4.955267767e+13
174000,949.1166992,9.221831655e+15,4.739191401e+14,5.226052318e+15,4.525709591e+12,1.769612739e+11,1.331507705e+13,5.039578730e+13
175000,953.9880371,8.877890137e+15,4.516547343e+14,5.103277457e+15,4.466171970e+12,1.719717396e+11,1.262246009e+13,5.119389204e+13
176000,958.7352905,8.549606997e+15,4.306724769e+14,4.984598920e+15,4.408573690e+12,1.672419901e+11,1.197129440e+13,5.194531000e+13
177000,963.3615723,8.236079216e+15,4.108817038e+14,4.869837931e+15,4.352852886e+12,1.627564442e+11,1.135871839e+13,5.264975174e+13
178000,967.8699951,7.936531554e+15,3.922022871e+14,4.758789941e+15,4.298893165e+12,1.584999629e+11,1.078209072e+13,5.330636164e+13
179000,972.2637329,7.650143134e+15,3.745586285e+14,4.651296036e+15,4.246657040e+12,1.544591278e+11,1.023893884e+13,5.391490482e+13
180000,976.5455933,7.376208510e+15,3.578811698e+14,4.547225758e+15,4.196046209e+12,1.506217492e+11,9.727003066e+12,5.447516737e+13
181000,980.7185059,7.114068939e+15,3.421043792e+14,4.446385563e+15,4.146998018e+12,1.469753754e+11,9.244229239e+12,5.498714508e+13
182000,984.7852783,6.863103799e+15,3.271740327e+14,4.348677204e+15,4.099445883e+12,1.435097661e+11,8.788701086e+12,5.545123224e+13
183000,988.7485962,6.622681730e+15,3.130301350e+14,4.253942037e+15,4.053318238e+12,1.402134856e+11,8.358614532e+12,5.586761757e+13
184000,992.6112061,6.392335118e+15,2.996254414e+14,4.162045038e+15,4.008571044e+12,1.370777846e+11,7.952358965e+12,5.623687152e+13
185000,996.3756104,6.171478773e+15,2.869149219e+14,4.072876685e+15,3.965131162e+12,1.340928983e+11,7.568411853e+12,5.655974065e+13
186000,1000.044373,5.959681051e+15,2.748513318e+14,3.986329604e+15,3.922959794e+12,1.312509952e+11,7.205360239e+12,5.683713514e+13
187000,1003.619995,5.756466284e+15,2.633963185e+14,3.902304743e+15,3.881990357e+12,1.285435228e+11,6.861880295e+12,5.706990643e+13
188000,1007.104797,5.561410344e+15,2.525130559e+14,3.820691237e+15,3.842180645e+12,1.259639439e+11,6.536804434e+12,5.725904437e+13
189000,1010.50116,5.374092862e+15,2.421682245e+14,3.741371513e+15,3.803491598e+12,1.235044598e+11,6.228971356e+12,5.740588696e+13
190000,1013.81134,5.194198156e+15,2.323289578e+14,3.664288661e+15,3.765870264e+12,1.211587215e+11,5.937339826e+12,5.751124787e+13
191000,1017.037537,5.021311227e+15,2.229637816e+14,3.589347656e+15,3.729268146e+12,1.189207736e+11,5.660958261e+12,5.757712780e+13
192000,1020.181885,4.855154512e+15,2.140468926e+14,3.516431191e+15,3.693657457e+12,1.167846031e+11,5.398887137e+12,5.760454178e+13
193000,1023.246582,4.695371528e+15,2.055523701e+14,3.445507054e+15,3.658985767e+12,1.147451720e+11,5.150312235e+12,5.759458450e+13
194000,1026.233643,4.541680955e+15,1.974553501e+14,3.376492298e+15,3.625236824e+12,1.127967130e+11,4.914421957e+12,5.754909308e+13
195000,1029.144897,4.393818384e+15,1.897348444e+14,3.309295924e+15,3.592354267e+12,1.109352858e+11,4.690507989e+12,5.746932580e+13
196000,1031.982422,4.251496321e+15,1.823675494e+14,3.243867466e+15,3.560311095e+12,1.091559260e+11,4.477852582e+12,5.735701912e+13
197000,1034.748169,4.114477201e+15,1.753359330e+14,3.180135251e+15,3.529080570e+12,1.074543493e+11,4.275844153e+12,5.721353198e+13
198000,1037.443848,3.982521310e+15,1.686214730e+14,3.118042104e+15,3.498632544e+12,1.058267546e+11,4.083860898e+12,5.704027367e+13
199000,1040.071289,3.855399405e+15,1.622061844e+14,3.057523330e+15,3.468929532e+12,1.042693325e+11,3.901353099e+12,5.683891352e+13
200000,1042.632202,3.732925191e+15,1.560744978e+14,2.998526317e+15,3.439949775e+12,1.027784868e+11,3.727796470e+12,5.661069305e+13
201000,1045.128418,3.614862714e+15,1.502111628e+14,2.941013753e+15,3.411658932e+12,1.013508424e+11,3.562677993e+12,5.635733193e+13
202000,1047.561523,3.501058429e+15,1.446035629e+14,2.884915306e+15,3.384036557e+12,9.998316339e+10,3.405565919e+12,5.608034429e+13
203000,1049.933105,3.391313425e+15,1.392365063e+14,2.830197691e+15,3.357057221e+12,9.867281203e+10,3.256006738e+12,5.578083323e+13
204000,1052.244873,3.285449729e+15,1.340979303e+14,2.776795410e+15,3.330696806e+12,9.741669171e+10,3.113606185e+12,5.546032968e+13
205000,1054.498047,3.183313527e+15,1.291779781e+14,2.724690477e+15,3.304938013e+12,9.621227930e+10,2.977976549e+12,5.512038973e+13
206000,1056.694458,3.084767919e+15,1.244643186e+14,2.673800483e+15,3.279744926e+12,9.505693696e+10,2.848758170e+12,5.476190677e+13
207000,1058.835327,2.989636540e+15,1.199463821e+14,2.624140192e+15,3.255114662e+12,9.394856755e+10,2.725623628e+12,5.438664658e+13
208000,1060.922241,2.897785980e+15,1.156155452e+14,2.575622094e+15,3.231013667e+12,9.288462336e+10,2.608243147e+12,5.399549418e+13
209000,1062.956421,2.809110743e+15,1.114619427e+14,2.528242699e+15,3.207433552e+12,9.186321203e+10,2.496327582e+12,5.358977915e+13
210000,1064.939331,2.723457016e+15,1.074774629e+14,2.481948321e+15,3.184354394e+12,9.088200704e+10,2.389588574e+12,5.317060041e+13
211000,1066.872192,2.640708834e+15,1.036540864e+14,2.436708356e+15,3.161751814e+12,8.993947648e+10,2.287768699e+12,5.273924141e+13
212000,1068.75647,2.560756139e+15,9.998341610e+13,2.392491668e+15,3.139600122e+12,8.903381811e+10,2.190611448e+12,5.229657457e+13
213000,1070.59314,2.483484040e+15,9.645910183e+13,2.349269533e+15,3.117906657e+12,8.816315597e+10,2.097888100e+12,5.184367781e+13
214000,1072.383545,2.408801806e+15,9.307429850e+13,2.307013766e+15,3.096641536e+12,8.732569600e+10,2.009365873e+12,5.138158295e+13
215000,1074.128906,2.336594816e+15,8.982154864e+13,2.265680343e+15,3.075787981e+12,8.652034048e+10,1.924845011e+12,5.091112465e+13
216000,1075.8302,2.266789518e+15,8.669616302e+13,2.225260137e+15,3.055342322e+12,8.574528717e+10,1.844132184e+12,5.043330954e+13
217000,1077.48877,2.199262700e+15,8.369168240e+13,2.185720534e+15,3.035287519e+12,8.499939738e+10,1.767029866e+12,4.994894712e+13
218000,1079.105591,2.133957454e+15,8.080327495e+13,2.147036703e+15,3.015597621e+12,8.428114739e+10,1.693366092e+12,4.945880914e+13
219000,1080.681641,2.070776740e+15,7.802481698e+13,2.109178311e+15,2.996275511e+12,8.358951322e+10,1.622970991e+12,4.896367156e+13
220000,1082.218262,2.009643786e+15,7.535226520e+13,2.072130728e+15,2.977305199e+12,8.292336435e+10,1.555687014e+12,4.846407962e+13
221000,1083.716064,1.950486115e+15,7.278067869e+13,2.035865098e+15,2.958668857e+12,8.228116890e+10,1.491368411e+12,4.796114901e+13
222000,1085.17627,1.893225879e+15,7.030585478e+13,2.000360885e+15,2.940362555e+12,8.166219776e+10,1.429870346e+12,4.745503913e+13
223000,1086.599854,1.837802950e+15,6.792330137e+13,1.965597957e+15,2.922374234e+12,8.106544333e+10,1.371061486e+12,4.694662237e+13
224000,1087.987549,1.784139078e+15,6.562926874e+13,1.931557657e+15,2.904696291e+12,8.048997171e+10,1.314809709e+12,4.643659081e+13
225000,1089.340576,1.732179504e+15,6.341991911e+13,1.898214081e+15,2.887309853e+12,7.993451315e+10,1.261001769e+12,4.592521288e+13
226000,1090.659424,1.681865438e+15,6.129186767e+13,1.865557029e+15,2.870215180e+12,7.939852698e+10,1.209518785e+12,4.541317225e+13
227000,1091.945312,1.633127089e+15,5.924139408e+13,1.833555093e+15,2.853387895e+12,7.888112026e+10,1.160249606e+12,4.490072896e+13
228000,1093.198975,1.585916271e+15,5.726587270e+13,1.802205590e+15,2.836839006e+12,7.838145741e+10,1.113096192e+12,4.438865897e+13
229000,1094.421143,1.540181312e+15,5.536169224e+13,1.771499527e+15,2.820546232e+12,7.789889126e+10,1.067960369e+12,4.387705035e+13
230000,1095.612549,1.495866242e+15,5.352628158e+13,1.741394222e+15,2.804509573e+12,7.743249613e+10,1.024749404e+12,4.336649450e+13
231000,1096.774292,1.452928112e+15,5.175653695e+13,1.711881622e+15,2.788711727e+12,7.698178048e+10,9.833764618e+11,4.285720114e+13
232000,1097.906738,1.411310282e+15,5.005013051e+13,1.682960923e+15,2.773159510e+12,7.654603981e+10,9.437522166e+11,4.234973649e+13
233000,1099.010986,1.370973425e+15,4.840423529e+13,1.654604475e+15,2.757825921e+12,7.612482355e+10,9.058042511e+11,4.184412992e+13
234000,1100.087402,1.331870164e+15,4.681655281e+13,1.626799662e+15,2.742721970e+12,7.571700941e+10,8.694545777e+11,4.134075892e+13
235000,1101.136963,1.293969359e+15,4.528503207e+13,1.599545545e+15,2.727832715e+12,7.532262195e+10,8.346295337e+11,4.084011840e+13
236000,1102.160278,1.257216519e+15,4.380703483e+13,1.572810716e+15,2.713158156e+12,7.494087475e+10,8.012649595e+11,4.034206997e+13
237000,1103.157959,1.221574330e+15,4.238087920e+13,1.546589538e+15,2.698674176e+12,7.457094042e+10,7.692922388e+11,3.984710435e+13
238000,1104.130615,1.187015815e+15,4.100415344e+13,1.520870200e+15,2.684397027e+12,7.421308928e+10,7.386521272e+11,3.935538512e+13
239000,1105.079102,1.153496280e+15,3.967546923e+13,1.495640891e+15,2.670311768e+12,7.386623181e+10,7.092836762e+11,3.886720169e+13
240000,1106.003784,1.120982304e+15,3.839259941e+13,1.470891007e+15,2.656405553e+12,7.352991744e+10,6.811317699e+11,3.838241564e+13
241000,1106.905396,1.089445701e+15,3.715371106e+13,1.446603907e+15,2.642688868e+12,7.320411341e+10,6.541437829e+11,3.790145061e+13
242000,1107.784424,1.058851038e+15,3.595747459e+13,1.422774891e+15,2.629138645e+12,7.288796774e+10,6.282671555e+11,3.742431078e+13
243000,1108.641479,1.029167915e+15,3.480205918e+13,1.399393761e+15,2.615761175e+12,7.258157875e+10,6.034552259e+11,3.695110940e+13
244000,1109.477173,1.000363449e+15,3.368610798e+13,1.376445213e+15,2.602553049e+12,7.228398797e+10,5.796601528e+11,3.648225332e+13
245000,1110.291992,9.724138147e+14,3.260806490e+13,1.353919586e+15,2.589511385e+12,7.199546573e+10,5.568395346e+11,3.601756638e+13
246000,1111.086548,9.452880092e+14,3.156632142e+13,1.331808289e+15,2.576617570e+12,7.171518464e+10,5.349498880e+11,3.555716183e+13
247000,1111.861206,9.189638191e+14,3.055993592e+13,1.310107028e+15,2.563874226e+12,7.144303002e+10,5.139527434e+11,3.510114661e+13
248000,1112.616577,8.934124547e+14,2.958729360e+13,1.288802111e+15,2.551283188e+12,7.117860864e+10,4.938102538e+11,3.464961301e+13
249000,1113.353027,8.686098910e+14,2.864730604e+13,1.267884949e+15,2.538837377e+12,7.092154368e+10,4.744825733e+11,3.420265959e+13
250000,1114.071289,8.445326399e+14,2.773881140e+13,1.247342657e+15,2.526527881e+12,7.067171226e+10,4.559390310e+11,3.376023391e+13
251000,1114.771484,8.211552000e+14,2.686049898e+13,1.227176846e+15,2.514358632e+12,7.042890957e+10,4.381434511e+11,3.332256039e+13
252000,1115.454346,7.984589151e+14,2.601150054e+13,1.207370068e+15,2.502321242e+12,7.019273421e+10,4.210659492e+11,3.288958029e+13
253000,1116.120117,7.764228472e+14,2.519069413e+13,1.187919906e+15,2.490418594e+12,6.996271923e+10,4.046758543e+11,3.246112165e+13
254000,1116.769409,7.550208909e+14,2.439699549e+13,1.168818576e+15,2.478628667e+12,6.973904486e+10,3.889437409e+11,3.203757035e+13
255000,1117.402466,7.342419733e+14,2.362946722e+13,1.150054535e+15,2.466973483e+12,6.952108851e+10,3.738430341e+11,3.161875022e+13
256000,1118.019775,7.140617340e+14,2.288719915e+13,1.131629662e+15,2.455432331e+12,6.930904678e+10,3.593454223e+11,3.120466126e+13
257000,1118.621826,6.944588992e+14,2.216932095e+13,1.113519731e+15,2.444011504e+12,6.910229709e+10,3.454267556e+11,3.079531397e+13
258000,1119.208862,6.754190408e+14,2.147498957e+13,1.095739707e+15,2.432705233e+12,6.890079846e+10,3.320643912e+11,3.039081949e+13
259000,1119.78125,6.569274617e+14,2.080331373e+13,1.078266304e+15,2.421511160e+12,6.870446490e+10,3.192329011e+11,2.999107086e+13
260000,1120.339478,6.389650361e+14,2.015352586e+13,1.061101400e+15,2.410422469e+12,6.851284992e+10,3.069112156e+11,2.959605760e+13
261000,1120.883789,6.215110943e+14,1.952487519e+13,1.044230903e+15,2.399438111e+12,6.832614605e+10,2.950789530e+11,2.920583424e+13
262000,1121.414551,6.045574491e+14,1.891671579e+13,1.027656892e+15,2.388560445e+12,6.814378803e+10,2.837155676e+11,2.882028962e+13
263000,1121.932129,5.880847060e+14,1.832813750e+13,1.011369638e+15,2.377783706e+12,6.796583322e+10,2.728013496e+11,2.843952441e+13
264000,1122.437012,5.720781011e+14,1.775862232e+13,9.953635030e+14,2.367104745e+12,6.779209728e+10,2.623175393e+11,2.806341488e+13
265000,1122.929199,5.565264607e+14,1.720752538e+13,9.796330512e+14,2.356519371e+12,6.762230170e+10,2.522476708e+11,2.769207217e+13
266000,1123.409302,5.414116991e+14,1.667415671e+13,9.641728467e+14,2.346038067e+12,6.745649152e+10,2.425740001e+11,2.732531384e+13
267000,1123.877441,5.267252597e+14,1.615786620e+13,9.489777222e+14,2.335637766e+12,6.729438413e+10,2.332809298e+11,2.696319441e+13
268000,1124.333984,5.124542578e+14,1.565826482e+13,9.340426447e+14,2.325334196e+12,6.713581568e+10,2.243522560e+11,2.660564258e+13
269000,1124.779175,4.985826543e+14,1.517455566e+13,9.193589569e+14,2.315113464e+12,6.698084352e+10,2.157740851e+11,2.625265205e+13
270000,1125.213379,4.850987051e+14,1.470632768e+13,9.049289407e+14,2.304986841e+12,6.682907443e+10,2.075311473e+11,2.590420605e+13
271000,1125.636719,4.719949277e+14,1.425306708e+13,8.907409190e+14,2.294935716e+12,6.668070912e+10,1.996107284e+11,2.556024586e+13
272000,1126.049683,4.592563902e+14,1.381424746e+13,8.767936169e+14,2.284971622e+12,6.653545677e+10,1.919995412e+11,2.522065614e+13
273000,1126.452393,4.468760128e+14,1.338934349e+13,8.630825380e+14,2.275088794e+12,6.639316173e+10,1.846855434e+11,2.488561723e+13
274000,1126.845215,4.348398702e+14,1.297792211e+13,8.495998306e+14,2.265282249e+12,6.625365197e+10,1.776558244e+11,2.455477892e+13
275000,1127.228149,4.231381312e+14,1.257956599e+13,8.363448907e+14,2.255555133e+12,6.611705037e+10,1.708997509e+11,2.422841803e+13
276000,1127.601807,4.117625748e+14,1.219381690e+13,8.233097995e+14,2.245901418e+12,6.598316442e+10,1.644060508e+11,2.390631855e+13
277000,1127.966064,4.007023629e+14,1.182026904e+13,8.104940201e+14,2.236325036e+12,6.585199002e+10,1.581646807e+11,2.358838611e+13
278000,1128.321411,3.899497780e+14,1.145853968e+13,7.978933247e+14,2.226819957e+12,6.572322406e+10,1.521649091e+11,2.327473606e+13
279000,1128.667969,3.794944855e+14,1.110811502e+13,7.855006668e+14,2.217385132e+12,6.559685837e+10,1.463972659e+11,2.296517335e+13
280000,1129.005859,3.693294723e+14,1.076877905e+13,7.733123554e+14,2.208029213e+12,6.547274547e+10,1.408533627e+11,2.265977350e+13
281000,1129.335571,3.594434642e+14,1.044010500e+13,7.613274511e+14,2.198732276e+12,6.535097139e+10,1.355229676e+11,2.235842953e+13
282000,1129.657104,3.498312938e+14,1.012169022e+13,7.495395114e+14,2.189503758e+12,6.523138458e+10,1.303982408e+11,2.206104499e+13
283000,1129.970581,3.404839015e+14,9.813301920e+12,7.379479994e+14,2.180345889e+12,6.511385395e+10,1.254713016e+11,2.176768908e+13
284000,1130.276367,3.313935025e+14,9.514556326e+12,7.265433186e+14,2.171249623e+12,6.499834675e+10,1.207341384e+11,2.147830098e+13
285000,1130.574707,3.225517084e+14,9.225125233e+12,7.153278850e+14,2.162214044e+12,6.488484250e+10,1.161790341e+11,2.119273598e+13
286000,1130.865601,3.139538885e+14,8.944745447e+12,7.042983429e+14,2.153246884e+12,6.477320192e+10,1.117988782e+11,2.091107169e+13
287000,1131.149414,3.055918556e+14,8.673091387e+12,6.934459684e+14,2.144338444e+12,6.466338816e+10,1.075869778e+11,2.063312146e+13
288000,1131.426147,2.974577915e+14,8.409884131e+12,6.827729090e+14,2.135492788e+12,6.455540941e+10,1.035366072e+11,2.035895658e+13
289000,1131.696045,2.895464282e+14,8.154886701e+12,6.722733932e+14,2.126704542e+12,6.444910592e+10,9.964180275e+10,2.008847850e+13
290000,1131.959351,2.818525312e+14,7.907802350e+12,6.619441999e+14,2.117976982e+12,6.434434253e+10,9.589552742e+10,1.982167463e+13
291000,1132.216187,2.743667219e+14,7.668395672e+12,6.517849265e+14,2.109301588e+12,6.424134042e+10,9.229293158e+10,1.955845269e+13
292000,1132.466675,2.670863665e+14,7.436420252e+12,6.417877211e+14,2.100685570e+12,6.413971866e+10,8.882769920e+10,1.929879591e+13
293000,1132.710938,2.600026400e+14,7.211585110e+12,6.319521141e+14,2.092128403e+12,6.403971891e+10,8.549484134e+10,1.904265816e+13
294000,1132.949219,2.531138816e+14,6.993718280e+12,6.222777029e+14,2.083625239e+12,6.394106675e+10,8.228919706e+10,1.879001845e+13
295000,1133.181641,2.464108302e+14,6.782585405e+12,6.127569042e+14,2.075174896e+12,6.384375398e+10,7.920567910e+10,1.854079291e+13
296000,1133.408447,2.398892411e+14,6.577972052e+12,6.033893823e+14,2.066769510e+12,6.374787482e+10,7.623938867e+10,1.829492910e+13
297000,1133.629517,2.335449872e+14,6.379673223e+12,5.941749362e+14,2.058428350e+12,6.365319578e+10,7.338625434e+10,1.805241863e+13
298000,1133.845337,2.273730521e+14,6.187451941e+12,5.851084654e+14,2.050130444e+12,6.355980288e+10,7.064141824e+10,1.781320699e+13
299000,1134.055664,2.213687046e+14,6.001188667e+12,5.761852053e+14,2.041887326e+12,6.346783130e+10,6.800101376e+10,1.757724698e+13
300000,1134.260986,2.155254854e+14,5.820614967e+12,5.674050217e+14,2.033694409e+12,6.337687552e+10,6.546058854e+10,1.734449247e+13
301000,1134.461182,2.098406936e+14,5.645596623e+12,5.587653309e+14,2.025547497e+12,6.328705024e+10,6.301668557e+10,1.711489627e+13
302000,1134.656494,2.043090441e+14,5.475948036e+12,5.502638178e+14,2.017449345e+12,6.319824077e+10,6.066520064e+10,1.688841434e+13
303000,1134.847046,1.989263596e+14,5.311500911e+12,5.418980664e+14,2.009399951e+12,6.311054950e+10,5.840293888e+10,1.666499949e+13
304000,1135.032837,1.936892342e+14,5.152102679e+12,5.336658958e+14,2.001398792e+12,6.302395597e+10,5.622624666e+10,1.644467166e+13
305000,1135.214111,1.885929032e+14,4.997574033e+12,5.255647893e+14,1.993437348e+12,6.293834138e+10,5.413182259e+10,1.622729137e+13
306000,1135.390991,1.836328031e+14,4.847765029e+12,5.175907206e+14,1.985526890e+12,6.285368525e+10,5.211651277e+10,1.601290686e+13
307000,1135.563477,1.788065685e+14,4.702544593e+12,5.097435218e+14,1.977662964e+12,6.276997939e+10,5.017738445e+10,1.580141956e+13
308000,1135.731689,1.741104915e+14,4.561753342e+12,5.020228910e+14,1.969844912e+12,6.268710912e+10,4.831132877e+10,1.559281061e+13
309000,1135.895874,1.695396565e+14,4.425243951e+12,4.944210102e+14,1.962065002e+12,6.260516454e+10,4.651563008e+10,1.538704015e+13
310000,1136.05603,1.650912783e+14,4.292899766e+12,4.869415031e+14,1.954330182e+12,6.252402688e+10,4.478752768e+10,1.518404213e+13
311000,1136.212158,1.607626559e+14,4.164599939e+12,4.795787328e+14,1.946640450e+12,6.244369613e+10,4.312467866e+10,1.498385744e+13
312000,1136.364624,1.565492259e+14,4.040193737e+12,4.723324308e+14,1.938990694e+12,6.236426650e+10,4.152425267e+10,1.478633613e+13
313000,1136.513306,1.524490589e+14,3.919569748e+12,4.652006510e+14,1.931381178e+12,6.228561920e+10,3.998404608e+10,1.459151805e+13
314000,1136.658325,1.484578934e+14,3.802610008e+12,4.581798703e+14,1.923815047e+12,6.220762726e+10,3.850182656e+10,1.439937279e+13
315000,1136.799805,1.445738840e+14,3.689193931e+12,4.512715652e+14,1.916292039e+12,6.213040538e+10,3.707516518e+10,1.420982695e+13
316000,1136.937744,1.407930042e+14,3.579226620e+12,4.444688569e+14,1.908804157e+12,6.205382246e+10,3.570195661e+10,1.402282076e+13
317000,1137.072388,1.371129470e+14,3.472593519e+12,4.377749669e+14,1.901358744e+12,6.197787034e+10,3.438043136e+10,1.383839616e+13
318000,1137.203857,1.335310030e+14,3.369185313e+12,4.311847613e+14,1.893954486e+12,6.190266368e+10,3.310835507e+10,1.365645984e+13
319000,1137.331909,1.300445130e+14,3.268916281e+12,4.246982402e+14,1.886584832e+12,6.182819840e+10,3.188392960e+10,1.347698242e+13
320000,1137.457031,1.266508345e+14,3.171675800e+12,4.183120147e+14,1.879252533e+12,6.175422874e+10,3.070533427e+10,1.329995029e+13
321000,1137.578979,1.233474762e+14,3.077377622e+12,4.120261520e+14,1.871964668e+12,6.168074650e+10,2.957089792e+10,1.312530262e+13
322000,1137.697998,1.201315019e+14,2.985919250e+12,4.058388401e+14,1.864709571e+12,6.160809984e+10,2.847882854e+10,1.295305723e+13
323000,1137.814087,1.170010077e+14,2.897230954e+12,3.997470257e+14,1.857491436e+12,6.153593651e+10,2.742762701e+10,1.278310613e+13
324000,1137.927246,1.139537032e+14,2.811221508e+12,3.937506754e+14,1.850312622e+12,6.146436710e+10,2.641570406e+10,1.261548916e+13
325000,1138.037842,1.109872733e+14,2.727797326e+12,3.878466350e+14,1.843165921e+12,6.139324826e+10,2.544150938e+10,1.245009832e+13
326000,1138.14563,1.080991678e+14,2.646895755e+12,3.820350053e+14,1.836061950e+12,6.132260864e+10,2.450372608e+10,1.228697659e+13
327000,1138.250732,1.052880782e+14,2.568429240e+12,3.763127329e+14,1.828985897e+12,6.125253427e+10,2.360087757e+10,1.212606631e+13
328000,1138.353394,1.025510767e+14,2.492318089e+12,3.706798515e+14,1.821951918e+12,6.118302925e+10,2.273164902e+10,1.196731190e+13
329000,1138.453491,9.988622569e+13,2.418499912e+12,3.651334755e+14,1.814948741e+12,6.111373722e+10,2.189481779e+10,1.181070813e+13
330000,1138.551147,9.729193961e+13,2.346904715e+12,3.596736048e+14,1.807979905e+12,6.104523571e+10,2.108920218e+10,1.165624554e+13
331000,1138.646484,9.476631429e+13,2.277446255e+12,3.542988304e+14,1.801044886e+12,6.097693901e+10,2.031353856e+10,1.150384865e+13
332000,1138.739502,9.230714352e+13,2.210086257e+12,3.490064344e+14,1.794143683e+12,6.090919117e+10,1.956666982e+10,1.135348915e+13
333000,1138.8302,8.991334518e+13,2.144747389e+12,3.437951081e+14,1.787275772e+12,6.084187750e+10,1.884766003e+10,1.120515968e+13
334000,1138.918701,8.758212585e+13,2.081368048e+12,3.386648183e+14,1.780444692e+12,6.077486694e+10,1.815527834e+10,1.105885292e+13
335000,1139.005127,8.531248729e+13,2.019884794e+12,3.336142563e+14,1.773642842e+12,6.070839296e+10,1.748863181e+10,1.091449756e+13
336000,1139.089355,8.310276856e+13,1.960243626e+12,3.286408720e+14,1.766873629e+12,6.064221798e+10,1.684675174e+10,1.077210933e+13
337000,1139.171631,8.095104867e+13,1.902396047e+12,3.237434576e+14,1.760140329e+12,6.057646080e+10,1.622867558e+10,1.063161692e+13
338000,1139.251831,7.885608609e+13,1.846269313e+12,3.189220467e+14,1.753435603e+12,6.051110912e+10,1.563351450e+10,1.049301615e+13
339000,1139.330078,7.681605213e+13,1.791825674e+12,3.141741564e+14,1.746762858e+12,6.044604826e+10,1.506040422e+10,1.035627974e+13
340000,1139.406494,7.483006596e+13,1.739009950e+12,3.094998537e+14,1.740121571e+12,6.038138880e+10,1.450855117e+10,1.022137939e+13
341000,1139.480957,7.289582911e+13,1.687770104e+12,3.048967901e+14,1.733511873e+12,6.031700787e+10,1.397710234e+10,1.008829412e+13
342000,1139.553711,7.101250273e+13,1.638064587e+12,3.003637576e+14,1.726936383e+12,6.025302426e+10,1.346537062e+10,9.956993532e+12
343000,1139.624634,6.917846362e+13,1.589840577e+12,2.959008905e+14,1.720385405e+12,6.018942976e+10,1.297254605e+10,9.827474473e+12
344000,1139.693848,6.739268416e+13,1.543055999e+12,2.915058401e+14,1.713865097e+12,6.012588442e+10,1.249794253e+10,9.699654107e+12
345000,1139.761475,6.565358731e+13,1.497667469e+12,2.871787406e+14,1.707378344e+12,6.006283059e+10,1.204085760e+10,9.573600592e+12
346000,1139.827393,6.396019579e+13,1.453630292e+12,2.829173104e+14,1.700918723e+12,6.000016179e+10,1.160070656e+10,9.449182855e+12
347000,1139.891724,6.231103740e+13,1.410905801e+12,2.787216503e+14,1.694492393e+12,5.993764045e+10,1.117678797e+10,9.326464860e+12
348000,1139.954468,6.070518940e+13,1.369452315e+12,2.745896799e+14,1.688092672e+12,5.987550003e+10,1.076852019e+10,9.205388935e+12
349000,1140.015747,5.914125507e+13,1.329233527e+12,2.705203424e+14,1.681719427e+12,5.981349478e+10,1.037529702e+10,9.085896360e+12
350000,1140.075439,5.761812713e+13,1.290212475e+12,2.665137048e+14,1.675378819e+12,5.975187456e+10,9.996580864e+09,8.968035369e+12
351000,1140.133789,5.613472344e+13,1.252347871e+12,2.625667642e+14,1.669067309e+12,5.969049600e+10,9.631826944e+09,8.851747242e+12
352000,1140.190674,5.469041066e+13,1.215612584e+12,2.586815338e+14,1.662785028e+12,5.962936730e+10,9.280537600e+09,8.737013105e+12
353000,1140.246216,5.328373337e+13,1.179967291e+12,2.548550945e+14,1.656524898e+12,5.956849254e+10,8.942172160e+09,8.623792062e+12
354000,1140.300415,5.191349200e+13,1.145379488e+12,2.510865068e+14,1.650300027e+12,5.950785536e+10,8.616268800e+09,8.512097223e+12
355000,1140.353271,5.057932165e+13,1.111819682e+12,2.473749151e+14,1.644097176e+12,5.944747213e+10,8.302347776e+09,8.401890836e+12
356000,1140.404907,4.927968300e+13,1.079254516e+12,2.437202860e+14,1.637925650e+12,5.938744115e+10,7.999995392e+09,8.293150884e+12
357000,1140.4552,4.801404338e+13,1.047654367e+12,2.401208745e+14,1.631779029e+12,5.932742246e+10,7.708735488e+09,8.185845907e+12
358000,1140.504395,4.678130808e+13,1.016994202e+12,2.365766640e+14,1.625660457e+12,5.926774784e+10,7.428200960e+09,8.080012083e+12
359000,1140.552368,4.558079761e+13,9.872398090e+11,2.330858929e+14,1.619572687e+12,5.920820019e+10,7.157964800e+09,7.975555564e+12
360000,1140.599121,4.441148018e+13,9.583661548e+11,2.296468835e+14,1.613509427e+12,5.914888602e+10,6.897659392e+09,7.872504136e+12
361000,1140.644775,4.327252532e+13,9.303503012e+11,2.262614646e+14,1.607470547e+12,5.908991181e+10,6.646903296e+09,7.770804322e+12
362000,1140.689331,4.216314869e+13,9.031611187e+11,2.229261465e+14,1.601458536e+12,5.903094170e+10,6.405365760e+09,7.670457172e+12
363000,1140.73291,4.108271695e+13,8.767756042e+11,2.196427076e+14,1.595473527e+12,5.897230336e+10,6.172659200e+09,7.571454820e+12
364000,1140.775269,4.003031994e+13,8.511717376e+11,2.164078932e+14,1.589512765e+12,5.891379200e+10,5.948502528e+09,7.473766334e+12
365000,1140.816772,3.900535367e+13,8.263238943e+11,2.132224918e+14,1.583581364e+12,5.885548954e+10,5.732556800e+09,7.377371791e+12
366000,1140.857178,3.800681991e+13,8.022100541e+11,2.100842050e+14,1.577673556e+12,5.879753114e+10,5.524529152e+09,7.282241831e+12
367000,1140.896606,3.703429923e+13,7.788078039e+11,2.069938883e+14,1.571795239e+12,5.873956864e+10,5.324116480e+09,7.188399522e+12
368000,1140.935059,3.608697373e+13,7.560976138e+11,2.039507365e+14,1.565937238e+12,5.868193792e+10,5.131056640e+09,7.095800300e+12
369000,1140.972656,3.516416813e+13,7.340558254e+11,2.009532733e+14,1.560105058e+12,5.862428672e+10,4.945048064e+09,7.004398551e+12
370000,1141.009277,3.426538750e+13,7.126653338e+11,1.980007938e+14,1.554301977e+12,5.856697139e+10,4.765841408e+09,6.914232549e+12
371000,1141.045166,3.338972588e+13,6.919039222e+11,1.950925601e+14,1.548518556e+12,5.850975437e+10,4.593192960e+09,6.825245147e+12
372000,1141.080078,3.253696515e+13,6.717568451e+11,1.922287061e+14,1.542763839e+12,5.845263565e+10,4.426845696e+09,6.737447354e+12
373000,1141.114136,3.170613225e+13,6.522019512e+11,1.894077557e+14,1.537028653e+12,5.839584461e+10,4.266590976e+09,6.650809287e+12
374000,1141.147461,3.089676789e+13,6.332226601e+11,1.866290207e+14,1.531324531e+12,5.833903309e+10,4.112186624e+09,6.565313642e+12
375000,1141.17981,3.010843587e+13,6.148021289e+11,1.838919645e+14,1.525637186e+12,5.828254925e+10,3.963427328e+09,6.480948363e+12
376000,1141.211548,2.934045671e+13,5.969234493e+11,1.811965198e+14,1.519980249e+12,5.822603674e+10,3.820080128e+09,6.397707158e+12
377000,1141.242432,2.859230613e+13,5.795706307e+11,1.785414283e+14,1.514345595e+12,5.816984781e+10,3.681983488e+09,6.315539694e+12
378000,1141.272705,2.786345982e+13,5.627289928e+11,1.759260021e+14,1.508735582e+12,5.811363430e+10,3.548907776e+09,6.234478477e+12
379000,1141.302124,2.715352354e+13,5.463803822e+11,1.733496876e+14,1.503144444e+12,5.805774029e+10,3.420703488e+09,6.154462691e+12
380000,1141.330933,2.646179054e+13,5.305140183e+11,1.708125182e+14,1.497583452e+12,5.800181760e+10,3.297157120e+09,6.075522744e+12
381000,1141.359009,2.578799028e+13,5.151126651e+11,1.683125645e+14,1.492041204e+12,5.794621440e+10,3.178111232e+09,5.997622460e+12
382000,1141.386353,2.513155863e+13,5.001645261e+11,1.658512862e+14,1.486523073e+12,5.789069312e+10,3.063407104e+09,5.920724615e+12
383000,1141.413086,2.449203423e+13,4.856531517e+11,1.634260490e+14,1.481029190e+12,5.783526195e+10,2.952871680e+09,5.844871152e+12
384000,1141.439209,2.386906894e+13,4.715693670e+11,1.610376081e+14,1.475556409e+12,5.777990861e+10,2.846375936e+09,5.770004398e+12
385000,1141.4646,2.326205458e+13,4.578978038e+11,1.586842016e+14,1.470110237e+12,5.772476006e+10,2.743742976e+09,5.696121733e+12
386000,1141.489502,2.267065772e+13,4.446269932e+11,1.563664335e+14,1.464684904e+12,5.766979584e+10,2.644847360e+09,5.623208477e+12
387000,1141.513794,2.209456167e+13,4.317443523e+11,1.540838173e+14,1.459283165e+12,5.761492173e+10,2.549537536e+09,5.551253094e+12
388000,1141.537476,2.153327991e+13,4.192400179e+11,1.518346079e+14,1.453902004e+12,5.756023194e+10,2.457705216e+09,5.480252965e+12
389000,1141.560547,2.098643075e+13,4.071018988e+11,1.496194765e+14,1.448541553e+12,5.750541107e+10,2.369200128e+09,5.410174009e+12
390000,1141.58313,2.045363461e+13,3.953183949e+11,1.474372822e+14,1.443206922e+12,5.745088512e+10,2.283918080e+09,5.341013606e+12
391000,1141.605103,1.993459997e+13,3.838813143e+11,1.452881086e+14,1.437892870e+12,5.739654349e+10,2.201728256e+09,5.272760746e+12
392000,1141.626709,1.942874384e+13,3.727759770e+11,1.431697916e+14,1.432598741e+12,5.734227968e+10,2.122512768e+09,5.205400748e+12
393000,1141.647583,1.893609767e+13,3.619975987e+11,1.410840590e+14,1.427330302e+12,5.728810598e+10,2.046187904e+09,5.138944623e+12
394000,1141.668091,1.845594843e+13,3.515337277e+11,1.390293254e+14,1.422081917e+12,5.723399782e+10,1.972623232e+09,5.073338368e+12
395000,1141.68811,1.798818916e+13,3.413757133e+11,1.370050957e+14,1.416856076e+12,5.717996749e+10,1.901725952e+09,5.008590373e+12
396000,1141.707642,1.753242665e+13,3.315144786e+11,1.350109169e+14,1.411650028e+12,5.712622387e+10,1.833398400e+09,4.944709550e+12
397000,1141.726685,1.708834842e+13,3.219413729e+11,1.330463526e+14,1.406466392e+12,5.707244749e+10,1.767550336e+09,4.881644519e+12
398000,1141.745239,1.665565144e+13,3.126471885e+11,1.311114364e+14,1.401302417e+12,5.701885952e+10,1.704081024e+09,4.819423592e+12
399000,1141.763428,1.623404210e+13,3.036237660e+11,1.292052203e+14,1.396160594e+12,5.696534118e+10,1.642912896e+09,4.757987525e+12
400000,1141.781128,1.582323099e+13,2.948642570e+11,1.273272678e+14,1.391040659e+12,5.691200307e+10,1.583962496e+09,4.697381929e+12
401000,1141.798462,1.542299792e+13,2.863602729e+11,1.254771345e+14,1.385940124e+12,5.685862400e+10,1.527139456e+09,4.637566435e+12
402000,1141.815308,1.503300839e+13,2.781043098e+11,1.236544258e+14,1.380864098e+12,5.680532275e+10,1.472377984e+09,4.578524266e+12
403000,1141.831787,1.465294153e+13,2.700885197e+11,1.218591753e+14,1.375804457e+12,5.675230003e+10,1.419596928e+09,4.520243888e+12
404000,1141.8479,1.428259707e+13,2.623063654e+11,1.200904936e+14,1.370769064e+12,5.669935514e+10,1.368721408e+09,4.462741029e+12
405000,1141.863647,1.392177788e+13,2.547509494e+11,1.183479948e+14,1.365750055e+12,5.664636109e+10,1.319682176e+09,4.405978989e+12
406000,1141.878906,1.357018300e+13,2.474151936e+11,1.166312846e+14,1.360752411e+12,5.659355136e+10,1.272419840e+09,4.349965631e+12
407000,1141.893921,1.322754507e+13,2.402929541e+11,1.149399601e+14,1.355778621e+12,5.654090957e+10,1.226857472e+09,4.294665306e+12
408000,1141.908569,1.289370993e+13,2.333780869e+11,1.132740632e+14,1.350820823e+12,5.648823501e+10,1.182942720e+09,4.240110256e+12
409000,1141.922729,1.256837874e+13,2.266644316e+11,1.116323775e+14,1.345886880e+12,5.643572838e+10,1.140615552e+09,4.186249363e+12
410000,1141.936768,1.225132605e+13,2.201456312e+11,1.100153559e+14,1.340970893e+12,5.638328320e+10,1.099817856e+09,4.133097308e+12
411000,1141.950317,1.194241452e+13,2.138164429e+11,1.084222180e+14,1.336073781e+12,5.633091174e+10,1.060485888e+09,4.080636789e+12
412000,1141.963623,1.164138198e+13,2.076712141e+11,1.068529974e+14,1.331197116e+12,5.627881472e+10,1.022572288e+09,4.028851028e+12
413000,1141.976562,1.134798622e+13,2.017042432e+11,1.053065531e+14,1.326338802e+12,5.622657024e+10,9.860277120e+08,3.977738977e+12
414000,1141.989136,1.106213496e+13,1.959110083e+11,1.037833212e+14,1.321506177e+12,5.617449779e+10,9.508022400e+08,3.927299064e+12
415000,1142.001587,1.078352622e+13,1.902856602e+11,1.022821356e+14,1.316683776e+12,5.612258918e+10,9.168439680e+08,3.877506384e+12
416000,1142.01355,1.051202054e+13,1.848236605e+11,1.008035078e+14,1.311889555e+12,5.607053312e+10,8.841073280e+08,3.828369064e+12
417000,1142.025391,1.024744804e+13,1.795198157e+11,9.934664095e+13,1.307110408e+12,5.601885389e+10,8.525495040e+08,3.779861414e+12
418000,1142.036865,9.989615780e+12,1.743695708e+11,9.791163549e+13,1.302349087e+12,5.596713779e+10,8.221292160e+08,3.731998638e+12
419000,1142.048096,9.738345513e+12,1.693687316e+11,9.649738407e+13,1.297610441e+12,5.591536845e+10,7.928021760e+08,3.684742201e+12
420000,1142.05896,9.493471560e+12,1.645132677e+11,9.510397046e+13,1.292889358e+12,5.586388173e+10,7.645303680e+08,3.638113599e+12
421000,1142.069702,9.254842925e+12,1.597982310e+11,9.373141130e+13,1.288185577e+12,5.581245235e+10,7.372765440e+08,3.592081637e+12
422000,1142.080078,9.022268768e+12,1.552195420e+11,9.237906059e+13,1.283501720e+12,5.576097382e+10,7.109986560e+08,3.546647364e+12
423000,1142.090332,8.795607007e+12,1.507735142e+11,9.104659114e+13,1.278837654e+12,5.570976563e+10,6.856664960e+08,3.501794525e+12
424000,1142.10022,8.574707171e+12,1.464565596e+11,8.973371752e+13,1.274190758e+12,5.565862298e+10,6.612447360e+08,3.457529676e+12
425000,1142.109985,8.359420363e+12,1.422637793e+11,8.844047327e+13,1.269563392e+12,5.560742298e+10,6.377013760e+08,3.413838135e+12
426000,1142.119507,8.149617607e+12,1.381923553e+11,8.716591030e+13,1.264953065e+12,5.555628442e+10,6.150010880e+08,3.370705486e+12
427000,1142.128784,7.945127985e+12,1.342392730e+11,8.591039770e+13,1.260364628e+12,5.550531789e+10,5.931146880e+08,3.328144310e+12
428000,1142.137817,7.745845068e+12,1.303998054e+11,8.467298741e+13,1.255793099e+12,5.545440051e+10,5.720160000e+08,3.286127346e+12
429000,1142.146606,7.551619957e+12,1.266718720e+11,8.345407363e+13,1.251235987e+12,5.540354458e+10,5.516721920e+08,3.244653543e+12
430000,1142.155151,7.362308473e+12,1.230512374e+11,8.225305223e+13,1.246700372e+12,5.535285248e+10,5.320601280e+08,3.203716612e+12
431000,1142.163574,7.177812050e+12,1.195352556e+11,8.106995670e+13,1.242181272e+12,5.530220954e+10,5.131492480e+08,3.163302396e+12
432000,1142.171875,6.997979693e+12,1.161208463e+11,7.990390614e+13,1.237683667e+12,5.525162803e+10,4.949152640e+08,3.123415876e+12
433000,1142.17981,6.822720176e+12,1.128048640e+11,7.875526122e+13,1.233197859e+12,5.520110387e+10,4.773366400e+08,3.084051284e+12
434000,1142.187744,6.651888271e+12,1.095844250e+11,7.762313259e+13,1.228735382e+12,5.515062067e+10,4.603858880e+08,3.045188436e+12
435000,1142.195312,6.485397471e+12,1.064571617e+11,7.650790606e+13,1.224287191e+12,5.510021120e+10,4.440423360e+08,3.006827856e+12
436000,1142.202759,6.323110412e+12,1.034201416e+11,7.540901955e+13,1.219859841e+12,5.504995738e+10,4.282839040e+08,2.968956436e+12
437000,1142.210083,6.164943733e+12,1.004701614e+11,7.432648964e+13,1.215448482e+12,5.499975270e+10,4.130887040e+08,2.931579159e+12
438000,1142.217163,6.010781041e+12,9.760564019e+10,7.325953622e+13,1.211053375e+12,5.494970778e+10,3.984380160e+08,2.894684226e+12
439000,1142.224121,5.860507517e+12,9.482353869e+10,7.220818424e+13,1.206676750e+12,5.489960960e+10,3.843113920e+08,2.858264560e+12
440000,1142.230957,5.714046091e+12,9.212143206e+10,7.117221573e+13,1.202315985e+12,5.484956467e+10,3.706884800e+08,2.822314394e+12
441000,1142.237549,5.571288236e+12,8.949704294e+10,7.015167239e+13,1.197975798e+12,5.479967949e+10,3.575526080e+08,2.786832679e+12
442000,1142.244019,5.432129094e+12,8.694841344e+10,6.914605080e+13,1.193649111e+12,5.474985574e+10,3.448862400e+08,2.751797658e+12
443000,1142.250366,5.296496312e+12,8.447302042e+10,6.815512030e+13,1.189342740e+12,5.469996646e+10,3.326730240e+08,2.717218243e+12
444000,1142.256592,5.164290277e+12,8.206874214e+10,6.717866266e+13,1.185052099e+12,5.465024102e+10,3.208942080e+08,2.683084734e+12
445000,1142.262573,5.035414520e+12,7.973366170e+10,6.621672401e+13,1.180774826e+12,5.460056883e+10,3.095372160e+08,2.649395298e+12
446000,1142.268433,4.909801406e+12,7.746561638e+10,6.526858274e+13,1.176519836e+12,5.455105229e+10,2.985850560e+08,2.616129225e+12
447000,1142.27417,4.787341885e+12,7.526282035e+10,6.433428918e+13,1.172278084e+12,5.450148250e+10,2.880226240e+08,2.583290970e+12
448000,1142.279785,4.667989819e+12,7.312336486e+10,6.341386424e+13,1.168056386e+12,5.445217075e+10,2.778381440e+08,2.550884729e+12
449000,1142.285278,4.551648739e+12,7.104541491e+10,6.250685907e+13,1.163847533e+12,5.440269926e+10,2.680158400e+08,2.518885335e+12
450000,1142.290649,4.438233186e+12,6.902704538e+10,6.161308485e+13,1.159658471e+12,5.435338752e+10,2.585442400e+08,2.487301439e+12
451000,1142.295898,4.327676838e+12,6.706640896e+10,6.073234018e+13,1.155484746e+12,5.430412083e+10,2.494098080e+08,2.456123343e+12
452000,1142.300903,4.219915731e+12,6.516221952e+10,5.986443623e+13,1.151326224e+12,5.425501798e+10,2.406003840e+08,2.425341346e+12
453000,1142.305908,4.114853396e+12,6.331233894e+10,5.900917585e+13,1.147184873e+12,5.420596019e+10,2.321043840e+08,2.394954400e+12
454000,1142.310791,4.012445532e+12,6.151580467e+10,5.816658838e+13,1.143056237e+12,5.415694746e+10,2.239118240e+08,2.364961980e+12
455000,1142.315552,3.912617165e+12,5.977081856e+10,5.733605708e+13,1.138949226e+12,5.410799206e+10,2.160104960e+08,2.335354126e+12
456000,1142.32019,3.815301448e+12,5.807578726e+10,5.651782956e+13,1.134857028e+12,5.405908173e+10,2.083896160e+08,2.306121662e+12
457000,1142.324707,3.720435204e+12,5.642925261e+10,5.571129317e+13,1.130779640e+12,5.401022054e+10,2.010403040e+08,2.277268259e+12
458000,1142.329102,3.627955519e+12,5.482983014e+10,5.491670393e+13,1.126719291e+12,5.396140851e+10,1.939524160e+08,2.248780546e+12
459000,1142.333496,3.537801839e+12,5.327624602e+10,5.413366733e+13,1.122673361e+12,5.391274803e+10,1.871158720e+08,2.220661670e+12
460000,1142.337646,3.449915703e+12,5.176718950e+10,5.336222120e+13,1.118644470e+12,5.386403840e+10,1.805223840e+08,2.192899178e+12
461000,1142.341797,3.364231840e+12,5.030116557e+10,5.260177826e+13,1.114632094e+12,5.381557862e+10,1.741635840e+08,2.165492285e+12
462000,1142.345825,3.280701489e+12,4.887731814e+10,5.185238461e+13,1.110634136e+12,5.376696320e+10,1.680300320e+08,2.138435879e+12
463000,1142.349731,3.199275893e+12,4.749404979e+10,5.111407794e+13,1.106650857e+12,5.371860173e+10,1.621143840e+08,2.111734153e+12
464000,1142.353516,3.119895544e+12,4.615028326e+10,5.038630031e+13,1.102686061e+12,5.367018701e+10,1.564088160e+08,2.085366137e+12
465000,1142.3573,3.042501984e+12,4.484488397e+10,4.966926995e+13,1.098735485e+12,5.362191974e+10,1.509057600e+08,2.059334844e+12
466000,1142.360962,2.967051436e+12,4.357690982e+10,4.896264697e+13,1.094799065e+12,5.357370163e+10,1.455974720e+08,2.033636737e+12
467000,1142.364502,2.893488849e+12,4.234503373e+10,4.826628033e+13,1.090876998e+12,5.352542618e+10,1.404775040e+08,2.008267227e+12
468000,1142.368042,2.821776736e+12,4.114845286e+10,4.758000228e+13,1.086970986e+12,5.347740058e+10,1.355393920e+08,1.983221858e+12
469000,1142.37146,2.751868961e+12,3.998599168e+10,4.690368277e+13,1.083081163e+12,5.342921933e+10,1.307761520e+08,1.958496174e+12
470000,1142.374756,2.683708375e+12,3.885667123e+10,4.623716239e+13,1.079207461e+12,5.338129613e+10,1.261812720e+08,1.934086373e+12
471000,1142.378052,2.617255920e+12,3.775954125e+10,4.558030262e+13,1.075347653e+12,5.333330330e+10,1.217494560e+08,1.909988393e+12
472000,1142.381226,2.552459428e+12,3.669373747e+10,4.493313293e+13,1.071503770e+12,5.328536781e+10,1.174744400e+08,1.886194369e+12
473000,1142.384277,2.489290588e+12,3.565835878e+10,4.429532595e+13,1.067673715e+12,5.323758387e+10,1.133508240e+08,1.862707446e+12
474000,1142.387329,2.427713225e+12,3.465252864e+10,4.366658825e+13,1.063857291e+12,5.318993920e+10,1.093732240e+08,1.839520023e+12
475000,1142.390259,2.367668355e+12,3.367533158e+10,4.304728040e+13,1.060058890e+12,5.314214298e+10,1.055364160e+08,1.816628560e+12
476000,1142.393188,2.309121638e+12,3.272581530e+10,4.243660551e+13,1.056273727e+12,5.309449011e+10,1.018345920e+08,1.794025193e+12
477000,1142.395996,2.252044501e+12,3.180349850e+10,4.183492429e+13,1.052502458e+12,5.304698470e+10,9.826430400e+07,1.771710185e+12
478000,1142.398682,2.196399063e+12,3.090729779e+10,4.124194726e+13,1.048748753e+12,5.299952845e+10,9.481993600e+07,1.749682881e+12
479000,1142.401367,2.142137090e+12,3.003680973e+10,4.065769124e+13,1.045006189e+12,5.295201485e+10,9.149752000e+07,1.727932662e+12
480000,1142.404053,2.089231581e+12,2.919089357e+10,4.008172841e+13,1.041279287e+12,5.290464051e+10,8.829201600e+07,1.706459398e+12
481000,1142.406616,2.037651997e+12,2.836918477e+10,3.951423480e+13,1.037567525e+12,5.285732352e+10,8.520012000e+07,1.685262696e+12
482000,1142.40918,1.987357573e+12,2.757070848e+10,3.895478272e+13,1.033869197e+12,5.280994099e+10,8.221697600e+07,1.664329449e+12
483000,1142.411621,1.938319344e+12,2.679506944e+10,3.840356084e+13,1.030186009e+12,5.276271002e+10,7.933950400e+07,1.643668832e+12
484000,1142.41394,1.890505851e+12,2.604140134e+10,3.786014966e+13,1.026515993e+12,5.271562650e+10,7.656332000e+07,1.623268000e+12
485000,1142.41626,1.843885900e+12,2.530912256e+10,3.732472549e+13,1.022861050e+12,5.266858394e+10,7.388528000e+07,1.603126559e+12
486000,1142.418579,1.798429213e+12,2.459772109e+10,3.679716237e+13,1.019221180e+12,5.262158234e+10,7.130144800e+07,1.583237956e+12
487000,1142.420776,1.754106823e+12,2.390645555e+10,3.627706611e+13,1.015592321e+12,5.257462989e+10,6.880876800e+07,1.563608220e+12
488000,1142.422974,1.710886486e+12,2.323479142e+10,3.576446600e+13,1.011980173e+12,5.252762419e+10,6.640412400e+07,1.544221622e+12
489000,1142.425171,1.668743954e+12,2.258221466e+10,3.525925302e+13,1.008381067e+12,5.248075366e+10,6.408387200e+07,1.525084586e+12
490000,1142.427246,1.627654849e+12,2.194821734e+10,3.476132232e+13,1.004794741e+12,5.243403469e+10,6.184553600e+07,1.506187411e+12
491000,1142.429199,1.587580764e+12,2.133210522e+10,3.427069481e+13,1.001223160e+12,5.238726246e+10,5.968583200e+07,1.487533244e+12
492000,1142.431152,1.548514230e+12,2.073352602e+10,3.378713150e+13,9.976662589e+11,5.234062950e+10,5.760232800e+07,1.469112648e+12
493000,1142.433105,1.510414615e+12,2.015185920e+10,3.331039964e+13,9.941219410e+11,5.229393510e+10,5.559207200e+07,1.450926014e+12
494000,1142.435059,1.473266582e+12,1.958669312e+10,3.284065220e+13,9.905902060e+11,5.224739226e+10,5.365249200e+07,1.432972427e+12
495000,1142.43689,1.437040509e+12,1.903756288e+10,3.237766277e+13,9.870749204e+11,5.220089037e+10,5.178128000e+07,1.415244022e+12
496000,1142.438721,1.401718571e+12,1.850393805e+10,3.192133492e+13,9.835722179e+11,5.215442944e+10,4.997570800e+07,1.397740274e+12
497000,1142.44043,1.367272718e+12,1.798543974e+10,3.147156786e+13,9.800836710e+11,5.210801357e+10,4.823365200e+07,1.380458430e+12
498000,1142.442139,1.333681062e+12,1.748163789e+10,3.102826530e+13,9.766076416e+11,5.206174106e+10,4.655267600e+07,1.363395346e+12
499000,1142.443848,1.300927087e+12,1.699210957e+10,3.059133058e+13,9.731439329e+11,5.201541530e+10,4.493088800e+07,1.346548531e+12
500000,1142.445435,1.268984840e+12,1.651635507e+10,3.016079324e+13,9.696945766e+11,5.196912640e+10,4.336609200e+07,1.329912349e+12
501000,1142.447144,1.237836235e+12,1.605410304e+10,2.973631567e+13,9.662589829e+11,5.192297677e+10,4.185619200e+07,1.313489158e+12
502000,1142.448608,1.207464100e+12,1.560491110e+10,2.931805079e+13,9.628359066e+11,5.187688038e+10,4.039917600e+07,1.297273979e+12
503000,1142.450195,1.177845891e+12,1.516842906e+10,2.890567588e+13,9.594265928e+11,5.183081677e+10,3.899347200e+07,1.281261306e+12
504000,1142.45166,1.148958671e+12,1.474424422e+10,2.849932490e+13,9.560276992e+11,5.178490061e+10,3.763690400e+07,1.265451401e+12
505000,1142.453125,1.120790774e+12,1.433211085e+10,2.809880526e+13,9.526462382e+11,5.173892710e+10,3.632800800e+07,1.249843479e+12
506000,1142.45459,1.093317493e+12,1.393152410e+10,2.770402646e+13,9.492749353e+11,5.169308877e+10,3.506484000e+07,1.234430591e+12
507000,1142.455933,1.066530177e+12,1.354231603e+10,2.731491122e+13,9.459175260e+11,5.164710707e+10,3.384617200e+07,1.219214574e+12
508000,1142.457275,1.040402874e+12,1.316405965e+10,2.693136905e+13,9.425737482e+11,5.160135475e+10,3.267004600e+07,1.204186513e+12
509000,1142.458618,1.014927327e+12,1.279648768e+10,2.655332059e+13,9.392399974e+11,5.155564749e+10,3.153521200e+07,1.189352571e+12
510000,1142.459961,9.900794184e+11,1.243927450e+10,2.618068809e+13,9.359215821e+11,5.150997709e+10,3.043997200e+07,1.174701474e+12
511000,1142.461182,9.658491208e+11,1.209210266e+10,2.581339406e+13,9.326149632e+11,5.146445824e+10,2.938322000e+07,1.160239514e+12
512000,1142.462524,9.422153318e+11,1.175475507e+10,2.545144897e+13,9.293218447e+11,5.141886976e+10,2.836342600e+07,1.145955942e+12
513000,1142.463745,9.191686799e+11,1.142690611e+10,2.509459064e+13,9.260403917e+11,5.137342874e+10,2.737923200e+07,1.131852202e+12
514000,1142.464844,8.966944195e+11,1.110830899e+10,2.474293650e+13,9.227723080e+11,5.132793446e+10,2.642954800e+07,1.117926719e+12
515000,1142.466064,8.747745280e+11,1.079867597e+10,2.439621202e+13,9.195157586e+11,5.128256717e+10,2.551304600e+07,1.104180806e+12
516000,1142.467163,8.533971436e+11,1.049775411e+10,2.405453873e+13,9.162725786e+11,5.123724902e+10,2.462851400e+07,1.090604040e+12
517000,1142.468262,8.325436539e+11,1.020525773e+10,2.371774892e+13,9.130406707e+11,5.119197594e+10,2.377492200e+07,1.077198324e+12
518000,1142.46936,8.122092093e+11,9.921042432e+09,2.338577337e+13,9.098220012e+11,5.114673971e+10,2.295117800e+07,1.063957365e+12
519000,1142.470337,7.923789332e+11,9.644836864e+09,2.305853664e+13,9.066165043e+11,5.110164275e+10,2.215627000e+07,1.050891256e+12
520000,1142.471436,7.730357207e+11,9.376355328e+09,2.273597369e+13,9.034204447e+11,5.105648435e+10,2.138897400e+07,1.037981647e+12
521000,1142.472412,7.541719695e+11,9.115469824e+09,2.241801755e+13,9.002391962e+11,5.101137510e+10,2.064853000e+07,1.025238368e+12
522000,1142.473389,7.357727375e+11,8.861877248e+09,2.210459884e+13,8.970691543e+11,5.096630272e+10,1.993394400e+07,1.012655522e+12
523000,1142.474365,7.178278666e+11,8.615437312e+09,2.179573449e+13,8.939102536e+11,5.092145971e+10,1.924427400e+07,1.000230945e+12
524000,1142.475342,7.003247084e+11,8.375899136e+09,2.149119386e+13,8.907642634e+11,5.087646925e+10,1.857864200e+07,9.879588700e+11
525000,1142.476196,6.832561193e+11,8.143115264e+09,2.119107559e+13,8.876311183e+11,5.083171635e+10,1.793627400e+07,9.758448026e+11
526000,1142.477173,6.666048635e+11,7.916829696e+09,2.089515930e+13,8.845087867e+11,5.078690202e+10,1.731621200e+07,9.638828442e+11
527000,1142.478027,6.503643873e+11,7.696921600e+09,2.060353532e+13,8.813992346e+11,5.074213274e+10,1.671777900e+07,9.520676209e+11
528000,1142.478882,6.345255813e+11,7.483164672e+09,2.031598980e+13,8.783023964e+11,5.069749453e+10,1.614021400e+07,9.404008366e+11
529000,1142.479736,6.190784840e+11,7.275428352e+09,2.003261703e+13,8.752163062e+11,5.065289728e+10,1.558278000e+07,9.288840643e+11
530000,1142.480469,6.040097260e+11,7.073499136e+09,1.975328083e+13,8.721412915e+11,5.060834918e+10,1.504468600e+07,9.175085875e+11
531000,1142.481323,5.893111808e+11,6.877225984e+09,1.947791820e+13,8.690785976e+11,5.056373555e+10,1.452539300e+07,9.062755860e+11
532000,1142.482056,5.749757706e+11,6.686476288e+09,1.920647687e+13,8.660266516e+11,5.051935949e+10,1.402416000e+07,8.951871570e+11
533000,1142.482788,5.609934029e+11,6.501042688e+09,1.893889382e+13,8.629871575e+11,5.047492608e+10,1.354027400e+07,8.842344530e+11
534000,1142.483521,5.473541489e+11,6.320823808e+09,1.867511887e+13,8.599582802e+11,5.043052954e+10,1.307333400e+07,8.734188503e+11
535000,1142.484253,5.340506030e+11,6.145659392e+09,1.841509540e+13,8.569434276e+11,5.038626816e+10,1.262256700e+07,8.627390382e+11
536000,1142.484985,5.210743112e+11,5.975383040e+09,1.815883381e+13,8.539373568e+11,5.034195354e+10,1.218748400e+07,8.521929851e+11
537000,1142.485718,5.084172780e+11,5.809868800e+09,1.790614541e+13,8.509435412e+11,5.029776998e+10,1.176748600e+07,8.417791181e+11
538000,1142.486328,4.960715407e+11,5.648983552e+09,1.765705126e+13,8.479619154e+11,5.025363558e+10,1.136211600e+07,8.314957332e+11
539000,1142.487061,4.840273674e+11,5.492604928e+09,1.741155563e+13,8.449906442e+11,5.020952986e+10,1.097079200e+07,8.213378499e+11
540000,1142.487671,4.722801050e+11,5.340616704e+09,1.716955042e+13,8.420314972e+11,5.016546918e+10,1.059308900e+07,8.113103176e+11
541000,1142.488281,4.608206438e+11,5.192844800e+09,1.693091206e+13,8.390828360e+11,5.012144538e+10,1.022846700e+07,8.014083523e+11
542000,1142.488892,4.496435446e+11,5.049228288e+09,1.669572532e+13,8.361442017e+11,5.007746253e+10,9.876508000e+06,7.916272353e+11
543000,1142.489502,4.387399926e+11,4.909612032e+09,1.646387516e+13,8.332192645e+11,5.003371315e+10,9.536752000e+06,7.819714232e+11
544000,1142.490112,4.281033359e+11,4.773893120e+09,1.623524908e+13,8.303044854e+11,4.998980813e+10,9.208771000e+06,7.724333793e+11
545000,1142.490723,4.177285284e+11,4.641960960e+09,1.600992490e+13,8.273999299e+11,4.994593587e+10,8.892172000e+06,7.630175601e+11
546000,1142.491211,4.076082627e+11,4.513726976e+09,1.578785760e+13,8.245071708e+11,4.990230118e+10,8.586540000e+06,7.537164943e+11
547000,1142.491821,3.977347072e+11,4.389060608e+09,1.556881643e+13,8.216260772e+11,4.985851085e+10,8.291491000e+06,7.445316239e+11
548000,1142.49231,3.881047818e+11,4.267870208e+09,1.535299431e+13,8.187534377e+11,4.981495398e+10,8.006672500e+06,7.354615071e+11
549000,1142.49292,3.787094098e+11,4.150057216e+09,1.514017007e+13,8.158939709e+11,4.977142989e+10,7.731710500e+06,7.265074545e+11
550000,1142.493408,3.695450522e+11,4.035543040e+09,1.493035953e+13,8.130445312e+11,4.972775834e+10,7.466278000e+06,7.176624538e+11
551000,1142.493896,3.606038446e+11,3.924203520e+09,1.472351960e+13,8.102066258e+11,4.968431616e+10,7.210026500e+06,7.089278157e+11
552000,1142.494385,3.518823465e+11,3.815987456e+09,1.451965988e+13,8.073785508e+11,4.964091085e+10,6.962636500e+06,7.003021640e+11
553000,1142.494873,3.433743974e+11,3.710769152e+09,1.431863043e+13,8.045619446e+11,4.959754240e+10,6.723786500e+06,6.917815009e+11
554000,1142.495361,3.350733783e+11,3.608493568e+09,1.412049514e+13,8.017552343e+11,4.955421491e+10,6.493215500e+06,6.833696932e+11
555000,1142.495728,3.269762417e+11,3.509057024e+09,1.392511042e+13,7.989582889e+11,4.951092838e+10,6.270625500e+06,6.750628086e+11
556000,1142.496216,3.190777774e+11,3.412393216e+09,1.373253709e+13,7.961740575e+11,4.946767872e+10,6.055710500e+06,6.668594053e+11
557000,1142.496704,3.113707110e+11,3.318410752e+09,1.354263375e+13,7.933980836e+11,4.942455603e+10,5.848216500e+06,6.587556823e+11
558000,1142.49707,3.038527488e+11,3.227048448e+09,1.335546429e+13,7.906348237e+11,4.938138829e+10,5.647898500e+06,6.507554406e+11
559000,1142.497559,2.965190410e+11,3.138224384e+09,1.317093532e+13,7.878811976e+11,4.933833523e+10,5.454503000e+06,6.428523233e+11
560000,1142.497925,2.893635256e+11,3.051875072e+09,1.298901246e+13,7.851371397e+11,4.929533133e+10,5.267761000e+06,6.350475756e+11
561000,1142.498291,2.823822705e+11,2.967918592e+09,1.280965683e+13,7.824041574e+11,4.925236838e+10,5.087470000e+06,6.273424425e+11
562000,1142.498657,2.755720970e+11,2.886304768e+09,1.263283175e+13,7.796806779e+11,4.920944230e+10,4.913425500e+06,6.197308293e+11
563000,1142.499146,2.689281556e+11,2.806950912e+09,1.245849954e+13,7.769681428e+11,4.916654490e+10,4.745360500e+06,6.122138501e+11
564000,1142.499512,2.624464650e+11,2.729799936e+09,1.228662553e+13,7.742665523e+11,4.912378266e+10,4.583098000e+06,6.047903908e+11
565000,1142.499878,2.561219297e+11,2.654789632e+09,1.211717527e+13,7.715743990e+11,4.908096717e+10,4.426417500e+06,5.974592061e+11
566000,1142.500122,2.499527148e+11,2.581870336e+09,1.195011303e+13,7.688931246e+11,4.903828685e+10,4.275150500e+06,5.902192476e+11
567000,1142.500488,2.439325614e+11,2.510968064e+09,1.178544833e+13,7.662195180e+11,4.899554918e+10,4.129084500e+06,5.830691389e+11
568000,1142.500854,2.380600934e+11,2.442031360e+09,1.162305753e+13,7.635582976e+11,4.895293440e+10,3.988046750e+06,5.760078316e+11
569000,1142.501221,2.323299041e+11,2.375005696e+09,1.146293102e+13,7.609061868e+11,4.891036467e+10,3.851877750e+06,5.690321142e+11
570000,1142.501465,2.267398308e+11,2.309846272e+09,1.130512463e+13,7.582649549e+11,4.886792192e+10,3.720380250e+06,5.621451325e+11
571000,1142.501831,2.212850729e+11,2.246482944e+09,1.114949552e+13,7.556327014e+11,4.882542182e+10,3.593419000e+06,5.553436099e+11
572000,1142.502197,2.159635825e+11,2.184874240e+09,1.099609747e+13,7.530110648e+11,4.878295859e+10,3.470817250e+06,5.486244004e+11
573000,1142.502441,2.107721482e+11,2.124983808e+09,1.084481606e+13,7.503986033e+11,4.874063053e+10,3.352443500e+06,5.419906499e+11
574000,1142.502686,2.057062646e+11,2.066750848e+09,1.069570159e+13,7.477966275e+11,4.869833933e+10,3.238144000e+06,5.354371482e+11
575000,1142.503052,2.007632445e+11,2.010117120e+09,1.054868182e+13,7.452035645e+11,4.865598669e+10,3.127753250e+06,5.289648128e+11
576000,1142.503296,1.959409091e+11,1.955061760e+09,1.040368963e+13,7.426209874e+11,4.861376922e+10,3.021166250e+06,5.225727918e+11
577000,1142.50354,1.912355062e+11,1.901521664e+09,1.026081319e+13,7.400473887e+11,4.857158861e+10,2.918239250e+06,5.162599383e+11
578000,1142.503906,1.866441523e+11,1.849464960e+09,1.011986375e+13,7.374840791e+11,4.852953088e+10,2.818840000e+06,5.100252692e+11
579000,1142.50415,1.821651108e+11,1.798857984e+09,9.980931502e+12,7.349296169e+11,4.848742400e+10,2.722863250e+06,5.038678999e+11
580000,1142.504395,1.777942692e+11,1.749635456e+09,9.843950387e+12,7.323854438e+11,4.844544410e+10,2.630184500e+06,4.977867489e+11
581000,1142.504639,1.735295959e+11,1.701782528e+09,9.708926697e+12,7.298501181e+11,4.840341094e+10,2.540679500e+06,4.917807677e+11
582000,1142.504883,1.693685187e+11,1.655251072e+09,9.575724204e+12,7.273263268e+11,4.836150477e+10,2.454244000e+06,4.858474004e+11
583000,1142.505127,1.653084979e+11,1.609998208e+09,9.444425675e+12,7.248098099e+11,4.831963136e+10,2.370771500e+06,4.799892029e+11
584000,1142.505371,1.613463880e+11,1.565997312e+09,9.314967298e+12,7.223035167e+11,4.827779891e+10,2.290164000e+06,4.742016205e+11
585000,1142.505615,1.574810747e+11,1.523219328e+09,9.187358441e+12,7.198071849e+11,4.823599923e+10,2.212322750e+06,4.684874383e+11
586000,1142.505859,1.537089208e+11,1.481615360e+09,9.061502718e+12,7.173195039e+11,4.819424051e+10,2.137143750e+06,4.628421018e+11
587000,1142.505981,1.500280095e+11,1.441156480e+09,8.937411592e+12,7.148404736e+11,4.815251866e+10,2.064535250e+06,4.572665610e+11
588000,1142.506226,1.464363581e+11,1.401817984e+09,8.815089865e+12,7.123726500e+11,4.811092378e+10,1.994420000e+06,4.517616681e+11
589000,1142.50647,1.429323121e+11,1.363563776e+09,8.694447432e+12,7.099120353e+11,4.806926746e+10,1.926708000e+06,4.463229338e+11
590000,1142.506592,1.395123978e+11,1.326361344e+09,8.575494115e+12,7.074612511e+11,4.802783642e+10,1.861309625e+06,4.409514721e+11
591000,1142.506836,1.361758454e+11,1.290185984e+09,8.458235462e+12,7.050202317e+11,4.798625792e+10,1.798147625e+06,4.356462674e+11
592000,1142.50708,1.329193533e+11,1.255009280e+09,8.342617174e+12,7.025876664e+11,4.794489651e+10,1.737149000e+06,4.304065331e+11
593000,1142.507202,1.297419796e+11,1.220801152e+09,8.228584886e+12,7.001648660e+11,4.790348595e+10,1.678235750e+06,4.252298445e+11
594000,1142.507446,1.266417664e+11,1.187529856e+09,8.116176417e+12,6.977504543e+11,4.786209997e+10,1.621335875e+06,4.201185935e+11
595000,1142.507568,1.236161167e+11,1.155180800e+09,8.005339202e+12,6.953456763e+11,4.782084915e+10,1.566380125e+06,4.150704210e+11
596000,1142.507812,1.206636544e+11,1.123717120e+09,7.896019993e+12,6.929490248e+11,4.777954099e+10,1.513301500e+06,4.100828037e+11
597000,1142.507935,1.177823887e+11,1.093120896e+09,7.788257960e+12,6.905622036e+11,4.773835981e+10,1.462038500e+06,4.051567903e+11
598000,1142.508179,1.149710254e+11,1.063367872e+09,7.681999262e+12,6.881834435e+11,4.769711718e+10,1.412527875e+06,4.002929050e+11
599000,1142.508301,1.122276311e+11,1.034430720e+09,7.577224876e+12,6.858142515e+11,4.765600973e+10,1.364704500e+06,3.954874778e+11
600000,1142.508423,1.095501005e+11,1.006288704e+09,7.473911820e+12,6.834532516e+11,4.761493914e+10,1.318510250e+06,3.907412296e+11
601000,1142.508667,1.069370655e+11,9.789194880e+08,7.372039795e+12,6.811028685e+11,4.757398733e+10,1.273896500e+06,3.860533740e+11
602000,1142.508789,1.043871662e+11,9.523040640e+08,7.271560421e+12,6.787593667e+11,4.753298227e+10,1.230799625e+06,3.814232228e+11
603000,1142.508911,1.018994196e+11,9.264210560e+08,7.172510487e+12,6.764252365e+11,4.749210829e+10,1.189178875e+06,3.768500879e+11
604000,1142.509033,9.947097498e+10,9.012484480e+08,7.074867368e+12,6.741003469e+11,4.745118106e+10,1.148974250e+06,3.723331502e+11
605000,1142.509277,9.710129971e+10,8.767629440e+08,6.978556850e+12,6.717821420e+11,4.741036851e+10,1.110139500e+06,3.678717542e+11
606000,1142.509399,9.478882918e+10,8.529525120e+08,6.883589272e+12,6.694745539e+11,4.736959693e+10,1.072629625e+06,3.634638356e+11
607000,1142.509521,9.253194957e+10,8.297952000e+08,6.789944119e+12,6.671748956e+11,4.732886221e+10,1.036397000e+06,3.591114916e+11
608000,1142.509644,9.032933376e+10,8.072711040e+08,6.697602290e+12,6.648831017e+11,4.728816026e+10,1.001396000e+06,3.548112486e+11
609000,1142.509766,8.817981030e+10,7.853658880e+08,6.606545674e+12,6.626004828e+11,4.724749107e+10,9.675880625e+05,3.505638605e+11
610000,1142.509888,8.608209306e+10,7.640638720e+08,6.516780786e+12,6.603269079e+11,4.720695706e+10,9.349322500e+05,3.463699497e+11
611000,1142.51001,8.403476480e+10,7.433410560e+08,6.428240445e+12,6.580611973e+11,4.716635750e+10,9.033836875e+05,3.422261740e+11
612000,1142.510132,8.203690803e+10,7.231885440e+08,6.340930503e+12,6.558044652e+11,4.712588493e+10,8.729115000e+05,3.381333197e+11
613000,1142.510254,8.008731853e+10,7.035864320e+08,6.254858678e+12,6.535554662e+11,4.708544922e+10,8.434766875e+05,3.340906988e+11
614000,1142.510376,7.818405478e+10,6.845221120e+08,6.169959203e+12,6.513142661e+11,4.704505037e+10,8.150391250e+05,3.300975903e+11
615000,1142.510498,7.632660890e+10,6.659781760e+08,6.086262206e+12,6.490818478e+11,4.700468838e+10,7.875678750e+05,3.261522575e+11
616000,1142.51062,7.451413709e+10,6.479440640e+08,6.003704472e+12,6.468596531e+11,4.696435098e+10,7.610326250e+05,3.222565683e+11
617000,1142.510742,7.274498458e+10,6.304018560e+08,5.922316190e+12,6.446438154e+11,4.692405043e+10,7.353984375e+05,3.184085565e+11
618000,1142.510864,7.101838131e+10,6.133393280e+08,5.842057363e+12,6.424355144e+11,4.688379085e+10,7.106345625e+05,3.146065510e+11
619000,1142.510986,6.933327872e+10,5.967431040e+08,5.762889953e+12,6.402360607e+11,4.684365414e+10,6.867084375e+05,3.108522885e+11
620000,1142.511108,6.768856678e+10,5.806026240e+08,5.684842873e+12,6.380453888e+11,4.680355021e+10,6.635968125e+05,3.071428198e+11
621000,1142.511108,6.608336486e+10,5.648997760e+08,5.607857553e+12,6.358621880e+11,4.676339302e+10,6.412703750e+05,3.034788332e+11
622000,1142.51123,6.451646874e+10,5.496279680e+08,5.531960066e+12,6.336876380e+11,4.672344474e+10,6.196986250e+05,2.998596403e+11
623000,1142.511353,6.298733363e+10,5.347730240e+08,5.457093939e+12,6.315204936e+11,4.668335309e+10,5.988605000e+05,2.962847498e+11
624000,1142.511475,6.149490688e+10,5.203216000e+08,5.383285772e+12,6.293619999e+11,4.664347853e+10,5.787263750e+05,2.927536046e+11
625000,1142.511475,6.003830374e+10,5.062684480e+08,5.310500512e+12,6.272109117e+11,4.660355072e+10,5.592778125e+05,2.892656804e+11
626000,1142.511597,5.861653709e+10,4.925957440e+08,5.238721978e+12,6.250683433e+11,4.656364749e+10,5.404858125e+05,2.858203546e+11
627000,1142.511719,5.722865664e+10,4.792968960e+08,5.167937597e+12,6.229331149e+11,4.652387533e+10,5.223312812e+05,2.824160543e+11
628000,1142.511841,5.587427328e+10,4.663615040e+08,5.098113745e+12,6.208075203e+11,4.648412774e+10,5.047903438e+05,2.790544835e+11
629000,1142.511841,5.455216230e+10,4.537796160e+08,5.029276185e+12,6.186880205e+11,4.644442931e+10,4.878441250e+05,2.757328568e+11
630000,1142.511963,5.326173389e+10,4.415379520e+08,4.961389797e+12,6.165769093e+11,4.640475546e+10,4.714721562e+05,2.724529111e+11
631000,1142.512085,5.200231629e+10,4.296330880e+08,4.894442000e+12,6.144730071e+11,4.636511027e+10,4.556539062e+05,2.692119593e+11
632000,1142.512085,5.077288960e+10,4.180492480e+08,4.828420743e+12,6.123775590e+11,4.632551014e+10,4.403690000e+05,2.660105912e+11
633000,1142.512207,4.957289677e+10,4.067831040e+08,4.763310817e+12,6.102903030e+11,4.628593869e+10,4.256032812e+05,2.628482499e+11
634000,1142.512329,4.840154726e+10,3.958228800e+08,4.699100701e+12,6.082101248e+11,4.624648602e+10,4.113341875e+05,2.597245092e+11
635000,1142.512329,4.725832499e+10,3.851609280e+08,4.635795182e+12,6.061371556e+11,4.620707430e+10,3.975496562e+05,2.566389105e+11
636000,1142.512451,4.614236979e+10,3.747889920e+08,4.573329187e+12,6.040723128e+11,4.616760525e+10,3.842306250e+05,2.535899136e+11
637000,1142.512451,4.505294029e+10,3.646992000e+08,4.511743218e+12,6.020157276e+11,4.612826317e+10,3.713600312e+05,2.505790915e+11
638000,1142.512573,4.398964736e+10,3.548836480e+08,4.451006677e+12,5.999649751e+11,4.608894157e+10,3.589246250e+05,2.476040192e+11
639000,1142.512573,4.295178240e+10,3.453356480e+08,4.391124808e+12,5.979234632e+11,4.604966093e+10,3.469089688e+05,2.446661386e+11
640000,1142.512695,4.193871872e+10,3.360470720e+08,4.332052005e+12,5.958888980e+11,4.601041306e+10,3.352993750e+05,2.417631068e+11
641000,1142.512817,4.094970266e+10,3.270114240e+08,4.273793708e+12,5.938624594e+11,4.597128806e+10,3.240807812e+05,2.388953989e+11
642000,1142.512817,3.998440243e+10,3.182199680e+08,4.216338846e+12,5.918416568e+11,4.593210982e+10,3.132411250e+05,2.360626708e+11
643000,1142.512939,3.904206848e+10,3.096677760e+08,4.159675761e+12,5.898300948e+11,4.589304627e+10,3.027669375e+05,2.332643656e+11
644000,1142.512939,3.812217242e+10,3.013472000e+08,4.103809167e+12,5.878253486e+11,4.585402368e+10,2.926457500e+05,2.305001390e+11
645000,1142.513062,3.722430054e+10,2.932535680e+08,4.048695558e+12,5.858284667e+11,4.581502976e+10,2.828650625e+05,2.277695160e+11
646000,1142.513062,3.634764186e+10,2.853789120e+08,3.994342146e+12,5.838385316e+11,4.577598259e+10,2.734149688e+05,2.250712842e+11
647000,1142.513062,3.549204480e+10,2.777178560e+08,3.940751163e+12,5.818552156e+11,4.573714842e+10,2.642825625e+05,2.224067052e+11
648000,1142.513184,3.465677619e+10,2.702649920e+08,3.887882633e+12,5.798797640e+11,4.569824870e+10,2.554575781e+05,2.197744681e+11
649000,1142.513184,3.384136090e+10,2.630141920e+08,3.835756024e+12,5.779121111e+11,4.565938995e+10,2.469301875e+05,2.171734262e+11
650000,1142.513306,3.304538522e+10,2.559588320e+08,3.784331751e+12,5.759511429e+11,4.562064998e+10,2.386892188e+05,2.146039562e+11
651000,1142.513306,3.226837402e+10,2.490956480e+08,3.733614744e+12,5.739979735e+11,4.558194278e+10,2.307254844e+05,2.120657142e+11
652000,1142.513428,3.150975590e+10,2.424187680e+08,3.683608334e+12,5.720513577e+11,4.554318234e+10,2.230300156e+05,2.095582740e+11
653000,1142.513428,3.076927078e+10,2.359213280e+08,3.634275967e+12,5.701124751e+11,4.550454477e+10,2.155932812e+05,2.070812918e+11
654000,1142.513428,3.004641280e+10,2.296011200e+08,3.585634349e+12,5.681802117e+11,4.546593587e+10,2.084065312e+05,2.046343905e+11
655000,1142.51355,2.934058803e+10,2.234514560e+08,3.537647247e+12,5.662554849e+11,4.542735565e+10,2.014608281e+05,2.022163415e+11
656000,1142.51355,2.865167974e+10,2.174677760e+08,3.490332355e+12,5.643373117e+11,4.538890240e+10,1.947488906e+05,1.998284390e+11
657000,1142.513672,2.797915136e+10,2.116467360e+08,3.443653566e+12,5.624266752e+11,4.535038771e+10,1.882619531e+05,1.974694707e+11
658000,1142.513672,2.732252160e+10,2.059823200e+08,3.397628383e+12,5.605225267e+11,4.531199590e+10,1.819939219e+05,1.951383388e+11
659000,1142.513672,2.668145050e+10,2.004714080e+08,3.352221809e+12,5.586249318e+11,4.527355904e+10,1.759352344e+05,1.928354857e+11
660000,1142.513794,2.605571891e+10,1.951097920e+08,3.307449772e+12,5.567357256e+11,4.523522458e+10,1.700805000e+05,1.905612554e+11
661000,1142.513794,2.544471040e+10,1.898930240e+08,3.263279444e+12,5.548518932e+11,4.519693517e+10,1.644218594e+05,1.883131085e+11
662000,1142.513794,2.484822221e+10,1.848168000e+08,3.219726883e+12,5.529766461e+11,4.515867443e+10,1.589527031e+05,1.860929454e+11
663000,1142.513916,2.426594714e+10,1.798776320e+08,3.176758860e+12,5.511065764e+11,4.512044237e+10,1.536677969e+05,1.838996193e+11
664000,1142.513916,2.369745101e+10,1.750718240e+08,3.134390981e+12,5.492439122e+11,4.508233728e+10,1.485594688e+05,1.817328681e+11
665000,1142.513916,2.314241024e+10,1.703963360e+08,3.092603515e+12,5.473886208e+11,4.504417485e+10,1.436223281e+05,1.795916104e+11
666000,1142.514038,2.260049306e+10,1.658460480e+08,3.051375890e+12,5.455406039e+11,4.500612301e+10,1.388505781e+05,1.774769439e+11
667000,1142.514038,2.207143936e+10,1.614191040e+08,3.010724624e+12,5.436978299e+11,4.496802611e+10,1.342389062e+05,1.753871974e+11
668000,1142.514038,2.155493171e+10,1.571112480e+08,2.970617477e+12,5.418622648e+11,4.493004390e+10,1.297816562e+05,1.733227315e+11
669000,1142.514038,2.105067315e+10,1.529198080e+08,2.931070628e+12,5.400339743e+11,4.489209856e+10,1.254735938e+05,1.712832020e+11
670000,1142.51416,2.055836672e+10,1.488416000e+08,2.892063580e+12,5.382127616e+11,4.485417779e+10,1.213096719e+05,1.692689367e+11
671000,1142.51416,2.007761306e+10,1.448724320e+08,2.853579610e+12,5.363968246e+11,4.481629389e+10,1.172848438e+05,1.672777564e+11
672000,1142.51416,1.960828928e+10,1.410109920e+08,2.815631780e+12,5.345889812e+11,4.477852877e+10,1.133948438e+05,1.653112504e+11
673000,1142.51416,1.915011686e+10,1.372530080e+08,2.778202370e+12,5.327872000e+11,4.474071040e+10,1.096349297e+05,1.633684849e+11
674000,1142.514282,1.870265139e+10,1.335964320e+08,2.741273516e+12,5.309915136e+11,4.470299853e+10,1.060004688e+05,1.614485422e+11
675000,1142.514282,1.826585190e+10,1.300380320e+08,2.704859294e+12,5.292018893e+11,4.466524570e+10,1.024876641e+05,1.595517829e+11
676000,1142.514282,1.783938662e+10,1.265756240e+08,2.668942342e+12,5.274203914e+11,4.462760346e+10,9.909223438e+04,1.576785183e+11
677000,1142.514282,1.742298112e+10,1.232065520e+08,2.633515125e+12,5.256437432e+11,4.459000218e+10,9.581039062e+04,1.558272246e+11
678000,1142.514404,1.701639066e+10,1.199274080e+08,2.598561006e+12,5.238751560e+11,4.455241728e+10,9.263775781e+04,1.539982623e+11
679000,1142.514404,1.661941658e+10,1.167373120e+08,2.564093153e+12,5.221125325e+11,4.451487334e+10,8.957139062e+04,1.521913528e+11
680000,1142.514404,1.623179571e+10,1.136325120e+08,2.530095438e+12,5.203558072e+11,4.447744819e+10,8.660717188e+04,1.504062177e+11
681000,1142.514404,1.585333658e+10,1.106109280e+08,2.496561187e+12,5.186059960e+11,4.444004762e+10,8.374169531e+04,1.486420378e+11
682000,1142.514526,1.548378931e+10,1.076706880e+08,2.463473826e+12,5.168620175e+11,4.440259789e+10,8.097194531e+04,1.468996485e+11
683000,1142.514526,1.512294502e+10,1.048096320e+08,2.430846704e+12,5.151239700e+11,4.436526285e+10,7.829456250e+04,1.451776737e+11
684000,1142.514526,1.477062144e+10,1.020247840e+08,2.398663797e+12,5.133937213e+11,4.432796058e+10,7.570656250e+04,1.434769981e+11
685000,1142.514526,1.442664448e+10,9.931527200e+07,2.366918849e+12,5.116692398e+11,4.429060506e+10,7.320467969e+04,1.417962455e+11
686000,1142.514526,1.409073152e+10,9.667844000e+07,2.335597265e+12,5.099505582e+11,4.425345434e+10,7.078614844e+04,1.401357271e+11
687000,1142.514526,1.376271974e+10,9.411216000e+07,2.304710377e+12,5.082386596e+11,4.421624218e+10,6.844816406e+04,1.384951808e+11
688000,1142.514648,1.344246784e+10,9.161469600e+07,2.274242984e+12,5.065324954e+11,4.417906278e+10,6.618803906e+04,1.368743199e+11
689000,1142.514648,1.312972083e+10,8.918419200e+07,2.244190310e+12,5.048330486e+11,4.414191616e+10,6.400314844e+04,1.352729805e+11
690000,1142.514648,1.282437325e+10,8.681865600e+07,2.214545918e+12,5.031392051e+11,4.410488422e+10,6.189110156e+04,1.336903762e+11
691000,1142.514648,1.252619674e+10,8.451700800e+07,2.185296194e+12,5.014520791e+11,4.406788915e+10,5.984907812e+04,1.321272852e+11
692000,1142.514648,1.223504794e+10,8.227668000e+07,2.156451930e+12,4.997705892e+11,4.403083674e+10,5.787509766e+04,1.305824707e+11
693000,1142.514771,1.195071078e+10,8.009635200e+07,2.127998736e+12,4.980966359e+11,4.399389491e+10,5.596675000e+04,1.290562109e+11
694000,1142.514771,1.167307162e+10,7.797439200e+07,2.099924400e+12,4.964274340e+11,4.395707597e+10,5.412196094e+04,1.275482931e+11
695000,1142.514771,1.140196966e+10,7.590909600e+07,2.072238836e+12,4.947646218e+11,4.392019558e+10,5.233837109e+04,1.260584468e+11
696000,1142.514771,1.113726874e+10,7.389948000e+07,2.044936526e+12,4.931075113e+11,4.388335616e+10,5.061414062e+04,1.245864919e+11
697000,1142.514771,1.087873536e+10,7.194320800e+07,2.017989159e+12,4.914558075e+11,4.384662733e+10,4.894699609e+04,1.231322071e+11
698000,1142.514771,1.062628352e+10,7.003952800e+07,1.991414843e+12,4.898116403e+11,4.380984525e+10,4.733539062e+04,1.216953467e+11
699000,1142.514771,1.037976986e+10,6.818660000e+07,1.965200583e+12,4.881729454e+11,4.377317786e+10,4.577720312e+04,1.202752717e+11
700000,1142.514893,1.013905101e+10,6.638320400e+07,1.939334117e+12,4.865396244e+11,4.373653504e+10,4.427064062e+04,1.188721869e+11
701000,1142.514893,9.903971328e+09,6.462812400e+07,1.913825370e+12,4.849128243e+11,4.369992909e+10,4.281431641e+04,1.174863790e+11
702000,1142.514893,9.674399744e+09,6.291967600e+07,1.888662133e+12,4.832913981e+11,4.366335181e+10,4.140605469e+04,1.161167421e+11
703000,1142.514893,9.450219520e+09,6.125699200e+07,1.863832349e+12,4.816763290e+11,4.362680320e+10,4.004450391e+04,1.147635057e+11
704000,1142.514893,9.231287296e+09,5.963868800e+07,1.839352476e+12,4.800675840e+11,4.359029146e+10,3.872815625e+04,1.134260388e+11
705000,1142.514893,9.017480192e+09,5.806347200e+07,1.815190256e+12,4.784641802e+11,4.355389030e+10,3.745544531e+04,1.121050132e+11
706000,1142.514893,8.808708096e+09,5.653050800e+07,1.791361696e+12,4.768662159e+11,4.351744410e+10,3.622490234e+04,1.107997819e+11
707000,1142.515015,8.604802048e+09,5.503832800e+07,1.767854926e+12,4.752743465e+11,4.348109210e+10,3.503511719e+04,1.095097549e+11
708000,1142.515015,8.405696000e+09,5.358584400e+07,1.744659591e+12,4.736878838e+11,4.344478106e+10,3.388473438e+04,1.082351780e+11
709000,1142.515015,8.211244544e+09,5.217219200e+07,1.721784214e+12,4.721076142e+11,4.340850278e+10,3.277237891e+04,1.069762314e+11
710000,1142.515015,8.021322240e+09,5.079612800e+07,1.699217730e+12,4.705325875e+11,4.337225318e+10,3.169690039e+04,1.057315308e+11
711000,1142.515015,7.835866624e+09,4.945691600e+07,1.676956238e+12,4.689628692e+11,4.333603635e+10,3.065694922e+04,1.045021245e+11
712000,1142.515015,7.654757888e+09,4.815329600e+07,1.654988831e+12,4.674001633e+11,4.329984819e+10,2.965151367e+04,1.032873820e+11
713000,1142.515015,7.477863424e+09,4.688447600e+07,1.633324210e+12,4.658426348e+11,4.326377062e+10,2.867922070e+04,1.020871639e+11
714000,1142.515015,7.305125888e+09,4.564926800e+07,1.611951686e+12,4.642903163e+11,4.322764390e+10,2.773912305e+04,1.009008968e+11
715000,1142.515015,7.136393216e+09,4.444702400e+07,1.590861580e+12,4.627431752e+11,4.319162778e+10,2.683009570e+04,9.972916224e+10
716000,1142.515015,6.971637248e+09,4.327669200e+07,1.570061998e+12,4.612029481e+11,4.315564032e+10,2.595105859e+04,9.857105101e+10
717000,1142.515137,6.810723328e+09,4.213757600e+07,1.549542400e+12,4.596677345e+11,4.311968154e+10,2.510106055e+04,9.742674330e+10
718000,1142.515137,6.653549568e+09,4.102867600e+07,1.529293664e+12,4.581377638e+11,4.308375142e+10,2.427917969e+04,9.629609984e+10
719000,1142.515137,6.500077568e+09,3.994934400e+07,1.509323604e+12,4.566137242e+11,4.304786227e+10,2.348439062e+04,9.517892403e+10
720000,1142.515137,6.350169088e+09,3.889870400e+07,1.489622256e+12,4.550947308e+11,4.301199360e+10,2.271587695e+04,9.407508480e+10
721000,1142.515137,6.203753984e+09,3.787598000e+07,1.470180762e+12,4.535817011e+11,4.297623552e+10,2.197268359e+04,9.298440192e+10
722000,1142.515137,6.060761088e+09,3.688028800e+07,1.451006540e+12,4.520736850e+11,4.294051840e+10,2.125396484e+04,9.190635110e+10
723000,1142.515137,5.921085952e+09,3.591118400e+07,1.432090206e+12,4.505715343e+11,4.290473984e+10,2.055899219e+04,9.084116173e+10
724000,1142.515137,5.784686080e+09,3.496780800e+07,1.413422848e+12,4.490743644e+11,4.286907187e+10,1.988697070e+04,8.978899763e+10
725000,1142.515137,5.651459584e+09,3.404940800e+07,1.395006771e+12,4.475830600e+11,4.283344077e+10,1.923698828e+04,8.874867098e+10
726000,1142.515137,5.521354752e+09,3.315538400e+07,1.376843340e+12,4.460967035e+11,4.279783014e+10,1.860853516e+04,8.772141056e+10
727000,1142.515137,5.394265088e+09,3.228508400e+07,1.358923983e+12,4.446160814e+11,4.276225638e+10,1.800075000e+04,8.670571725e+10
728000,1142.515259,5.270121472e+09,3.143792000e+07,1.341240234e+12,4.431403745e+11,4.272670310e+10,1.741294727e+04,8.570241843e+10
729000,1142.515259,5.148893184e+09,3.061316600e+07,1.323799038e+12,4.416704348e+11,4.269126861e+10,1.684453320e+04,8.471073587e+10
730000,1142.515259,5.030473216e+09,2.981022200e+07,1.306586974e+12,4.402053775e+11,4.265578496e+10,1.629479688e+04,8.373117747e+10
731000,1142.515259,4.914804736e+09,2.902861400e+07,1.289606294e+12,4.387451699e+11,4.262040781e+10,1.576318359e+04,8.276293222e+10
732000,1142.515259,4.801850368e+09,2.826776800e+07,1.272862822e+12,4.372914831e+11,4.258505933e+10,1.524903027e+04,8.180621312e+10
733000,1142.515259,4.691510784e+09,2.752702000e+07,1.256334510e+12,4.358417940e+11,4.254973952e+10,1.475181543e+04,8.086084813e+10
734000,1142.515259,4.583732736e+09,2.680583600e+07,1.240027832e+12,4.343985603e+11,4.251445248e+10,1.427092285e+04,7.992672256e+10
735000,1142.515259,4.478455296e+09,2.610374600e+07,1.223939752e+12,4.329592586e+11,4.247919411e+10,1.380581152e+04,7.900368077e+10
736000,1142.515259,4.375630336e+09,2.542029000e+07,1.208071780e+12,4.315264123e+11,4.244396442e+10,1.335601172e+04,7.809130496e+10
737000,1142.515259,4.275190016e+09,2.475486600e+07,1.192411972e+12,4.300974326e+11,4.240884122e+10,1.292096582e+04,7.718975078e+10
738000,1142.515259,4.177087744e+09,2.410709600e+07,1.176966275e+12,4.286740234e+11,4.237366886e+10,1.250028223e+04,7.629920666e+10
739000,1142.515259,4.081267712e+09,2.347636200e+07,1.161723023e+12,4.272561848e+11,4.233861120e+10,1.209333887e+04,7.541891891e+10
740000,1142.515259,3.987675648e+09,2.286243800e+07,1.146683841e+12,4.258429993e+11,4.230357811e+10,1.169977930e+04,7.454908416e+10
741000,1142.515259,3.896237568e+09,2.226465200e+07,1.131850199e+12,4.244344668e+11,4.226856960e+10,1.131911230e+04,7.368954675e+10
742000,1142.515259,3.806932224e+09,2.168266200e+07,1.117210714e+12,4.230313738e+11,4.223352013e+10,1.095095801e+04,7.283992986e+10
743000,1142.515259,3.719695104e+09,2.111600600e+07,1.102766891e+12,4.216338514e+11,4.219865088e+10,1.059485840e+04,7.200065946e+10
744000,1142.515381,3.634491648e+09,2.056439200e+07,1.088516239e+12,4.202407854e+11,4.216372838e+10,1.025045312e+04,7.117104742e+10
745000,1142.515381,3.551247104e+09,2.002730400e+07,1.074460121e+12,4.188531917e+11,4.212883866e+10,9.917283203e+03,7.035153613e+10
746000,1142.515381,3.469948416e+09,1.950443000e+07,1.060587770e+12,4.174701855e+11,4.209405952e+10,9.595088867e+03,6.954147021e+10
747000,1142.515381,3.390517760e+09,1.899528000e+07,1.046900609e+12,4.160917340e+11,4.205923123e+10,9.283432617e+03,6.874098074e+10
748000,1142.515381,3.312930560e+09,1.849956200e+07,1.033396234e+12,4.147186893e+11,4.202450944e+10,8.981967773e+03,6.794971955e+10
749000,1142.515381,3.237137408e+09,1.801691600e+07,1.020072333e+12,4.133509202e+11,4.198981632e+10,8.690358398e+03,6.716807168e+10
750000,1142.515381,3.163108352e+09,1.754706800e+07,1.006929641e+12,4.119876076e+11,4.195515187e+10,8.408377930e+03,6.639567667e+10
751000,1142.515381,3.090784000e+09,1.708950000e+07,9.939586396e+11,4.106288497e+11,4.192051610e+10,8.135545410e+03,6.563214950e+10
752000,1142.515381,3.020136192e+09,1.664405700e+07,9.811587584e+11,4.092754002e+11,4.188590899e+10,7.871656738e+03,6.487765811e+10
753000,1142.515381,2.951120640e+09,1.621031800e+07,9.685314826e+11,4.079271281e+11,4.185141248e+10,7.616385742e+03,6.413208781e+10
754000,1142.515381,2.883703808e+09,1.578796900e+07,9.560740311e+11,4.065832796e+11,4.181686272e+10,7.369477051e+03,6.339532800e+10
755000,1142.515381,2.817837824e+09,1.537677400e+07,9.437791416e+11,4.052438548e+11,4.178241946e+10,7.130627441e+03,6.266726400e+10
756000,1142.515381,2.753512960e+09,1.497643000e+07,9.316513731e+11,4.039096402e+11,4.174800486e+10,6.899624512e+03,6.194780570e+10
757000,1142.515381,2.690656512e+09,1.458656500e+07,9.196800860e+11,4.025798492e+11,4.171354112e+10,6.676130371e+03,6.123659674e+10
758000,1142.515381,2.629255424e+09,1.420701200e+07,9.078729892e+11,4.012551700e+11,4.167918387e+10,6.459949219e+03,6.053402214e+10
759000,1142.515381,2.569279744e+09,1.383738800e+07,8.962198487e+11,3.999356027e+11,4.164493722e+10,6.250816406e+03,5.983951258e+10
760000,1142.515381,2.510676736e+09,1.347745600e+07,8.847231611e+11,3.986196398e+11,4.161063731e+10,6.048499512e+03,5.915318682e+10
761000,1142.515381,2.453438720e+09,1.312706400e+07,8.733793731e+11,3.973095096e+11,4.157636198e+10,5.852798828e+03,5.847495885e+10
762000,1142.515381,2.397510144e+09,1.278582900e+07,8.621864755e+11,3.960036721e+11,4.154219725e+10,5.663494629e+03,5.780473446e+10
763000,1142.515381,2.342878976e+09,1.245355900e+07,8.511422403e+11,3.947021271e+11,4.150798336e+10,5.480333984e+03,5.714218598e+10
764000,1142.515381,2.289505536e+09,1.213001800e+07,8.402430587e+11,3.934056612e+11,4.147387597e+10,5.303177734e+03,5.648766157e+10
765000,1142.515381,2.237360896e+09,1.181497200e+07,8.294886441e+11,3.921141432e+11,4.143979315e+10,5.131787598e+03,5.584063283e+10
766000,1142.515381,2.186420480e+09,1.150815100e+07,8.188786340e+11,3.908261315e+11,4.140574310e+10,4.965955566e+03,5.520123494e+10
767000,1142.515381,2.136644224e+09,1.120944900e+07,8.084078653e+11,3.895430676e+11,4.137171763e+10,4.805537109e+03,5.456936141e+10
768000,1142.515503,2.088028544e+09,1.091854000e+07,7.980758364e+11,3.882649846e+11,4.133771674e+10,4.650353516e+03,5.394491392e+10
769000,1142.515503,2.040527104e+09,1.063526300e+07,7.878809989e+11,3.869910958e+11,4.130374861e+10,4.500233398e+03,5.332783104e+10
770000,1142.515503,1.994117888e+09,1.035943500e+07,7.778212291e+11,3.857214013e+11,4.126980506e+10,4.354992188e+03,5.271780147e+10
771000,1142.515503,1.948782592e+09,1.009081700e+07,7.678962442e+11,3.844573102e+11,4.123597619e+10,4.214471191e+03,5.211515290e+10
772000,1142.515503,1.904481664e+09,9.829222000e+06,7.580999721e+11,3.831966597e+11,4.120216371e+10,4.078514893e+03,5.151938970e+10
773000,1142.515503,1.861201920e+09,9.574517000e+06,7.484361687e+11,3.819408589e+11,4.116838810e+10,3.947005127e+03,5.093063066e+10
774000,1142.515503,1.818919808e+09,9.326448000e+06,7.388977111e+11,3.806899077e+11,4.113463706e+10,3.819750000e+03,5.034879386e+10
775000,1142.515503,1.777611520e+09,9.084893000e+06,7.294881403e+11,3.794430198e+11,4.110091059e+10,3.696640381e+03,4.977379328e+10
776000,1142.515503,1.737248256e+09,8.849663000e+06,7.202003313e+11,3.782009815e+11,4.106721690e+10,3.577525391e+03,4.920536269e+10
777000,1142.515503,1.697814272e+09,8.620571000e+06,7.110353121e+11,3.769630065e+11,4.103355597e+10,3.462288574e+03,4.864379290e+10
778000,1142.515503,1.659284992e+09,8.397459000e+06,7.019916186e+11,3.757297828e+11,4.099991142e+10,3.350789062e+03,4.808862515e+10
779000,1142.515503,1.621636224e+09,8.180182500e+06,6.930688102e+11,3.745005896e+11,4.096638157e+10,3.242892822e+03,4.753998234e+10
780000,1142.515503,1.584862848e+09,7.968635500e+06,6.842637455e+11,3.732761477e+11,4.093287219e+10,3.138530518e+03,4.699795456e+10
781000,1142.515503,1.548926208e+09,7.762574000e+06,6.755738214e+11,3.720549827e+11,4.089931366e+10,3.037538574e+03,4.646193152e+10
782000,1142.515503,1.513816192e+09,7.561927000e+06,6.669999124e+11,3.708392243e+11,4.086586163e+10,2.939829834e+03,4.593237197e+10
783000,1142.515503,1.479507584e+09,7.366466500e+06,6.585366651e+11,3.696267428e+11,4.083243418e+10,2.845286133e+03,4.540884992e+10
784000,1142.515503,1.445995904e+09,7.176167500e+06,6.501887734e+11,3.684203561e+11,4.079903949e+10,2.753814209e+03,4.489163571e+10
785000,1142.515503,1.413240576e+09,6.990811500e+06,6.419486822e+11,3.672164925e+11,4.076566528e+10,2.665303467e+03,4.438031155e+10
786000,1142.515503,1.381240192e+09,6.810295500e+06,6.338147963e+11,3.660179374e+11,4.073240166e+10,2.579646973e+03,4.387497984e+10
787000,1142.515503,1.349977472e+09,6.634503000e+06,6.257916764e+11,3.648233144e+11,4.069908480e+10,2.496791260e+03,4.337556685e+10
788000,1142.515503,1.319424768e+09,6.463262000e+06,6.178731868e+11,3.636325581e+11,4.066587443e+10,2.416596680e+03,4.288199885e+10
789000,1142.515503,1.289573632e+09,6.296511000e+06,6.100589978e+11,3.624464220e+11,4.063269274e+10,2.339022461e+03,4.239405466e+10
790000,1142.515503,1.260407168e+09,6.134099000e+06,6.023465554e+11,3.612641198e+11,4.059946189e+10,2.263938721e+03,4.191197594e+10
791000,1142.515503,1.231909888e+09,5.975920500e+06,5.947368141e+11,3.600863724e+11,4.056632525e+10,2.191290039e+03,4.143538176e+10
792000,1142.515503,1.204059264e+09,5.821866500e+06,5.872272036e+11,3.589131469e+11,4.053330330e+10,2.120996826e+03,4.096436634e+10
793000,1142.515503,1.176847104e+09,5.671816000e+06,5.798142013e+11,3.577430999e+11,4.050022810e+10,2.052974121e+03,4.049885594e+10
794000,1142.515503,1.150260992e+09,5.525695500e+06,5.725008855e+11,3.565781975e+11,4.046717338e+10,1.987148315e+03,4.003878502e+10
795000,1142.515503,1.124281984e+09,5.383370500e+06,5.652826092e+11,3.554164081e+11,4.043415552e+10,1.923455078e+03,3.958410035e+10
796000,1142.515503,1.098896000e+09,5.244731500e+06,5.581593498e+11,3.542590751e+11,4.040124006e+10,1.861824585e+03,3.913457254e+10
797000,1142.515503,1.074093312e+09,5.109721500e+06,5.511305810e+11,3.531061985e+11,4.036834509e+10,1.802182861e+03,3.869029990e+10
798000,1142.515503,1.049850560e+09,4.978205500e+06,5.441922232e+11,3.519570575e+11,4.033548698e+10,1.744458130e+03,3.825136026e+10
799000,1142.515503,1.026164736e+09,4.850121000e+06,5.373468160e+11,3.508123402e+11,4.030257152e+10,1.688608154e+03,3.781740134e+10
800000,1142.515503,1.003021056e+09,4.725368500e+06,5.305893663e+11,3.496713257e+11,4.026983629e+10,1.634558716e+03,3.738836582e+10
801000,1142.515503,9.804029440e+08,4.603859500e+06,5.239215575e+11,3.485347021e+11,4.023705190e+10,1.582251343e+03,3.696448307e+10
802000,1142.515503,9.583022080e+08,4.485500500e+06,5.173412393e+11,3.474017812e+11,4.020429210e+10,1.531629639e+03,3.654540083e+10
803000,1142.515503,9.367051520e+08,4.370217500e+06,5.108462080e+11,3.462731858e+11,4.017156506e+10,1.482650024e+03,3.613134848e+10
804000,1142.515503,9.156016640e+08,4.257931000e+06,5.044363080e+11,3.451482604e+11,4.013893632e+10,1.435242188e+03,3.572198605e+10
805000,1142.515503,8.949821440e+08,4.148560250e+06,4.981123236e+11,3.440270049e+11,4.010625843e+10,1.389366211e+03,3.531739546e+10
806000,1142.515503,8.748270720e+08,4.042029750e+06,4.918692659e+11,3.429100421e+11,4.007368704e+10,1.344966919e+03,3.491752346e+10
807000,1142.515503,8.551340800e+08,3.938265250e+06,4.857080259e+11,3.417966838e+11,4.004113613e+10,1.302001099e+03,3.452230451e+10
808000,1142.515503,8.358891520e+08,3.837186500e+06,4.796273807e+11,3.406876508e+11,4.000861798e+10,1.260417725e+03,3.413156864e+10
809000,1142.515503,8.170803840e+08,3.738730000e+06,4.736262902e+11,3.395827794e+11,3.997612032e+10,1.220166992e+03,3.374537728e+10
810000,1142.515503,7.987025280e+08,3.642821000e+06,4.677036995e+11,3.384815452e+11,3.994365133e+10,1.181219727e+03,3.336368538e+10
811000,1142.515503,7.807439360e+08,3.549406000e+06,4.618577203e+11,3.373838828e+11,3.991128883e+10,1.143524292e+03,3.298643354e+10
812000,1142.515503,7.631920640e+08,3.458406750e+06,4.560889897e+11,3.362903818e+11,3.987887309e+10,1.107044556e+03,3.261369754e+10
813000,1142.515503,7.460390400e+08,3.369765500e+06,4.503948698e+11,3.352004526e+11,3.984655565e+10,1.071732666e+03,3.224505139e+10
814000,1142.515503,7.292771200e+08,3.283421500e+06,4.447759360e+11,3.341146849e+11,3.981426688e+10,1.037558838e+03,3.188069376e+10
815000,1142.515503,7.128972160e+08,3.199314500e+06,4.392295096e+11,3.330330788e+11,3.978192896e+10,1.004486389e+03,3.152069427e+10
816000,1142.515503,6.968892160e+08,3.117386000e+06,4.337562665e+11,3.319549788e+11,3.974969754e+10,9.724755249e+02,3.116475802e+10
817000,1142.515503,6.812445440e+08,3.037578250e+06,4.283544842e+11,3.308803523e+11,3.971748659e+10,9.414955444e+02,3.081295872e+10
818000,1142.515503,6.659549440e+08,2.959830500e+06,4.230223831e+11,3.298092319e+11,3.968530432e+10,9.115058594e+02,3.046524928e+10
819000,1142.515625,6.510120960e+08,2.884094750e+06,4.177589821e+11,3.287427645e+11,3.965322035e+10,8.824815063e+02,3.012157235e+10
820000,1142.515625,6.364095360e+08,2.810313250e+06,4.125650330e+11,3.276791808e+11,3.962109133e+10,8.543880005e+02,2.978177638e+10
821000,1142.515625,6.221380480e+08,2.738445000e+06,4.074387026e+11,3.266196603e+11,3.958906061e+10,8.271981812e+02,2.944592691e+10
822000,1142.515625,6.081923840e+08,2.668435500e+06,4.023791698e+11,3.255641702e+11,3.955698074e+10,8.008798828e+02,2.911408947e+10
823000,1142.515625,5.945604480e+08,2.600230500e+06,3.973847941e+11,3.245120881e+11,3.952500326e+10,7.754048462e+02,2.878587904e+10
824000,1142.515625,5.812396160e+08,2.533788000e+06,3.924561654e+11,3.234640364e+11,3.949305037e+10,7.507486572e+02,2.846158438e+10
825000,1142.515625,5.682204800e+08,2.469062250e+06,3.875908239e+11,3.224193597e+11,3.946112614e+10,7.268820801e+02,2.814105190e+10
826000,1142.515625,5.554951040e+08,2.406003750e+06,3.827889398e+11,3.213780582e+11,3.942922650e+10,7.037822876e+02,2.782413005e+10
827000,1142.515625,5.430588160e+08,2.344573500e+06,3.780500787e+11,3.203407217e+11,3.939735142e+10,6.814217529e+02,2.751098470e+10
828000,1142.515625,5.309050240e+08,2.284737750e+06,3.733728338e+11,3.193073500e+11,3.936557466e+10,6.597792358e+02,2.720136602e+10
829000,1142.515625,5.190271680e+08,2.226433500e+06,3.687556628e+11,3.182773207e+11,3.933375693e+10,6.388289795e+02,2.689533133e+10
830000,1142.515625,5.074151040e+08,2.169633750e+06,3.641971569e+11,3.172506337e+11,3.930203341e+10,6.185463257e+02,2.659284582e+10
831000,1142.515625,4.960684480e+08,2.114303000e+06,3.596991529e+11,3.162278134e+11,3.927033856e+10,5.989144287e+02,2.629375795e+10
832000,1142.515625,4.849783680e+08,2.060395125e+06,3.552595169e+11,3.152083354e+11,3.923859046e+10,5.799123535e+02,2.599823565e+10
833000,1142.515625,4.741379520e+08,2.007873250e+06,3.508769075e+11,3.141927240e+11,3.920694886e+10,5.615174561e+02,2.570603315e+10
834000,1142.515625,4.635442880e+08,1.956708875e+06,3.465516790e+11,3.131803894e+11,3.917532774e+10,5.437121582e+02,2.541721190e+10
835000,1142.515625,4.531899200e+08,1.906866500e+06,3.422819021e+11,3.121718886e+11,3.914373120e+10,5.264735718e+02,2.513173299e+10
836000,1142.515625,4.430694080e+08,1.858300875e+06,3.380680970e+11,3.111666647e+11,3.911224115e+10,5.097873535e+02,2.484955341e+10
837000,1142.515625,4.331773440e+08,1.810982375e+06,3.339077120e+11,3.101652746e+11,3.908069376e+10,4.936355896e+02,2.457054208e+10
838000,1142.515625,4.235093760e+08,1.764892500e+06,3.298023485e+11,3.091670630e+11,3.904925286e+10,4.779992676e+02,2.429485056e+10
839000,1142.515625,4.140587840e+08,1.719978750e+06,3.257489265e+11,3.081726853e+11,3.901775872e+10,4.628617249e+02,2.402225152e+10
840000,1142.515625,4.048221440e+08,1.676220875e+06,3.217485578e+11,3.071814861e+11,3.898636698e+10,4.482087097e+02,2.375280026e+10
841000,1142.515625,3.957945600e+08,1.633588625e+06,3.177999319e+11,3.061934981e+11,3.895499981e+10,4.340228882e+02,2.348646400e+10
842000,1142.515625,3.869705280e+08,1.592052750e+06,3.139018056e+11,3.052098355e+11,3.892365312e+10,4.202892761e+02,2.322310963e+10
843000,1142.515625,3.783454080e+08,1.551583500e+06,3.100540785e+11,3.042287944e+11,3.889233510e+10,4.069933472e+02,2.296288666e+10
844000,1142.515625,3.699145920e+08,1.512150125e+06,3.062560236e+11,3.032514560e+11,3.886111949e+10,3.941224670e+02,2.270557798e+10
845000,1142.515625,3.616737600e+08,1.473735750e+06,3.025070572e+11,3.022772306e+11,3.882985472e+10,3.816615906e+02,2.245124096e+10
846000,1142.515625,3.536192000e+08,1.436305375e+06,2.988065546e+11,3.013067407e+11,3.879868826e+10,3.695989075e+02,2.219983667e+10
847000,1142.515625,3.457459840e+08,1.399836625e+06,2.951537254e+11,3.003399209e+11,3.876746854e+10,3.579202271e+02,2.195133030e+10
848000,1142.515625,3.380506560e+08,1.364301375e+06,2.915480474e+11,2.993756570e+11,3.873635123e+10,3.466131897e+02,2.170568909e+10
849000,1142.515625,3.305284480e+08,1.329681000e+06,2.879888814e+11,2.984156201e+11,3.870526259e+10,3.356672058e+02,2.146279629e+10
850000,1142.515625,3.231755520e+08,1.295946625e+06,2.844750438e+11,2.974586307e+11,3.867419034e+10,3.250693665e+02,2.122278298e+10
851000,1142.515625,3.159873920e+08,1.263075125e+06,2.810065203e+11,2.965047214e+11,3.864315085e+10,3.148085327e+02,2.098537677e+10
852000,1142.515625,3.089626560e+08,1.231049375e+06,2.775832269e+11,2.955544822e+11,3.861213184e+10,3.048750610e+02,2.075078042e+10
853000,1142.515625,3.020946560e+08,1.199842500e+06,2.742033920e+11,2.946072248e+11,3.858114150e+10,2.952561951e+02,2.051888538e+10
854000,1142.515625,2.953809920e+08,1.169431000e+06,2.708667085e+11,2.936630477e+11,3.855024538e+10,2.859451294e+02,2.028958515e+10
855000,1142.515625,2.888198720e+08,1.139807750e+06,2.675738419e+11,2.927229665e+11,3.851930010e+10,2.769287720e+02,2.006299853e+10
856000,1142.515625,2.824050240e+08,1.110939250e+06,2.643228774e+11,2.917854085e+11,3.848845722e+10,2.682008057e+02,1.983894118e+10
857000,1142.515625,2.761347520e+08,1.082805875e+06,2.611132580e+11,2.908513567e+11,3.845756518e+10,2.597488708e+02,1.961746022e+10
858000,1142.515625,2.700057600e+08,1.055393250e+06,2.579448320e+11,2.899208765e+11,3.842676736e+10,2.515652466e+02,1.939852902e+10
859000,1142.515625,2.640138080e+08,1.028684250e+06,2.548176507e+11,2.889933455e+11,3.839599821e+10,2.436422424e+02,1.918204109e+10
860000,1142.515625,2.581568320e+08,1.002658875e+06,2.517300900e+11,2.880687636e+11,3.836532326e+10,2.359714661e+02,1.896811110e+10
861000,1142.515625,2.524311840e+08,9.772975000e+05,2.486817731e+11,2.871477207e+11,3.833460326e+10,2.285439301e+02,1.875656909e+10
862000,1142.515625,2.468335040e+08,9.525812500e+05,2.456730266e+11,2.862301839e+11,3.830390374e+10,2.213510284e+02,1.854745600e+10
863000,1142.515625,2.413622240e+08,9.285006250e+05,2.427028337e+11,2.853150392e+11,3.827330662e+10,2.143877869e+02,1.834074317e+10
864000,1142.515625,2.360135840e+08,9.050358125e+05,2.397707192e+11,2.844038595e+11,3.824265626e+10,2.076443787e+02,1.813640602e+10
865000,1142.515625,2.307843680e+08,8.821690000e+05,2.368757801e+11,2.834956288e+11,3.821210419e+10,2.011154022e+02,1.793434419e+10
866000,1142.515625,2.256735520e+08,8.598864375e+05,2.340183603e+11,2.825902817e+11,3.818158080e+10,1.947939301e+02,1.773466624e+10
867000,1142.515625,2.206764000e+08,8.381715000e+05,2.311970836e+11,2.816883425e+11,3.815108198e+10,1.886725922e+02,1.753721446e+10
868000,1142.515625,2.157910880e+08,8.170096875e+05,2.284119470e+11,2.807893197e+11,3.812060365e+10,1.827443237e+02,1.734202778e+10
869000,1142.515625,2.110159680e+08,7.963896875e+05,2.256624292e+11,2.798936719e+11,3.809014579e+10,1.770043488e+02,1.714901299e+10
870000,1142.515625,2.063472800e+08,7.762975625e+05,2.229481298e+11,2.790008750e+11,3.805972070e+10,1.714466095e+02,1.695827558e+10
871000,1142.515625,2.017830560e+08,7.567152500e+05,2.202680730e+11,2.781114860e+11,3.802938573e+10,1.660646667e+02,1.676965683e+10
872000,1142.515625,1.973212640e+08,7.376325000e+05,2.176227113e+11,2.772243907e+11,3.799900979e+10,1.608528900e+02,1.658320282e+10
873000,1142.515625,1.929592800e+08,7.190350625e+05,2.150107351e+11,2.763411948e+11,3.796872397e+10,1.558064575e+02,1.639888179e+10
874000,1142.515625,1.886951200e+08,7.009131875e+05,2.124321116e+11,2.754607514e+11,3.793839309e+10,1.509195099e+02,1.621667328e+10
875000,1142.515625,1.845255680e+08,6.832520000e+05,2.098864425e+11,2.745831916e+11,3.790816051e+10,1.461863861e+02,1.603655270e+10
876000,1142.515625,1.804498560e+08,6.660396250e+05,2.073732106e+11,2.737089413e+11,3.787794432e+10,1.416033325e+02,1.585842995e+10
877000,1142.515625,1.764655200e+08,6.492682500e+05,2.048920474e+11,2.728379679e+11,3.784775680e+10,1.371660461e+02,1.568240333e+10
878000,1142.515625,1.725694880e+08,6.329204375e+05,2.024422001e+11,2.719692390e+11,3.781759795e+10,1.328678131e+02,1.550827418e+10
879000,1142.515625,1.687614080e+08,6.169901250e+05,2.000238838e+11,2.711043277e+11,3.778752922e+10,1.287057495e+02,1.533625344e+10
880000,1142.515625,1.650376800e+08,6.014653125e+05,1.976360305e+11,2.702421361e+11,3.775741542e+10,1.246754837e+02,1.516608205e+10
881000,1142.515625,1.613973440e+08,5.863335000e+05,1.952789197e+11,2.693827133e+11,3.772739174e+10,1.207723389e+02,1.499791565e+10
882000,1142.515625,1.578379040e+08,5.715876875e+05,1.929511547e+11,2.685260268e+11,3.769733120e+10,1.169922714e+02,1.483161190e+10
883000,1142.515625,1.543584320e+08,5.572170625e+05,1.906530007e+11,2.676730757e+11,3.766735667e+10,1.133318329e+02,1.466720768e+10
884000,1142.515625,1.509565280e+08,5.432118750e+05,1.883847158e+11,2.668228608e+11,3.763741082e+10,1.097867432e+02,1.450468352e+10
885000,1142.515625,1.476304480e+08,5.295606875e+05,1.861446164e+11,2.659748086e+11,3.760748954e+10,1.063533630e+02,1.434401280e+10
886000,1142.515625,1.443784640e+08,5.162574375e+05,1.839330068e+11,2.651304591e+11,3.757758464e+10,1.030285416e+02,1.418512179e+10
887000,1142.515625,1.411992160e+08,5.032923125e+05,1.817498051e+11,2.642887967e+11,3.754778214e+10,9.980840302e+01,1.402810061e+10
888000,1142.515625,1.380902240e+08,4.906545938e+05,1.795939840e+11,2.634498212e+11,3.751793050e+10,9.668967438e+01,1.387276186e+10
889000,1142.515625,1.350512480e+08,4.783397188e+05,1.774655232e+11,2.626139750e+11,3.748809933e+10,9.366944885e+01,1.371930112e+10
890000,1142.515625,1.320796320e+08,4.663365938e+05,1.753637663e+11,2.617808159e+11,3.745836646e+10,9.074391937e+01,1.356753818e+10
891000,1142.515625,1.291741520e+08,4.546363750e+05,1.732889559e+11,2.609513267e+11,3.742866227e+10,8.791076660e+01,1.341745357e+10
892000,1142.515625,1.263335520e+08,4.432340000e+05,1.712401777e+11,2.601234104e+11,3.739897037e+10,8.516670990e+01,1.326908006e+10
893000,1142.515625,1.235556560e+08,4.321200000e+05,1.692173015e+11,2.592991478e+11,3.736931123e+10,8.250926208e+01,1.312239718e+10
894000,1142.515625,1.208399920e+08,4.212879062e+05,1.672203530e+11,2.584774902e+11,3.733966848e+10,7.993533325e+01,1.297738547e+10
895000,1142.515625,1.181851360e+08,4.107313125e+05,1.652484024e+11,2.576593879e+11,3.731005440e+10,7.744229889e+01,1.283402547e+10
896000,1142.515625,1.155888400e+08,4.004415000e+05,1.633013811e+11,2.568429076e+11,3.728046080e+10,7.502758789e+01,1.269229670e+10
897000,1142.515625,1.130504240e+08,3.904117188e+05,1.613787464e+11,2.560299991e+11,3.725089587e+10,7.268900299e+01,1.255213363e+10
898000,1142.515625,1.105681920e+08,3.806360625e+05,1.594806508e+11,2.552196628e+11,3.722141696e+10,7.042384338e+01,1.241356595e+10
899000,1142.515625,1.081414880e+08,3.711080000e+05,1.576062833e+11,2.544123904e+11,3.719197082e+10,6.822979736e+01,1.227662131e+10
900000,1142.515625,1.057682400e+08,3.618198125e+05,1.557555825e+11,2.536076575e+11,3.716247142e+10,6.610485840e+01,1.214114202e+10
901000,1142.515625,1.034480800e+08,3.527674688e+05,1.539282524e+11,2.528054641e+11,3.713306624e+10,6.404659271e+01,1.200724890e+10
902000,1142.515625,1.011791840e+08,3.439442500e+05,1.521239818e+11,2.520063181e+11,3.710368563e+10,6.205288315e+01,1.187483136e+10
903000,1142.515625,9.896080800e+07,3.353435938e+05,1.503424399e+11,2.512096788e+11,3.707432960e+10,6.012169647e+01,1.174392013e+10
904000,1142.515625,9.679182400e+07,3.269605312e+05,1.485831291e+11,2.504160215e+11,3.704499405e+10,5.825149918e+01,1.161454080e+10
905000,1142.515625,9.467090400e+07,3.187894375e+05,1.468459848e+11,2.496253460e+11,3.701575270e+10,5.643969345e+01,1.148658586e+10
906000,1142.515625,9.259664000e+07,3.108243438e+05,1.451309711e+11,2.488372101e+11,3.698646221e+10,5.468445206e+01,1.136004198e+10
907000,1142.515625,9.056852000e+07,3.030605938e+05,1.434370621e+11,2.480510566e+11,3.695727002e+10,5.298460007e+01,1.123493274e+10
908000,1142.515625,8.858565600e+07,2.954923750e+05,1.417647278e+11,2.472683110e+11,3.692802867e+10,5.133798599e+01,1.111128781e+10
909000,1142.515625,8.664653600e+07,2.881160000e+05,1.401134326e+11,2.464880722e+11,3.689887744e+10,4.974310303e+01,1.098900378e+10
910000,1142.515625,8.475035200e+07,2.809247812e+05,1.384826235e+11,2.457102746e+11,3.686975078e+10,4.819795990e+01,1.086806528e+10
911000,1142.515625,8.289629600e+07,2.739156875e+05,1.368723302e+11,2.449354097e+11,3.684065280e+10,4.670134354e+01,1.074853888e+10
912000,1142.515625,8.108327200e+07,2.670834688e+05,1.352824996e+11,2.441639199e+11,3.681157120e+10,4.525171661e+01,1.063036826e+10
913000,1142.515625,7.931019200e+07,2.604226875e+05,1.337124291e+11,2.433939210e+11,3.678251418e+10,4.384709167e+01,1.051349709e+10
914000,1142.515625,7.757662400e+07,2.539309375e+05,1.321620070e+11,2.426272973e+11,3.675355136e+10,4.248671341e+01,1.039794995e+10
915000,1142.515625,7.588110400e+07,2.476005469e+05,1.306306232e+11,2.418626232e+11,3.672453939e+10,4.116885376e+01,1.028371149e+10
916000,1142.515625,7.422333600e+07,2.414316094e+05,1.291190938e+11,2.411012588e+11,3.669562163e+10,3.989217377e+01,1.017072947e+10
917000,1142.515625,7.260220800e+07,2.354172969e+05,1.276258447e+11,2.403418604e+11,3.666665882e+10,3.865553284e+01,1.005906534e+10
918000,1142.515625,7.101676000e+07,2.295554375e+05,1.261515489e+11,2.395857388e+11,3.663778611e+10,3.745750809e+01,9.948625920e+09
919000,1142.515625,6.946659200e+07,2.238395156e+05,1.246956892e+11,2.388315341e+11,3.660893798e+10,3.629689026e+01,9.839437824e+09
920000,1142.515625,6.795052800e+07,2.182684375e+05,1.232580577e+11,2.380801638e+11,3.658011034e+10,3.517250443e+01,9.731484672e+09
921000,1142.515625,6.646791600e+07,2.128376406e+05,1.218384015e+11,2.373316444e+11,3.655130317e+10,3.408333969e+01,9.624716288e+09
922000,1142.515625,6.501816400e+07,2.075427344e+05,1.204363039e+11,2.365849928e+11,3.652259430e+10,3.302790070e+01,9.519191040e+09
923000,1142.515625,6.360026800e+07,2.023811250e+05,1.190517023e+11,2.358416015e+11,3.649383219e+10,3.200575638e+01,9.414823936e+09
924000,1142.515625,6.221377200e+07,1.973493750e+05,1.176842148e+11,2.351005532e+11,3.646509466e+10,3.101536179e+01,9.311635456e+09
925000,1142.515625,6.085784800e+07,1.924434844e+05,1.163339878e+11,2.343618150e+11,3.643645542e+10,3.005596161e+01,9.209614336e+09
926000,1142.515625,5.953193600e+07,1.876616719e+05,1.150006354e+11,2.336263045e+11,3.640783258e+10,2.912645912e+01,9.108709376e+09
927000,1142.515625,5.823512400e+07,1.829993906e+05,1.136836874e+11,2.328922030e+11,3.637923430e+10,2.822602272e+01,9.008945152e+09
928000,1142.515625,5.696700000e+07,1.784549844e+05,1.123831972e+11,2.321613128e+11,3.635066061e+10,2.735342598e+01,8.910342144e+09
929000,1142.515625,5.572681200e+07,1.740240781e+05,1.110990449e+11,2.314331259e+11,3.632210330e+10,2.650831032e+01,8.812818432e+09
930000,1142.515625,5.451393200e+07,1.697044844e+05,1.098307492e+11,2.307068232e+11,3.629357056e+10,2.568930626e+01,8.716360704e+09
931000,1142.515625,5.332775200e+07,1.654927656e+05,1.085780460e+11,2.299831910e+11,3.626506240e+10,2.489598465e+01,8.621025280e+09
932000,1142.515625,5.216768800e+07,1.613873906e+05,1.073409270e+11,2.292622950e+11,3.623657472e+10,2.412716103e+01,8.526733824e+09
933000,1142.515625,5.103324400e+07,1.573844844e+05,1.061193830e+11,2.285436764e+11,3.620818125e+10,2.338243866e+01,8.433503744e+09
934000,1142.515625,4.992366400e+07,1.534820156e+05,1.049129953e+11,2.278272696e+11,3.617980826e+10,2.266087532e+01,8.341325824e+09
935000,1142.515625,4.883867200e+07,1.496774531e+05,1.037214362e+11,2.271139922e+11,3.615139021e+10,2.196183014e+01,8.250186752e+09
936000,1142.515625,4.777744000e+07,1.459683281e+05,1.025445007e+11,2.264020910e+11,3.612305818e+10,2.128451347e+01,8.160074752e+09
937000,1142.515625,4.673944800e+07,1.423516250e+05,1.013821870e+11,2.256932700e+11,3.609475072e+10,2.062816048e+01,8.070947328e+09
938000,1142.515625,4.572453200e+07,1.388261562e+05,1.002344540e+11,2.249866936e+11,3.606646784e+10,1.999227905e+01,7.982822400e+09
939000,1142.515625,4.473174000e+07,1.353885156e+05,9.910075187e+10,2.242831483e+11,3.603820544e+10,1.937614441e+01,7.895691264e+09
940000,1142.515625,4.376075200e+07,1.320364844e+05,9.798098227e+10,2.235809792e+11,3.601003725e+10,1.877921677e+01,7.809510912e+09
941000,1142.515625,4.281116800e+07,1.287689297e+05,9.687522611e+10,2.228818412e+11,3.598181581e+10,1.820081520e+01,7.724329984e+09
942000,1142.515625,4.188250800e+07,1.255831875e+05,9.578315469e+10,2.221849149e+11,3.595362304e+10,1.764036560e+01,7.640078336e+09
943000,1142.515625,4.097407600e+07,1.224767344e+05,9.470444032e+10,2.214905774e+11,3.592551219e+10,1.709730148e+01,7.556773888e+09
944000,1142.515625,4.008564800e+07,1.194480391e+05,9.363904922e+10,2.207984026e+11,3.589743002e+10,1.657102013e+01,7.474406912e+09
945000,1142.515625,3.921678800e+07,1.164951172e+05,9.258685850e+10,2.201083740e+11,3.586936832e+10,1.606124687e+01,7.392966144e+09
946000,1142.515625,3.836697600e+07,1.136160703e+05,9.154764595e+10,2.194209505e+11,3.584133120e+10,1.556721020e+01,7.312411648e+09
947000,1142.515625,3.753565200e+07,1.108085938e+05,9.052127846e+10,2.187356733e+11,3.581331046e+10,1.508854675e+01,7.232763392e+09
948000,1142.515625,3.672282800e+07,1.080717344e+05,8.950742938e+10,2.180529357e+11,3.578531840e+10,1.462465668e+01,7.154009600e+09
949000,1142.515625,3.592760800e+07,1.054028750e+05,8.850607411e+10,2.173727539e+11,3.575734682e+10,1.417518902e+01,7.076140032e+09
950000,1142.515625,3.514994400e+07,1.028007031e+05,8.751691571e+10,2.166942597e+11,3.572946125e+10,1.373958874e+01,6.999145472e+09
951000,1142.515625,3.438924400e+07,1.002635391e+05,8.654024806e+10,2.160183378e+11,3.570153062e+10,1.331762791e+01,6.922988544e+09
952000,1142.515625,3.364526400e+07,9.778935938e+04,8.557531034e+10,2.153448899e+11,3.567369011e+10,1.290857601e+01,6.847685632e+09
953000,1142.515625,3.291756600e+07,9.537697656e+04,8.462227251e+10,2.146731622e+11,3.564580454e+10,1.251228142e+01,6.773228544e+09
954000,1142.515625,3.220567000e+07,9.302480469e+04,8.368095437e+10,2.140043182e+11,3.561807462e+10,1.212824345e+01,6.699580416e+09
955000,1142.515625,3.150952800e+07,9.073133594e+04,8.275116851e+10,2.133375877e+11,3.559023411e+10,1.175608349e+01,6.626783744e+09
956000,1142.515625,3.082849400e+07,8.849508594e+04,8.183284429e+10,2.126729216e+11,3.556254925e+10,1.139543056e+01,6.554778112e+09
957000,1142.515625,3.016247000e+07,8.631428125e+04,8.092566528e+10,2.120111391e+11,3.553481523e+10,1.104596615e+01,6.483580416e+09
958000,1142.515625,2.951094200e+07,8.418818750e+04,8.002961818e+10,2.113506181e+11,3.550710579e+10,1.070734310e+01,6.413179904e+09
959000,1142.515625,2.887365600e+07,8.211477344e+04,7.914467430e+10,2.106929316e+11,3.547941683e+10,1.037914085e+01,6.343567872e+09
960000,1142.515625,2.825034600e+07,8.009272656e+04,7.827047834e+10,2.100373094e+11,3.545181798e+10,1.006107426e+01,6.274712064e+09
961000,1142.515625,2.764059800e+07,7.812137500e+04,7.740685517e+10,2.093841121e+11,3.542423962e+10,9.752830505e+00,6.206626304e+09
962000,1142.515625,2.704421600e+07,7.619912500e+04,7.655393178e+10,2.087329628e+11,3.539661619e+10,9.454136848e+00,6.139303424e+09
963000,1142.515625,2.646090600e+07,7.432444531e+04,7.571133235e+10,2.080842220e+11,3.536908288e+10,9.164696693e+00,6.072733696e+09
964000,1142.515625,2.589032400e+07,7.249644531e+04,7.487902003e+10,2.074371359e+11,3.534156595e+10,8.884152412e+00,6.006908928e+09
965000,1142.515625,2.533209400e+07,7.071395312e+04,7.405691392e+10,2.067928187e+11,3.531407360e+10,8.612260818e+00,5.941797376e+09
966000,1142.515625,2.478613800e+07,6.897553906e+04,7.324470374e+10,2.061501071e+11,3.528667136e+10,8.348786354e+00,5.877414400e+09
967000,1142.515625,2.425204000e+07,6.728063281e+04,7.244245709e+10,2.055101809e+11,3.525922406e+10,8.093433380e+00,5.813750784e+09
968000,1142.515625,2.372953800e+07,6.562738281e+04,7.164998963e+10,2.048722698e+11,3.523179725e+10,7.845921516e+00,5.750776832e+09
969000,1142.515625,2.321856400e+07,6.401573438e+04,7.086729523e+10,2.042362921e+11,3.520445645e+10,7.606094837e+00,5.688528896e+09
970000,1142.515625,2.271871800e+07,6.244389062e+04,7.009400013e+10,2.036023296e+11,3.517707059e+10,7.373654842e+00,5.626954240e+09
971000,1142.515625,2.222968000e+07,6.091088672e+04,6.933005824e+10,2.029710868e+11,3.514977485e+10,7.148372173e+00,5.566067200e+09
972000,1142.515625,2.175129000e+07,5.941596875e+04,6.857538458e+10,2.023410237e+11,3.512249549e+10,6.930052280e+00,5.505860608e+09
973000,1142.515625,2.128344000e+07,5.795817969e+04,6.783004262e+10,2.017140736e+11,3.509524070e+10,6.718425751e+00,5.446325760e+09
974000,1142.515625,2.082565200e+07,5.653658984e+04,6.709343539e+10,2.010887127e+11,3.506801050e+10,6.513286591e+00,5.387434496e+09
975000,1142.515625,2.037790800e+07,5.515028516e+04,6.636609024e+10,2.004656292e+11,3.504079667e+10,6.314531803e+00,5.329200640e+09
976000,1142.515625,1.993986200e+07,5.379818359e+04,6.564736512e+10,1.998448722e+11,3.501366886e+10,6.121865749e+00,5.271616000e+09
977000,1142.515625,1.951142000e+07,5.247982812e+04,6.493746688e+10,1.992256717e+11,3.498650010e+10,5.935122490e+00,5.214673920e+09
978000,1142.515625,1.909222200e+07,5.119378125e+04,6.423600845e+10,1.986091418e+11,3.495941734e+10,5.754119873e+00,5.158346752e+09
979000,1142.515625,1.868217200e+07,4.993982812e+04,6.354313011e+10,1.979941356e+11,3.493229363e+10,5.578722477e+00,5.102646784e+09
980000,1142.515625,1.828103200e+07,4.871694922e+04,6.285856563e+10,1.973814231e+11,3.490525184e+10,5.408672333e+00,5.047568384e+09
981000,1142.515625,1.788864400e+07,4.752420703e+04,6.218238054e+10,1.967709716e+11,3.487822643e+10,5.243884563e+00,4.993103360e+09
982000,1142.515625,1.750471000e+07,4.636083594e+04,6.151429120e+10,1.961620439e+11,3.485123379e+10,5.084118366e+00,4.939226624e+09
983000,1142.515625,1.712914600e+07,4.522646094e+04,6.085416550e+10,1.955553608e+11,3.482425344e+10,4.929294586e+00,4.885967360e+09
984000,1142.515625,1.676180000e+07,4.412035156e+04,6.020222566e+10,1.949512991e+11,3.479729766e+10,4.779221535e+00,4.833282560e+09
985000,1142.515625,1.640230400e+07,4.304112891e+04,5.955788390e+10,1.943487447e+11,3.477042790e+10,4.633736134e+00,4.781185024e+09
986000,1142.515625,1.605075900e+07,4.198894531e+04,5.892151296e+10,1.937484022e+11,3.474351309e+10,4.492747307e+00,4.729666048e+09
987000,1142.515625,1.570678000e+07,4.096248438e+04,5.829264589e+10,1.931499274e+11,3.471668429e+10,4.356065273e+00,4.678702592e+09
988000,1142.515625,1.537026200e+07,3.996172656e+04,5.767142810e+10,1.925536645e+11,3.468981043e+10,4.223589420e+00,4.628306432e+09
989000,1142.515625,1.504100900e+07,3.898526953e+04,5.705770394e+10,1.919588925e+11,3.466302259e+10,4.095173836e+00,4.578469888e+09
990000,1142.515625,1.471892200e+07,3.803325000e+04,5.645130240e+10,1.913666601e+11,3.463625933e+10,3.970693350e+00,4.529187328e+09
991000,1142.515625,1.440381500e+07,3.710448047e+04,5.585209754e+10,1.907762790e+11,3.460951245e+10,3.850025654e+00,4.480435712e+09
992000,1142.515625,1.409556200e+07,3.619894531e+04,5.526018867e+10,1.901877002e+11,3.458278605e+10,3.733053446e+00,4.432242176e+09
993000,1142.515625,1.379395700e+07,3.531550781e+04,5.467546522e+10,1.896016609e+11,3.455608422e+10,3.619690418e+00,4.384567296e+09
994000,1142.515625,1.349888400e+07,3.445389453e+04,5.409755238e+10,1.890167194e+11,3.452946432e+10,3.509756327e+00,4.337421824e+09
995000,1142.515625,1.321022400e+07,3.361368359e+04,5.352671232e+10,1.884343009e+11,3.450280346e+10,3.403226376e+00,4.290783232e+09
996000,1142.515625,1.292778600e+07,3.279396875e+04,5.296257229e+10,1.878536520e+11,3.447615898e+10,3.299929380e+00,4.244678144e+09
997000,1142.515625,1.265148200e+07,3.199460547e+04,5.240526643e+10,1.872748216e+11,3.444960461e+10,3.199817181e+00,4.199068672e+09
998000,1142.515625,1.238113200e+07,3.121484570e+04,5.185463501e+10,1.866984980e+11,3.442307072e+10,3.102765560e+00,4.153965312e+09
999000,1142.515625,1.211665000e+07,3.045443945e+04,5.131046707e+10,1.861239112e+11,3.439655731e+10,3.008680344e+00,4.109361664e+09
1000000,1142.515625,1.185788700e+07,2.971256055e+04,5.077286605e+10,1.855507497e+11,3.437005619e+10,2.917481422e+00,4.065237760e+09
